wall_clock_s,monotonic_s,cpullc-0-0_temp_mc,cpullc-0-1_temp_mc,cpu-0-2-1_temp_mc,cpu-0-3-0_temp_mc,cpu-0-3-1_temp_mc,cpu-0-4-0_temp_mc,cpu-0-4-1_temp_mc,cpu-0-5-0_temp_mc,cpu-0-5-1_temp_mc,cpullc-1-0_temp_mc,cpullc-1-1_temp_mc,qmx-1-0_temp_mc,qmx-0-0_temp_mc,qmx-1-1_temp_mc,qmx-1-2_temp_mc,qmx-1-3_temp_mc,qmx-1-4_temp_mc,cpu-1-0-0_temp_mc,cpu-1-0-1_temp_mc,cpu-1-1-0_temp_mc,cpu-1-1-1_temp_mc,nsphvx-0_temp_mc,nsphvx-1_temp_mc,qmx-0-1_temp_mc,nsphvx-2_temp_mc,nsphvx-3_temp_mc,nsphmx-0_temp_mc,nsphmx-1_temp_mc,nsphmx-2_temp_mc,nsphmx-3_temp_mc,gpuss-0_temp_mc,gpuss-1_temp_mc,gpuss-2_temp_mc,gpuss-3_temp_mc,qmx-0-2_temp_mc,gpuss-4_temp_mc,gpuss-5_temp_mc,gpuss-6_temp_mc,gpuss-7_temp_mc,gpuss-8_temp_mc,gpuss-9_temp_mc,gpuss-10_temp_mc,ddr_temp_mc,mdmss-0_temp_mc,mdmss-1_temp_mc,cpu-0-0-0_temp_mc,mdmss-2_temp_mc,mdmss-3_temp_mc,camera-0_temp_mc,camera-1_temp_mc,video_temp_mc,pmh0104_tz_temp_mc,socd_temp_mc,pmh0101-bcl-lvl0_temp_mc,pmr735d_tz_temp_mc,sys-therm-0_temp_mc,cpu-0-0-1_temp_mc,cpu-hw-trip-0_temp_mc,pmh0101-bcl-lvl1_temp_mc,shell_front_temp_mc,pm8010m_tz_temp_mc,wireless_temp_mc,sys-therm-2_temp_mc,cpu-hw-trip-1_temp_mc,shell_frame_temp_mc,pmh0101-bcl-lvl2_temp_mc,shell_back_temp_mc,cpu-0-1-0_temp_mc,sys-therm-3_temp_mc,vbat_temp_mc,sys-therm-4_temp_mc,pmih010x-ibat-lvl0_temp_mc,sys-therm-5_temp_mc,pmih010x-ibat-lvl1_temp_mc,sys-therm-6_temp_mc,sys-therm-7_temp_mc,pmih010x-bcl-lvl0_temp_mc,sys-therm-9_temp_mc,cpu-0-1-1_temp_mc,pmih010x-bcl-lvl1_temp_mc,sys-therm-12_temp_mc,pmih010x-bcl-lvl2_temp_mc,flash_temp_temp_mc,board_temp_temp_mc,svooc_mos_btb_usr_temp_mc,pmh0101_tz_temp_mc,pmh0110_d_tz_temp_mc,pmh0110_f_tz_temp_mc,pmh0110_g_tz_temp_mc,cpu-0-2-0_temp_mc,pmh0110_i_tz_temp_mc,pmih010x_tz_temp_mc,pmih010x_lite_tz_temp_mc,battery_temp_mc,usb_temp_mc,sdr0_pa_temp_mc,sdr0_temp_mc,mmw_ific0_temp_mc,sda_w_completed,sda_w_merged,sda_sectors_w,sda_ms_w,sdb_w_completed,sdb_w_merged,sdb_sectors_w,sdb_ms_w,sdc_w_completed,sdc_w_merged,sdc_sectors_w,sdc_ms_w,sdd_w_completed,sdd_w_merged,sdd_sectors_w,sdd_ms_w,sde_w_completed,sde_w_merged,sde_sectors_w,sde_ms_w,sdf_w_completed,sdf_w_merged,sdf_sectors_w,sdf_ms_w,sda_w_completed,sda_w_merged,sda_sectors_w,sda_ms_w,mem_total_kb,mem_free_kb,mem_avail_kb,psi_cpu_a10,psi_mem_a10,psi_io_a10,vmstat_pswpout,vmstat_pgmajfault,vmstat_pgpgout,vmstat_pswpin,probe_pid,probe_write_bytes,probe_read_bytes,cpu0_freq_hz,cpu1_freq_hz,cpu2_freq_hz,cpu3_freq_hz,cpu4_freq_hz,cpu5_freq_hz,cpu6_freq_hz,cpu7_freq_hz,cpu0_cool_state,cpu1_cool_state,cpu2_cool_state,cpu3_cool_state,cpu4_cool_state,cpu5_cool_state,cpu6_cool_state,cpu7_cool_state,gpu_busy_us,gpu_total_us,bat_current_ma,bat_voltage_mv,bat_phone_temp_dc,usb_online,usb_current_ua,usb_voltage_uv,bat_charge_uah,bat_power_now_uw,bat_current_now_ua,bat_voltage_now_uv,bat_status,gpu_clk_hz
1784668965.110546783,24273.31,39000,38600,38500,38500,38500,38500,38500,38900,38500,37600,38400,38000,38200,38000,37600,38000,37600,37600,37600,38400,38700,36000,36400,39000,36400,36400,35600,36400,36400,36800,37000,37400,37400,37000,38600,37000,37400,37000,37800,37800,37400,37000,37800,37200,37200,38100,36400,36800,36400,37200,37200,37000,0,0,37000,35382,38500,95000,0,33753,37000,31000,36924,95000,33049,0,32831,38500,31616,0,36733,0,36643,0,35971,35737,0,36454,38100,0,36721,0,35977,36746,36475,36636,36469,35866,37539,38500,36100,35666,56519,31000,2900,-273000,-273000,-273000,323665,779280,19463480,336247,63,0,224,22,126,0,448,44,0,0,0,0,1640,19443,402336,702,10390,14010,244760,2199,323665,779280,19463480,336247,15475008,557948,8906144,1.88,0.00,0.00,655551,357093,12677832,330988,,,,998400,998400,998400,998400,998400,998400,883200,883200,0,,,,,,0,,0,0,0,5032,330,1,331000,4985000,6944000,0,0,4465000,Full,1200000000
1784668965.658480012,24273.86,39700,40100,40500,38500,38500,40900,41600,39300,39300,40700,43000,40300,39000,40300,39100,39900,39500,38400,39100,45300,47300,36400,36800,39300,36800,36400,36000,36800,36400,37200,37800,37800,37800,37000,39300,37400,37800,37800,37800,38600,37800,37800,38600,37600,36800,41300,36800,37200,37200,37200,38700,37000,0,0,37000,35367,42400,95000,0,33753,37000,31000,36924,95000,33049,0,32831,38900,31619,0,36708,0,36640,0,36002,35724,0,36450,38900,0,36768,0,35956,36746,36487,36803,36602,35900,37438,40100,36636,36201,56452,31000,2900,-273000,-273000,-273000,323665,779280,19463480,336247,63,0,224,22,126,0,448,44,0,0,0,0,1640,19443,402336,702,10390,14010,244760,2199,323665,779280,19463480,336247,15475008,502464,8849456,1.88,0.00,0.00,655551,357093,12677832,330988,,,,1113600,1113600,1113600,1113600,1113600,1113600,2438400,2438400,0,,,,,,0,,0,0,0,5032,330,1,494000,4928000,6944000,0,0,4465000,Full,191000000
1784668965.963566678,24274.16,41700,42800,42000,38900,39300,43200,45100,40100,39700,41500,43800,41100,39700,41100,40300,40700,40300,39500,39500,46100,50000,36800,37200,40100,37200,36800,36400,36800,36800,37600,37800,38200,37800,37000,39700,37800,38200,37800,38200,38600,38200,38200,39000,38000,36800,43200,36800,37600,37600,37600,39500,37000,0,0,37000,35361,44800,95000,0,33753,37000,31000,36944,95000,33049,0,32831,40100,31625,0,36718,0,36652,0,36019,35718,0,36445,40100,0,36707,0,35956,36708,36493,36836,36602,35866,37572,41600,36703,35666,56418,31000,2900,-273000,-273000,-273000,323665,779280,19463480,336247,63,0,224,22,126,0,448,44,0,0,0,0,1640,19443,402336,702,10390,14010,244760,2199,323665,779280,19463480,336247,15475008,492640,8370648,1.88,0.00,0.00,655551,357093,12677832,330988,,,,1900800,1900800,1900800,1900800,1900800,1900800,2438400,2438400,0,,,,,,0,,0,0,0,5032,330,1,494000,4933000,6944000,0,0,4465000,Full,222000000
1784668966.239880012,24274.44,40100,39700,40100,39300,39300,40100,40500,40100,39700,39900,40300,40300,39300,40300,39900,39900,39900,39500,39500,39900,40700,37200,37200,40100,37200,37200,36400,37200,36800,38000,38600,38600,38600,37800,39700,38200,38600,38600,39000,39300,39000,39000,39700,38400,37600,39700,37200,37600,38400,38000,38700,37000,0,0,37000,35361,40100,95000,0,33753,37000,31000,36944,95000,33049,0,32831,40100,31625,0,36708,0,36671,0,35964,35701,0,36417,40500,0,36695,0,35936,36721,36499,36770,36469,36067,37873,40500,36803,35933,56384,31000,2900,-273000,-273000,-273000,323665,779280,19463480,336247,63,0,224,22,126,0,448,44,0,0,0,0,1640,19443,402336,702,10390,14010,244760,2199,323665,779280,19463480,336247,15475008,490000,7842040,1.72,0.00,0.00,655551,357093,12677832,330988,,,,1228800,1228800,1228800,1228800,1228800,1228800,883200,883200,0,,,,,,0,,768777,1002469,0,5032,330,1,256000,4935000,6944000,0,34,4462000,Full,160000000
1784668966.612059126,24274.81,40900,41700,41600,39300,39300,42000,43200,39700,39700,41500,43800,41100,39300,41100,39900,40300,40300,39500,39900,46100,49200,37200,37200,40100,37600,37200,36800,37200,37600,38000,38600,38200,38600,37800,40100,37800,38200,38200,38600,39000,38600,38600,39300,38400,37600,42000,37200,38000,38000,38000,39100,37000,0,0,37000,35345,43600,95000,0,33753,37000,31100,36957,95000,33049,0,32831,40100,31625,0,36727,0,36671,0,36002,35713,0,36431,40100,0,36728,0,35914,36708,36546,36803,36435,36000,37840,41300,37037,35732,56384,31100,2900,-273000,-273000,-273000,323665,779280,19463480,336247,63,0,224,22,126,0,448,44,0,0,0,0,1640,19443,402336,702,10390,14010,244760,2199,323665,779280,19463480,336247,15475008,477276,7265660,1.72,0.00,0.00,655551,357093,12677832,330988,,,,1324800,1324800,1324800,1324800,1324800,1324800,2438400,2438400,0,,,,,,0,,0,0,0,5032,330,1,494000,4933000,6944000,0,34,4462000,Full,382000000
1784668966.910426366,24275.11,41300,42000,41300,39700,40100,42400,43200,41300,41300,41800,43000,41800,40100,41500,40700,41100,41100,39900,40300,43000,44200,37600,37200,40100,38000,37600,36800,37600,37600,38400,38600,38600,39000,37800,40100,38200,38600,38600,39000,39000,39000,39000,39300,38400,38000,41600,37200,37600,38700,38400,40700,37000,0,0,37000,35335,44000,95000,0,33753,37000,31100,36973,95000,33049,0,32831,42000,31627,0,36727,0,36727,0,36041,35704,0,36428,41600,0,36765,0,35939,36708,36558,36903,36469,36000,38207,41300,37171,35799,56351,31100,2900,-273000,-273000,-273000,323665,779280,19463480,336247,63,0,224,22,126,0,448,44,0,0,0,0,1640,19443,402336,702,10390,14010,244760,2199,323665,779280,19463480,336247,15475008,477416,7264048,1.72,0.00,0.00,655551,357093,12677832,330988,,,,1324800,1324800,1324800,1324800,1324800,1324800,2438400,2438400,0,,,,,,0,,0,0,0,5032,330,1,494000,4936000,6944000,0,34,4462000,Full,382000000
1784668967.201233136,24275.40,41300,41700,41600,39700,40100,42400,43600,40500,40500,41500,43800,41100,40100,41100,40300,40700,40700,39900,39900,46100,50000,37600,37600,40100,37600,37200,36800,37600,37600,38000,38600,38600,38600,37800,40100,38200,38200,37800,38600,39300,39000,38600,39300,38400,38000,42000,37600,38000,38700,38400,41100,37000,0,0,37000,35330,43600,95000,0,33753,37000,31100,37009,95000,32987,0,32831,40500,31627,0,36724,0,36746,0,35974,35710,0,36431,39700,0,36712,0,35924,36712,36611,36970,36703,36067,37840,41600,37338,35799,56519,31100,2900,-273000,-273000,-273000,323665,779280,19463480,336247,63,0,224,22,126,0,448,44,0,0,0,0,1640,19443,402336,702,10390,14010,244760,2199,323665,779280,19463480,336247,15475008,482188,7268824,1.72,0.00,0.00,655551,357093,12677832,330988,,,,787200,787200,787200,787200,787200,787200,2438400,2438400,0,,,,,,0,,0,0,0,5032,330,1,494000,4933000,6944000,0,34,4462000,Full,382000000
1784668967.519679386,24275.72,41300,42000,41600,39700,39300,42800,44000,40500,40900,41800,43800,41500,40100,41500,40300,40700,40700,39900,40300,46900,49200,37600,37600,40500,37600,37200,37200,38000,37600,38400,38600,38600,38600,37800,40100,38200,38600,38200,39000,39000,38600,39000,39300,38700,37600,42800,37200,38000,38700,38700,40700,37000,0,0,37000,35325,44400,95000,0,33753,37000,31100,37018,95000,32987,0,32831,40100,31627,0,36727,0,36755,0,35916,35697,0,36428,40100,0,36730,0,35907,36696,36661,36937,36535,36301,38040,42000,37371,36168,56283,31100,2900,-273000,-273000,-273000,323665,779280,19463480,336247,63,0,224,22,126,0,448,44,0,0,0,0,1640,19443,402336,702,10390,14010,244760,2199,323665,779280,19463480,336247,15475008,482100,7268736,1.72,0.00,0.00,655551,357093,12677832,330988,,,,1785600,1785600,1785600,1785600,1785600,1785600,2438400,2438400,0,,,,,,0,,0,0,0,5032,330,1,497000,4932000,6944000,0,34,4462000,Full,382000000
1784668967.802398448,24276.00,40500,40500,40900,40500,40100,40500,40900,41300,41300,41500,43400,41500,40900,41500,40300,41100,41100,39900,40700,43400,44600,37600,37600,41300,38000,37600,37200,38000,38000,38400,42800,44400,43600,43200,41300,44000,43600,42400,43200,44000,42800,43200,42800,39100,38400,40100,37600,38400,39100,38700,39900,37000,0,0,37000,35328,40900,95000,0,33753,37000,31100,37028,95000,32987,0,32831,40100,31637,0,36755,0,36808,0,35977,35701,0,36453,40100,0,36744,0,35907,36727,36686,36803,36602,36870,38040,41600,37338,36168,56250,31100,2900,-273000,-273000,-273000,323665,779280,19463480,336247,63,0,224,22,126,0,448,44,0,0,0,0,1640,19443,402336,702,10390,14010,244760,2199,323665,779280,19463480,336247,15475008,487628,7258536,1.72,0.00,0.00,655551,357093,12677832,330988,,,,1113600,1113600,1113600,1113600,1113600,1113600,883200,883200,0,,,,,,0,,0,0,0,5032,330,1,494000,4929000,6944000,0,34,4462000,Full,1200000000
1784668968.099892407,24276.30,40900,40900,41300,41300,41300,40900,40900,40900,40500,39900,40700,40700,42000,40700,40700,41100,40700,40300,40300,39900,40700,38000,38000,41700,38400,38400,37600,38000,38000,38400,45100,46700,45900,45900,41700,46700,46700,44800,45900,46700,45500,45900,45100,40700,39100,40500,38700,39900,39100,39100,39100,37000,0,0,37000,35311,40500,95000,0,33753,37000,31100,37170,95000,32987,0,32831,40500,31637,0,36733,0,36830,0,35993,35685,0,36466,40100,0,36723,0,35904,36702,36723,36903,36636,37672,38341,42000,37338,36435,56283,31100,2900,-273000,-273000,-273000,323665,779280,19463480,336247,63,0,224,22,126,0,448,44,0,0,0,0,1640,19443,402336,702,10390,14010,244760,2199,323665,779280,19463480,336247,15475008,484280,7255192,1.72,0.00,0.00,655551,357093,12677832,330988,,,,1113600,1113600,1113600,1113600,1113600,1113600,883200,883200,0,,,,,,0,,0,0,0,5032,330,1,494000,4932000,6944000,0,34,4462000,Full,1200000000
1784668968.401300063,24276.60,41300,41700,42400,41600,41600,42000,41600,42400,42000,41100,41500,42200,42800,42600,42200,42600,42600,42200,41800,39500,40700,39100,39100,42400,39100,38700,38400,38700,38700,39500,46300,47800,47100,47100,42800,48200,47800,45500,46700,46700,46300,46700,46300,41100,39900,40500,39100,40300,39100,39100,39500,37000,0,0,37000,35311,41300,95000,0,33753,37000,31100,37346,95000,32987,0,32831,41300,31645,0,36774,0,36860,0,35996,35691,0,36465,40500,0,36726,0,35879,36674,36766,37338,36937,38408,38274,42800,37137,36033,56317,31100,2900,-273000,-273000,-273000,323665,779280,19463480,336247,63,0,224,22,126,0,448,44,0,0,0,0,1640,19443,402336,702,10390,14010,244760,2199,323665,779280,19463480,336247,15475008,478612,7249524,1.59,0.00,0.00,655551,357093,12677832,330988,,,,1996800,1996800,1996800,1996800,1996800,1996800,883200,883200,0,,,,,,0,,866543,1004068,0,5032,330,1,494000,4932000,6944000,0,34,4462000,Full,1200000000
1784668968.905736573,24277.11,41700,41700,42400,42800,42000,42000,41600,42400,41600,41100,41500,42600,43200,42600,42600,43000,42600,42600,42200,40300,41100,39900,39900,43200,39900,39900,38700,39100,39500,39900,47500,49400,47800,48600,43600,49400,49000,46700,47500,47800,47500,47800,47100,42600,40700,40900,39900,41500,39100,39500,39900,37000,0,0,37000,35311,41600,95000,0,33753,37000,31100,37654,95000,32987,0,32831,41600,31642,0,36786,0,36918,0,35964,35694,0,36468,41600,0,36731,0,35888,36690,36822,37004,37137,39077,38508,43600,37070,35766,56317,31100,2900,-273000,-273000,-273000,323665,779280,19463480,336247,63,0,224,22,126,0,448,44,0,0,0,0,1640,19443,402336,702,10390,14010,244760,2199,323665,779280,19463480,336247,15475008,484340,7255052,1.59,0.00,0.00,655551,357093,12677832,330988,,,,1785600,1785600,1785600,1785600,1785600,1785600,883200,883200,0,,,,,,0,,866543,1004068,0,5032,330,1,494000,4936000,6944000,0,34,4462000,Full,1200000000
1784668969.184063188,24277.39,42800,43200,43600,43200,43200,43200,43200,43600,42800,42200,42200,43400,44000,43400,43400,43800,43400,43400,43000,40700,41500,40300,40700,44000,40300,39900,39100,39500,39500,40300,47800,49800,48200,49400,44400,50200,49400,47500,48200,48600,47800,48200,47800,42600,41100,42000,39900,41500,39500,39900,39900,37000,0,0,37000,35304,43600,95000,0,33753,37000,31100,37846,95000,32987,0,32831,42400,31637,0,36811,0,36960,0,35945,35694,0,36490,42400,0,36739,0,35867,36668,36881,37672,37338,39478,38642,44400,37271,35933,56183,31100,2900,-273000,-273000,-273000,323665,779280,19463480,336247,63,0,224,22,126,0,448,44,0,0,0,0,1640,19443,402336,702,10390,14010,244760,2199,323665,779280,19463480,336247,15475008,486944,7257656,1.59,0.00,0.00,655551,357093,12677832,330988,,,,1996800,1996800,1996800,1996800,1996800,1996800,883200,883200,0,,,,,,0,,866543,1004068,0,5032,330,1,494000,4936000,6944000,0,34,4462000,Full,1200000000
1784668969.460286156,24277.66,42400,42400,43200,43600,42800,42400,42400,42800,42000,42200,42200,43000,44400,43000,43400,43800,43400,43400,43000,40300,41800,40700,40300,44000,40300,39900,39100,39900,39900,40700,48600,49800,48600,49000,44400,49800,49800,47500,48200,49000,48600,48600,48200,43800,41500,41300,40300,42200,39900,40300,40300,37000,0,0,37000,35288,42000,95000,0,33753,37000,31100,38048,95000,32987,0,32831,42000,31645,0,36835,0,37012,0,35898,35713,0,36518,42000,0,36756,0,35898,36680,36920,37773,37338,39879,38609,44000,37137,36368,56116,31100,2900,-273000,-273000,-273000,323674,779280,19463640,336248,63,0,224,22,126,0,448,44,0,0,0,0,1640,19443,402336,702,10390,14010,244760,2199,323674,779280,19463640,336248,15475008,485940,7256652,1.59,0.00,0.00,655551,357093,12677912,330988,,,,1324800,1324800,1324800,1324800,1324800,1324800,883200,883200,0,,,,,,0,,1000169,1001947,0,5032,330,1,494000,4936000,6944000,0,34,4462000,Full,1200000000
1784668969.762652041,24277.96,42400,42800,43600,43600,42800,42800,42800,43200,42400,43000,43000,44200,44400,44200,44200,44900,44600,44200,43800,41100,42200,40700,41100,44400,40700,40300,39500,40300,39900,40700,49000,50500,49400,49800,44800,50500,50200,47800,48600,49000,48600,49000,48600,43800,41800,41600,40700,42600,40300,40300,40700,37000,0,0,37000,35304,42800,95000,0,33753,37000,31100,38206,95000,32987,0,32831,42000,31637,0,36852,0,37099,0,35942,35704,0,36543,41600,0,36717,0,35876,36684,36972,38007,37438,40215,38609,44800,37405,36134,56014,31100,2900,-273000,-273000,-273000,323674,779280,19463640,336248,63,0,224,22,126,0,448,44,0,0,0,0,1640,19443,402336,702,10390,14010,244760,2199,323674,779280,19463640,336248,15475008,482996,7253712,1.59,0.00,0.00,655551,357093,12677912,330988,,,,1324800,1324800,1324800,1324800,1324800,1324800,883200,883200,0,,,,,,0,,1000169,1001947,0,5032,330,1,497000,4933000,6944000,0,34,4462000,Full,1200000000
1784668970.062663916,24278.26,42000,42400,43600,43600,42800,42800,43600,43200,42800,42600,42600,43400,44400,43800,44200,44200,43800,43800,43000,41500,42200,41100,41100,44400,40700,40300,39500,39900,40300,41100,49000,50900,49400,50200,44800,50500,50900,48200,49000,49400,49000,49400,48600,44200,41800,41600,40700,43000,40300,40300,40700,37000,0,0,37000,35307,42400,95000,0,33753,37000,31100,38371,95000,32987,0,32831,42000,31627,0,36869,0,37141,0,35939,35710,0,36565,42800,0,36756,0,35879,36708,37039,37940,37739,40215,38642,44400,37472,36335,56014,31100,2900,-273000,-273000,-273000,323674,779280,19463640,336248,63,0,224,22,126,0,448,44,0,0,0,0,1640,19443,402336,702,10390,14010,244760,2199,323674,779280,19463640,336248,15475008,484352,7255068,1.59,0.00,0.00,655551,357093,12677912,330988,,,,883200,883200,883200,883200,883200,883200,883200,883200,0,,,,,,0,,1000169,1001947,0,5032,330,1,494000,4936000,6944000,0,34,4462000,Full,1200000000
1784668970.364222145,24278.57,42400,43200,43600,44000,43600,43200,42800,43600,43200,43400,43400,44200,44800,44600,44600,44900,44600,44600,44200,41100,42200,41500,41500,44400,41100,40700,39900,40300,40700,41100,49400,50900,49800,50200,44800,50900,50900,48200,49000,49800,49400,49400,49000,44600,42200,42000,41100,42600,40300,40700,40700,37000,0,0,37000,35314,42800,95000,0,33753,37000,31100,38507,95000,32987,0,32831,42000,31653,0,36866,0,37196,0,35933,35713,0,36611,42000,0,36762,0,35870,36721,37105,38107,38007,40719,38943,44800,37639,36435,55880,31100,2900,-273000,-273000,-273000,323674,779280,19463640,336248,63,0,224,22,126,0,448,44,0,0,0,0,1640,19443,402336,702,10390,14010,244760,2199,323674,779280,19463640,336248,15475008,491164,7261880,1.48,0.00,0.00,655551,357093,12677912,330988,,,,1113600,1113600,1113600,1113600,1113600,1113600,883200,883200,0,,,,,,0,,1000169,1001947,0,5032,330,1,494000,4929000,6944000,0,34,4462000,Full,1200000000
1784668970.662691885,24278.86,42400,43200,44000,44000,44000,43200,43600,44000,43600,42600,42600,43800,44800,44200,44200,44600,44200,43800,43800,41500,42200,41800,41500,44800,41100,41100,39500,40700,40700,41100,49400,51300,49800,50500,45100,51300,50900,47800,49000,50200,49000,49800,49000,44600,42200,42000,41500,43400,40300,41100,40700,37000,0,0,37000,35307,42800,95000,0,33753,37000,31100,38694,95000,32987,0,32831,42000,31637,0,36912,0,37243,0,35945,35704,0,36651,42400,0,36731,0,35867,36727,37192,38408,38074,40921,38910,44800,37672,36335,55813,31100,2900,-273000,-273000,-273000,323674,779280,19463640,336248,63,0,224,22,126,0,448,44,0,0,0,0,1640,19443,402336,702,10390,14010,244760,2199,323674,779280,19463640,336248,15475008,486856,7257568,1.48,0.00,0.00,655551,357093,12677912,330988,,,,998400,1113600,1113600,1113600,1113600,1113600,883200,883200,0,,,,,,0,,998318,1001929,0,5032,330,1,494000,4928000,6944000,0,34,4462000,Full,1200000000
1784668970.972734176,24279.17,43200,44000,45900,44400,44400,44000,44000,44000,43600,43400,43800,44600,45100,44600,44900,45300,44900,44900,44200,41500,42600,41500,41500,45100,41500,41100,39900,40700,40700,41500,49800,51300,50200,50900,45500,51700,51300,48600,49800,50500,49800,50200,49400,44600,42200,42800,41500,43400,40300,40700,40700,37000,0,0,37000,35314,43600,95000,0,33753,37000,31100,38826,95000,32987,0,32831,43200,31663,0,36960,0,37314,0,35971,35724,0,36684,42400,0,36731,0,35859,36749,37261,38408,37973,41022,39043,45100,37605,36770,55611,31100,2900,-273000,-273000,-273000,323674,779280,19463640,336248,63,0,224,22,126,0,448,44,0,0,0,0,1640,19443,402336,702,10390,14010,244760,2199,323674,779280,19463640,336248,15475008,481584,7252300,1.48,0.00,0.00,655551,357093,12677912,330988,,,,883200,883200,883200,883200,883200,883200,883200,883200,0,,,,,,0,,998318,1001929,0,5032,330,1,494000,4926000,6944000,0,34,4462000,Full,1200000000
1784668971.297642041,24279.50,43200,43200,44400,44400,43600,43600,43600,44000,43600,42600,43000,44200,45100,44200,43800,44900,44600,44600,43800,41500,42200,41800,41800,44800,41500,41100,39900,40700,41100,41800,50200,52100,50500,50900,45100,52100,51300,49000,50200,50500,49800,50500,49000,44900,43000,42000,41800,43800,40700,41100,41100,37000,0,0,37000,35311,42800,95000,0,33753,37000,31100,38972,95000,32987,0,32831,42800,31653,0,36992,0,37381,0,35971,35749,0,36741,42400,0,36737,0,35859,36768,37335,38408,38308,41089,39010,44800,37840,37204,55645,31100,2900,-273000,-273000,-273000,323674,779280,19463640,336248,63,0,224,22,126,0,448,44,0,0,0,0,1640,19443,402336,702,10390,14010,244760,2199,323674,779280,19463640,336248,15475008,487808,7259820,1.48,0.00,0.00,655551,357093,12677912,330988,,,,1113600,1113600,1113600,1113600,1113600,1113600,883200,883200,0,,,,,,0,,998318,1001929,0,5032,330,1,494000,4928000,6944000,0,34,4462000,Full,1200000000
1784668971.623301051,24279.82,43600,44000,44800,45100,45100,44400,44400,44400,43600,44200,43400,45300,45500,44900,45300,45700,44900,44900,44600,41500,43000,41800,41800,45100,41800,41500,40300,40700,41100,41800,50200,52100,50500,51300,45500,52100,51700,48600,49400,50500,49800,50500,49800,44900,43000,42800,41800,43800,40700,41100,41100,37000,0,0,37000,35321,44000,95000,0,33753,37000,31100,39143,95000,32987,0,32831,43200,31663,0,37009,0,37476,0,35956,35756,0,36803,42800,0,36747,0,35870,36786,37400,38609,38542,41324,39177,45500,37773,36569,55544,31100,2900,-273000,-273000,-273000,323674,779280,19463640,336248,63,0,224,22,126,0,448,44,0,0,0,0,1640,19443,402336,702,10390,14010,244760,2199,323674,779280,19463640,336248,15475008,491648,7262360,1.48,0.00,0.00,655551,357093,12677912,330988,,,,787200,998400,998400,998400,998400,998400,883200,883200,0,,,,,,0,,999975,1002124,0,5032,330,1,494000,4933000,6944000,0,232,4450000,Full,1200000000
1784668972.131955582,24280.33,43600,44000,44800,45100,44800,44000,44000,45100,44800,43400,43400,44600,45900,44600,44600,45300,44600,44900,44200,41800,42600,42200,42200,45500,41800,41500,40700,41100,41100,41800,50500,52500,50900,51700,45900,52500,52100,49800,50500,50900,50200,50900,50200,45700,43400,42800,42200,43800,40700,41100,41500,37000,0,0,37000,35335,43200,95000,0,33983,37000,31200,39353,95000,32841,0,32831,43200,31651,0,37070,0,37578,0,35898,35762,0,36885,43200,0,36747,0,35850,36835,37509,38977,38676,41761,39478,45500,37940,36836,55477,31200,2900,-273000,-273000,-273000,323674,779280,19463640,336248,63,0,224,22,126,0,448,44,0,0,0,0,1640,19443,402336,702,10390,14010,244760,2199,323674,779280,19463640,336248,15475008,484728,7255440,1.48,0.00,0.00,655551,357093,12677912,330988,,,,1555200,1555200,1555200,1555200,1555200,1555200,883200,883200,0,,,,,,0,,999975,1002124,0,5032,330,1,494000,4937000,6944000,0,232,4450000,Full,1200000000
1784668972.410092093,24280.61,45100,45500,45900,45100,45100,45500,45500,46300,46300,44900,45300,45700,46300,45700,45700,46100,45700,45300,44900,44600,45700,42200,42200,46300,42200,41800,40700,41100,41500,42200,50200,52500,50900,51700,46700,52100,52100,49400,50500,50900,50500,50900,50200,45700,43400,44800,42200,43800,41100,41100,41500,37000,0,0,37000,35335,45900,95000,0,33983,37000,31200,39421,95000,32841,0,32831,45500,31653,0,37086,0,37641,0,35939,35764,0,36929,46300,0,36778,0,35867,36844,37566,38977,38709,41761,39578,46300,38040,36870,55409,31200,2900,-273000,-273000,-273000,323674,779280,19463640,336248,63,0,224,22,126,0,448,44,0,0,0,0,1640,19443,402336,702,10390,14010,244760,2199,323674,779280,19463640,336248,15475008,479860,7250572,1.39,0.00,0.00,655551,357093,12677912,330988,,,,998400,998400,998400,998400,998400,998400,2438400,2438400,0,,,,,,0,,999975,1002124,0,5032,330,1,494000,4932000,6944000,0,232,4450000,Full,1200000000
1784668972.706179228,24280.91,44000,44800,45500,45900,45100,44800,44800,45500,45100,44900,44600,45700,46300,45700,45700,46500,45700,45700,44900,43400,44200,42600,42600,46300,42200,41800,40700,41500,41500,42600,50900,52900,51700,51700,46700,52900,52500,49800,50900,51300,50900,51300,50500,45700,43400,43600,42600,44600,41800,41800,41800,37000,0,0,37000,35348,44000,95000,0,33983,37000,31200,39537,95000,32841,0,32831,44000,31656,0,37125,0,37695,0,35984,35752,0,36990,44000,0,36772,0,35856,36901,37641,38977,38776,41828,39612,46300,38241,36870,55241,31200,2900,-273000,-273000,-273000,323674,779280,19463640,336248,63,0,224,22,126,0,448,44,0,0,0,0,1640,19443,402336,702,10390,14010,244760,2199,323674,779280,19463640,336248,15475008,479424,7250124,1.39,0.00,0.00,655551,357093,12677912,330988,,,,1228800,1228800,1228800,1228800,1228800,1228800,883200,883200,0,,,,,,0,,998212,1001950,0,5032,330,1,494000,4931000,6944000,0,232,4450000,Full,1200000000
1784668973.011305999,24281.21,44000,44400,45500,45100,44400,44400,44400,44800,44400,46500,45700,48400,45500,48000,49200,48800,49200,50000,52700,42600,43800,42600,43000,45100,42600,41800,41100,41500,41500,42200,46700,47100,47100,46700,45500,47100,47500,45900,47100,47500,47100,47500,47500,44900,43400,43200,42200,43800,41500,41500,41800,37000,0,0,37000,35361,43600,95000,0,33983,37000,31200,39635,95000,32841,0,32831,43600,31668,0,37147,0,37786,0,35964,35795,0,37065,43200,0,36772,0,35867,36928,37723,39144,38843,41425,39746,45900,38375,37137,55309,31200,2900,-273000,-273000,-273000,323674,779280,19463640,336248,63,0,224,22,126,0,448,44,0,0,0,0,1640,19443,402336,702,10390,14010,244760,2199,323674,779280,19463640,336248,15475008,470380,7241084,1.39,0.00,0.00,655551,357093,12677912,330988,,,,998400,998400,998400,998400,998400,998400,2438400,2438400,0,,,,,,0,,0,0,0,5032,330,1,494000,4935000,6944000,0,232,4450000,Full,1200000000
1784668973.331982040,24281.53,44000,44400,45500,44400,44400,45100,45100,44400,43600,44900,45700,45300,45500,45700,45300,45700,45700,44900,44900,44900,45700,42200,42200,45100,41800,41800,41100,41800,41800,43000,48600,50500,49400,49000,45100,50200,49800,47800,49000,49400,49000,49000,48200,44200,42600,43200,41800,43400,41500,41800,42600,37000,0,0,37000,35371,44000,95000,0,33983,37000,31200,39638,95000,32841,0,32831,43200,31666,0,37234,0,37820,0,35907,35806,0,37147,43200,0,36799,0,35856,36944,37787,39177,38977,41324,39578,45500,38441,37305,55140,31200,2900,-273000,-273000,-273000,323674,779280,19463640,336248,63,0,224,22,126,0,448,44,0,0,0,0,1640,19443,402336,702,10390,14010,244760,2199,323674,779280,19463640,336248,15475008,483116,7253820,1.39,0.00,0.00,655551,357093,12677912,330988,,,,998400,998400,998400,998400,998400,998400,883200,883200,0,,,,,,0,,0,0,0,5032,330,1,494000,4933000,6944000,0,232,4450000,Full,1200000000
1784668973.645997405,24281.85,43600,44000,45100,44800,44400,44400,44000,44000,43600,43800,43800,44900,45500,44900,44900,45700,44900,44900,44600,42600,43400,42200,42200,45500,42200,41800,41100,41500,41500,42200,50500,52500,51300,51300,45500,52500,52100,49400,50200,51300,50500,50900,50200,45300,43400,43200,42200,44200,41500,41800,42200,37000,0,0,37000,35382,44000,95000,0,33983,37000,31200,39705,95000,32841,0,32831,43200,31671,0,37243,0,37911,0,35936,35814,0,37202,43600,0,36756,0,35844,37005,37883,39411,39043,41896,39612,45500,38508,37639,55074,31200,2900,-273000,-273000,-273000,323674,779280,19463640,336248,63,0,224,22,126,0,448,44,0,0,0,0,1640,19443,402336,702,10390,14010,244760,2199,323674,779280,19463640,336248,15475008,478540,7249244,1.39,0.00,0.00,655551,357093,12677912,330988,,,,998400,998400,998400,998400,998400,998400,883200,883200,0,,,,,,0,,0,0,0,5032,330,1,494000,4935000,6944000,0,232,4450000,Full,1200000000
1784668973.963026207,24282.16,43600,44000,45100,45500,45100,44800,44800,44800,44800,44900,44900,45700,46300,46100,45700,46500,46100,45700,45700,42600,43800,42600,42600,45900,42200,42200,41100,41800,41500,42600,50900,52500,51300,51700,46300,52500,52500,50200,50900,51300,50900,51300,50200,45300,43400,43600,42200,44600,41800,41500,42200,37000,0,0,37000,35387,44000,95000,0,33983,37000,31200,39776,95000,32841,0,32831,43600,31663,0,37301,0,37991,0,35936,35819,0,37263,43200,0,36793,0,35862,37028,37970,39612,39043,42131,39578,45900,38441,37539,55040,31200,2900,-273000,-273000,-273000,323674,779280,19463640,336248,63,0,224,22,126,0,448,44,0,0,0,0,1640,19443,402336,702,10390,14010,244760,2199,323674,779280,19463640,336248,15475008,479124,7249828,1.39,0.00,0.00,655551,357093,12677912,330988,,,,1228800,1228800,1228800,1228800,1228800,1228800,883200,883200,0,,,,,,0,,978658,1002006,0,5032,330,1,494000,4931000,6944000,0,232,4450000,Full,1200000000
1784668974.268137769,24282.47,44000,44000,45100,45500,44800,44400,44400,44800,44400,43800,43800,45300,45900,45300,45300,45700,45300,45700,44900,42200,43400,43000,42600,45900,42600,42200,41100,41800,41800,42600,50900,52900,51300,52100,46300,52900,52500,50200,50500,51300,50500,51300,50500,45700,43800,42800,42600,44200,41800,41800,41800,37000,0,0,37000,35408,43600,95000,0,33983,37000,31200,39882,95000,32841,0,32831,43200,31668,0,37321,0,38051,0,35981,35834,0,37311,43200,0,36803,0,35867,37070,38033,39545,39144,42366,39846,45900,38508,37204,55006,31200,2900,-273000,-273000,-273000,323674,779280,19463640,336248,63,0,224,22,126,0,448,44,0,0,0,0,1640,19443,402336,702,10390,14010,244760,2199,323674,779280,19463640,336248,15475008,474500,7245208,1.50,0.00,0.00,655551,357093,12677912,330988,,,,998400,998400,998400,998400,998400,998400,883200,883200,0,,,,,,0,,978658,1002006,0,5032,330,1,494000,4933000,6944000,0,232,4450000,Full,1200000000
1784668974.581155008,24282.78,44400,45100,45900,45500,45100,45100,45100,45900,45500,44600,44600,46100,46300,46100,46500,46500,46100,46100,45300,42600,43800,42600,42600,45900,42600,42200,41100,41500,41800,42200,51300,53200,51300,52100,46700,53200,52500,50200,50900,51700,50900,51300,50500,45700,43800,44000,43000,44600,41800,41800,41800,37000,0,0,37000,35427,44400,95000,0,33983,37000,31200,40008,95000,32841,0,32831,44400,31660,0,37355,0,38147,0,35993,35847,0,37389,44000,0,36816,0,35841,37099,38107,39612,39311,42366,39980,46300,38676,37472,54871,31200,2900,-273000,-273000,-273000,323682,779280,19463768,336249,63,0,224,22,126,0,448,44,0,0,0,0,1640,19443,402336,702,10390,14010,244760,2199,323682,779280,19463768,336249,15475008,480648,7251360,1.50,0.00,0.00,655551,357093,12677976,330988,,,,998400,998400,998400,998400,998400,998400,883200,883200,0,,,,,,0,,978658,1002006,0,5032,330,1,494000,4935000,6944000,0,232,4450000,Full,1200000000
1784668974.897959227,24283.10,43600,44000,45100,45500,44800,44800,44400,44800,44800,44200,44200,44900,46300,45300,45700,45700,45700,45700,44900,42600,43400,43000,42600,45900,42600,42200,41500,41800,41800,43000,50900,52500,51700,52100,46300,52500,52500,49800,50500,51700,50900,51300,50900,46100,43800,42800,43000,44600,41500,41800,41800,37000,0,0,37000,35427,44000,95000,0,33983,37000,31200,40082,95000,32841,0,32831,43600,31674,0,37393,0,38206,0,35962,35873,0,37446,43200,0,36794,0,35862,37166,38175,39512,39411,42568,39913,45900,38441,37204,54771,31200,2900,-273000,-273000,-273000,323682,779280,19463768,336249,63,0,224,22,126,0,448,44,0,0,0,0,1640,19443,402336,702,10390,14010,244760,2199,323682,779280,19463768,336249,15475008,479776,7250488,1.50,0.00,0.00,655551,357093,12677976,330988,,,,1996800,1996800,1996800,1996800,1996800,1996800,883200,883200,0,,,,,,0,,998086,1001947,0,5032,330,1,497000,4933000,6944000,0,232,4450000,Full,1200000000
1784668975.391101623,24283.59,45100,44800,46300,45900,45500,45500,45100,45900,45100,45300,45700,46500,46700,46500,46500,46900,46500,46100,45700,44200,45300,43000,43400,46300,43400,42600,41500,42200,41800,43000,51300,53600,52100,52900,47100,53200,52900,50900,51700,52100,51300,52100,51300,46500,44200,44400,43400,44600,41800,42200,42600,37000,0,0,37000,35455,44800,95000,0,33983,37000,31200,40250,95000,32841,0,32831,44800,31679,0,37432,0,38297,0,35907,35907,0,37538,44400,0,36802,0,35870,37205,38270,39512,39578,42736,39879,46700,38575,37840,54569,31200,2900,-273000,-273000,-273000,323682,779280,19463768,336249,63,0,224,22,126,0,448,44,0,0,0,0,1640,19443,402336,702,10390,14010,244760,2199,323682,779280,19463768,336249,15475008,477104,7247816,1.50,0.00,0.00,655551,357093,12677976,330988,,,,1228800,1228800,1228800,1228800,1228800,1228800,883200,883200,0,,,,,,0,,998086,1001947,0,5032,330,1,494000,4935000,6944000,0,232,4450000,Full,1200000000
1784668975.694229227,24283.90,45100,45900,45900,45900,45500,45900,46700,45500,44800,44200,44200,45700,46700,45700,46100,46500,45700,46100,45300,42600,43800,43000,43000,46700,43400,42600,41800,42200,41800,43400,51700,53200,52100,52500,47100,53600,53200,50900,51700,52100,51300,51700,51300,46500,44200,44800,43400,44900,42200,41800,42200,37000,0,0,37000,35468,45500,95000,0,33983,37000,31200,40314,95000,32841,0,32831,44400,31674,0,37473,0,38365,0,36002,35914,0,37595,44400,0,36771,0,35873,37263,38332,39679,39578,42904,40081,46700,38776,37940,54737,31200,2900,-273000,-273000,-273000,323682,779280,19463768,336249,63,0,224,22,126,0,448,44,0,0,0,0,1640,19443,402336,702,10390,14010,244760,2199,323682,779280,19463768,336249,15475008,478124,7248844,1.50,0.00,0.00,655551,357093,12677976,330988,,,,1440000,1440000,1440000,1440000,1440000,1440000,883200,883200,0,,,,,,0,,998086,1001947,0,5032,330,1,494000,4932000,6944000,0,232,4450000,Full,1200000000
1784668975.969533393,24284.17,45500,46700,47500,45900,45100,47100,48300,45500,44800,46900,48400,46900,46700,47300,46100,47300,46900,46100,46100,50000,53900,43000,43400,46300,43000,42600,41800,42200,42200,43400,47100,47800,47500,47500,46700,47800,48200,46700,47500,48200,47800,48200,48200,46100,44200,46300,43400,45300,42200,42200,42600,37000,0,0,37000,35478,47500,95000,0,33983,37000,31200,40381,95000,32841,0,32831,44400,31668,0,37495,0,38440,0,35914,35936,0,37649,44000,0,36808,0,35879,37311,38394,39946,39679,42232,40215,47500,39110,38107,54569,31200,2900,-273000,-273000,-273000,323682,779280,19463768,336249,63,0,224,22,126,0,448,44,0,0,0,0,1640,19443,402336,702,10390,14010,244760,2199,323682,779280,19463768,336249,15475008,472652,7243372,1.50,0.00,0.00,655551,357093,12677976,330988,,,,998400,998400,998400,998400,998400,998400,2438400,2438400,0,,,,,,0,,1000061,1001916,0,5032,330,1,494000,4929000,6944000,0,232,4450000,Full,1200000000
1784668976.293554956,24284.50,45100,45500,46300,44800,44800,46300,47100,44800,45500,45300,46900,46100,45500,46100,45700,45700,46100,45300,45300,46100,47300,42600,42600,45500,42600,41800,41500,41800,41800,42600,47100,47100,46700,46300,45500,46700,46700,46300,47500,47100,46300,46300,46700,44600,43400,45900,42600,43800,42600,41800,43800,37000,0,0,37000,35486,46300,95000,0,33983,37000,31200,40377,95000,32841,0,32831,44800,31671,0,37530,0,38487,0,36022,35927,0,37711,44800,0,36809,0,35895,37330,38457,40013,39779,41795,40316,47100,39244,38241,54435,31200,2900,-273000,-273000,-273000,323682,779280,19463768,336249,63,0,224,22,126,0,448,44,0,0,0,0,1640,19443,402336,702,10390,14010,244760,2199,323682,779280,19463768,336249,15475008,478276,7248996,1.41,0.00,0.00,655551,357093,12677976,330988,,,,1324800,1324800,1324800,1324800,1324800,1324800,883200,883200,0,,,,,,0,,0,0,0,5032,330,1,494000,4929000,6944000,0,232,4450000,Full,1200000000
1784668976.593111518,24284.79,44400,44800,45500,45500,45100,44800,44800,45100,44400,44600,44600,45300,45900,45300,45300,45700,45700,45300,44900,43400,44200,42200,42600,46300,42200,42200,41100,41800,42200,42600,50500,52500,51300,51300,46300,52100,52100,49800,50200,51300,50500,50900,50200,45300,43800,44000,42600,44200,42200,42600,43000,37000,0,0,37000,35504,44800,95000,0,33983,37000,31200,40350,95000,32841,0,32831,44400,31682,0,37565,0,38559,0,35959,35964,0,37771,44000,0,36819,0,35901,37364,38521,40013,39879,42535,40215,46300,39144,37940,54367,31200,2900,-273000,-273000,-273000,323682,779280,19463768,336249,63,0,224,22,126,0,448,44,0,0,0,0,1640,19443,402336,702,10390,14010,244760,2199,323682,779280,19463768,336249,15475008,473132,7243852,1.41,0.00,0.00,655551,357093,12677976,330988,,,,998400,998400,998400,998400,998400,998400,883200,883200,0,,,,,,0,,0,0,0,5032,330,1,494000,4931000,6944000,0,232,4450000,Full,1200000000
1784668976.900758185,24285.10,44800,44800,45500,45900,45500,45100,44800,45900,45500,44600,44600,45700,46300,45700,45700,46100,45700,45700,44900,43400,44200,43400,43000,46300,43000,42200,41500,41800,42200,43000,51300,53200,52100,52500,46700,53200,53200,50200,50900,52100,51700,52100,50900,46100,43800,44000,43000,44600,42200,42200,42600,37000,0,0,37000,35527,44400,95000,0,33983,37000,31200,40395,95000,32841,0,32831,44800,31679,0,37597,0,38630,0,35996,35984,0,37834,44800,0,36837,0,35885,37400,38579,39879,39779,42870,40551,46700,39144,38174,54334,31200,2900,-273000,-273000,-273000,323682,779280,19463768,336249,63,0,224,22,126,0,448,44,0,0,0,0,1640,19443,402336,702,10390,14010,244760,2199,323682,779280,19463768,336249,15475008,475240,7245960,1.41,0.00,0.00,655551,357093,12677976,330988,,,,1670400,1670400,1670400,1670400,1670400,1670400,2438400,2438400,0,,,,,,0,,0,0,0,5032,330,1,494000,4929000,6942000,0,173,4459000,Full,1200000000
1784668977.182444955,24285.38,44800,45100,45900,45500,45500,45500,45900,45900,45900,45300,45300,46100,46700,46900,46500,46900,46500,46500,46100,43800,44600,43400,43400,46300,43000,42600,41500,42200,42200,43000,51300,53600,52500,53200,46700,53600,53600,50500,51300,52500,51700,52500,51700,46100,44200,44000,43400,44900,42200,42600,42600,37000,0,0,37000,35533,45100,95000,0,34222,37000,31200,40478,95000,32726,0,32831,44400,31679,0,37658,0,38675,0,35990,36022,0,37889,44400,0,36831,0,35907,37432,38637,39779,39779,43073,40619,46700,39144,38040,54367,31200,2900,-273000,-273000,-273000,323682,779280,19463768,336249,63,0,224,22,126,0,448,44,0,0,0,0,1640,19443,402336,702,10390,14010,244760,2199,323682,779280,19463768,336249,15475008,475772,7246500,1.41,0.00,0.00,655551,357093,12677976,330988,,,,1440000,1440000,1440000,1440000,1440000,1440000,883200,883200,0,,,,,,0,,973819,1001989,0,5032,330,1,494000,4932000,6942000,0,173,4459000,Full,1200000000
1784668977.484931518,24285.69,44400,45100,45500,46300,45500,45100,45500,45500,45500,44600,44600,46100,47100,46100,46100,46500,46100,46100,45300,43000,43800,43400,43000,46300,43000,43000,41800,41800,42200,42600,52100,54000,53200,53600,47100,54400,54000,51700,52500,53200,52100,52900,51700,46900,44600,44000,43000,45300,42200,42200,42600,37000,0,0,37000,35556,44800,95000,0,34222,37000,31200,40559,95000,32726,0,32831,44400,31715,0,37654,0,38730,0,35945,36044,0,37945,44400,0,36803,0,35907,37483,38692,40215,39946,42938,40383,46700,39244,38241,54334,31200,2900,-273000,-273000,-273000,323682,779280,19463768,336249,63,0,224,22,126,0,448,44,0,0,0,0,1640,19443,402336,702,10390,14010,244760,2199,323682,779280,19463768,336249,15475008,472248,7242976,1.41,0.00,0.00,655551,357093,12677976,330988,,,,1555200,1555200,1555200,1555200,1555200,1555200,883200,883200,0,,,,,,0,,973819,1001989,0,5032,330,1,494000,4932000,6942000,0,173,4459000,Full,1200000000
1784668977.765670007,24285.97,44400,45100,45900,45900,45500,45500,45100,45500,45100,46100,45700,47300,47100,46900,47300,47700,47300,46900,46900,43800,44900,43400,43400,46700,43400,42600,41800,42200,42600,43800,52100,54000,52900,53200,47100,54000,53600,51300,52100,52900,52100,52500,51700,46500,44600,44000,43800,45300,42600,42200,42600,37000,0,0,37000,35564,45100,95000,0,34222,37000,31200,40649,95000,32726,0,32831,44400,31705,0,37711,0,38791,0,36010,36038,0,38010,44400,0,36812,0,35930,37524,38745,40282,39879,43106,40114,47100,39144,38107,54199,31200,2900,-273000,-273000,-273000,323682,779280,19463768,336249,63,0,224,22,126,0,448,44,0,0,0,0,1640,19443,402336,702,10390,14010,244760,2199,323682,779280,19463768,336249,15475008,473136,7243864,1.41,0.00,0.00,655551,357093,12677976,330988,,,,1228800,1228800,1228800,1228800,1228800,1228800,883200,883200,0,,,,,,0,,973819,1001989,0,5032,330,1,494000,4932000,6942000,0,173,4459000,Full,1200000000
1784668978.064022142,24286.27,44800,45100,45900,45900,45900,45500,45500,45900,45500,45300,44900,46100,47100,46100,46100,46900,46100,46500,45700,43400,44200,43800,43400,46300,43400,43000,42200,42200,42200,43400,52100,54400,52900,53200,47100,54400,53600,50900,51700,52500,52100,52500,51300,46500,44600,44400,43800,45300,42200,42200,43000,37000,0,0,37000,35582,44800,95000,0,34222,37000,31200,40752,95000,32726,0,32831,44400,31715,0,37704,0,38855,0,35987,36070,0,38043,44400,0,36818,0,35927,37550,38800,40383,40148,43173,40282,46700,39244,38542,54132,31200,2900,-273000,-273000,-273000,323682,779280,19463768,336249,63,0,224,22,126,0,448,44,0,0,0,0,1640,19443,402336,702,10390,14010,244760,2199,323682,779280,19463768,336249,15475008,477308,7248036,1.41,0.00,0.00,655551,357093,12677976,330988,,,,787200,998400,998400,998400,998400,998400,2438400,2438400,0,,,,,,0,,1000083,1001929,0,5032,330,1,494000,4926000,6942000,0,173,4459000,Full,1200000000
1784668978.575459903,24286.78,44800,45100,46700,46300,45900,45500,45500,45900,44800,44900,44900,46100,47100,46500,46500,46900,46500,46100,46100,43800,44600,43800,43800,46700,43400,43000,42200,42600,42600,43800,52100,54400,52900,53200,47500,54000,53600,51300,52100,52500,52100,52500,51700,46900,44900,44400,43800,45700,42600,42600,43000,37000,0,0,37000,35616,45100,95000,0,34222,37000,31200,40890,95000,32726,0,32831,44400,31686,0,37796,0,38918,0,35981,36095,0,38142,44400,0,36840,0,35898,37597,38886,40484,40249,43610,40551,47500,39244,37940,54334,31200,2900,-273000,-273000,-273000,323682,779280,19463768,336249,63,0,224,22,126,0,448,44,0,0,0,0,1640,19443,402336,702,10390,14010,244760,2199,323682,779280,19463768,336249,15475008,466268,7237000,1.52,0.00,0.00,655551,357093,12677976,330988,,,,883200,883200,883200,883200,883200,883200,883200,883200,0,,,,,,0,,1000083,1001929,0,5032,330,1,494000,4931000,6942000,0,173,4459000,Full,1200000000
1784668978.892829538,24287.09,45500,45500,46300,46300,46300,45900,45100,46300,46300,45300,44900,46100,47100,46500,46500,46900,46500,46500,46100,43400,44600,43800,43800,47100,43800,43400,41800,42600,42600,43800,52900,54400,52900,53200,47500,54000,54000,51700,52100,52900,52100,52900,51700,46900,44900,44000,43800,45700,43000,42600,43000,37000,0,0,37000,35636,44800,95000,0,34222,37000,31200,40934,95000,32726,0,32831,45100,31712,0,37828,0,39000,0,35984,36104,0,38187,45500,0,36856,0,35916,37658,38946,40417,40350,43678,40585,47500,39277,38676,53997,31200,2900,-273000,-273000,-273000,323696,779280,19463952,336251,63,0,224,22,126,0,448,44,0,0,0,0,1640,19443,402336,702,10390,14010,244760,2199,323696,779280,19463952,336251,15475008,465508,7236256,1.52,0.00,0.00,655551,357118,12678068,331013,,,,1228800,1228800,1228800,1228800,1228800,1228800,2438400,2438400,0,,,,,,0,,1000083,1001929,0,5032,330,1,494000,4929000,6942000,0,173,4459000,Full,1200000000
1784668979.182338027,24287.38,45500,46300,47100,47100,46700,46700,46700,46300,46700,46100,45700,46900,47800,47300,47300,48000,47300,47300,46900,44200,44900,43800,43800,47500,43800,43400,42200,43000,42600,43400,52500,54800,53200,53600,47800,54800,54000,51300,52900,53200,52500,53200,52100,47300,44900,45100,44200,45700,42600,43000,43400,37000,0,0,37000,35642,46300,95000,0,34222,37000,31200,41043,95000,32726,0,32831,45900,31712,0,37877,0,39042,0,36002,36127,0,38233,46300,0,36837,0,35939,37672,38993,40551,40350,43879,40685,47500,39411,38408,53997,31200,3000,-273000,-273000,-273000,323696,779280,19463952,336251,63,0,224,22,126,0,448,44,0,0,0,0,1640,19443,402336,702,10390,14010,244760,2199,323696,779280,19463952,336251,15475008,474480,7245220,1.52,0.00,0.00,655551,357118,12678068,331013,,,,1670400,1670400,1670400,1670400,1670400,1670400,883200,883200,0,,,,,,0,,994795,1001987,0,5032,330,1,494000,4928000,6942000,0,173,4459000,Full,1200000000
1784668979.462501413,24287.66,45100,45500,46300,46700,46300,45500,45500,46300,45500,45700,45700,46500,47500,46900,46900,47300,46900,46900,46500,44200,44900,43800,44200,47100,43800,43400,42200,43400,42600,43400,52500,54400,52900,53600,47800,54800,54000,51700,52500,53200,52100,53200,52100,47300,44900,44400,43800,46100,42600,43000,43400,37000,0,0,37000,35665,44800,95000,0,34222,37000,31200,41096,95000,32726,0,32831,44800,31697,0,37868,0,39076,0,36047,36155,0,38289,44400,0,36850,0,35964,37726,39048,40551,40249,43846,40820,47500,39411,38843,53897,31200,3000,-273000,-273000,-273000,323696,779280,19463952,336251,63,0,224,22,126,0,448,44,0,0,0,0,1640,19443,402336,702,10390,14010,244760,2199,323703,779280,19464608,336254,15475008,466928,7237668,1.52,0.00,0.00,655551,357118,12678396,331013,,,,883200,883200,883200,883200,883200,883200,883200,883200,0,,,,,,0,,994795,1001987,0,5032,330,1,494000,4931000,6942000,0,173,4459000,Full,1200000000
1784668979.772281934,24287.97,45100,45500,46300,46300,45900,45900,45500,45900,45100,46500,45700,47300,47500,47300,47700,48000,47700,47700,47300,43800,44900,43800,43800,47100,43800,43400,42200,42600,43000,43800,52500,54800,53200,53600,47800,54400,54000,51700,52900,52900,52500,52900,52100,47700,45300,44800,44200,46100,43000,43000,43000,37000,0,0,37000,35672,45100,95000,0,34222,37000,31200,41178,95000,32726,0,32831,44400,31731,0,37890,0,39140,0,36025,36164,0,38351,44800,0,36865,0,35977,37764,39105,40316,40518,43812,40820,47500,39679,38475,53728,31200,3000,-273000,-273000,-273000,323703,779280,19464608,336254,63,0,224,22,126,0,448,44,0,0,0,0,1640,19443,402336,702,10390,14010,244760,2199,323703,779280,19464608,336254,15475008,461380,7232128,1.52,0.00,0.00,655551,357118,12678396,331013,,,,998400,998400,998400,998400,998400,998400,883200,883200,0,,,,,,0,,994795,1001987,0,5032,330,1,494000,4929000,6942000,0,173,4459000,Full,1200000000
1784668980.077408027,24288.28,45100,45100,46300,46700,45900,45500,45100,45500,45500,45300,45700,46500,47500,46500,46900,47300,46900,46900,46500,44200,44900,44200,44200,47100,43800,43400,42200,43000,43000,43400,52500,54800,53200,53600,47500,54800,54400,52100,52900,53200,52500,53200,52500,47300,44900,44400,44200,46100,42600,43000,43400,37000,0,0,37000,35688,45100,95000,0,34222,37000,31200,41261,95000,32726,0,32831,44800,31694,0,37936,0,39216,0,35984,36173,0,38408,44400,0,36838,0,35945,37789,39155,40619,40619,43980,40652,47100,39512,38843,53695,31200,3000,-273000,-273000,-273000,323703,779280,19464608,336254,63,0,224,22,126,0,448,44,0,0,0,0,1640,19443,402336,702,10390,14010,244760,2199,323703,779280,19464608,336254,15475008,471344,7242092,1.52,0.00,0.00,655551,357118,12678396,331013,,,,883200,883200,883200,883200,883200,883200,883200,883200,0,,,,,,0,,994795,1001987,0,5032,330,1,494000,4924000,6942000,0,173,4459000,Full,1200000000
1784668980.381899590,24288.58,45500,45900,46700,46300,45900,45900,45900,45900,45500,46100,46100,47300,47800,47700,47700,48400,48000,47700,47300,43800,45300,44200,43800,47100,43800,43800,42600,43000,43400,43800,52900,54800,53200,54400,47800,55200,54400,51300,52500,53600,52900,52900,52100,47300,44900,44400,44200,46100,43000,43000,43000,37000,0,0,37000,35705,45100,95000,0,34222,37000,31200,41296,95000,32726,0,32831,45100,31720,0,37982,0,39269,0,36025,36195,0,38452,45500,0,36877,0,35984,37828,39218,40551,40585,43947,40954,47500,39679,38676,53762,31200,3000,-273000,-273000,-273000,323703,779280,19464608,336254,63,0,224,22,126,0,448,44,0,0,0,0,1640,19443,402336,702,10390,14010,244760,2199,323703,779280,19464608,336254,15475008,474416,7245164,1.60,0.00,0.00,655551,357118,12678396,331013,,,,998400,998400,998400,998400,998400,998400,883200,883200,0,,,,,,0,,1000314,1001908,0,5032,330,1,494000,4931000,6942000,0,173,4459000,Full,1200000000
1784668980.686615891,24288.89,45100,45900,46700,46700,45900,45900,45500,45900,45500,45300,45700,46500,47500,46500,46500,46900,46900,46900,46500,43800,44600,44200,44200,47100,43800,43400,42200,43000,43000,43800,52900,54800,53600,53600,47500,55200,54000,51700,52900,53600,52500,53200,52100,47700,45300,44400,44200,46100,42600,43000,43000,37000,0,0,37000,35734,45500,95000,0,34222,37000,31200,41379,95000,32726,0,32831,44800,31717,0,38018,0,39319,0,35971,36227,0,38490,45100,0,36866,0,36007,37859,39257,40820,40854,44114,40652,47100,39712,38776,53728,31200,3000,-273000,-273000,-273000,323703,779280,19464608,336254,63,0,224,22,126,0,448,44,0,0,0,0,1640,19443,402336,702,10390,14010,244760,2199,323703,779280,19464608,336254,15475008,476052,7246792,1.60,0.00,0.00,655551,357118,12678396,331013,,,,1324800,1324800,1324800,1324800,1324800,1324800,883200,883200,0,,,,,,0,,1000314,1001908,0,5032,330,1,494000,4929000,6942000,0,173,4459000,Full,1200000000
1784668980.987162714,24289.19,45900,45900,47100,47100,47100,46300,45900,46300,45900,46500,46100,47700,47800,47700,47700,48000,48000,48000,47700,43800,45300,44200,44200,47500,43800,43800,42200,43000,43000,44200,52900,54800,53200,53600,47800,54800,54400,52100,52900,53600,52900,53200,52500,47300,45300,45100,44600,46100,42600,43400,43400,37000,0,0,37000,35741,45500,95000,0,34222,37000,31200,41423,95000,32726,0,32831,45100,31715,0,38041,0,39371,0,35971,36237,0,38559,44800,0,36874,0,35996,37874,39307,40954,40820,44282,40921,47900,39746,38742,53662,31200,3000,-273000,-273000,-273000,323703,779280,19464608,336254,63,0,224,22,126,0,448,44,0,0,0,0,1640,19443,402336,702,10390,14010,244760,2199,323703,779280,19464608,336254,15475008,475360,7246100,1.60,0.00,0.00,655551,357118,12678396,331013,,,,998400,998400,998400,998400,998400,998400,883200,883200,0,,,,,,0,,1000314,1001908,0,5032,330,1,494000,4928000,6942000,0,173,4459000,Full,1200000000
1784668981.283632454,24289.48,45100,45500,46300,46300,45900,45500,45500,45900,45100,45300,45300,46500,47500,46900,46900,47300,46900,46900,46500,43800,44600,44200,43800,47500,44200,43400,42600,43400,43000,44200,52900,54800,53600,54000,47800,54800,54400,52100,52900,53600,52500,53200,52500,47700,45300,44400,44200,46100,42600,43000,43000,37000,0,0,37000,35755,45100,95000,0,34222,37000,31200,41499,95000,32726,0,32831,45100,31731,0,38094,0,39421,0,35996,36249,0,38600,45100,0,36880,0,36007,37926,39363,40954,40854,44282,40753,47500,39812,39077,53695,31200,3000,-273000,-273000,-273000,323703,779280,19464608,336254,63,0,224,22,126,0,448,44,0,0,0,0,1640,19443,402336,702,10390,14010,244760,2199,323703,779280,19464608,336254,15475008,478528,7249272,1.60,0.00,0.00,655551,357118,12678396,331013,,,,1996800,1996800,1996800,1996800,1996800,1996800,883200,883200,0,,,,,,0,,998780,1001949,0,5032,340,1,494000,4929000,6942000,0,173,4459000,Full,1200000000
1784668981.784518599,24289.99,45500,45900,46700,46700,46700,45900,45900,46700,46300,46500,46500,47700,47800,48000,48000,48400,48400,48000,48000,44200,45300,44200,44200,47500,44200,43800,42600,43400,43400,44600,52900,55200,53200,54000,47800,54800,54400,52100,53200,53200,52900,53600,52500,47700,45700,45100,44200,46100,43000,43400,43400,37000,0,0,37000,35778,45500,95000,0,34222,37000,31200,41585,95000,32726,0,32831,44800,31740,0,38133,0,39501,0,36041,36278,0,38665,45100,0,36871,0,36031,38024,39445,41223,40854,44282,41123,47900,39946,38575,53561,31200,3000,-273000,-273000,-273000,323703,779280,19464608,336254,63,0,224,22,126,0,448,44,0,0,0,0,1640,19443,402336,702,10390,14010,244760,2199,323703,779280,19464608,336254,15475008,470284,7241032,1.60,0.00,0.00,655551,357118,12678396,331013,,,,883200,883200,883200,883200,883200,883200,883200,883200,0,,,,,,0,,998780,1001949,0,5032,340,1,494000,4933000,6942000,0,277,4444000,Full,1200000000
1784668982.153635995,24290.36,45100,45900,46700,46700,46300,45900,45900,46300,45500,45700,45300,46900,47800,46900,46900,47300,47300,46900,46900,43800,44900,44200,44200,47100,44200,43800,42600,43400,43400,44200,53200,55200,54000,54400,47800,55600,54800,52100,53200,53200,52900,53600,52500,47700,45300,44400,44200,46500,43000,43000,43400,37000,0,0,37000,35809,45100,95000,0,34525,37000,31300,41642,95000,32649,0,32936,45100,31728,0,38147,0,39564,0,36025,36297,0,38720,45100,0,36880,0,36050,38068,39489,41190,41022,44484,40954,47500,39779,38809,53493,31300,3000,-273000,-273000,-273000,323703,779280,19464608,336254,63,0,224,22,126,0,448,44,0,0,0,0,1640,19443,402336,702,10390,14010,244760,2199,323703,779280,19464608,336254,15475008,470728,7241476,1.60,0.00,0.00,655551,357118,12678396,331013,,,,1324800,1324800,1324800,1324800,1324800,1324800,883200,883200,0,,,,,,0,,998780,1001949,0,5032,340,1,494000,4933000,6942000,0,277,4444000,Full,1200000000
1784668982.442080891,24290.64,46700,47100,47500,47100,47100,46700,46700,47100,45900,46100,46100,47300,48200,46900,47300,48000,47300,47700,46900,44600,45300,44600,44200,47800,44200,43800,43000,43000,43400,44200,53200,54800,53600,54400,48600,55200,54800,52500,53200,53600,53200,53200,52500,47700,45300,45900,44600,46500,43000,43400,43400,37000,0,0,37000,35824,47500,95000,0,34525,37000,31300,41694,95000,32649,0,32936,46300,31723,0,38176,0,39593,0,36022,36315,0,38765,45900,0,36906,0,36041,38094,39528,41089,40988,44619,40921,48300,39779,38843,53493,31300,3000,-273000,-273000,-273000,323703,779280,19464608,336254,63,0,224,22,126,0,448,44,0,0,0,0,1640,19443,402336,702,10390,14010,244760,2199,323703,779280,19464608,336254,15475008,465352,7236100,1.49,0.00,0.00,655551,357118,12678396,331013,,,,1785600,1785600,1785600,1785600,1785600,1785600,883200,883200,0,,,,,,0,,1000130,1001931,0,5032,340,1,494000,4931000,6942000,0,277,4444000,Full,1200000000
1784668982.717906984,24290.92,45900,45900,47100,47100,46700,46300,46300,46700,46300,46100,45700,46900,47800,47300,47300,47700,47300,48000,47300,44900,46100,44200,44600,47800,44200,44200,43000,43400,43400,44600,53200,55200,54000,54400,48200,55200,54800,52100,52900,53600,52900,53600,52900,48000,45700,44800,44600,46900,43000,43400,43800,37000,0,0,37000,35832,45500,95000,0,34525,37000,31300,41783,95000,32649,0,32936,45500,31740,0,38198,0,39665,0,35953,36362,0,38844,45100,0,36859,0,36050,38127,39587,41190,40921,44551,40988,47900,40013,38910,53426,31300,3000,-273000,-273000,-273000,323703,779280,19464608,336254,63,0,224,22,126,0,448,44,0,0,0,0,1640,19443,402336,702,10390,14010,244760,2199,323703,779280,19464608,336254,15475008,472152,7242916,1.49,0.00,0.00,655551,357118,12678396,331013,,,,998400,998400,998400,998400,998400,998400,883200,883200,0,,,,,,0,,1000130,1001931,0,5032,340,1,494000,4936000,6942000,0,277,4444000,Full,1200000000
1784668983.019346099,24291.22,45900,46300,47100,47500,46700,46700,46700,46700,46300,46500,46100,47700,47800,47700,47700,48400,48000,47700,47300,44200,45300,44600,44600,47800,44200,44200,42600,43400,43400,44200,53200,55600,53600,54400,48200,55200,55200,52100,53200,54000,52900,54000,52900,47700,45700,45500,44600,46500,43400,43400,43800,37000,0,0,37000,35850,46300,95000,0,34525,37000,31300,41813,95000,32649,0,32936,45500,31749,0,38218,0,39708,0,35990,36348,0,38868,45500,0,36865,0,36056,38165,39624,41123,40988,44451,41223,48300,39846,39043,53460,31300,3000,-273000,-273000,-273000,323703,779280,19464608,336254,63,0,224,22,126,0,448,44,0,0,0,0,1640,19443,402336,702,10390,14010,244760,2199,323703,779280,19464608,336254,15475008,473624,7244388,1.49,0.00,0.00,655551,357118,12678396,331013,,,,998400,998400,998400,998400,998400,998400,883200,883200,0,,,,,,0,,1000130,1001931,0,5032,340,1,494000,4932000,6942000,0,277,4444000,Full,1200000000
1784668983.329074432,24291.53,45500,45900,47100,47100,46700,46300,45900,46300,45900,45700,45700,46900,47800,46900,47300,47700,46900,47300,46900,44200,44900,44600,44200,47500,44600,43800,43000,43400,43400,44600,53200,55200,54000,54400,48200,55200,54800,52500,53200,53600,53200,53600,52500,47700,45700,45100,44600,46500,43400,43400,43800,37000,0,0,37000,35880,45900,95000,0,34525,37000,31300,41853,95000,32649,0,32936,45100,31746,0,38247,0,39753,0,36013,36384,0,38915,45100,0,36905,0,36070,38189,39670,41257,41089,44686,41055,47500,39980,38977,53258,31300,3000,-273000,-273000,-273000,323703,779280,19464608,336254,63,0,224,22,126,0,448,44,0,0,0,0,1640,19443,402336,702,10390,14010,244760,2199,323703,779280,19464608,336254,15475008,468856,7239620,1.49,0.00,0.00,655551,357118,12678396,331013,,,,1228800,1228800,1228800,1228800,1228800,1228800,883200,883200,0,,,,,,0,,998839,1001949,0,5032,340,1,494000,4931000,6942000,0,277,4444000,Full,1200000000
1784668983.629196255,24291.83,45900,46700,47500,47100,46700,47100,47900,46700,46700,46900,47300,47700,48200,47700,47700,48400,47700,47700,47300,45700,46500,44200,44600,47800,44600,44200,43000,43400,43400,44200,54000,56300,54000,55600,48200,56700,54800,54000,54400,53600,53200,53600,52900,47700,45700,46300,44900,46500,43000,43400,43800,37000,0,0,37000,35891,47100,95000,0,34525,37000,31300,41892,95000,32649,0,32936,45900,31749,0,38303,0,39800,0,35984,36407,0,38946,46700,0,36894,0,36107,38230,39716,41257,41190,44888,41358,48300,39980,39277,53292,31300,3000,-273000,-273000,-273000,323703,779280,19464608,336254,63,0,224,22,126,0,448,44,0,0,0,0,1640,19443,402336,702,10390,14010,244760,2199,323703,779280,19464608,336254,15475008,464096,7234860,1.49,0.00,0.00,655551,357118,12678396,331013,,,,1113600,1113600,1113600,1113600,1113600,1113600,883200,883200,0,,,,,,0,,998839,1001949,0,5032,340,1,494000,4931000,6942000,0,277,4444000,Full,1200000000
1784668983.929250474,24292.13,45500,45900,46700,47100,46700,45900,45900,46700,46700,45700,45700,47300,47800,47300,46900,47300,47300,47300,46900,44200,44900,44600,44200,47800,44600,43800,42600,43800,43400,44600,53200,55200,54000,54400,48200,55200,54800,51700,52900,53200,53600,53600,52900,48000,45700,44800,44900,46500,43000,43400,43800,37000,0,0,37000,35904,45500,95000,0,34525,37000,31300,41935,95000,32649,0,32936,45100,31760,0,38303,0,39841,0,35984,36419,0,39012,44800,0,36874,0,36098,38264,39758,41190,41291,44652,41223,47900,39879,39612,53224,31300,3000,-273000,-273000,-273000,323706,779280,19464632,336254,63,0,224,22,126,0,448,44,0,0,0,0,1640,19443,402336,702,10390,14010,244760,2199,323706,779280,19464632,336254,15475008,464816,7235592,1.49,0.00,0.00,655551,357118,12678408,331013,,,,1113600,1113600,1113600,1113600,1113600,1113600,883200,883200,0,,,,,,0,,998839,1001949,0,5032,340,1,494000,4932000,6942000,0,277,4444000,Full,1200000000
1784668984.229740682,24292.43,45500,46300,47100,47100,46300,46300,46700,46300,45900,45700,45700,46900,48200,47300,47300,47700,47700,47300,46900,44200,44900,44200,44900,47800,44200,43800,42600,43400,43400,44200,53200,55200,53600,54400,48200,55200,55200,52500,53200,54000,53200,54000,52500,48000,45700,44800,44600,46500,43000,43400,43400,37000,0,0,37000,35939,45500,95000,0,34525,37000,31300,41993,95000,32649,0,32936,45900,31760,0,38338,0,39885,0,36038,36422,0,39048,46300,0,36900,0,36110,38318,39790,41425,41324,44686,41190,48300,39879,39411,53224,31300,3000,-273000,-273000,-273000,323706,779280,19464632,336254,63,0,224,22,126,0,448,44,0,0,0,0,1640,19443,402336,702,10390,14010,244760,2199,323706,779280,19464632,336254,15475008,470748,7241516,1.49,0.00,0.00,655551,357118,12678408,331013,,,,1996800,1996800,1996800,1996800,1996800,1996800,883200,883200,0,,,,,,0,,1000464,1001919,0,5032,340,1,494000,4928000,6942000,0,277,4444000,Full,1200000000
1784668984.515270838,24292.72,45900,46300,47100,47500,47100,46300,45900,46700,46700,46500,46500,48000,48200,48000,48000,48800,48000,48000,48000,44200,45300,44600,44600,47800,44600,44200,42600,43400,43400,44600,53200,55600,54400,54800,48200,55600,55200,52500,53200,54000,53600,54000,52900,48400,46100,44800,44600,46900,43400,43400,43800,37000,0,0,37000,35942,45100,95000,0,34525,37000,31300,42057,95000,32649,0,32936,45100,31752,0,38367,0,39944,0,36002,36463,0,39090,45500,0,36943,0,36133,38352,39834,41459,41324,44854,41156,47900,40148,39344,53191,31300,3000,-273000,-273000,-273000,323706,779280,19464632,336254,63,0,224,22,126,0,448,44,0,0,0,0,1640,19443,402336,702,10390,14010,244760,2199,323706,779280,19464632,336254,15475008,470992,7241760,1.58,0.00,0.00,655551,357118,12678408,331013,,,,998400,998400,998400,998400,998400,998400,883200,883200,0,,,,,,0,,1000464,1001919,0,5032,340,1,494000,4933000,6942000,0,277,4444000,Full,1200000000
1784668985.040267088,24293.24,46300,46700,47900,47500,47100,46700,46700,47100,46700,46900,46500,48400,48600,48800,48400,49200,48400,48800,48400,44900,46100,44600,44900,48600,44600,44600,43000,43800,43800,44600,54000,55600,54000,54800,49000,55600,55600,52900,54000,54400,53600,54000,53600,48000,45700,45500,45300,46900,43800,43800,44200,37000,0,0,37000,35977,45900,95000,0,34525,37000,31300,42153,95000,32649,0,32936,46300,31768,0,38397,0,40029,0,36022,36481,0,39150,46300,0,36892,0,36139,38397,39900,41593,41291,45123,41425,48700,40013,39712,53157,31300,3000,-273000,-273000,-273000,323717,779280,19464784,336255,63,0,224,22,126,0,448,44,0,0,0,0,1640,19443,402336,702,10390,14010,244760,2199,323717,779280,19464784,336255,15475008,467380,7238148,1.58,0.00,0.00,655551,357118,12678484,331013,,,,1113600,1324800,1324800,1324800,1324800,1324800,883200,883200,0,,,,,,0,,1000464,1001919,0,5032,340,1,494000,4933000,6942000,0,277,4444000,Full,1200000000
1784668985.341811463,24293.54,46300,46700,47500,47500,47100,46700,46700,47100,46300,46500,46100,47300,48200,47700,47700,48000,47700,47700,47300,44600,44900,44900,44900,47800,44600,44200,43000,43800,43800,44900,53600,55600,54000,54800,48600,56000,55200,52900,53600,54400,53200,54000,53200,48400,46100,45100,44600,46900,43400,43800,44200,37000,0,0,37000,35993,45900,95000,0,34525,37000,31300,42188,95000,32649,0,32936,45900,31755,0,38449,0,40029,0,36044,36491,0,39197,45500,0,36901,0,36173,38417,39932,41560,41459,45089,41324,48300,40282,39846,52989,31300,3000,-273000,-273000,-273000,323717,779280,19464784,336255,63,0,224,22,126,0,448,44,0,0,0,0,1640,19443,402336,702,10390,14010,244760,2199,323717,779280,19464784,336255,15475008,472280,7243052,1.58,0.00,0.00,655551,357118,12678484,331013,,,,998400,998400,998400,998400,998400,998400,883200,883200,0,,,,,,0,,998347,1001926,0,5032,340,1,494000,4932000,6942000,0,277,4444000,Full,1200000000
1784668985.655797192,24293.86,46700,47500,48300,47500,47900,47900,48700,47900,48300,47700,47700,49200,48600,49200,49600,49600,49600,49200,49600,44900,46100,44600,44900,48200,44600,44200,43000,43400,44200,44600,53600,55200,54000,54800,49000,55600,54800,52100,53200,54000,53600,54000,52900,48400,46100,45900,44900,46500,43800,43800,43800,37000,0,0,37000,36014,47900,95000,0,34525,37000,31300,42227,95000,32649,0,32936,47100,31764,0,38478,0,40094,0,35977,36540,0,39240,49000,0,36892,0,36167,38484,39982,41694,41358,44989,41526,49000,40350,39545,53056,31300,3000,-273000,-273000,-273000,323717,779280,19464784,336255,63,0,224,22,126,0,448,44,0,0,0,0,1640,19443,402336,702,10390,14010,244760,2199,323717,779280,19464784,336255,15475008,468300,7239076,1.58,0.00,0.00,655551,357118,12678484,331013,,,,1113600,1113600,1113600,1113600,1113600,1113600,883200,883200,0,,,,,,0,,998347,1001926,0,5032,340,1,494000,4933000,6942000,0,277,4444000,Full,1200000000
1784668985.950851410,24294.15,46300,46300,47900,47900,47100,46700,46700,47100,46300,46500,46500,47300,48200,47700,47700,48000,48000,47700,47300,44600,45300,44900,44900,48200,44600,44600,43000,44200,43800,44600,53600,55600,54400,54800,48600,56000,55200,52900,53600,54000,53600,54000,53200,48000,46100,45500,44900,46900,43800,43400,44200,37000,0,0,37000,36028,46300,95000,0,34525,37000,31300,42273,95000,32649,0,32936,46300,31757,0,38481,0,40121,0,35996,36531,0,39293,45900,0,36929,0,36181,38510,40034,41761,41459,45123,41425,48300,40215,39378,52788,31300,3000,-273000,-273000,-273000,323717,779280,19464784,336255,63,0,224,22,126,0,448,44,0,0,0,0,1640,19443,402336,702,10390,14010,244760,2199,323717,779280,19464784,336255,15475008,469824,7240600,1.58,0.00,0.00,655551,357118,12678484,331013,,,,1113600,1113600,1113600,1324800,1324800,1324800,883200,883200,0,,,,,,0,,998347,1001926,0,5032,340,1,494000,4929000,6942000,0,277,4444000,Full,1200000000
1784668986.255587712,24294.46,46300,46700,47500,47500,47100,47100,47500,47100,46300,46100,46100,47700,48200,47300,47700,48000,47700,47700,46900,44200,45300,44900,44900,48200,44600,44200,43000,43400,43400,44600,53600,55600,54400,55200,48600,56000,55200,52500,54000,54000,54000,54400,53200,48400,46100,45100,44900,46900,43800,43800,43800,37000,0,0,37000,36046,46300,95000,0,34525,37000,31300,42318,95000,32649,0,32936,45900,31770,0,38510,0,40158,0,36016,36556,0,39326,46300,0,36914,0,36212,38530,40077,41728,41593,45392,41492,48300,40282,39712,52888,31300,3000,-273000,-273000,-273000,323717,779280,19464784,336255,63,0,224,22,126,0,448,44,0,0,0,0,1640,19443,402336,702,10390,14010,244760,2199,323717,779280,19464784,336255,15475008,470420,7241196,1.66,0.00,0.00,655551,357118,12678484,331013,,,,1996800,1996800,1996800,1996800,1996800,1996800,883200,883200,0,,,,,,0,,999240,1001933,0,5032,340,1,494000,4929000,6942000,0,277,4444000,Full,1200000000
1784668986.545198598,24294.75,45900,46700,47500,47900,47100,46700,46300,47500,46700,46900,46900,48400,48600,48400,48400,48800,48800,48400,48000,44900,45700,44900,44900,48200,44900,44200,43000,43800,43800,44900,53600,56000,54400,54800,48600,56000,55600,52500,53600,54000,53600,54400,53200,48000,46100,45100,44900,47300,43400,43800,44200,37000,0,0,37000,36059,45900,95000,0,34525,37000,31300,42343,95000,32649,0,32936,45500,31785,0,38545,0,40188,0,36059,36579,0,39362,45900,0,36911,0,36212,38545,40102,41761,41661,45224,41560,48300,40350,39812,52821,31300,3000,-273000,-273000,-273000,323717,779280,19464784,336255,63,0,224,22,126,0,448,44,0,0,0,0,1640,19443,402336,702,10390,14010,244760,2199,323717,779280,19464784,336255,15475008,466904,7237680,1.66,0.00,0.00,655551,357118,12678484,331013,,,,1113600,1113600,1113600,1113600,1113600,1113600,883200,883200,0,,,,,,0,,999240,1001933,0,5032,340,1,494000,4927000,6942000,0,277,4444000,Full,1200000000
1784668986.857825993,24295.06,45900,46700,47900,47500,47100,46700,47100,46700,46300,46100,46500,47700,48600,47700,47700,48400,47700,47700,47300,44600,45300,44900,44900,48200,44900,44600,43400,43800,44200,44600,53600,56000,54400,54800,48600,55600,55200,52500,53200,54000,53600,54400,53200,48000,46500,45500,44900,46900,43400,43400,43800,37000,0,0,37000,36068,46300,95000,0,34525,37000,31300,42400,95000,32649,0,32936,45500,31776,0,38568,0,40243,0,35990,36606,0,39426,45100,0,36929,0,36234,38591,40145,41795,41761,45224,41593,48300,40450,40013,52854,31300,3000,-273000,-273000,-273000,323717,779280,19464784,336255,63,0,224,22,126,0,448,44,0,0,0,0,1640,19443,402336,702,10390,14010,244760,2199,323717,779280,19464784,336255,15475008,471604,7242384,1.66,0.00,0.00,655551,357118,12678484,331013,,,,787200,787200,787200,787200,787200,787200,883200,883200,0,,,,,,0,,999240,1001933,0,5032,340,1,494000,4932000,6942000,0,266,4446000,Full,1200000000
1784668987.268838493,24295.47,45900,46300,47500,47500,47100,46700,46300,46700,45900,46900,46900,48000,48200,48400,48400,48800,48800,48400,48000,44600,45700,44900,44900,47800,44600,44600,43400,43800,43800,44600,53600,56000,54400,55200,48200,55600,55600,52100,53200,54400,54000,54000,53200,48400,46100,45100,45300,46900,43800,43800,44200,37000,0,0,37000,36110,45900,95000,0,34860,37000,31300,42448,95000,32649,0,33059,45500,31785,0,38598,0,40323,0,36031,36615,0,39461,45500,0,36906,0,36269,38632,40198,41963,41761,45325,41425,48300,40282,40350,52788,31300,3000,-273000,-273000,-273000,323717,779280,19464784,336255,63,0,224,22,126,0,448,44,0,0,0,0,1640,19443,402336,702,10390,14010,244760,2199,323717,779280,19464784,336255,15475008,466372,7237156,1.66,0.00,0.00,655551,357118,12678484,331013,,,,1113600,1113600,1113600,1113600,1113600,1113600,883200,883200,0,,,,,,0,,999247,1001933,0,5032,340,1,494000,4927000,6942000,0,268,4446000,Full,1200000000
1784668987.576304326,24295.78,45900,46300,47100,47500,47100,46300,46300,46700,45900,46100,46100,47300,48200,47300,47700,47700,47700,47300,47300,44200,45300,44900,44900,47800,44600,44600,43400,43800,43800,44900,53600,55600,54400,54800,48600,56000,55600,52100,53200,54000,53600,54400,52900,48400,46500,45500,44900,46900,43800,43800,44200,37000,0,0,37000,36113,45900,95000,0,34860,37000,31300,42523,95000,32649,0,33059,45500,31776,0,38649,0,40323,0,35974,36604,0,39490,45500,0,36881,0,36246,38662,40253,41930,41795,45359,41661,48300,40450,39645,52619,31300,3000,-273000,-273000,-273000,323717,779280,19464784,336255,63,0,224,22,126,0,448,44,0,0,0,0,1640,19443,402336,702,10390,14010,244760,2199,323717,779280,19464784,336255,15475008,467116,7237900,1.66,0.00,0.00,655551,357118,12678484,331013,,,,1785600,1785600,1785600,1785600,1785600,1785600,883200,883200,0,,,,,,0,,999247,1001933,0,5032,340,1,494000,4931000,6942000,0,268,4446000,Full,1200000000
1784668987.859348910,24296.06,45900,46700,47500,47500,47100,46700,46700,47100,46300,46900,47300,48400,48600,48800,48400,49200,48800,48400,48000,44900,46100,44900,44900,48200,44900,44900,43400,43800,43800,44600,53600,55600,54400,55200,48600,56000,55200,52500,53200,54000,53600,54400,53200,48800,46100,45500,45300,47300,43800,43800,44200,37000,0,0,37000,36127,46300,95000,0,34860,37000,31300,42533,95000,32649,0,33059,45500,31798,0,38653,0,40368,0,36031,36643,0,39517,45900,0,36889,0,36240,38713,40248,41627,41761,45359,41593,48700,40450,39779,52788,31300,3000,-273000,-273000,-273000,323717,779280,19464784,336255,63,0,224,22,126,0,448,44,0,0,0,0,1640,19443,402336,702,10390,14010,244760,2199,323717,779280,19464784,336255,15475008,473572,7244356,1.66,0.00,0.00,655551,357118,12678484,331013,,,,998400,998400,998400,998400,998400,998400,883200,883200,0,,,,,,0,,999247,1001933,0,5032,340,1,494000,4932000,6942000,0,268,4446000,Full,1200000000
1784668988.359303961,24296.56,46300,47500,48300,47500,47500,47500,47500,47100,46700,48000,47300,49600,48600,49200,49600,50000,50000,50000,51200,44900,46100,44900,45300,48600,44900,44600,43400,43800,43800,44900,53600,55600,54400,55200,49000,56300,55600,53200,54000,54400,54000,54400,53600,48800,46100,45900,45700,47300,43800,43800,44200,37000,0,0,37000,36154,47100,95000,0,34860,37000,31300,42586,95000,32649,0,33059,45900,31795,0,38662,0,40435,0,36022,36668,0,39582,46700,0,36892,0,36294,38748,40304,41963,41862,45291,41828,48700,40585,39980,52754,31300,3000,-273000,-273000,-273000,323717,779280,19464784,336255,63,0,224,22,126,0,448,44,0,0,0,0,1640,19443,402336,702,10390,14010,244760,2199,323717,779280,19464784,336255,15475008,482592,7253384,1.72,0.00,0.00,655551,357118,12678484,331013,,,,1113600,1113600,1113600,1113600,1113600,1113600,883200,883200,0,,,,,,0,,1000035,1001913,0,5032,340,1,494000,4937000,6942000,0,268,4446000,Full,1200000000
1784668988.665810628,24296.87,46300,46700,47500,47900,47900,46700,46300,47900,47100,46500,46500,47700,48600,47700,48000,48400,48000,48000,47700,44600,45700,44900,44900,48600,44900,44600,43800,43800,44200,44900,54000,56300,54800,55600,49000,56300,56000,53200,54000,54400,53600,54400,53600,48400,46500,45500,45300,47300,43800,43800,44200,37000,0,0,37000,36172,45900,95000,0,34860,37000,31300,42672,95000,32649,0,33059,45900,31795,0,38720,0,40489,0,36016,36659,0,39615,45900,0,36941,0,36291,38774,40334,42333,41828,45392,41862,48700,40450,40350,52653,31300,3000,-273000,-273000,-273000,323778,779280,19465656,336270,63,0,224,22,126,0,448,44,0,0,0,0,1640,19443,402336,702,10390,14010,244760,2199,323778,779280,19465656,336270,15475008,481948,7252752,1.72,0.00,0.00,655551,357118,12678920,331013,,,,1228800,1228800,1228800,1228800,1228800,1228800,883200,883200,0,,,,,,0,,1000035,1001913,0,5032,340,1,494000,4936000,6942000,0,268,4446000,Full,1200000000
1784668988.965914743,24297.17,47500,48200,48700,48300,48300,48300,49000,48700,48700,46900,46500,48000,49000,48000,48400,48800,48000,48000,47700,45300,46100,44900,45300,49400,45300,44900,43400,43800,44200,44900,54400,56300,54800,55200,49800,56300,55600,53200,54400,54800,53600,54400,53600,48800,46100,47100,45300,47300,43800,43800,44600,37000,0,0,37000,36185,49000,95000,0,34860,37000,31300,42690,95000,32649,0,33059,47500,31788,0,38739,0,40508,0,36035,36693,0,39660,48700,0,36941,0,36303,38842,40387,42165,41997,45594,42131,49400,40753,40383,52552,31300,3000,-273000,-273000,-273000,323778,779280,19465656,336270,63,0,224,22,126,0,448,44,0,0,0,0,1640,19443,402336,702,10390,14010,244760,2199,323778,779280,19465656,336270,15475008,494556,7265360,1.72,0.00,0.00,655551,357118,12678920,331013,,,,1324800,1324800,1324800,1324800,1324800,1324800,2438400,2438400,0,,,,,,0,,1000035,1001913,0,5032,340,1,494000,4933000,6942000,0,268,4446000,Full,1200000000
1784668989.261259899,24297.46,46700,46700,47900,47900,47500,47100,46700,47500,46700,48000,47700,49200,49000,49600,49200,50000,49600,49200,49200,46100,46900,45300,45300,48600,44900,44900,43400,44200,44200,45300,54400,56300,54800,55600,49400,56300,56000,53600,54400,54800,54000,54400,53600,48400,46500,45500,45300,47300,43800,44200,44200,37000,0,0,37000,36198,46700,95000,0,34860,37000,31300,42722,95000,32649,0,33059,46300,31795,0,38762,0,40526,0,36002,36736,0,39699,45900,0,36897,0,36315,38849,40413,42097,41997,45459,41862,48700,40652,40249,52552,31300,3000,-273000,-273000,-273000,323778,779280,19465656,336270,63,0,224,22,126,0,448,44,0,0,0,0,1640,19443,402336,702,10390,14010,244760,2199,323778,779280,19465656,336270,15475008,491640,7262444,1.72,0.00,0.00,655551,357118,12678920,331013,,,,998400,998400,998400,1113600,1113600,1113600,883200,883200,0,,,,,,0,,995949,1001953,0,5032,340,1,494000,4928000,6942000,0,268,4446000,Full,1200000000
1784668989.571378805,24297.77,46300,46300,47500,47900,47500,46700,46700,47100,46700,46900,46500,47700,48600,47700,48000,48400,48000,48000,47700,44600,45700,45300,44900,48600,45300,44600,43800,44200,44200,44900,54400,56000,54800,55600,49000,56300,56000,53200,54000,54800,54000,54400,53600,48800,46500,45900,44900,47300,44200,43800,44200,37000,0,0,37000,36222,46300,95000,0,34860,37000,31300,42743,95000,32649,0,33059,45900,31819,0,38806,0,40593,0,36022,36718,0,39728,45500,0,36917,0,36354,38880,40451,42266,41930,45795,41728,48300,40518,40249,52552,31300,3000,-273000,-273000,-273000,323778,779280,19465656,336270,63,0,224,22,126,0,448,44,0,0,0,0,1640,19443,402336,702,10390,14010,244760,2199,323778,779280,19465656,336270,15475008,485672,7256476,1.72,0.00,0.00,655551,357118,12678920,331013,,,,998400,998400,998400,998400,1113600,1113600,883200,883200,0,,,,,,0,,995949,1001953,0,5032,340,1,494000,4932000,6942000,0,268,4446000,Full,1200000000
1784668989.883730680,24298.09,46700,47100,48300,47900,47500,47100,47100,47100,46700,48000,47700,49600,49000,49200,50000,50000,49600,49600,49200,45300,46100,45300,45700,48600,45300,44900,43800,44200,44200,45300,54400,56700,55200,55600,49400,56700,56300,53600,54400,55200,54400,54800,53600,49200,46500,46300,45300,47300,44200,44200,44600,37000,0,0,37000,36236,47100,95000,0,34860,37000,31300,42822,95000,32649,0,33059,45900,31806,0,38794,0,40623,0,36082,36755,0,39765,45900,0,36941,0,36343,38895,40493,41896,41930,45728,41761,49000,40753,40081,52653,31300,3000,-273000,-273000,-273000,323780,779280,19465736,336271,63,0,224,22,126,0,448,44,0,0,0,0,1640,19443,402336,702,10390,14010,244760,2199,323780,779280,19465736,336271,15475008,485948,7256764,1.72,0.00,0.00,655551,357118,12678960,331013,,,,998400,998400,998400,998400,998400,998400,883200,883200,0,,,,,,0,,995949,1001953,0,5032,340,1,494000,4932000,6942000,0,268,4446000,Full,1200000000
1784668990.190907346,24298.39,46700,46700,47900,47900,47100,47100,47100,47100,47100,46900,46900,48000,49000,48000,48400,49200,48400,48000,47700,45700,46100,45300,45300,48600,45300,44900,43800,44200,44200,44900,54800,56300,54800,56000,49000,57100,56000,53600,54400,55200,54000,55200,54000,48800,46500,45500,45300,47300,44200,44200,44600,37000,0,0,37000,36249,46700,95000,0,34860,37000,31300,42847,95000,32649,0,33059,45900,31822,0,38826,0,40653,0,36070,36758,0,39795,45500,0,36937,0,36387,38952,40529,42266,42030,45963,41896,48700,40652,40585,52350,31300,3000,-273000,-273000,-273000,323780,779280,19465736,336271,63,0,224,22,126,0,448,44,0,0,0,0,1640,19443,402336,702,10390,14010,244760,2199,323780,779280,19465736,336271,15475008,489636,7260452,1.72,0.00,0.00,655551,357118,12678960,331013,,,,998400,998400,998400,998400,998400,998400,883200,883200,0,,,,,,0,,999598,1001934,0,5032,340,1,494000,4933000,6942000,0,268,4446000,Full,1200000000
1784668990.500725419,24298.70,46700,47100,47900,47900,47100,47500,47100,47500,46700,47300,47300,48400,49000,48800,48800,49600,48800,48400,48400,45300,46100,45300,45300,48600,45300,44900,43800,44600,44200,45300,54800,56300,54800,56000,49000,56300,56000,52500,54000,54400,54000,54800,53600,48800,46500,45900,45300,47300,44200,44200,44200,37000,0,0,37000,36263,46700,95000,0,34860,37000,31300,42881,95000,32649,0,33059,46300,31812,0,38855,0,40662,0,36070,36780,0,39828,45900,0,36912,0,36362,38966,40564,42266,42131,45762,41963,48700,40854,39846,52519,31300,3000,-273000,-273000,-273000,323780,779280,19465736,336271,63,0,224,22,126,0,448,44,0,0,0,0,1640,19443,402336,702,10390,14010,244760,2199,323780,779280,19465736,336271,15475008,491632,7262448,1.77,0.00,0.00,655551,357118,12678960,331013,,,,1228800,1228800,1228800,1228800,1228800,1228800,883200,883200,0,,,,,,0,,999598,1001934,0,5032,340,1,494000,4935000,6942000,0,268,4446000,Full,1200000000
1784668990.799100783,24299.00,46300,47100,47900,47900,47500,46700,46700,47100,46300,46500,46500,48000,49000,48000,48400,48800,48000,48000,48000,45300,46100,45300,45300,48200,44900,44900,43800,44600,44600,44900,54400,56000,55200,56000,49000,56700,56300,53600,54400,54800,54000,54800,53600,48800,46900,45900,45700,47700,43800,44200,44200,37000,0,0,37000,36281,46700,95000,0,34860,37000,31300,42881,95000,32649,0,33059,45900,31825,0,38889,0,40700,0,36028,36802,0,39868,46300,0,36970,0,36404,39000,40615,42635,42198,45863,41795,48700,40685,40652,52350,31300,3000,-273000,-273000,-273000,323780,779280,19465736,336271,63,0,224,22,126,0,448,44,0,0,0,0,1640,19443,402336,702,10390,14010,244760,2199,323780,779280,19465736,336271,15475008,488104,7258916,1.77,0.00,0.00,655551,357118,12678960,331013,,,,998400,998400,998400,998400,998400,998400,883200,883200,0,,,,,,0,,999598,1001934,0,5032,340,1,494000,4929000,6942000,0,268,4446000,Full,1200000000
1784668991.110293960,24299.31,46700,47100,48300,47900,47900,47500,47900,47500,47500,48000,47700,49200,49000,49600,49600,49600,49600,49600,49200,45300,46500,45300,45300,48600,45300,44900,43800,44200,44200,44900,54800,57100,55200,56300,49400,57100,56300,54000,54800,55200,54400,55200,54000,48800,46500,45900,45300,47700,44200,44200,44200,37000,0,0,37000,36294,47100,95000,0,34860,37000,31300,42919,95000,32649,0,33059,46300,31822,0,38893,0,40770,0,36025,36830,0,39906,47500,0,36924,0,36407,39020,40634,42333,42232,45896,41828,49400,40685,40282,52182,31300,3000,-273000,-273000,-273000,323780,779280,19465736,336271,63,0,224,22,126,0,448,44,0,0,0,0,1640,19443,402336,702,10390,14010,244760,2199,323780,779280,19465736,336271,15475008,495348,7266168,1.77,0.00,0.00,655551,357118,12678960,331013,,,,1113600,1113600,1113600,1113600,1113600,1113600,883200,883200,0,,,,,,0,,998859,1001929,0,5032,340,1,494000,4924000,6942000,0,268,4446000,Full,1200000000
1784668991.633534377,24299.83,46700,47100,48300,47900,47500,47100,47100,47500,46700,46900,46900,48000,49400,48000,48000,48800,48400,48400,47700,44900,46100,45700,45700,49000,45300,44900,43800,44600,44600,45300,54800,56700,55200,55200,49400,56700,56000,53200,54000,54800,54400,54800,54000,48800,46900,46300,45700,47700,44200,44200,44600,37000,0,0,37000,36318,46700,95000,0,34860,37000,31300,43003,95000,32649,0,33059,46300,31827,0,38933,0,40830,0,36007,36824,0,39974,45900,0,36921,0,36410,39072,40684,42467,42198,46098,42064,48700,40820,40619,52149,31300,3000,-273000,-273000,-273000,323780,779280,19465736,336271,63,0,224,22,126,0,448,44,0,0,0,0,1640,19443,402336,702,10390,14010,244760,2199,323780,779280,19465736,336271,15475008,493360,7264180,1.77,0.00,0.00,655551,357118,12678960,331013,,,,998400,998400,998400,998400,998400,998400,883200,883200,0,,,,,,0,,998859,1001929,0,5032,340,1,494000,4929000,6942000,0,268,4446000,Full,1200000000
1784668991.934663439,24300.14,46700,47100,48300,47900,47900,47900,47900,47500,47100,48000,47700,49200,49000,49600,49600,50000,49200,49200,48400,45700,46500,45700,45700,49000,45300,44600,43400,44600,44900,45300,54800,56700,55200,56000,49400,57100,56300,53600,54800,55600,54800,55200,54000,49200,46900,45900,45300,47700,44200,44200,44600,37000,0,0,37000,36337,46700,95000,0,35046,37000,31300,43006,95000,32649,0,33278,45900,31836,0,38972,0,40830,0,36016,36872,0,39981,46300,0,36920,0,36428,39120,40715,42299,42333,45963,41963,49000,40753,40585,52317,31300,3000,-273000,-273000,-273000,323780,779280,19465736,336271,63,0,224,22,126,0,448,44,0,0,0,0,1640,19443,402336,702,10390,14010,244760,2199,323780,779280,19465736,336271,15475008,492532,7263352,1.77,0.00,0.00,655551,357118,12678960,331013,,,,1113600,1113600,1113600,1113600,1113600,1113600,883200,883200,0,,,,,,0,,998859,1001929,0,5032,340,1,494000,4928000,6942000,0,268,4446000,Full,1200000000
1784668992.236669950,24300.44,47800,48600,49400,48700,48300,49000,49400,48700,48700,47300,47300,48400,49400,48800,48800,49600,49200,48400,48000,45300,46900,45300,45300,49400,45300,44900,43800,44600,44600,45300,55200,57100,54800,56700,49800,57900,56300,54400,55600,55200,54400,54800,54400,49200,46900,47100,45700,47300,44200,44200,44900,37000,0,0,37000,36358,48300,95000,0,35046,37000,31400,43064,95000,32649,0,33278,47100,31846,0,38982,0,40874,0,36059,36883,0,40021,47900,0,36917,0,36456,39136,40745,42635,42198,46064,42131,49800,40921,40585,52115,31400,3000,-273000,-273000,-273000,323780,779280,19465736,336271,63,0,224,22,126,0,448,44,0,0,0,0,1640,19443,402336,702,10390,14010,244760,2199,323780,779280,19465736,336271,15475008,486700,7257520,1.77,0.00,0.00,655551,357118,12678960,331013,,,,1228800,1228800,1228800,1228800,1228800,1228800,883200,883200,0,,,,,,0,,1000601,1001918,0,5032,340,1,494000,4924000,6940000,0,301,4442000,Full,1200000000
1784668992.515817293,24300.72,47500,47800,48700,48700,48300,47900,47900,48300,47500,47700,47300,48800,49400,49200,49600,50000,49600,49200,48400,45700,46500,45300,45300,49400,45300,44900,43800,44600,44600,45300,54800,56300,55200,56000,49400,56700,56300,53600,54400,55200,54800,55200,54400,49200,46900,47100,45300,47700,44200,44600,44900,37000,0,0,37000,36374,47500,95000,0,35046,37000,31400,43097,95000,32649,0,33278,47100,31839,0,38993,0,40896,0,36041,36866,0,40055,47100,0,36978,0,36484,39162,40757,42333,42366,46064,42299,49400,41089,40585,52182,31400,3000,-273000,-273000,-273000,323780,779280,19465736,336271,63,0,224,22,126,0,448,44,0,0,0,0,1640,19443,402336,702,10390,14010,244760,2199,323780,779280,19465736,336271,15475008,485396,7256240,1.81,0.00,0.00,655551,357118,12678960,331013,,,,1324800,1324800,1324800,1324800,1324800,1324800,883200,883200,0,,,,,,0,,1000601,1001918,0,5032,340,1,494000,4933000,6940000,0,301,4442000,Full,1200000000
1784668992.826434012,24301.03,46700,47100,48300,48300,47500,47500,47100,47500,47100,47700,47300,48400,49400,48800,48800,49600,48800,48800,48000,45700,46500,45300,45700,48600,45700,44900,43800,44600,44900,45700,54400,56300,55200,55600,49400,56700,56300,52900,54000,54800,54800,55200,54000,49200,46900,46300,45700,47700,44600,44600,44900,37000,0,0,37000,36379,47100,95000,0,35046,37000,31400,43155,95000,32649,0,33278,45900,31833,0,39053,0,40934,0,36013,36875,0,40077,46300,0,36933,0,36503,39177,40824,42635,42366,46198,42097,49000,40954,40484,52115,31400,3000,-273000,-273000,-273000,323780,779280,19465736,336271,63,0,224,22,126,0,448,44,0,0,0,0,1640,19443,402336,702,10390,14010,244760,2199,323780,779280,19465736,336271,15475008,486936,7257788,1.81,0.00,0.00,655551,357118,12678960,331013,,,,1113600,1113600,1113600,1113600,1113600,1113600,883200,883200,0,,,,,,0,,1000601,1001918,0,5032,340,1,494000,4923000,6940000,0,301,4442000,Full,1200000000
1784668993.114364689,24301.32,47100,47500,48700,48300,47900,47500,48300,48300,47900,47300,46500,48400,49000,48400,48400,48800,48400,48400,48000,44900,46100,45700,45700,49000,45300,45300,43800,44600,44900,45300,55200,57100,55600,56300,49400,57500,56700,54000,55200,55200,54400,55200,54000,49200,46900,46700,45700,47700,44600,44600,44900,37000,0,0,37000,36395,47500,95000,0,35046,37000,31400,43191,95000,32649,0,33278,47100,31830,0,39053,0,40943,0,36041,36905,0,40132,46700,0,36966,0,36494,39200,40833,42501,42400,46064,42266,49000,41089,40954,52115,31400,3000,-273000,-273000,-273000,323780,779280,19465736,336271,63,0,224,22,126,0,448,44,0,0,0,0,1640,19443,402336,702,10390,14010,244760,2199,323780,779280,19465736,336271,15475008,489552,7260404,1.81,0.00,0.00,655551,357118,12678960,331013,,,,998400,998400,998400,998400,998400,998400,2438400,2438400,0,,,,,,0,,1000601,1001918,0,5032,340,1,494000,4929000,6940000,0,301,4442000,Full,1200000000
1784668993.411223335,24301.61,46700,47100,48300,48300,47500,47500,47100,47500,47100,48000,47700,49200,49400,49600,49200,50000,49200,49200,48800,45700,46500,45300,45300,49000,45700,44900,43800,44200,44600,45700,54800,56700,55600,56000,49400,56700,56300,53600,54400,55200,54800,55200,54000,49200,46900,46300,45700,47700,44600,44600,44900,37000,0,0,37000,36405,47100,95000,0,35046,37000,31400,43175,95000,32649,0,33278,46700,31836,0,39086,0,40987,0,36002,36928,0,40145,46300,0,36933,0,36497,39263,40863,42602,42400,46031,42333,49000,40888,40417,52182,31400,3000,-273000,-273000,-273000,323780,779280,19465736,336271,63,0,224,22,126,0,448,44,0,0,0,0,1640,19443,402336,702,10390,14010,244760,2199,323780,779280,19465736,336271,15475008,487052,7257904,1.81,0.00,0.00,655551,357118,12678960,331013,,,,998400,998400,998400,998400,998400,998400,883200,883200,0,,,,,,0,,998968,1001942,0,5032,340,1,494000,4929000,6940000,0,301,4442000,Full,1200000000
1784668993.723672449,24301.93,46700,46700,47900,48300,47500,47100,47100,47500,46700,46900,46500,48000,49000,48000,48000,48800,48400,48000,48000,44900,46100,46100,45700,48600,45700,44900,43800,44600,44600,45300,54400,56700,55200,56300,49400,56700,56300,53600,54800,55600,54800,55200,54000,48800,46900,45900,45700,47700,44200,44600,44600,37000,0,0,37000,36429,46700,95000,0,35046,37000,31400,43244,95000,32649,0,33278,46300,31852,0,39136,0,41027,0,35984,36963,0,40163,46300,0,36951,0,36537,39260,40887,42635,42501,46198,42198,49000,40921,40652,52115,31400,3000,-273000,-273000,-273000,323780,779280,19465736,336271,63,0,224,22,126,0,448,44,0,0,0,0,1640,19443,402336,702,10390,14010,244760,2199,323780,779280,19465736,336271,15475008,482296,7253140,1.81,0.00,0.00,655551,357118,12678960,331013,,,,1324800,1324800,1324800,1324800,1324800,1324800,883200,883200,0,,,,,,0,,998968,1001942,0,5032,340,1,494000,4932000,6940000,0,301,4442000,Full,1200000000
1784668994.019274116,24302.22,46300,47100,48300,47900,47900,47500,47500,47900,46700,48000,47700,48800,49000,49200,49200,49600,49200,49200,48800,45700,46900,45700,45700,48600,45300,44900,43800,44600,44900,45700,54800,56700,55200,56000,49400,56700,56300,53200,54000,55200,54800,55200,54400,49200,46900,46300,45700,48000,44200,44600,44900,37000,0,0,37000,36432,47100,95000,0,35046,37000,31400,43269,95000,32649,0,33278,46700,31842,0,39150,0,41021,0,36007,36963,0,40176,45900,0,36941,0,36547,39269,40910,42568,42467,46132,42198,49000,41022,40753,52149,31400,3000,-273000,-273000,-273000,323780,779280,19465736,336271,63,0,224,22,126,0,448,44,0,0,0,0,1640,19443,402336,702,10390,14010,244760,2199,323780,779280,19465736,336271,15475008,482824,7253668,1.81,0.00,0.00,655551,357118,12678960,331013,,,,998400,998400,998400,998400,998400,998400,883200,883200,0,,,,,,0,,998968,1001942,0,5032,340,1,494000,4935000,6940000,0,301,4442000,Full,1200000000
1784668994.329840990,24302.53,46700,47100,48300,48300,47900,47500,47500,47500,46700,47300,46900,48400,49400,48400,48000,49200,48400,48400,48000,45300,46100,45300,45300,49000,45300,45300,44200,44600,44600,45300,54800,56700,55200,56300,49000,56700,56300,54000,54400,55200,54800,55200,54000,49200,46900,46300,45700,47700,44600,44600,44600,37000,0,0,37000,36448,46700,95000,0,35046,37000,31400,43302,95000,32649,0,33278,46300,31839,0,39177,0,41074,0,36025,36980,0,40206,45900,0,36970,0,36579,39299,40935,42736,42400,46568,41963,49000,40921,40787,52081,31400,3000,-273000,-273000,-273000,323780,779280,19465736,336271,63,0,224,22,126,0,448,44,0,0,0,0,1640,19443,402336,702,10390,14010,244760,2199,323780,779280,19465736,336271,15475008,484940,7255784,1.84,0.00,0.00,655551,357118,12678960,331013,,,,1996800,1996800,1996800,1996800,1996800,1996800,2438400,2438400,0,,,,,,0,,1000491,1001925,0,5032,350,1,494000,4935000,6940000,0,301,4442000,Full,1200000000
1784668994.809681772,24303.01,47100,47500,48700,48700,48300,47900,47900,48300,47900,47700,47700,48400,49400,49200,49200,50000,49200,48800,48800,46100,46900,45700,46100,49400,45300,45300,44200,44900,44600,45700,55200,57500,55600,56700,49800,57500,57100,54400,55200,55600,54800,55600,54400,49200,47300,46700,45700,47700,44600,44900,44900,37000,0,0,37000,36472,47100,95000,0,35046,37000,31400,43349,95000,32649,0,33278,46700,31852,0,39183,0,41123,0,36019,37000,0,40267,46300,0,36970,0,36579,39371,40980,42635,42669,46333,42131,49000,41055,40921,51981,31400,3000,-273000,-273000,-273000,323780,779280,19465736,336271,63,0,224,22,126,0,448,44,0,0,0,0,1640,19443,402336,702,10390,14010,244760,2199,323780,779280,19465736,336271,15475008,481416,7252268,1.84,0.00,0.00,655551,357118,12678960,331013,,,,1113600,1113600,1113600,1113600,1113600,1113600,883200,883200,0,,,,,,0,,1000491,1001925,0,5032,350,1,494000,4931000,6940000,0,301,4442000,Full,1200000000
1784668995.117815782,24303.32,47100,47500,48700,48300,48300,47900,47900,47900,47100,47300,47300,48400,49400,48400,48800,48800,48800,48800,48400,45700,46500,45700,45700,49000,45700,45300,43800,44600,44900,45300,55200,57100,55600,56300,49400,57500,56700,54000,55200,55600,54800,55200,54000,49200,47300,46300,46100,48000,44600,44600,44900,37000,0,0,37000,36485,47100,95000,0,35046,37000,31400,43388,95000,32649,0,33278,46300,31860,0,39213,0,41151,0,36002,36996,0,40304,46700,0,36944,0,36587,39386,41008,42736,42501,46299,42198,49400,41257,40787,52014,31400,3000,-273000,-273000,-273000,323792,779280,19465904,336273,63,0,224,22,126,0,448,44,0,0,0,0,1640,19443,402336,702,10390,14010,244760,2199,323792,779280,19465904,336273,15475008,474576,7245432,1.84,0.00,0.00,655551,357118,12679044,331013,,,,1555200,1555200,1555200,1555200,1555200,1555200,883200,883200,0,,,,,,0,,1000491,1001925,0,5032,350,1,494000,4933000,6940000,0,301,4442000,Full,1200000000
1784668995.396024792,24303.60,48200,48600,49000,49000,49000,48300,48300,49400,49400,48000,48000,49200,49800,49600,49600,50000,49600,49600,49200,46100,47300,46100,45700,49400,45700,45300,44600,44600,44900,45700,55200,57100,56000,56300,50200,57100,56700,54400,55200,55600,55200,56000,54400,49600,47300,47100,46100,48000,44600,44600,44900,37000,0,0,37000,36500,48300,95000,0,35046,37000,31400,43414,95000,32649,0,33278,47500,31869,0,39233,0,41171,0,35974,37044,0,40312,47500,0,36960,0,36596,39392,41025,42736,42669,46434,42434,49800,41190,40854,52149,31400,3000,-273000,-273000,-273000,323792,779280,19465904,336273,63,0,224,22,126,0,448,44,0,0,0,0,1640,19443,402336,702,10390,14010,244760,2199,323792,779280,19465904,336273,15475008,488104,7258964,1.84,0.00,0.00,655551,357118,12679044,331013,,,,1996800,1996800,1996800,1996800,1996800,1996800,883200,883200,0,,,,,,0,,998530,1001954,0,5032,350,1,494000,4935000,6940000,0,301,4442000,Full,1200000000
1784668995.670076094,24303.87,47500,47800,48700,48700,48700,47900,47900,48700,47500,48000,48000,48800,50200,49600,49200,49600,49200,49200,48400,46500,47700,46100,46100,49400,45700,45300,44600,44600,44900,45700,54800,57100,55600,56300,50200,57100,56700,54000,54800,56000,55200,56000,54800,49600,47300,46700,46100,48000,44900,44600,45300,37000,0,0,37000,36503,47500,95000,0,35046,37000,31400,43479,95000,32649,0,33278,46700,31866,0,39243,0,41186,0,36041,37064,0,40331,47100,0,36953,0,36609,39421,41074,42770,42736,46333,42030,49800,41190,40719,51913,31400,3000,-273000,-273000,-273000,323792,779280,19465904,336273,63,0,224,22,126,0,448,44,0,0,0,0,1640,19443,402336,702,10390,14010,244760,2199,323792,779280,19465904,336273,15475008,481148,7252000,1.84,0.00,0.00,655551,357118,12679044,331013,,,,1228800,1228800,1228800,1228800,1228800,1228800,883200,883200,0,,,,,,0,,998530,1001954,0,5032,350,1,494000,4931000,6940000,0,301,4442000,Full,1200000000
1784668995.980109531,24304.18,47500,47800,49000,48700,48300,48300,47900,48300,47500,48400,48400,50000,49800,50000,50000,50400,50000,50000,49600,46100,47300,45700,45700,49400,45700,45300,44200,44600,44900,46100,55200,57500,56000,56700,50200,57900,57100,54400,55600,56000,55600,56000,54800,49600,47300,46700,46100,48000,44200,44600,44900,37000,0,0,37000,36537,47100,95000,0,35046,37000,31400,43479,95000,32649,0,33278,47100,31882,0,39263,0,41245,0,36010,37037,0,40365,47100,0,36933,0,36615,39442,41081,42635,42770,46602,42467,49800,41324,40988,51981,31400,3000,-273000,-273000,-273000,323792,779280,19465904,336273,63,0,224,22,126,0,448,44,0,0,0,0,1640,19443,402336,702,10390,14010,244760,2199,323792,779280,19465904,336273,15475008,484628,7255480,1.84,0.00,0.00,655551,357118,12679044,331013,,,,998400,998400,998400,998400,998400,998400,883200,883200,0,,,,,,0,,998530,1001954,0,5032,350,1,494000,4932000,6940000,0,301,4442000,Full,1200000000
1784668996.296719896,24304.50,47100,47500,48700,48700,47900,47500,47500,48300,48300,47700,47300,48400,49400,48400,48800,49200,48800,48800,48400,45300,46500,46100,46100,49400,45700,45300,44200,44900,44900,45700,55600,57500,56000,56700,49800,57900,56700,54400,55200,56000,55200,55600,54800,49600,47300,46300,46100,48000,44200,44900,45300,37000,0,0,37000,36540,47500,95000,0,35046,37000,31400,43499,95000,32649,0,33278,46700,31884,0,39263,0,41255,0,36050,37079,0,40410,47100,0,36992,0,36634,39481,41105,42971,42568,46602,42467,49400,41123,41123,51812,31400,3000,-273000,-273000,-273000,323792,779280,19465904,336273,63,0,224,22,126,0,448,44,0,0,0,0,1640,19443,402336,702,10390,14010,244760,2199,323792,779280,19465904,336273,15475008,487268,7258120,1.87,0.00,0.00,655551,357118,12679044,331013,,,,1113600,1113600,1113600,1113600,1113600,1113600,883200,883200,0,,,,,,0,,1000589,1001912,0,5032,350,1,494000,4929000,6940000,0,301,4442000,Full,1200000000
1784668996.603133594,24304.80,47100,47500,49000,48700,48300,47900,47900,48300,47500,49200,48400,50400,49800,50400,50800,50800,50800,51200,51900,45700,46900,46100,46100,49400,45700,45300,44200,44900,44900,45700,56700,58300,55600,57900,50200,58700,56700,55600,56700,56000,55200,55600,54400,49600,46900,46700,45700,48000,44600,44900,44900,37000,0,0,37000,36553,47100,95000,0,35046,37000,31400,43521,95000,32649,0,33278,47100,31890,0,39302,0,41299,0,36035,37099,0,40437,47100,0,36958,0,36652,39504,41145,42703,42804,46804,42535,49800,41257,41089,51981,31400,3000,-273000,-273000,-273000,323792,779280,19465904,336273,63,0,224,22,126,0,448,44,0,0,0,0,1640,19443,402336,702,10390,14010,244760,2199,323792,779280,19465904,336273,15475008,482948,7253808,1.87,0.00,0.00,655551,357118,12679044,331013,,,,998400,998400,998400,998400,998400,998400,883200,883200,0,,,,,,0,,1000589,1001912,0,5032,350,1,494000,4928000,6940000,0,301,4442000,Full,1200000000
1784668996.914548958,24305.12,47100,47500,48700,48700,48300,47900,47500,47900,47500,47300,47700,48400,49800,48800,48800,49200,49200,49200,48400,45300,46500,46100,46100,49400,46100,45300,43800,44900,44900,45700,54800,57500,56000,56300,50200,57500,56700,54000,55200,55600,55200,55600,54800,49600,47300,46300,46100,48000,44600,44600,44900,37000,0,0,37000,36567,47100,95000,0,35046,37000,31400,43585,95000,32649,0,33278,46700,31887,0,39312,0,41317,0,36028,37108,0,40460,46700,0,36968,0,36668,39504,41164,42904,42703,46568,42535,49400,41223,40888,51880,31400,3000,-273000,-273000,-273000,323792,779280,19465904,336273,63,0,224,22,126,0,448,44,0,0,0,0,1640,19443,402336,702,10390,14010,244760,2199,323792,779280,19465904,336273,15475008,485600,7256460,1.87,0.00,0.00,655551,357118,12679044,331013,,,,998400,998400,998400,998400,998400,998400,883200,883200,0,,,,,,0,,1000589,1001912,0,5032,350,1,494000,4929000,6940000,0,301,4442000,Full,1200000000
1784668997.230286927,24305.43,47500,47500,48700,49000,48300,47900,47500,48300,48300,47300,47300,48000,49400,48400,48400,49200,48800,48400,48000,45300,46500,46100,45700,49400,45700,45300,44200,44600,44900,45700,55200,57100,56000,56300,49800,57500,56700,54000,55200,56000,54800,55600,54800,49200,47300,46700,46100,48000,44600,44600,44900,37000,0,0,37000,36583,47100,95000,0,35239,37000,31400,43617,95000,32798,0,33547,47100,31893,0,39353,0,41351,0,36067,37125,0,40484,47500,0,36935,0,36699,39540,41206,42837,42669,46568,42434,49400,41190,40954,51779,31400,3000,-273000,-273000,-273000,323792,779280,19465904,336273,63,0,224,22,126,0,448,44,0,0,0,0,1640,19443,402336,702,10390,14010,244760,2199,323792,779280,19465904,336273,15475008,480468,7251328,1.87,0.00,0.00,655551,357118,12679044,331013,,,,1996800,1996800,1996800,1996800,1996800,1996800,883200,883200,0,,,,,,0,,1000194,1001914,0,5032,350,1,494000,4933000,6940000,0,279,4443000,Full,1200000000
1784668997.543913125,24305.75,47500,47800,49000,49000,48300,48300,48300,48300,47500,48000,48000,49600,49800,50000,49600,50000,49600,50000,49600,46100,46900,46100,46100,49400,45700,45700,44600,44900,44900,46100,56000,57900,56300,57100,49800,57900,57500,54400,55600,56000,55200,56000,54800,49600,47300,46300,46100,48000,44600,44900,44900,37000,0,0,37000,36593,47100,95000,0,35239,37000,31400,43624,95000,32798,0,33547,46700,31890,0,39389,0,41369,0,36041,37150,0,40519,46700,0,36960,0,36724,39573,41240,43274,42770,46737,42434,49400,41324,40518,51712,31400,3000,-273000,-273000,-273000,323792,779280,19465904,336273,63,0,224,22,126,0,448,44,0,0,0,0,1640,19443,402336,702,10390,14010,244760,2199,323792,779280,19465904,336273,15475008,482768,7253628,1.87,0.00,0.00,655551,357121,12679044,331016,,,,1228800,1228800,1228800,1228800,1228800,1228800,883200,883200,0,,,,,,0,,1000194,1001914,279,4931,350,1,494000,4931000,6940000,0,287,4443000,Full,1200000000
1784668998.057604791,24306.26,48200,48200,49400,49400,48700,48700,48300,49400,49000,48000,48000,49200,49800,49600,50000,50000,50000,49600,49600,46100,47300,46100,46100,49800,45700,45700,44200,44900,44900,45700,55600,57900,56300,57100,50200,57900,57500,54800,55600,56300,55600,56000,54800,49600,47300,47500,46500,48400,44600,44900,45300,37000,0,0,37000,36611,47900,95000,0,35239,37000,31400,43636,95000,32798,0,33547,47900,31890,0,39428,0,41413,0,36073,37156,0,40556,47100,0,36948,0,36740,39629,41268,42870,42804,46804,42635,50200,41492,40685,51812,31400,3000,-273000,-273000,-273000,323792,779280,19465904,336273,63,0,224,22,126,0,448,44,0,0,0,0,1640,19443,402336,702,10390,14010,244760,2199,323792,779280,19465904,336273,15475008,487324,7258180,1.87,0.00,0.00,655551,357121,12679044,331016,,,,1113600,1324800,1324800,1324800,1324800,1324800,883200,883200,0,,,,,,0,,1000194,1001914,279,4931,350,1,494000,4931000,6940000,0,287,4443000,Full,1200000000
1784668998.357561249,24306.56,47800,48200,48700,49000,49000,48700,48300,49000,48700,47300,47700,48400,49800,48800,48800,49200,49200,48800,48400,45700,46900,46100,46500,49800,46100,45700,44600,44900,44900,46100,55200,57500,56000,57100,50200,57500,57100,53600,54800,55600,55600,56000,54800,49600,47700,47100,46500,48400,44600,44900,44900,37000,0,0,37000,36634,48300,95000,0,35239,37000,31400,43707,95000,32798,0,33547,47100,31917,0,39412,0,41434,0,36053,37183,0,40573,47100,0,36973,0,36740,39632,41302,43207,42770,46905,42703,49800,41392,41022,51611,31400,3000,-273000,-273000,-273000,323792,779280,19465904,336273,63,0,224,22,126,0,448,44,0,0,0,0,1640,19443,402336,702,10390,14010,244760,2199,323792,779280,19465904,336273,15475008,483780,7254640,1.89,0.00,0.00,655551,357121,12679044,331016,,,,787200,787200,787200,787200,787200,787200,883200,883200,0,,,,,,0,,999192,1001931,279,4931,350,1,494000,4932000,6940000,0,287,4443000,Full,1200000000
1784668998.663405260,24306.86,48200,49000,49400,49400,49000,49000,48700,49400,49800,48400,48000,49600,50200,49600,50000,50400,50000,50400,51200,46900,50000,46100,46100,49800,46100,45700,44200,44900,44900,45700,55200,57900,56000,56700,50200,57500,57100,54800,55200,56000,55200,56000,54800,50000,47300,47900,46500,48400,44600,44900,45300,37000,0,0,37000,36648,48700,95000,0,35239,37000,31400,43724,95000,32798,0,33547,47900,31909,0,39478,0,41472,0,36016,37166,0,40597,47500,0,36953,0,36758,39658,41305,42904,42804,46804,42434,50200,41425,40921,51678,31400,3000,-273000,-273000,-273000,323792,779280,19465904,336273,63,0,224,22,126,0,448,44,0,0,0,0,1640,19443,402336,702,10390,14010,244760,2199,323792,779280,19465904,336273,15475008,480508,7251368,1.89,0.00,0.00,655551,357121,12679044,331016,,,,1996800,1996800,1996800,1996800,1996800,1996800,883200,883200,0,,,,,,0,,999192,1001931,279,4931,350,1,494000,4936000,6940000,0,287,4443000,Full,1200000000
1784668998.952934895,24307.15,47500,48200,49000,49000,48700,48300,48300,48700,47500,49600,48800,50400,49800,50800,50400,51200,51200,50800,50400,46900,48400,46100,46500,49800,46100,45700,44200,44900,44900,46100,55600,57500,56000,56700,50200,57500,57100,54800,55600,56300,55200,56300,55200,50000,47300,47100,46100,48400,45300,44900,45700,37000,0,0,37000,36653,48300,95000,0,35239,37000,31400,43739,95000,32798,0,33547,47100,31896,0,39448,0,41478,0,36059,37205,0,40634,46700,0,36966,0,36788,39662,41346,42870,42971,47039,42535,49800,41593,40921,51611,31400,3000,-273000,-273000,-273000,323792,779280,19465904,336273,63,0,224,22,126,0,448,44,0,0,0,0,1640,19443,402336,702,10390,14010,244760,2199,323792,779280,19465904,336273,15475008,474960,7245828,1.89,0.00,0.00,655551,357121,12679044,331016,,,,1324800,1324800,1324800,1324800,1324800,1324800,883200,883200,0,,,,,,0,,999192,1001931,279,4931,350,1,494000,4931000,6940000,0,287,4443000,Full,1200000000
1784668999.257846353,24307.46,47800,47500,49000,49000,48700,47900,47900,48700,47900,47700,47300,48800,49800,48800,49200,49600,49200,49200,48400,45700,46900,46500,46100,49800,46100,45700,44600,44900,44900,46100,56000,57900,56300,57100,50200,57900,57500,54800,55600,56300,55200,56000,54800,50000,47700,46300,46500,48400,44900,44900,45300,37000,0,0,37000,36661,47100,95000,0,35239,37000,31400,43796,95000,32798,0,33547,47100,31903,0,39501,0,41540,0,36035,37231,0,40667,46700,0,36986,0,36805,39694,41367,43308,42870,46837,42434,49800,41324,41123,51779,31400,3000,-273000,-273000,-273000,323792,779280,19465904,336273,63,0,224,22,126,0,448,44,0,0,0,0,1640,19443,402336,702,10390,14010,244760,2199,323792,779280,19465904,336273,15475008,479948,7250816,1.89,0.00,0.00,655551,357121,12679044,331016,,,,1324800,1324800,1324800,1324800,1324800,1324800,883200,883200,0,,,,,,0,,1000673,1001915,279,4931,350,1,494000,4933000,6940000,0,287,4443000,Full,1200000000
1784668999.551796978,24307.75,47500,47800,49000,49000,48700,48300,47900,48300,47900,48400,48000,49200,49800,50000,49600,50400,50000,50000,49200,46500,47700,46100,46100,49400,46100,45300,44600,44900,45300,46100,55600,57900,56300,57100,50500,57500,57500,54400,55600,56300,55600,56000,54800,50000,47300,46300,46500,48400,44900,44900,45300,37000,0,0,37000,36684,47100,95000,0,35239,37000,31400,43800,95000,32798,0,33547,47500,31903,0,39511,0,41533,0,36025,37220,0,40673,47100,0,36960,0,36802,39741,41398,43173,42938,47140,42703,49800,41492,41089,51611,31400,3000,-273000,-273000,-273000,323792,779280,19465904,336273,63,0,224,22,126,0,448,44,0,0,0,0,1640,19443,402336,702,10390,14010,244760,2199,323792,779280,19465904,336273,15475008,486224,7257080,1.89,0.00,0.00,655551,357121,12679044,331016,,,,1113600,1113600,1113600,1113600,1113600,1113600,883200,883200,0,,,,,,0,,1000673,1001915,279,4931,350,1,494000,4932000,6940000,0,287,4443000,Full,1200000000
1784668999.864989843,24308.07,47100,47800,49000,49000,48300,48300,47900,48300,47500,47700,47700,48800,49800,49200,49200,49600,49600,49200,48800,45700,46900,46100,46100,49400,46100,45700,44600,44900,45300,46100,56000,58300,56700,57100,50200,58300,57500,54800,55600,56300,55600,56300,54800,50000,47300,47100,46500,48400,44600,44900,44900,37000,0,0,37000,36701,47500,95000,0,35239,37000,31400,43835,95000,32798,0,33547,47100,31903,0,39511,0,41571,0,36079,37243,0,40700,46700,0,36986,0,36802,39727,41405,42938,43139,46972,42703,49400,41459,41358,51611,31400,3000,-273000,-273000,-273000,323792,779280,19465904,336273,63,0,224,22,126,0,448,44,0,0,0,0,1640,19443,402336,702,10390,14010,244760,2199,323792,779280,19465904,336273,15475008,479884,7250776,1.89,0.00,0.00,655551,357121,12679044,331016,,,,787200,787200,787200,787200,787200,787200,883200,883200,0,,,,,,0,,1000673,1001915,279,4931,350,1,494000,4932000,6940000,0,287,4443000,Full,1200000000
1784669000.178549894,24308.38,47800,47800,49000,49000,48700,48700,47900,48700,48300,48800,48800,50000,50200,49600,50000,50800,50000,50000,49200,46900,48000,46100,46500,49800,46100,45700,44200,44900,44900,46100,55600,57500,56300,56700,50500,57900,57500,54000,54800,56000,55600,56000,54800,50000,47700,46700,46100,48000,44900,44900,45300,37000,0,0,37000,36711,47900,95000,0,35239,37000,31400,43884,95000,32798,0,33547,47100,31903,0,39560,0,41616,0,36050,37263,0,40740,47100,0,36937,0,36819,39790,41436,43375,42971,47073,43005,50200,41526,41223,51476,31400,3000,-273000,-273000,-273000,323799,779280,19466024,336274,63,0,224,22,126,0,448,44,0,0,0,0,1640,19443,402336,702,10390,14010,244760,2199,323799,779280,19466024,336274,15475008,480532,7251400,1.89,0.00,0.00,655551,357121,12679104,331016,,,,883200,883200,883200,883200,883200,883200,883200,883200,0,,,,,,0,,1000673,1001915,279,4931,350,1,494000,4933000,6940000,0,287,4443000,Full,1200000000
1784669000.489968332,24308.69,47500,48200,49000,49000,48700,48700,48700,48300,47500,47700,47700,48400,49800,49200,49200,49600,49200,48800,48800,46100,46900,46100,46100,49400,46100,45700,44600,45300,45300,46100,55600,57500,56300,56700,49800,57900,57500,54400,55600,56000,55600,56000,54800,50000,47300,46300,46900,48400,44900,44900,45300,37000,0,0,37000,36714,47900,95000,0,35239,37000,31400,43895,95000,32798,0,33547,46700,31914,0,39564,0,41626,0,36059,37263,0,40732,46700,0,36986,0,36857,39776,41455,43207,43308,46703,42837,49800,41392,41089,51510,31400,3000,-273000,-273000,-273000,323799,779280,19466024,336274,63,0,224,22,126,0,448,44,0,0,0,0,1640,19443,402336,702,10390,14010,244760,2199,323799,779280,19466024,336274,15475008,480788,7251656,1.73,0.00,0.00,655551,357121,12679104,331016,,,,998400,998400,998400,998400,998400,998400,883200,883200,0,,,,,,0,,998277,1001954,279,4931,350,1,497000,4935000,6940000,0,287,4443000,Full,1200000000
1784669000.801404790,24309.00,47800,48200,49400,49000,48700,48700,49800,48700,49400,49200,48400,50800,50200,50800,51200,51200,51500,50800,51200,46500,47300,46100,46100,49800,45700,45700,44600,45300,45300,45700,58300,60600,57100,59800,50500,60600,58300,57500,58300,57100,56000,56300,55600,50000,47700,47500,46500,48400,44900,45300,45300,37000,0,0,37000,36727,49400,95000,0,35239,37000,31400,43955,95000,32798,0,33547,47900,31940,0,39610,0,41662,0,36035,37296,0,40786,48300,0,36998,0,36862,39831,41493,43308,43139,47409,42703,50200,41560,40921,51476,31400,3000,-273000,-273000,-273000,323799,779280,19466024,336274,63,0,224,22,126,0,448,44,0,0,0,0,1640,19443,402336,702,10390,14010,244760,2199,323799,779280,19466024,336274,15475008,476756,7247636,1.73,0.00,0.00,655551,357121,12679104,331016,,,,1228800,1228800,1228800,1228800,1228800,1228800,2438400,2438400,0,,,,,,0,,998277,1001954,279,4931,350,1,494000,4931000,6940000,0,287,4443000,Full,1200000000
1784669001.295949842,24309.50,48200,48600,49400,49400,49000,49000,49000,48700,48300,48000,47700,48800,50500,49200,49600,49600,49200,49200,49200,46100,46900,46500,46500,49800,46100,45700,44600,44900,45300,46100,55600,57500,56300,56700,50500,58300,57500,54400,55200,56300,55600,56300,55200,50000,47700,47500,46500,48400,45300,44900,45300,37000,0,0,37000,36755,48700,95000,0,35239,37000,31400,43945,95000,32798,0,33547,47900,31934,0,39646,0,41689,0,36092,37305,0,40809,47500,0,36986,0,36891,39849,41514,43409,43039,47308,42804,49800,41358,41560,51409,31400,3000,-273000,-273000,-273000,323799,779280,19466024,336274,63,0,224,22,126,0,448,44,0,0,0,0,1640,19443,402336,702,10390,14010,244760,2199,323799,779280,19466024,336274,15475008,495920,7266800,1.73,0.00,0.00,655551,357121,12679104,331016,,,,787200,787200,787200,787200,787200,787200,883200,883200,0,,,,,,0,,999856,1001933,279,4931,350,1,494000,4928000,6940000,0,287,4443000,Full,1200000000
1784669001.601956196,24309.80,47800,48600,49800,49400,48700,49000,49000,49000,48300,49200,48800,50000,50500,50400,50400,50800,50400,50400,50400,46100,47300,46100,46100,49800,45700,45700,44600,45300,45300,46100,56300,58700,56700,57500,50500,58300,57900,55200,56000,56700,55600,56300,55600,50000,47700,47500,46500,48400,44900,44900,45700,37000,0,0,37000,36761,48700,95000,0,35239,37000,31400,43981,95000,32798,0,33547,47900,31927,0,39649,0,41723,0,36061,37343,0,40844,48300,0,37005,0,36891,39869,41562,43409,43039,47073,42904,50200,41661,41055,51376,31400,3000,-273000,-273000,-273000,323799,779280,19466024,336274,63,0,224,22,126,0,448,44,0,0,0,0,1640,19443,402336,702,10390,14010,244760,2199,323799,779280,19466024,336274,15475008,492356,7263232,1.73,0.00,0.00,655551,357121,12679104,331016,,,,998400,998400,998400,998400,998400,998400,883200,883200,0,,,,,,0,,999856,1001933,279,4931,350,1,494000,4926000,6940000,0,287,4443000,Full,1200000000
1784669001.905256456,24310.11,47800,48200,49000,49000,48700,48700,48300,48700,48300,48000,47700,48800,50200,49200,49200,49600,49200,49600,48800,45700,46900,46500,46500,49800,46100,46100,44900,45300,45300,46500,56000,57900,56300,57100,50200,58300,57100,54400,55600,56300,55600,56300,55200,50400,47700,47500,46900,48400,45300,45300,45300,37000,0,0,37000,36777,47900,95000,0,35239,37000,31400,44041,95000,32798,0,33547,47900,31927,0,39646,0,41745,0,36077,37343,0,40864,48300,0,36973,0,36909,39889,41584,43375,43274,47275,42971,50200,41492,41560,51476,31400,3000,-273000,-273000,-273000,323799,779280,19466024,336274,63,0,224,22,126,0,448,44,0,0,0,0,1640,19443,402336,702,10390,14010,244760,2199,323799,779280,19466024,336274,15475008,488824,7259700,1.73,0.00,0.00,655551,357121,12679104,331016,,,,1785600,1785600,1785600,1785600,1785600,1785600,883200,883200,0,,,,,,0,,999856,1001933,279,4931,350,1,494000,4928000,6940000,0,287,4443000,Full,1200000000
1784669002.184574685,24310.39,48200,49000,50200,49800,49400,49000,49400,49000,48700,50000,49600,51500,50500,51500,51900,52300,52300,52300,53100,46900,48000,46500,46500,50200,46100,46100,44600,45300,45700,46500,57500,59400,56300,59000,50900,59800,57500,56300,57900,56700,55600,56300,55600,50000,48000,47900,46500,48400,44900,45300,45700,37000,0,0,37000,36784,48700,95000,0,35417,37000,31400,44038,95000,32914,0,33788,47500,31919,0,39657,0,41757,0,36032,37340,0,40880,47900,0,37012,0,36926,39931,41598,43409,43341,47241,42904,51000,41930,41392,51376,31400,3000,-273000,-273000,-273000,323799,779280,19466024,336274,63,0,224,22,126,0,448,44,0,0,0,0,1640,19443,402336,702,10390,14010,244760,2199,323799,779280,19466024,336274,15475008,484316,7255192,1.73,0.00,0.00,655551,357121,12679104,331016,,,,1440000,1440000,1440000,1440000,1440000,1440000,883200,883200,0,,,,,,0,,999856,1001933,279,4931,350,1,494000,4928000,6940000,0,287,4443000,Full,1200000000
1784669002.485865050,24310.69,47800,48200,49400,49400,49000,48700,48300,48700,48300,48000,48000,49200,50200,49600,49600,50000,49600,49600,48800,46500,47300,46500,46500,49800,46100,45700,44900,45300,45300,46100,56300,58700,56700,57500,50500,59000,57900,55200,56300,56700,56000,56300,55600,50400,48000,47100,46500,48800,45300,45300,45700,37000,0,0,37000,36794,47500,95000,0,35417,37000,31500,44074,95000,32914,0,33788,47500,31931,0,39702,0,41791,0,36035,37369,0,40901,47100,0,37000,0,36958,39944,41629,43173,43106,47544,42837,49800,41661,41324,51443,31500,3000,-273000,-273000,-273000,323799,779280,19466024,336274,63,0,224,22,126,0,448,44,0,0,0,0,1640,19443,402336,702,10390,14010,244760,2199,323799,779280,19466024,336274,15475008,489664,7260544,1.60,0.00,0.00,655551,357121,12679104,331016,,,,998400,998400,998400,998400,998400,998400,883200,883200,0,,,,,,0,,998904,1001916,279,4931,350,1,494000,4929000,6940000,0,321,4443000,Full,1200000000
1784669002.801075206,24311.00,47800,48200,49000,49400,49000,48700,48700,48700,49000,47700,47700,48800,50200,49200,49200,50000,49600,49600,49200,46100,46900,46500,46900,49800,46100,46100,44900,45300,45300,46100,56700,58700,57100,57900,50500,59000,57900,55200,56300,56700,56000,56300,55600,50400,48000,47500,46900,48800,45300,45300,45700,37000,0,0,37000,36818,47900,95000,0,35417,37000,31500,44105,95000,32914,0,33788,47900,31943,0,39696,0,41797,0,36043,37376,0,40910,47100,0,37020,0,36938,39937,41645,43409,43240,47476,42904,50200,41728,41055,51342,31500,3000,-273000,-273000,-273000,323801,779280,19466400,336275,63,0,224,22,126,0,448,44,0,0,0,0,1640,19443,402336,702,10390,14010,244760,2199,323801,779280,19466400,336275,15475008,491332,7262216,1.60,0.00,0.00,655551,357121,12679292,331016,,,,1785600,1785600,1785600,1785600,1785600,1785600,883200,883200,0,,,,,,0,,998904,1001916,279,4931,350,1,494000,4923000,6940000,0,321,4443000,Full,1200000000
1784669003.077692914,24311.28,47800,48200,49400,49400,48700,48700,49000,48700,48300,48800,48800,50000,50200,50400,50400,50800,50400,50000,50000,46500,47700,46900,46500,50200,46500,46500,44600,45300,45300,46900,56000,58300,56700,57100,50200,58300,57500,54400,55600,56300,56000,56300,55200,50400,48000,47100,46500,48400,45300,45300,45700,37000,0,0,37000,36821,48300,95000,0,35417,37000,31500,44115,95000,32914,0,33788,47500,31964,0,39722,0,41849,0,36049,37405,0,40964,47100,0,37000,0,36968,39961,41670,43409,43308,47745,43073,50200,41560,41593,51241,31500,3000,-273000,-273000,-273000,323801,779280,19466400,336275,63,0,224,22,126,0,448,44,0,0,0,0,1640,19443,402336,702,10390,14010,244760,2199,323801,779280,19466400,336275,15475008,492428,7263312,1.60,0.00,0.00,655551,357121,12679292,331016,,,,1228800,1228800,1228800,1228800,1228800,1228800,883200,883200,0,,,,,,0,,998904,1001916,279,4931,350,1,494000,4927000,6940000,0,321,4443000,Full,1200000000
1784669003.378421612,24311.58,48200,48600,49400,49400,48700,48700,49000,49000,48300,47700,48400,49200,50200,49200,49200,50000,49600,49600,48800,46100,47300,46500,46500,50200,46100,46100,44600,45300,45700,46100,56000,58300,56700,57100,50500,58300,57900,55200,56000,56700,56000,56300,55200,50400,48000,47500,46500,48800,45300,44900,45700,37000,0,0,37000,36821,47900,95000,0,35417,37000,31500,44181,95000,32914,0,33788,47900,31940,0,39752,0,41855,0,36089,37391,0,40982,47500,0,37005,0,36975,39989,41703,43577,43308,47544,43005,50200,41694,41324,51409,31500,3000,-273000,-273000,-273000,323803,779280,19466568,336275,63,0,224,22,126,0,448,44,0,0,0,0,1640,19443,402336,702,10390,14010,244760,2199,323803,779280,19466568,336275,15475008,488244,7258952,1.60,0.00,0.00,655551,357121,12679376,331016,,,,1113600,1113600,1113600,1113600,1113600,1113600,883200,883200,0,,,,,,0,,1000166,1001911,279,4931,350,1,494000,4931000,6940000,0,321,4443000,Full,1200000000
1784669003.684909997,24311.89,50200,50500,51000,52600,53700,50200,49800,51800,51000,49600,49600,50800,52500,50800,50800,51200,50800,50800,50400,48000,49200,46500,46900,52100,46500,46500,44900,45300,46100,46500,56300,58300,57100,57500,52100,58300,57900,55600,56700,56700,56300,56700,56000,50400,47700,49400,46900,48400,44900,45300,45300,37000,0,0,37000,36852,50200,95000,0,35417,37000,31500,44181,95000,32914,0,33788,49000,31964,0,39781,0,41886,0,36055,37429,0,40977,49000,0,36996,0,37013,40019,41700,43308,43207,47476,43139,51800,41896,41828,51241,31500,3000,-273000,-273000,-273000,323806,779280,19466592,336275,63,0,224,22,126,0,448,44,0,0,0,0,1640,19443,402336,702,10390,14010,244760,2199,323806,779280,19466592,336275,15475008,388216,7156760,1.60,0.00,0.00,655564,357121,12679440,331016,,,,1996800,1996800,1996800,1996800,1996800,1996800,1132800,1132800,0,,,,,,0,,1000166,1001911,279,4931,350,1,494000,4929000,6940000,0,321,4443000,Full,1200000000
1784669003.968516299,24312.17,54000,54400,55700,52600,53700,54900,55700,53700,53700,51900,52300,51900,53200,52700,52300,52700,52300,51200,51200,51500,52700,47300,46900,53600,46500,46100,44900,45700,45700,46900,56300,58700,57500,57900,53600,58300,58300,56000,57100,57500,56700,57500,56300,50800,48000,53300,46900,48800,45700,45300,46900,37000,0,0,37000,36868,54500,95000,0,35417,37000,31500,44245,95000,32914,0,33788,52600,31961,0,39804,0,41926,0,36032,37437,0,40999,53300,0,36990,0,37016,40029,41728,43577,43509,47610,43375,55300,42198,41392,51308,31500,3000,-273000,-273000,-273000,323806,779280,19466592,336275,63,0,224,22,126,0,448,44,0,0,0,0,1640,19443,402336,702,10390,14010,244760,2199,323806,779280,19466592,336275,15475008,730584,7111672,1.60,0.00,0.00,657270,357130,12686264,331025,,,,1996800,1996800,1996800,1996800,1996800,1996800,2438400,2438400,0,,,,,,0,,1000166,1001911,279,4931,350,1,494000,4935000,6940000,0,321,4443000,Full,1200000000
1784669004.396882132,24312.60,54400,55200,56800,54100,53700,55700,56100,54500,54500,53900,55000,53900,54400,54600,53900,54300,54300,52700,52700,55400,59300,47300,46900,54400,46900,46500,45300,45700,46500,47300,57100,59400,57900,58300,54800,59000,59000,57100,58700,58300,57500,57900,57500,51500,48800,54100,47300,49600,46500,46100,47300,37000,0,0,37000,36889,56400,95000,0,35417,37000,31500,44281,95000,32914,0,33788,53300,31951,0,39837,0,41919,0,36029,37477,0,41025,54900,0,36989,0,37028,40091,41753,43577,43509,47644,43778,56100,42635,41728,51241,31500,3000,-273000,-273000,-273000,323806,779280,19466592,336275,63,0,224,22,126,0,448,44,0,0,0,0,1640,19443,402336,702,10390,14010,244760,2199,323806,779280,19466592,336275,15475008,720716,7066568,1.85,0.36,0.00,657270,357130,12686264,331025,,,,1996800,1996800,1996800,1996800,1996800,1996800,2112000,2112000,0,,,,,,0,,1000851,1001919,279,4931,350,1,494000,4929000,6940000,0,321,4443000,Full,1200000000
1784669004.658846612,24312.86,54000,54400,54500,53700,53700,54500,55300,54100,54100,53100,53900,53500,54400,53900,53500,54300,53900,52700,52700,52700,53500,47300,47300,54400,46900,46900,45700,46100,46900,47700,57100,59800,58300,58700,54800,60200,59400,57500,58300,58700,57900,58300,57900,51500,48800,53300,47700,49600,46900,46500,48400,37000,0,0,37000,36881,54900,95000,0,35417,37000,31500,44327,95000,32914,0,33788,53700,31954,0,39849,0,41984,0,36032,37471,0,41066,55700,0,37018,0,37036,40094,41803,43610,43509,47610,44350,54900,42535,41392,51308,31500,3000,-273000,-273000,-273000,323806,779280,19466592,336275,63,0,224,22,126,0,448,44,0,0,0,0,1640,19443,402336,702,10390,14010,244760,2199,323806,779280,19466592,336275,15475008,775624,7121776,1.85,0.36,0.00,657270,357131,12686264,331025,,,,1996800,1996800,1996800,1996800,1996800,1996800,883200,883200,0,,,,,,0,,1000851,1001919,279,4931,350,1,494000,4932000,6940000,0,321,4443000,Full,1200000000
1784669004.919023070,24313.12,53600,54400,54500,54500,55300,54500,54900,54900,55300,50800,51500,51900,54400,52700,52300,53100,52300,51900,51500,50000,51200,47700,47700,54400,47300,47300,45700,46500,46500,48000,56300,58700,57900,58300,54800,59000,59000,57100,58700,58700,57500,58300,57500,51500,48800,53700,47700,49600,46900,46500,48000,37000,0,0,37000,36906,54500,95000,0,35417,37000,31500,44381,95000,32914,0,33788,53300,31951,0,39863,0,41987,0,36086,37486,0,41097,54900,0,37009,0,37045,40108,41837,43745,43610,47779,44720,54900,42535,41291,51241,31500,3000,-273000,-273000,-273000,323806,779280,19466592,336275,63,0,224,22,126,0,448,44,0,0,0,0,1640,19443,402336,702,10390,14010,244760,2199,323806,779280,19466592,336275,15475008,780116,7126340,1.85,0.36,0.00,657270,357131,12686264,331025,,,,1996800,1996800,1996800,1996800,1996800,1996800,2438400,2438400,0,,,,,,0,,1000851,1001919,279,4931,350,1,494000,4931000,6940000,0,321,4443000,Full,1200000000
1784669005.180157028,24313.38,54800,55600,56800,54500,54900,56100,56800,56100,56800,52300,52700,53500,55200,54300,53500,54300,53900,52700,52700,50800,52300,47700,47700,55200,47700,46900,45700,46500,46900,48000,57900,60200,58700,59400,55600,60200,59800,57900,59000,59000,57900,58700,58300,51500,48800,53700,47700,50000,46900,46500,48800,37000,0,0,37000,36906,55300,95000,0,35417,37000,31500,44370,95000,32914,0,33788,54500,31943,0,39889,0,42051,0,36064,37491,0,41112,54500,0,36995,0,37094,40108,41899,43711,43745,48014,44921,56100,42736,41459,51207,31500,3000,-273000,-273000,-273000,323823,779280,19466928,336277,63,0,224,22,126,0,448,44,0,0,0,0,1640,19443,402336,702,10390,14010,244760,2199,323823,779280,19466928,336277,15475008,781788,7128040,1.85,0.36,0.00,657270,357131,12686432,331025,,,,1996800,1996800,1996800,1996800,1996800,1996800,883200,883200,0,,,,,,0,,1000851,1001919,279,4931,350,1,494000,4931000,6940000,0,321,4443000,Full,1200000000
1784669005.452860465,24313.65,51700,52100,52900,52900,52900,52200,52200,52900,52600,53100,52700,54300,54000,54600,54300,54600,54300,53100,53100,50400,51900,47700,47700,53600,47700,47300,45700,46900,46900,48000,57900,60600,58700,59400,54000,60200,59800,57500,58700,59000,58300,58700,57900,51900,49200,50600,47700,50400,47300,46900,48400,37000,0,0,37000,36923,51400,95000,0,35417,37000,31500,44426,95000,32914,0,33788,51800,31970,0,39931,0,42076,0,36055,37525,0,41147,51000,0,37009,0,37054,40124,41977,43846,43778,48014,44686,53700,42535,41190,51275,31500,3000,-273000,-273000,-273000,323894,779280,19468256,336291,63,0,224,22,126,0,448,44,0,0,0,0,1640,19443,402336,702,10390,14010,244760,2199,323894,779280,19468256,336291,15475008,791144,7137296,1.85,0.36,0.00,657270,357131,12687096,331025,,,,998400,998400,998400,998400,998400,998400,883200,883200,0,,,,,,0,,999913,1001901,279,4931,350,1,494000,4929000,6940000,0,321,4443000,Full,1200000000
1784669005.752250205,24313.95,52500,53200,54100,52900,52600,54100,54500,52900,52900,51900,51900,52300,53600,52700,52700,53500,53100,52300,52300,50400,51500,47700,48000,53200,47700,47300,46100,46900,46900,48000,58700,61700,59400,59800,54000,61400,60200,57500,58700,58700,58700,59000,57900,51900,49200,51800,47700,50400,46900,46500,47700,37000,0,0,37000,36948,52900,95000,0,35417,37000,31500,44578,95000,32914,0,33788,51400,31948,0,39989,0,42165,0,36083,37534,0,41163,51800,0,37028,0,37103,40169,42015,44013,43980,48148,44753,54500,42736,41963,51073,31500,3000,-273000,-273000,-273000,323894,779280,19468256,336291,63,0,224,22,126,0,448,44,0,0,0,0,1640,19443,402336,702,10390,14010,244760,2199,323894,779280,19468256,336291,15475008,788112,7134264,1.85,0.36,0.00,657270,357131,12687096,331025,,,,1228800,1228800,1228800,1228800,1228800,1228800,883200,883200,0,,,,,,0,,999913,1001901,279,4931,350,1,494000,4931000,6940000,0,321,4443000,Full,1200000000
1784669006.052576090,24314.25,50900,50900,52200,52200,51800,51800,51800,51800,50600,50400,50800,51500,53200,51500,51900,52300,51900,51900,51200,48800,50000,48000,47700,52500,47700,47300,46100,46500,46500,48000,58700,61400,58700,60200,53200,61700,59800,58300,59400,58700,57900,58300,57900,51900,49200,49800,48000,50000,46900,46500,47700,37000,0,0,37000,36958,50600,95000,0,35417,37000,31500,44852,95000,32914,0,33788,50200,31978,0,40071,0,42196,0,36089,37522,0,41191,50600,0,37000,0,37109,40182,42072,43846,43879,48653,44282,52900,42904,41795,51241,31500,3000,-273000,-273000,-273000,323894,779280,19468256,336291,63,0,224,22,126,0,448,44,0,0,0,0,1640,19443,402336,702,10390,14010,244760,2199,323894,779280,19468256,336291,15475008,786584,7132728,1.85,0.36,0.00,657270,357131,12687096,331025,,,,1440000,1440000,1440000,1440000,1440000,1440000,883200,883200,0,,,,,,0,,999913,1001901,279,4931,350,1,494000,4929000,6940000,0,321,4443000,Full,1200000000
1784669006.340107653,24314.54,50900,50900,52200,51800,51400,51400,52200,51800,51400,50000,50400,51200,52500,51500,51900,51900,51500,51500,51200,48800,49600,47700,47700,52500,47300,47300,46100,46900,46900,47700,59400,62100,59400,60600,53200,62500,60200,58300,59400,59000,58300,58700,57500,51900,49200,49400,48000,50400,46900,46500,47300,37000,0,0,37000,36983,50200,95000,0,35417,37000,31500,45003,95000,32914,0,33788,50600,31985,0,40121,0,42250,0,36064,37572,0,41220,51000,0,37000,0,37103,40203,42119,43980,44182,48451,44282,52900,42770,41795,51107,31500,3000,-273000,-273000,-273000,323894,779280,19468256,336291,63,0,224,22,126,0,448,44,0,0,0,0,1640,19443,402336,702,10390,14010,244760,2199,323894,779280,19468256,336291,15475008,785588,7131732,2.06,0.29,0.00,657270,357131,12687096,331025,,,,1900800,1900800,1900800,1900800,1900800,1900800,2438400,2438400,0,,,,,,0,,1000783,1001913,279,4931,350,1,494000,4926000,6940000,0,321,4443000,Full,1200000000
1784669006.610069684,24314.81,51700,52500,52900,52200,51800,52900,54100,52200,51400,51500,51900,53100,53200,53100,52700,53100,52700,52300,52300,50000,50800,47700,47700,53200,47700,47300,45700,46500,46900,48000,58300,60600,59000,59400,53600,60600,60200,57500,58300,58700,58300,58700,57900,51900,49200,51000,47700,50400,46500,46900,47700,37000,0,0,37000,36993,52600,95000,0,35417,37000,31500,45168,95000,32914,0,33788,50600,31978,0,40185,0,42295,0,36077,37595,0,41255,50200,0,37022,0,37138,40209,42155,43947,44081,48687,44484,53700,42870,42064,50938,31500,3000,-273000,-273000,-273000,323894,779280,19468256,336291,63,0,224,22,126,0,448,44,0,0,0,0,1640,19443,402336,702,10390,14010,244760,2199,323894,779280,19468256,336291,15475008,788044,7134196,2.06,0.29,0.00,657270,357132,12687096,331026,,,,1996800,1996800,1996800,1996800,1996800,1996800,883200,883200,0,,,,,,0,,1000783,1001913,279,4931,350,1,494000,4932000,6940000,0,321,4443000,Full,1200000000
1784669006.872027652,24315.07,51300,51700,52200,52200,51800,51400,51400,52200,51400,50400,50800,51200,53200,51900,51900,52300,51900,51500,51200,49200,50400,48000,48000,53200,47700,47300,46100,46900,46900,47700,58700,61400,59000,60200,53200,61400,60200,57500,59000,59000,57900,58300,57500,51900,49200,51000,47700,50000,46900,46500,47300,37000,0,0,37000,37004,51400,95000,0,35417,37000,31500,45072,95000,32914,0,33788,51800,31991,0,40200,0,42317,0,36055,37601,0,41279,53300,0,36993,0,37149,40240,42215,44182,44182,48720,44451,52900,42804,42266,50938,31500,3000,-273000,-273000,-273000,323894,779280,19468256,336291,63,0,224,22,126,0,448,44,0,0,0,0,1640,19443,402336,702,10390,14010,244760,2199,323894,779280,19468256,336291,15475008,785660,7131812,2.06,0.29,0.00,657270,357133,12687096,331027,,,,1996800,1996800,1996800,1996800,1996800,1996800,883200,883200,0,,,,,,0,,1000783,1001913,279,4931,350,1,494000,4926000,6940000,0,321,4443000,Full,1200000000
1784669007.369032704,24315.57,49800,50200,51800,51400,51000,51000,50600,50600,50200,51200,51200,52300,52900,52700,52700,53500,53100,52700,52300,48800,50000,47700,48000,52500,47700,47300,46100,46900,46900,48000,57900,59800,58700,59400,52500,60200,59400,57100,57900,58700,57900,58700,57500,51900,49600,49400,47700,50400,46900,46500,48000,37000,0,0,37000,37035,50200,95000,0,35685,37000,31500,45007,95000,33064,0,34051,49400,31975,0,40243,0,42405,0,36058,37611,0,41350,49400,0,37021,0,37178,40295,42265,44182,44047,48720,44451,52600,42837,41896,50938,31500,3000,-273000,-273000,-273000,323899,779280,19468296,336291,63,0,224,22,126,0,448,44,0,0,0,0,1640,19443,402336,702,10390,14010,244760,2199,323899,779280,19468296,336291,15475008,794240,7141620,2.06,0.29,0.00,657270,357133,12687116,331027,,,,883200,883200,883200,883200,883200,883200,883200,883200,0,,,,,,0,,998506,1001957,279,4931,350,1,497000,4931000,6938000,0,411,4433000,Full,1200000000
1784669007.746855933,24315.95,49400,49400,50600,51000,50200,50200,49800,50200,49400,49600,49200,50800,51700,50800,51200,51500,51200,51200,50400,47700,48800,48000,48000,51300,47700,47300,46100,46500,46900,48000,57500,60200,58300,58700,52100,59800,59400,56300,57900,58300,57500,58300,57100,51500,49200,48700,47700,50400,46900,46500,46900,37000,0,0,37000,37053,49000,95000,0,35685,37000,31500,45003,95000,33064,0,34051,48700,31988,0,40304,0,42443,0,36026,37629,0,41398,49000,0,37003,0,37193,40304,42318,44282,44148,48619,44282,51400,42669,42097,50838,31500,3000,-273000,-273000,-273000,323899,779280,19468296,336291,63,0,224,22,126,0,448,44,0,0,0,0,1640,19443,402336,702,10390,14010,244760,2199,323899,779280,19468296,336291,15475008,789208,7136596,2.06,0.29,0.00,657270,357133,12687116,331027,,,,787200,787200,787200,787200,787200,787200,1862400,1862400,0,,,,,,0,,998506,1001957,279,4931,350,1,494000,4929000,6938000,0,411,4433000,Full,1200000000
1784669008.064509527,24316.27,49400,49800,51000,50600,50200,50600,50600,49800,49400,50400,50400,51500,51700,51900,51500,52300,51500,51200,51200,48800,50000,47700,48000,51300,47300,47300,45700,46500,46500,47700,58300,60600,58300,59400,52100,60600,59400,56700,57900,58700,57500,58300,57100,51200,48800,48700,48000,50000,46500,46100,46900,37000,0,0,37000,37062,49400,95000,0,35685,37000,31500,45000,95000,33064,0,34051,48700,31991,0,40343,0,42492,0,36061,37658,0,41429,48700,0,37021,0,37222,40346,42375,44417,44148,48787,44282,51800,42669,41963,50804,31500,3000,-273000,-273000,-273000,323899,779280,19468296,336291,63,0,224,22,126,0,448,44,0,0,0,0,1640,19443,402336,702,10390,14010,244760,2199,323899,779280,19468296,336291,15475008,801532,7148936,2.06,0.29,0.00,657270,357133,12687116,331027,,,,1228800,1228800,1228800,1228800,1228800,1228800,883200,883200,0,,,,,,0,,998506,1001957,279,4931,350,1,494000,4931000,6938000,0,411,4433000,Full,1200000000
1784669008.368446402,24316.57,50200,50500,51000,51800,51000,50600,51000,51000,51000,49600,49600,50800,52100,51200,51200,51500,51200,50800,50400,48000,48800,48000,47700,51700,47300,47300,45700,46500,46900,47300,57500,59800,58300,58700,52500,60200,59400,56700,57900,57900,57500,57900,57100,51500,49200,48700,48000,50000,46500,46100,46900,37000,0,0,37000,37080,49800,95000,0,35685,37000,31500,44997,95000,33064,0,34051,49800,31988,0,40355,0,42535,0,36080,37680,0,41459,49400,0,36995,0,37228,40379,42392,44148,44249,48585,44282,52200,42703,42635,50838,31500,3000,-273000,-273000,-273000,323899,779280,19468296,336291,63,0,224,22,126,0,448,44,0,0,0,0,1640,19443,402336,702,10390,14010,244760,2199,323899,779280,19468296,336291,15475008,806716,7154120,2.05,0.24,0.00,657270,357133,12687116,331027,,,,1996800,1996800,1996800,1996800,1996800,1996800,883200,883200,0,,,,,,0,,1000491,1001928,279,4931,350,1,494000,4933000,6938000,0,411,4433000,Full,1200000000
1784669008.645493745,24316.85,49800,49800,51000,51000,50600,50200,50200,50600,49800,49600,49600,50800,52100,51200,51200,51500,51200,51500,50800,47700,49200,47700,47700,51700,47700,47300,46100,46100,46500,47700,57900,59800,58700,59400,52500,60200,59400,57100,57900,58300,57500,57900,57100,51500,49200,49000,47700,49600,46100,46100,46900,37000,0,0,37000,37097,49800,95000,0,35685,37000,31500,45039,95000,33064,0,34051,49000,32018,0,40382,0,42583,0,36055,37719,0,41493,49000,0,37021,0,37242,40395,42427,44451,44047,48720,44282,51800,43005,42131,50804,31500,3000,-273000,-273000,-273000,323899,779280,19468296,336291,63,0,224,22,126,0,448,44,0,0,0,0,1640,19443,402336,702,10390,14010,244760,2199,323899,779280,19468296,336291,15475008,811996,7159368,2.05,0.24,0.00,657270,357133,12687116,331027,,,,998400,998400,998400,998400,998400,998400,883200,883200,0,,,,,,0,,1000491,1001928,279,4931,350,1,494000,4929000,6938000,0,411,4433000,Full,1200000000
1784669008.953980516,24317.16,49000,49400,50200,50600,50600,49800,49400,50200,49400,49200,48800,50000,51700,50400,50400,51200,50800,50800,50400,47700,48000,47700,47700,50900,47300,46500,46100,46100,46500,47700,57500,59800,58300,58700,51700,59400,59000,56000,57500,57500,57100,58300,56700,51200,49200,48300,47700,50000,46500,46500,47300,37000,0,0,37000,37108,49400,95000,0,35685,37000,31500,45039,95000,33064,0,34051,48300,32026,0,40379,0,42594,0,36074,37734,0,41533,48300,0,37007,0,37257,40440,42453,44383,44216,48585,43846,51400,42703,42064,50770,31500,3000,-273000,-273000,-273000,323899,779280,19468296,336291,63,0,224,22,126,0,448,44,0,0,0,0,1640,19443,402336,702,10390,14010,244760,2199,323899,779280,19468296,336291,15475008,832776,7180144,2.05,0.24,0.00,657270,357133,12687116,331027,,,,998400,998400,998400,998400,998400,998400,883200,883200,0,,,,,,0,,1000491,1001928,279,4931,350,1,494000,4935000,6938000,0,411,4433000,Full,1200000000
1784669009.258899006,24317.46,49400,49800,50600,50600,50200,49800,49800,51000,50600,49200,49600,50400,51700,50800,50400,51500,50800,50400,50000,48000,50000,47700,47300,51300,47700,46900,46100,46500,46500,47300,57500,59800,57900,58700,51700,60200,59000,56300,57100,57900,57100,57500,56700,51500,48800,48700,48000,50000,46100,46500,46900,37000,0,0,37000,37132,49400,95000,0,35685,37000,31500,45054,95000,33064,0,34051,49000,32008,0,40398,0,42621,0,36043,37725,0,41556,49000,0,37021,0,37257,40437,42470,44350,44081,48720,44148,51800,42904,42333,50838,31500,3000,-273000,-273000,-273000,323899,779280,19468296,336291,63,0,224,22,126,0,448,44,0,0,0,0,1640,19443,402336,702,10390,14010,244760,2199,323899,779280,19468296,336291,15475008,828212,7175584,2.05,0.24,0.00,657270,357133,12687116,331027,,,,998400,998400,998400,998400,998400,998400,883200,883200,0,,,,,,0,,1000111,1001911,279,4931,350,1,494000,4929000,6938000,0,411,4433000,Full,1200000000
1784669009.558986610,24317.76,48600,49400,50600,50600,50200,49400,49000,49800,49400,49200,49200,50000,51300,50400,50400,51200,50400,50800,50000,47300,48400,47700,47700,50900,47300,46900,45700,46500,46500,47300,57100,59000,57900,58700,51700,59800,59000,56300,57100,57900,57100,57900,56700,51500,48800,47900,47700,49600,46500,46500,46500,37000,0,0,37000,37135,48700,95000,0,35685,37000,31500,45039,95000,33064,0,34051,47900,32005,0,40376,0,42636,0,36071,37778,0,41603,48300,0,37015,0,37276,40503,42501,44350,44316,48619,44216,51000,42804,41795,50737,31500,3000,-273000,-273000,-273000,323899,779280,19468296,336291,63,0,224,22,126,0,448,44,0,0,0,0,1640,19443,402336,702,10390,14010,244760,2199,323899,779280,19468296,336291,15475008,822180,7169592,2.05,0.24,0.00,657270,357133,12687116,331027,,,,1228800,1228800,1228800,1228800,1228800,1228800,883200,883200,0,,,,,,0,,1000111,1001911,279,4931,350,1,494000,4924000,6938000,0,411,4433000,Full,1200000000
1784669009.861766714,24318.06,48200,49000,50200,50200,49800,49400,49000,49400,48700,48800,48800,49600,50900,50400,50400,51200,50400,50400,50000,46900,48000,47700,47700,50900,47300,46900,45700,46100,46500,47300,57500,59800,58300,59000,51300,60200,59000,56700,57500,57900,56700,57900,56300,51200,48800,47900,47700,50000,46100,46100,46500,37000,0,0,37000,37156,48700,95000,0,35685,37000,31500,45039,95000,33064,0,34051,48300,31997,0,40429,0,42674,0,36058,37740,0,41616,47900,0,36998,0,37299,40516,42505,44249,44182,48484,44013,51000,42635,42366,50636,31500,3000,-273000,-273000,-273000,323899,779280,19468296,336291,63,0,224,22,126,0,448,44,0,0,0,0,1640,19443,402336,702,10390,14010,244760,2199,323899,779280,19468296,336291,15475008,841628,7189040,2.05,0.24,0.00,657270,357133,12687116,331027,,,,1113600,1113600,1113600,1113600,1113600,1113600,883200,883200,0,,,,,,0,,1000111,1001911,279,4931,350,1,494000,4935000,6938000,0,411,4433000,Full,1200000000
1784669010.158512651,24318.36,48600,49000,50200,50600,50200,49400,49000,49400,49000,50000,50000,51200,51300,51200,51200,51500,50800,50800,50800,48400,49200,47300,47700,51300,47300,46900,45700,46500,46100,47300,57500,59800,58300,59000,51700,59800,59000,56700,57500,57900,57100,57900,56700,51200,48800,48300,47700,49600,46500,46100,47300,37000,0,0,37000,37170,49000,95000,0,35685,37000,31500,45069,95000,33064,0,34051,47900,32045,0,40416,0,42664,0,36038,37771,0,41643,48300,0,37012,0,37311,40524,42521,44383,44249,48687,44013,51400,42669,42299,50569,31500,3000,-273000,-273000,-273000,323899,779280,19468296,336291,63,0,224,22,126,0,448,44,0,0,0,0,1640,19443,402336,702,10390,14010,244760,2199,323899,779280,19468296,336291,15475008,847256,7194652,2.05,0.24,0.00,657270,357133,12687116,331027,,,,998400,998400,998400,998400,998400,998400,883200,883200,0,,,,,,0,,998563,1001943,279,4931,350,1,494000,4933000,6938000,0,411,4433000,Full,1200000000
1784669010.673317547,24318.87,49800,50200,51000,50600,50200,50200,51400,50200,49400,49200,48800,50400,51700,50400,50400,50800,50400,50800,50400,47700,48400,47700,47700,51300,47300,46900,45700,46500,46500,47300,58700,61000,58300,60200,51700,61000,59400,57500,58700,58300,57100,57900,56700,51200,49200,49000,47700,50000,45700,46100,46500,37000,0,0,37000,37197,50200,95000,0,35685,37000,31500,45076,95000,33064,0,34051,48700,32032,0,40456,0,42755,0,36067,37800,0,41691,48700,0,37010,0,37351,40564,42541,44451,43980,48687,43879,51800,42904,42299,50468,31500,3000,-273000,-273000,-273000,323907,779280,19468496,336293,63,0,224,22,126,0,448,44,0,0,0,0,1640,19443,402336,702,10390,14010,244760,2199,323907,779280,19468496,336293,15475008,839264,7186676,1.86,0.19,0.00,657270,357133,12687216,331027,,,,787200,787200,787200,787200,787200,787200,2438400,2438400,0,,,,,,0,,998563,1001943,279,4931,350,1,494000,4931000,6938000,0,411,4433000,Full,1200000000
1784669010.974933849,24319.18,49000,49400,50600,50600,49800,49800,49800,49800,48700,50000,50000,50800,51300,51200,51200,51500,51500,50800,50800,48400,49200,47700,47700,50900,47300,46900,45700,46100,46500,47300,57100,59800,57900,58700,51300,59800,59400,56300,57500,58300,57100,58300,56700,51200,48400,48300,48000,50000,46100,46100,46500,37000,0,0,37000,37219,49000,95000,0,35685,37000,31500,45085,95000,33064,0,34051,48300,32024,0,40467,0,42758,0,36020,37810,0,41708,48300,0,37010,0,37376,40576,42566,44619,44350,48753,43879,51400,42736,41963,50535,31500,3000,-273000,-273000,-273000,323907,779280,19468496,336293,63,0,224,22,126,0,448,44,0,0,0,0,1640,19443,402336,702,10390,14010,244760,2199,323907,779280,19468496,336293,15475008,836008,7183444,1.86,0.19,0.00,657270,357133,12687216,331027,,,,998400,998400,998400,998400,998400,998400,883200,883200,0,,,,,,0,,998563,1001943,279,4931,350,1,497000,4933000,6938000,0,411,4433000,Full,1200000000
1784669011.281647963,24319.48,48600,49400,50600,50200,49800,49400,49000,49400,49000,49200,48800,50400,51300,50400,50400,50800,50400,50400,49600,47300,48000,47300,47300,50900,47300,46900,45700,46100,46500,47300,56700,59000,57900,58300,51700,59400,59000,56000,56700,57500,57100,57500,56300,51200,48800,47900,47300,49600,46100,46100,46500,37000,0,0,37000,37233,49000,95000,0,35685,37000,31500,45076,95000,33064,0,34051,48300,32024,0,40476,0,42771,0,36103,37816,0,41734,48300,0,37039,0,37382,40607,42571,44417,44316,48687,43846,51400,42703,42165,50603,31500,3000,-273000,-273000,-273000,323907,779280,19468496,336293,63,0,224,22,126,0,448,44,0,0,0,0,1640,19443,402336,702,10390,14010,244760,2199,323907,779280,19468496,336293,15475008,845196,7192680,1.86,0.19,0.00,657270,357133,12687216,331027,,,,1228800,1228800,1228800,1228800,1228800,1228800,883200,883200,0,,,,,,0,,1000152,1001916,279,4931,350,1,494000,4932000,6938000,0,411,4433000,Full,1200000000
1784669011.576575984,24319.78,49800,50500,51000,51000,50600,50600,50200,51400,51400,50000,50000,50800,51700,51200,51200,51900,51200,51200,50400,48400,49600,47700,47700,51700,47300,46900,45700,46500,46500,47300,57100,59800,57500,58700,52100,59800,59000,56300,57500,58300,57100,57900,56700,51200,48800,49000,47700,49600,46500,46100,46500,37000,0,0,37000,37238,50200,95000,0,35685,37000,31500,45092,95000,33064,0,34051,49000,32029,0,40500,0,42764,0,36052,37863,0,41750,49000,0,37045,0,37400,40604,42589,44417,44182,48585,43913,51800,42736,42030,50569,31500,3000,-273000,-273000,-273000,323907,779280,19468496,336293,63,0,224,22,126,0,448,44,0,0,0,0,1640,19443,402336,702,10390,14010,244760,2199,323907,779280,19468496,336293,15475008,843980,7191432,1.86,0.19,0.00,657270,357133,12687216,331027,,,,1996800,1996800,1996800,1996800,1996800,1996800,883200,883200,0,,,,,,0,,1000152,1001916,279,4931,350,1,494000,4929000,6938000,0,411,4433000,Full,1200000000
1784669011.856688275,24320.06,49400,49800,51000,50600,50600,50200,50600,50200,49400,49600,50000,50800,52100,51200,50800,51500,50800,50800,50400,48400,49600,47700,47700,51300,47700,46900,45700,46500,46500,47300,57100,59400,57900,58700,51700,59400,59400,56000,56700,57900,57100,57900,56700,51500,48800,48700,47300,50000,46100,46500,46500,37000,0,0,37000,37257,49400,95000,0,35685,37000,31500,45110,95000,33064,0,34051,48700,32042,0,40497,0,42774,0,36086,37847,0,41774,48700,0,37054,0,37408,40645,42599,44518,44417,48619,43745,51800,42804,42131,50502,31500,3000,-273000,-273000,-273000,323907,779280,19468496,336293,63,0,224,22,126,0,448,44,0,0,0,0,1640,19443,402336,702,10390,14010,244760,2199,323907,779280,19468496,336293,15475008,840520,7188000,1.86,0.19,0.00,657270,357133,12687216,331027,,,,998400,998400,998400,1113600,1113600,1113600,883200,883200,0,,,,,,0,,1000152,1001916,279,4931,350,1,494000,4931000,6938000,0,411,4433000,Full,1200000000
1784669012.162687546,24320.36,49400,50200,51000,50600,49800,50600,51000,49800,49400,50400,50400,51200,52100,51500,51500,51900,51500,50800,50400,50000,51900,47700,47700,51300,47300,46900,45700,46500,46100,47300,57500,60600,58700,59400,52100,61000,59800,57500,57900,58300,57900,58300,57100,51200,49200,49000,47700,50000,46100,46100,46500,37000,0,0,37000,37281,50200,95000,0,35755,37000,31500,45122,95000,33201,0,34200,49000,32032,0,40473,0,42799,0,36103,37872,0,41795,51400,0,37032,0,37420,40651,42621,44383,44451,49056,44047,52200,43005,42097,50636,31500,3000,-273000,-273000,-273000,323907,779280,19468496,336293,63,0,224,22,126,0,448,44,0,0,0,0,1640,19443,402336,702,10390,14010,244760,2199,323907,779280,19468496,336293,15475008,835492,7182976,1.86,0.19,0.00,657270,357133,12687216,331027,,,,998400,998400,998400,998400,998400,998400,883200,883200,0,,,,,,0,,1000152,1001916,279,4931,350,1,494000,4936000,6938000,0,411,4433000,Full,1200000000
1784669012.474130098,24320.68,48600,49000,50200,50600,50200,49400,49400,50200,49800,49600,49600,50800,51300,50800,51200,51500,51200,51200,50400,47700,48800,47300,47700,51300,47300,46900,45700,46500,46500,47300,57500,59400,57900,59000,51700,59800,59000,56700,57500,58300,57100,57900,56700,51500,48800,47900,47700,50000,46100,46500,46900,37000,0,0,37000,37284,48700,95000,0,35755,37000,31500,45150,95000,33201,0,34200,48300,32045,0,40510,0,42809,0,36074,37878,0,41810,48300,0,37033,0,37462,40691,42626,44551,44316,48484,44047,51400,42669,42198,50535,31500,3000,-273000,-273000,-273000,323907,779280,19468496,336293,63,0,224,22,126,0,448,44,0,0,0,0,1640,19443,402336,702,10390,14010,244760,2199,323907,779280,19468496,336293,15475008,840540,7188000,1.88,0.16,0.00,657270,357133,12687216,331027,,,,1228800,1228800,1228800,1228800,1228800,1228800,883200,883200,0,,,,,,0,,998410,1001935,279,4931,350,1,494000,4935000,6936000,0,347,4438000,Full,1200000000
1784669012.871826660,24321.07,49000,49800,51000,50200,49800,50200,50200,49800,49400,50400,50800,51200,51300,51200,50800,51500,51200,50800,50400,50000,51900,47700,47700,51300,47300,46900,45700,46100,46500,46900,58700,61000,57900,60600,51700,61400,59000,57900,58700,57900,57100,57500,56700,51200,48800,48700,47700,49600,46100,46100,46500,37000,0,0,37000,37305,49400,95000,0,35755,37000,31500,45168,95000,33201,0,34200,48700,32056,0,40537,0,42827,0,36086,37895,0,41834,49000,0,37062,0,37471,40708,42652,44451,44282,48888,44081,51800,42904,42333,50400,31500,3000,-273000,-273000,-273000,323909,779294,19468624,336293,63,0,224,22,126,0,448,44,0,0,0,0,1640,19443,402336,702,10390,14010,244760,2199,323909,779294,19468624,336293,15475008,841764,7189216,1.88,0.16,0.00,657270,357133,12687280,331027,,,,1113600,1113600,1113600,1113600,1113600,1113600,883200,883200,0,,,,,,0,,998410,1001935,279,4931,350,1,494000,4933000,6936000,0,329,4438000,Full,1200000000
1784669013.185754681,24321.39,48600,49400,50200,50600,49400,49800,49800,49400,49000,48800,49200,50400,51300,50400,50400,51200,50400,50400,50000,47300,48000,47700,47300,50500,46900,47300,45700,46100,46500,47300,57100,59800,58300,58700,51700,60200,59000,56700,57500,57900,56700,57900,56700,51200,48800,48300,47700,50000,46100,46100,46500,37000,0,0,37000,37316,48700,95000,0,35755,37000,31500,45194,95000,33201,0,34200,47900,32053,0,40516,0,42852,0,36089,37898,0,41873,47900,0,37025,0,37471,40727,42662,44652,44350,48518,43947,51000,42804,42837,50502,31500,3000,-273000,-273000,-273000,323909,779294,19468624,336293,63,0,224,22,126,0,448,44,0,0,0,0,1640,19443,402336,702,10390,14010,244760,2199,323909,779294,19468624,336293,15475008,840880,7188336,1.88,0.16,0.00,657270,357133,12687280,331027,,,,787200,787200,787200,787200,787200,787200,883200,883200,0,,,,,,0,,998410,1001935,279,4931,350,1,494000,4933000,6936000,0,329,4438000,Full,1200000000
1784669013.504892025,24321.71,48600,49000,50200,50200,49800,49400,49400,49400,49000,48800,48400,50000,51300,50400,50800,51200,50400,50400,50000,46900,48000,47700,47700,50500,47300,46900,45700,46100,46500,46900,59000,61400,58300,60200,51300,61400,59400,58300,58700,58300,57100,57500,56300,51200,48800,47900,47700,49600,46100,46100,46500,37000,0,0,37000,37330,48700,95000,0,35755,37000,31500,45202,95000,33201,0,34200,48700,32072,0,40516,0,42862,0,36109,37924,0,41887,48700,0,37061,0,37477,40748,42680,44417,44249,48821,43879,51000,42736,42535,50569,31500,3000,-273000,-273000,-273000,323909,779294,19468624,336293,63,0,224,22,126,0,448,44,0,0,0,0,1640,19443,402336,702,10390,14010,244760,2199,323909,779294,19468624,336293,15475008,837588,7185048,1.88,0.16,0.00,657270,357133,12687280,331027,,,,1996800,1996800,1996800,1996800,1996800,1996800,883200,883200,0,,,,,,0,,1000347,1001899,279,4931,350,1,494000,4935000,6936000,0,329,4438000,Full,1200000000
1784669013.991515306,24322.19,49400,49400,50600,51000,50600,49800,49800,51000,50600,49200,48800,50400,51700,50400,50800,50800,50400,50400,50400,47300,48000,47700,47700,51700,47300,46900,45700,46100,46500,47300,58300,61000,58700,60200,52100,61400,59800,57900,59000,58300,57500,57900,56700,51500,48800,48700,48000,49600,46100,46100,46500,37000,0,0,37000,37349,49000,95000,0,35755,37000,31500,45239,95000,33201,0,34200,49400,32062,0,40540,0,42865,0,36092,37954,0,41897,49400,0,37028,0,37522,40798,42694,44820,44282,48821,43913,51800,42635,42535,50468,31500,3000,-273000,-273000,-273000,323911,779294,19469608,336294,63,0,224,22,126,0,448,44,0,0,0,0,1640,19443,402336,702,10390,14010,244760,2199,323911,779294,19469608,336294,15475008,838312,7185788,1.88,0.16,0.00,657270,357133,12687772,331027,,,,787200,787200,787200,787200,787200,787200,883200,883200,0,,,,,,0,,1000347,1001899,279,4931,350,1,494000,4931000,6936000,0,329,4438000,Full,1200000000
1784669014.300571868,24322.50,49400,50200,51400,50600,49800,50600,51400,50200,49400,50000,50800,50800,51300,51500,51500,51900,51500,50800,50400,50400,52300,47700,47700,51300,47300,47300,45700,46500,46500,47300,57500,59800,57900,58700,51700,59800,59000,56300,57500,57900,57500,57900,56700,51200,48800,49400,47700,49600,46100,46100,46900,37000,0,0,37000,37360,50600,95000,0,35755,37000,31500,45221,95000,33201,0,34200,49000,32077,0,40550,0,42908,0,36083,37970,0,41932,49000,0,37096,0,37506,40814,42720,44518,44350,48888,44182,51800,42904,42131,50569,31500,3000,-273000,-273000,-273000,323911,779294,19469608,336294,63,0,224,22,126,0,448,44,0,0,0,0,1640,19443,402336,702,10390,14010,244760,2199,323911,779294,19469608,336294,15475008,838484,7185960,1.72,0.13,0.00,657270,357133,12687772,331027,,,,1324800,1324800,1324800,1324800,1324800,1324800,2112000,2112000,0,,,,,,0,,1000609,1001921,279,4931,350,1,494000,4927000,6936000,0,329,4438000,Full,1200000000
1784669014.598171191,24322.80,49000,49400,50600,50600,49800,50200,50200,49800,49000,48800,48800,50000,51700,50400,50400,51200,50400,50800,50000,47300,48400,47700,47300,50900,47700,46900,45700,46100,46500,47300,57500,59800,58300,59000,51700,59800,59400,56700,57500,57900,57100,58300,56700,51500,48800,48300,47700,50000,46100,46500,46500,37000,0,0,37000,37381,49400,95000,0,35755,37000,31500,45225,95000,33201,0,34200,48300,32074,0,40576,0,42903,0,36086,37984,0,41950,48700,0,37053,0,37557,40798,42735,44350,44417,48821,44114,51800,42703,42904,50400,31500,3000,-273000,-273000,-273000,323911,779294,19469608,336294,63,0,224,22,126,0,448,44,0,0,0,0,1640,19443,402336,702,10390,14010,244760,2199,323911,779294,19469608,336294,15475008,842116,7189584,1.72,0.13,0.00,657270,357133,12687772,331027,,,,1228800,1228800,1228800,1228800,1228800,1228800,883200,883200,0,,,,,,0,,1000609,1001921,279,4931,350,1,494000,4928000,6936000,0,329,4438000,Full,1200000000
1784669014.891681608,24323.09,48600,49400,50200,50600,50200,49400,49000,50200,49800,48800,48800,50000,51300,50400,50400,51200,50400,50800,50000,46900,48000,47700,47300,50900,47300,46900,45700,46500,46500,47300,57500,59400,57900,59000,51300,59800,59400,56300,57100,57900,57100,57500,56300,51200,48800,47900,47700,49600,46100,46500,46500,37000,0,0,37000,37378,48700,95000,0,35755,37000,31500,45262,95000,33201,0,34200,48300,32069,0,40588,0,42921,0,36089,37987,0,41971,48300,0,37067,0,37560,40855,42741,44652,44551,48687,44081,51400,42736,42232,50367,31500,3000,-273000,-273000,-273000,323911,779294,19469608,336294,63,0,224,22,126,0,448,44,0,0,0,0,1640,19443,402336,702,10390,14010,244760,2199,323911,779294,19469608,336294,15475008,849064,7196516,1.72,0.13,0.00,657270,357133,12687772,331027,,,,1324800,1324800,1324800,1324800,1324800,1324800,883200,883200,0,,,,,,0,,1000609,1001921,279,4931,350,1,494000,4931000,6936000,0,329,4438000,Full,1200000000
1784669015.171839108,24323.37,51300,52100,53700,51800,51800,52200,51800,52200,52200,50400,50800,51500,52100,51900,51900,52300,51900,51500,51200,48800,50000,47700,47700,52500,47300,46900,46100,46100,46500,47700,57900,60600,58700,59800,52500,60600,59800,57100,57900,58300,57500,57900,57100,51200,49200,50200,47700,50000,46100,46100,47300,37000,0,0,37000,37394,51000,95000,0,35755,37000,31500,45273,95000,33201,0,34200,50600,32093,0,40618,0,42934,0,36074,37990,0,41966,52200,0,37044,0,37592,40850,42741,44551,44417,48922,44182,53700,43005,42333,50468,31500,3000,-273000,-273000,-273000,323911,779294,19469608,336294,63,0,224,22,126,0,448,44,0,0,0,0,1640,19443,402336,702,10390,14010,244760,2199,323911,779294,19469608,336294,15475008,842348,7189804,1.72,0.13,0.00,657270,357133,12687772,331027,,,,1785600,1785600,1785600,1785600,1785600,1785600,883200,883200,0,,,,,,0,,1000609,1001921,279,4931,350,1,494000,4929000,6936000,0,329,4438000,Full,1200000000
1784669015.452561503,24323.65,49400,49800,51000,51000,50200,50200,50200,50200,50200,49200,49200,50400,51700,50800,50800,51500,50800,50800,50400,47300,48000,47700,47700,51700,47300,46900,45700,46500,46500,47300,57900,59800,58700,59400,52100,60200,59400,56700,57900,58700,57500,58300,57100,51200,49200,48700,48000,50000,46500,46100,46900,37000,0,0,37000,37408,49000,95000,0,35755,37000,31500,45303,95000,33201,0,34200,48700,32096,0,40610,0,42942,0,36089,38010,0,41984,48700,0,37064,0,37629,40880,42748,44753,44551,48888,44216,51400,42904,42232,50400,31500,3000,-273000,-273000,-273000,323917,779294,19469760,336295,63,0,224,22,126,0,448,44,0,0,0,0,1640,19443,402336,702,10390,14010,244760,2199,323917,779294,19469760,336295,15475008,838564,7186028,1.72,0.13,0.00,657270,357133,12687848,331027,,,,998400,998400,998400,998400,998400,998400,883200,883200,0,,,,,,0,,998269,1001933,279,4931,350,1,494000,4932000,6936000,0,329,4438000,Full,1200000000
1784669015.757786920,24323.96,49800,50500,51000,51400,51000,51000,50600,51400,50600,50000,50000,51500,51700,51900,51900,52700,51900,52700,53500,47700,48800,48000,47700,51700,47300,46900,45700,46100,46500,47700,57500,59800,57900,59000,52100,60200,59400,56700,57500,58700,57500,57900,56700,51500,49200,49000,48000,50000,46500,46500,46900,37000,0,0,37000,37419,49800,95000,0,35755,37000,31500,45364,95000,33201,0,34200,49400,32098,0,40610,0,42955,0,36086,38017,0,41984,50200,0,37073,0,37611,40891,42755,44820,44383,48821,43947,52200,42635,42467,50367,31500,3000,-273000,-273000,-273000,323987,779294,19470680,336304,63,0,224,22,126,0,448,44,0,0,0,0,1640,19443,402336,702,10390,14010,244760,2199,323987,779294,19470680,336304,15475008,832280,7179744,1.72,0.13,0.00,657270,357134,12688308,331028,,,,1440000,1440000,1440000,1440000,1440000,1440000,883200,883200,0,,,,,,0,,998269,1001933,279,4931,350,1,494000,4935000,6936000,0,329,4438000,Full,1200000000
1784669016.050960253,24324.25,49800,49800,51000,51000,50600,50600,50200,50600,50200,49200,49600,50400,52100,50800,50800,51500,51200,51200,50400,47700,48400,47700,47700,51300,47700,46900,45700,46500,46500,47300,57900,60600,58700,59000,52100,60200,59800,56700,57900,58300,57500,58300,57100,51500,48800,48700,48000,49600,46500,46500,46900,37000,0,0,37000,37435,49800,95000,0,35755,37000,31500,45374,95000,33201,0,34200,49400,32093,0,40600,0,42958,0,36128,38029,0,42000,49000,0,37041,0,37629,40927,42769,44888,44484,48888,43913,51800,42804,42602,50300,31500,3000,-273000,-273000,-273000,323987,779294,19470680,336304,63,0,224,22,126,0,448,44,0,0,0,0,1640,19443,402336,702,10390,14010,244760,2199,323987,779294,19470680,336304,15475008,832068,7179560,1.72,0.13,0.00,657270,357134,12688308,331028,,,,1113600,1324800,1324800,1324800,1324800,1324800,883200,883200,0,,,,,,0,,998269,1001933,279,4931,350,1,494000,4931000,6936000,0,329,4438000,Full,1200000000
1784669016.352020617,24324.55,49000,49400,50600,50600,49800,50200,50200,49800,49800,48800,48800,50400,51700,50800,50800,51200,50400,50800,50400,47300,48000,48000,47700,51300,47300,47300,46100,46100,46900,47700,57500,59400,58300,58700,51700,59800,59400,56300,57100,57900,57500,57900,56700,51500,48800,48300,47700,50000,46100,46500,46500,37000,0,0,37000,37440,49000,95000,0,35755,37000,31500,45387,95000,33201,0,34200,48700,32104,0,40625,0,42980,0,36092,38017,0,42041,49000,0,37053,0,37623,40930,42797,44720,44350,48922,43846,51800,42736,41795,50367,31500,3000,-273000,-273000,-273000,323987,779294,19470680,336304,63,0,224,22,126,0,448,44,0,0,0,0,1640,19443,402336,702,10390,14010,244760,2199,323987,779294,19470680,336304,15475008,842424,7189828,1.77,0.10,0.00,657270,357134,12688308,331028,,,,1670400,1670400,1670400,1670400,1670400,1670400,883200,883200,0,,,,,,0,,998693,1001931,279,4931,350,1,494000,4931000,6936000,0,329,4438000,Full,1200000000
1784669016.629505149,24324.83,51300,52100,53300,51800,51400,52900,53300,52200,51800,53100,54300,53500,52900,53900,53100,53900,53100,52300,51900,53900,57400,47700,47700,52900,47700,47300,45700,46500,46500,47300,58300,60200,58700,59400,52900,60200,60200,57100,58700,58700,57900,58700,57500,51500,49200,51400,47700,50000,46500,46500,46900,37000,0,0,37000,37456,52900,95000,0,35755,37000,31500,45378,95000,33201,0,34200,50200,32089,0,40618,0,43008,0,36121,38066,0,42037,50600,0,37076,0,37658,40927,42804,44551,44551,49257,44216,53700,43375,42635,50367,31500,3000,-273000,-273000,-273000,323987,779294,19470680,336304,63,0,224,22,126,0,448,44,0,0,0,0,1640,19443,402336,702,10390,14010,244760,2199,323987,779294,19470680,336304,15475008,829192,7176624,1.77,0.10,0.00,657270,357134,12688308,331028,,,,1113600,1113600,1113600,1113600,1113600,1113600,883200,883200,0,,,,,,0,,998693,1001931,279,4931,350,1,494000,4932000,6936000,0,329,4438000,Full,1200000000
1784669017.112000305,24325.31,50500,50900,51800,51800,51400,51000,51000,51400,50600,50400,50000,51200,52900,51200,51500,51900,51900,51500,50800,48000,49200,48000,48000,52500,48000,47300,46100,46900,46900,47700,58300,60600,58700,59000,52900,60200,59800,57500,58300,59000,57900,58700,57500,51900,49600,49800,48000,50400,46900,46500,47300,37000,0,0,37000,37470,50600,95000,0,35904,37000,31500,45421,95000,33201,0,34376,50200,32089,0,40648,0,43033,0,36089,38076,0,42067,50200,0,37047,0,37665,40970,42832,44518,44383,49123,44585,52900,43207,42333,50266,31500,3000,-273000,-273000,-273000,323987,779294,19470680,336304,63,0,224,22,126,0,448,44,0,0,0,0,1640,19443,402336,702,10390,14010,244760,2199,323987,779294,19470680,336304,15475008,837296,7184808,1.77,0.10,0.00,657270,357134,12688308,331028,,,,1785600,1785600,1785600,1785600,1785600,1785600,883200,883200,0,,,,,,0,,998693,1001931,279,4931,350,1,494000,4932000,6936000,0,329,4438000,Full,1200000000
1784669017.390864159,24325.59,50200,50500,51800,52200,51400,51400,50600,51800,51000,51200,50800,52300,52900,53100,53100,53500,52700,52300,52300,48400,50000,48400,47700,52500,47700,47300,46100,46900,46900,48000,59000,61700,59400,61000,53200,61700,60600,58700,59800,59400,58300,58300,57900,51900,49600,49400,48000,50400,46900,46900,47700,37000,0,0,37000,37480,50600,95000,0,35904,37000,31500,45435,95000,33201,0,34376,50600,32107,0,40651,0,43040,0,36095,38096,0,42083,50200,0,37057,0,37686,40964,42852,44854,44652,49224,44619,52900,43106,42535,50199,31500,3000,-273000,-273000,-273000,323987,779294,19470680,336304,63,0,224,22,126,0,448,44,0,0,0,0,1640,19443,402336,702,10390,14010,244760,2199,323987,779294,19470680,336304,15475008,834440,7181964,1.77,0.10,0.00,657270,357134,12688308,331028,,,,1324800,1324800,1324800,1324800,1324800,1324800,883200,883200,0,,,,,,0,,997916,1001938,279,4931,350,1,494000,4932000,6936000,0,329,4438000,Full,1200000000
1784669017.683024211,24325.88,50500,50500,51800,51800,51000,51000,51000,51800,51000,50400,50000,51200,52500,51500,51500,52300,51900,51500,50800,48800,49200,48000,48000,52100,47700,46900,46100,46900,46900,48000,58300,61000,59000,60200,52900,61000,60200,57900,58700,59400,57900,58700,57900,51900,49600,49800,48000,50400,46900,46900,47300,37000,0,0,37000,37480,50200,95000,0,35904,37000,31500,45476,95000,33201,0,34376,49800,32113,0,40675,0,43060,0,36086,38072,0,42111,49400,0,37054,0,37686,40995,42873,44720,44451,49123,44518,52200,43173,43139,50132,31500,3000,-273000,-273000,-273000,323987,779294,19470680,336304,63,0,224,22,126,0,448,44,0,0,0,0,1640,19443,402336,702,10390,14010,244760,2199,323987,779294,19470680,336304,15475008,841932,7189404,1.77,0.10,0.00,657270,357134,12688308,331028,,,,1113600,1113600,1113600,1113600,1113600,1113600,883200,883200,0,,,,,,0,,997916,1001938,279,4931,350,1,494000,4929000,6936000,0,400,4436000,Full,1200000000
1784669018.003717909,24326.20,51700,52500,52900,52200,52200,52900,53700,52900,52600,51500,50800,52700,53200,52700,53100,53900,53100,52700,51900,49200,50400,48000,48000,53200,48000,47300,46100,46900,46900,47700,58700,61000,59400,60200,53200,61400,60600,57900,59000,59400,58700,59000,58300,51900,49200,51000,48000,50400,46900,46900,47300,37000,0,0,37000,37494,52900,95000,0,35904,37000,31600,45488,95000,33201,0,34376,51000,32120,0,40688,0,43093,0,36083,38102,0,42124,51400,0,37064,0,37728,41007,42886,44820,44619,49257,44484,53300,43173,42804,50300,31600,3000,-273000,-273000,-273000,323996,779299,19470792,336306,63,0,224,22,126,0,448,44,0,0,0,0,1640,19443,402336,702,10390,14010,244760,2199,323996,779299,19470792,336306,15475008,835128,7182616,1.77,0.10,0.00,657270,357134,12688364,331028,,,,1113600,1113600,1113600,1113600,1113600,1113600,883200,883200,0,,,,,,0,,997916,1001938,279,4931,350,1,494000,4931000,6936000,0,400,4436000,Full,1200000000
1784669018.291922492,24326.49,50900,50900,52200,52200,52200,51400,51400,52200,51800,50800,50800,51500,52900,51900,51900,52700,51900,51900,51200,49600,50400,48400,48000,52900,48000,47700,46500,46900,47300,48000,58300,60600,58700,59800,53200,60600,59800,57500,58700,59400,58300,58700,57900,51900,49600,49800,48000,50400,46900,46900,47300,37000,0,0,37000,37497,50600,95000,0,35904,37000,31600,45518,95000,33201,0,34376,51000,32107,0,40700,0,43093,0,36103,38102,0,42140,50600,0,37056,0,37722,41041,42914,44820,44686,49291,44619,53300,43274,42837,50233,31600,3000,-273000,-273000,-273000,323996,779299,19470792,336306,63,0,224,22,126,0,448,44,0,0,0,0,1640,19443,402336,702,10390,14010,244760,2199,323996,779299,19470792,336306,15475008,850348,7197844,1.77,0.10,0.00,657270,357134,12688364,331028,,,,1555200,1555200,1555200,1555200,1555200,1555200,883200,883200,0,,,,,,0,,1000451,1001931,279,4931,350,1,494000,4931000,6936000,0,400,4436000,Full,1200000000
1784669018.588190617,24326.79,49400,50200,51400,51400,51000,50600,51000,51000,50200,50000,50000,51200,52900,51200,51200,51900,51500,51500,50800,48000,48800,48000,48000,52100,48000,47700,46500,47300,46900,48000,57900,60200,58700,59400,52900,60200,59800,56700,57900,58300,57900,58300,57500,51900,49600,48700,48400,50400,46900,46500,46900,37000,0,0,37000,37511,49400,95000,0,35904,37000,31600,45543,95000,33201,0,34376,49000,32122,0,40708,0,43138,0,36035,38131,0,42153,49800,0,37050,0,37747,41061,42942,44820,44619,49090,44282,52600,43207,43207,50132,31600,3000,-273000,-273000,-273000,323996,779299,19470792,336306,63,0,224,22,126,0,448,44,0,0,0,0,1640,19443,402336,702,10390,14010,244760,2199,323996,779299,19470792,336306,15475008,848644,7196140,1.81,0.08,0.00,657270,357134,12688364,331028,,,,1555200,1555200,1555200,1555200,1555200,1555200,883200,883200,0,,,,,,0,,1000451,1001931,279,4931,350,1,494000,4929000,6936000,0,400,4436000,Full,1200000000
1784669018.876100044,24327.08,49800,50200,51000,51400,51000,50200,50200,51000,50600,51200,50800,52300,52500,52300,52300,53100,52700,52300,51900,48400,49600,48000,48000,51700,47700,47700,46500,46900,46900,47700,58300,60200,58700,59400,52500,60200,59800,57500,58300,59000,58300,58700,57900,52300,49600,49000,48000,50400,46900,46900,47300,37000,0,0,37000,37529,49800,95000,0,35904,37000,31600,45570,95000,33201,0,34376,49000,32139,0,40715,0,43158,0,36086,38144,0,42178,49000,0,37108,0,37743,41069,42967,44652,44652,49224,44484,51800,43173,42736,50031,31600,3000,-273000,-273000,-273000,323996,779299,19470792,336306,63,0,224,22,126,0,448,44,0,0,0,0,1640,19443,402336,702,10390,14010,244760,2199,323996,779299,19470792,336306,15475008,849368,7196852,1.81,0.08,0.00,657270,357134,12688364,331028,,,,998400,998400,998400,998400,998400,998400,883200,883200,0,,,,,,0,,1000451,1001931,279,4931,350,1,494000,4929000,6936000,0,400,4436000,Full,1200000000
1784669019.182700825,24327.38,49400,50200,51000,51000,50600,50200,50600,50200,49800,50000,49600,50800,52100,51200,51200,51500,51500,51200,50800,48000,49200,48000,48000,51300,48000,47300,46100,46900,46900,48000,58700,61400,58300,61000,52100,61700,59800,58300,59400,58700,57900,58700,57500,51900,49600,48700,48000,50800,46900,46500,46900,37000,0,0,37000,37545,49400,95000,0,35904,37000,31600,45586,95000,33201,0,34376,48700,32113,0,40761,0,43181,0,36058,38131,0,42165,49000,0,37068,0,37813,41089,42981,44955,44652,49291,44451,51800,43106,42971,50300,31600,3000,-273000,-273000,-273000,323996,779299,19470792,336306,63,0,224,22,126,0,448,44,0,0,0,0,1640,19443,402336,702,10390,14010,244760,2199,323996,779299,19470792,336306,15475008,845828,7193312,1.81,0.08,0.00,657270,357134,12688364,331028,,,,998400,998400,998400,998400,998400,998400,883200,883200,0,,,,,,0,,1000451,1001931,279,4931,350,1,494000,4935000,6936000,0,400,4436000,Full,1200000000
1784669019.492253012,24327.69,49400,50200,51400,51000,50600,50600,50600,50200,49400,50400,50000,51900,52100,51500,51900,52300,51900,51900,51500,48000,49200,48000,48000,51700,47700,47300,46100,46500,46900,47700,59400,61700,59400,60600,52500,62100,60600,57900,58700,59000,57900,58700,57500,51500,49600,48700,48400,50400,46500,46900,47300,37000,0,0,37000,37542,49400,95000,0,35904,37000,31600,45556,95000,33201,0,34376,49000,32137,0,40765,0,43181,0,36092,38131,0,42190,49400,0,37054,0,37787,41072,42991,45089,44753,49426,44383,52200,43207,43106,50300,31600,3000,-273000,-273000,-273000,323996,779299,19470792,336306,63,0,224,22,126,0,448,44,0,0,0,0,1640,19443,402336,702,10390,14010,244760,2199,323996,779299,19470792,336306,15475008,845472,7192968,1.81,0.08,0.00,657270,357134,12688364,331028,,,,1113600,1113600,1113600,1113600,1113600,1113600,883200,883200,0,,,,,,0,,1000171,1001916,279,4931,350,1,494000,4936000,6936000,0,400,4436000,Full,1200000000
1784669019.796118220,24328.00,49000,49400,50600,50600,50200,49800,50200,49800,49000,49600,49200,50800,51700,50800,51200,51500,51200,51200,50400,47700,48400,48000,48000,51700,48000,47300,46100,46900,46900,48000,58300,60200,58700,59400,52100,60600,59800,57100,57900,58700,57900,58700,57100,51900,49600,48700,48400,50000,46500,46500,46900,37000,0,0,37000,37559,49400,95000,0,35904,37000,31600,45600,95000,33201,0,34376,48700,32128,0,40811,0,43219,0,36118,38141,0,42207,48300,0,37065,0,37793,41120,43006,44787,44619,49257,44282,52200,43139,42804,50334,31600,3000,-273000,-273000,-273000,323996,779299,19470792,336306,63,0,224,22,126,0,448,44,0,0,0,0,1640,19443,402336,702,10390,14010,244760,2199,323996,779299,19470792,336306,15475008,841896,7189416,1.81,0.08,0.00,657270,357134,12688364,331028,,,,1996800,1996800,1996800,1996800,1996800,1996800,883200,883200,0,,,,,,0,,1000171,1001916,279,4931,350,1,494000,4936000,6936000,0,400,4436000,Full,1200000000
1784669020.302496658,24328.50,49800,49800,51000,51400,51000,50600,50600,50200,49400,50800,50400,51900,52100,52300,52300,53100,52300,51900,51500,48400,49200,48000,48000,51700,48000,47300,46100,46900,46900,48000,57900,60600,58700,59400,52500,60600,59800,57100,58300,58700,57900,58300,57500,51900,49600,48700,48400,50400,46900,46900,47300,37000,0,0,37000,37579,49400,95000,0,35904,37000,31600,45634,95000,33201,0,34376,49000,32134,0,40790,0,43228,0,36121,38167,0,42237,49000,0,37030,0,37835,41107,43009,44820,44820,49325,44216,51800,43308,43274,50199,31600,3000,-273000,-273000,-273000,323996,779299,19470792,336306,63,0,224,22,126,0,448,44,0,0,0,0,1640,19443,402336,702,10390,14010,244760,2199,323996,779299,19470792,336306,15475008,844788,7192304,1.85,0.07,0.00,657270,357134,12688364,331028,,,,1228800,1228800,1228800,1228800,1228800,1228800,883200,883200,0,,,,,,0,,998687,1001945,279,4931,350,1,494000,4939000,6936000,0,400,4436000,Full,1200000000
1784669020.612296033,24328.81,49400,49800,50600,51000,50600,50200,49800,50600,49800,49600,49600,50400,52100,50800,51500,51500,51200,51200,50800,47700,48800,48000,48000,51700,48000,47300,46100,46900,46900,47700,58700,61000,59000,60200,52500,61400,60200,57500,58300,58700,57900,58700,57500,51900,49600,48300,48000,50400,46900,46500,47300,37000,0,0,37000,37586,49000,95000,0,35904,37000,31600,45657,95000,33201,0,34376,48700,32149,0,40814,0,43249,0,36071,38170,0,42237,48700,0,37059,0,37828,41135,43038,44989,44787,49359,44383,51800,43173,42904,50199,31600,3000,-273000,-273000,-273000,324013,779299,19471352,336310,63,0,224,22,126,0,448,44,0,0,0,0,1640,19443,402336,702,10390,14010,244760,2199,324013,779299,19471352,336310,15475008,847584,7195088,1.85,0.07,0.00,657270,357134,12688644,331028,,,,998400,998400,998400,998400,998400,998400,883200,883200,0,,,,,,0,,998687,1001945,279,4931,350,1,494000,4937000,6936000,0,400,4436000,Full,1200000000
1784669020.928054730,24329.13,50200,50200,51400,51400,50600,50600,51000,50600,51000,50800,50400,51900,52100,51900,52300,52700,51900,51900,51900,47700,49200,48400,48000,52100,47700,47300,46100,46900,47300,48000,58300,61000,59000,59800,52500,60600,60600,57500,58300,58700,58300,58700,57500,51500,49600,49000,48000,50000,46500,46500,46900,37000,0,0,37000,37593,50200,95000,0,35904,37000,31600,45667,95000,33201,0,34376,49400,32166,0,40834,0,43281,0,36071,38190,0,42262,49000,0,37059,0,37847,41155,43045,45022,44652,49325,44484,52200,43207,43173,50065,31600,3000,-273000,-273000,-273000,324013,779299,19471352,336310,63,0,224,22,126,0,448,44,0,0,0,0,1640,19443,402336,702,10390,14010,244760,2199,324013,779299,19471352,336310,15475008,844824,7192328,1.85,0.07,0.00,657270,357134,12688644,331028,,,,883200,883200,883200,883200,883200,883200,883200,883200,0,,,,,,0,,998687,1001945,279,4931,350,1,494000,4937000,6936000,0,400,4436000,Full,1200000000
1784669021.243010199,24329.44,49400,49800,51000,51000,50600,49800,49800,50600,50200,49600,49200,50800,52100,50800,51200,51900,51200,51200,50400,47700,48800,48000,48000,51700,47700,47700,46100,46900,47300,47700,59000,61700,58300,61000,52100,62100,59800,58300,59400,58300,57900,58300,57100,51900,49200,47900,48000,50400,46900,46500,47300,37000,0,0,37000,37606,49000,95000,0,35904,37000,31600,45711,95000,33201,0,34376,48700,32158,0,40850,0,43310,0,36064,38203,0,42297,48700,0,37080,0,37869,41189,43071,45089,44888,49359,44350,51400,43106,43005,49997,31600,3000,-273000,-273000,-273000,324013,779299,19471352,336310,63,0,224,22,126,0,448,44,0,0,0,0,1640,19443,402336,702,10390,14010,244760,2199,324013,779299,19471352,336310,15475008,850248,7197784,1.85,0.07,0.00,657270,357134,12688644,331028,,,,998400,998400,998400,1113600,1113600,1113600,883200,883200,0,,,,,,0,,998687,1001945,279,4931,350,1,494000,4932000,6936000,0,400,4436000,Full,1200000000
1784669021.546017647,24329.75,49800,50500,51000,51400,51000,50600,51000,51000,50600,50000,50000,51500,52500,51500,51900,52300,51900,51900,52300,47700,49200,48000,48000,52100,47700,47300,46100,46900,46500,47700,58300,61000,59400,59800,52500,61400,60200,57500,58300,59000,58300,58700,57500,51900,49200,49400,48400,50400,46900,46500,46900,37000,0,0,37000,37617,49800,95000,0,35904,37000,31600,45694,95000,33201,0,34376,49800,32161,0,40867,0,43278,0,36035,38220,0,42328,51000,0,37077,0,37866,41194,43104,45056,44921,49392,44484,52200,43207,42669,50065,31600,3000,-273000,-273000,-273000,324013,779299,19471352,336310,63,0,224,22,126,0,448,44,0,0,0,0,1640,19443,402336,702,10390,14010,244760,2199,324013,779299,19471352,336310,15475008,844876,7192400,1.85,0.07,0.00,657270,357134,12688644,331028,,,,1996800,1996800,1996800,1996800,1996800,1996800,2438400,2438400,0,,,,,,0,,1000134,1001907,279,4931,350,1,494000,4929000,6936000,0,400,4436000,Full,1200000000
1784669021.821459417,24330.02,49800,49800,51400,51000,50600,50200,50200,50200,49400,51200,50800,52300,52500,52700,52700,53100,53100,52300,51900,48800,50000,48000,48000,51700,48000,47300,46100,46900,47300,48400,57900,60200,58700,59000,52500,60200,59800,57100,57900,58700,57900,58700,57500,51900,49600,48700,48400,50400,46900,46500,47300,37000,0,0,37000,37620,49400,95000,0,35904,37000,31600,45711,95000,33201,0,34376,49000,32173,0,40864,0,43288,0,36109,38220,0,42325,48700,0,37094,0,37898,41163,43093,44989,44753,49325,44182,51800,43173,42770,50065,31600,3000,-273000,-273000,-273000,324013,779299,19471352,336310,63,0,224,22,126,0,448,44,0,0,0,0,1640,19443,402336,702,10390,14010,244760,2199,324013,779299,19471352,336310,15475008,842344,7189876,1.85,0.07,0.00,657270,357134,12688644,331028,,,,998400,998400,998400,998400,998400,998400,883200,883200,0,,,,,,0,,1000134,1001907,279,4931,350,1,494000,4927000,6936000,0,400,4436000,Full,1200000000
1784669022.131363584,24330.33,49000,49800,50600,51000,50600,49800,49400,49800,49400,49600,49600,50800,52100,51200,51200,51900,51200,51500,50800,47700,48800,48000,48000,51700,47700,47700,46500,46900,46900,47700,59000,61400,59400,60600,52100,61700,60600,57900,58700,59000,57900,58300,57500,51900,49200,48300,48000,50400,46900,46900,46900,37000,0,0,37000,37638,49000,95000,0,36078,37000,31600,45715,95000,33468,0,34549,48700,32173,0,40880,0,43297,0,36100,38226,0,42348,48700,0,37061,0,37922,41225,43113,45089,44921,49392,44282,51800,43005,43308,49997,31600,3000,-273000,-273000,-273000,324013,779299,19471352,336310,63,0,224,22,126,0,448,44,0,0,0,0,1640,19443,402336,702,10390,14010,244760,2199,324013,779299,19471352,336310,15475008,843788,7191312,1.85,0.07,0.00,657270,357134,12688644,331028,,,,998400,998400,998400,998400,998400,998400,883200,883200,0,,,,,,0,,1000134,1001907,279,4931,350,1,494000,4929000,6936000,0,400,4436000,Full,1200000000
1784669022.439660459,24330.64,49400,49800,51000,51400,50600,50200,50200,50600,49800,50400,50000,51500,52100,51900,52300,52700,52300,52300,51500,47700,48800,48000,48000,51700,48000,47300,46100,46900,47300,48000,58700,61000,59000,60200,52500,61400,60600,57500,58700,58700,58300,59000,57900,51900,49600,49000,48400,50800,46900,46500,46900,37000,0,0,37000,37647,49800,95000,0,36078,37000,31600,45724,95000,33468,0,34549,48700,32158,0,40841,0,43329,0,36074,38238,0,42362,49000,0,37074,0,37904,41238,43127,45089,44820,49493,44383,51800,43173,43308,50098,31600,3000,-273000,-273000,-273000,324013,779299,19471352,336310,63,0,224,22,126,0,448,44,0,0,0,0,1640,19443,402336,702,10390,14010,244760,2199,324013,779299,19471352,336310,15475008,848256,7195768,1.87,0.05,0.00,657270,357134,12688644,331028,,,,1228800,1228800,1228800,1228800,1228800,1228800,883200,883200,0,,,,,,0,,1000410,1001918,279,4931,350,1,494000,4928000,6936000,0,400,4436000,Full,1200000000
1784669022.743444782,24330.94,49000,49400,50600,51000,50200,49800,49400,50200,49800,49600,49600,50800,52100,51200,51200,51900,51500,51200,50800,47700,48400,48000,48000,51300,47700,47300,46100,46900,46900,48000,58300,60600,59000,59800,52500,60600,59800,57100,57900,58700,58300,58700,57100,52300,49600,47900,48400,50000,46900,46500,46900,37000,0,0,37000,37660,48700,95000,0,36078,37000,31600,45757,95000,33468,0,34549,48300,32185,0,40874,0,43346,0,36112,38307,0,42355,49000,0,37064,0,37918,41251,43139,45190,44888,49493,44350,51800,42938,42703,49930,31600,3000,-273000,-273000,-273000,324013,779299,19471352,336310,63,0,224,22,126,0,448,44,0,0,0,0,1640,19443,402336,702,10390,14010,244760,2199,324013,779299,19471352,336310,15475008,846484,7193988,1.87,0.05,0.00,657270,357134,12688644,331028,,,,998400,998400,998400,998400,998400,998400,883200,883200,0,,,,,,0,,1000410,1001918,279,4931,350,1,494000,4927000,6934000,0,330,4438000,Full,1200000000
1784669023.112212438,24331.31,49000,49800,51400,51000,50600,50600,50600,50600,50200,50800,50400,52700,52100,52700,53100,53500,53500,52700,52700,47700,49200,48000,48000,51300,48000,47300,46100,46500,46500,48000,59800,62100,59000,61400,52500,62500,60200,58700,60200,59000,57900,59000,57500,51900,49600,48300,48000,50000,46500,46500,46900,37000,0,0,37000,37678,49400,95000,0,36078,37000,31700,45768,95000,33468,0,34549,49000,32203,0,40897,0,43353,0,36061,38284,0,42395,50200,0,37053,0,37924,41260,43148,45022,44720,49627,44484,52600,43308,42837,49964,31700,3000,-273000,-273000,-273000,324013,779299,19471352,336310,63,0,224,22,126,0,448,44,0,0,0,0,1640,19443,402336,702,10390,14010,244760,2199,324013,779299,19471352,336310,15475008,842968,7190476,1.87,0.05,0.00,657270,357134,12688644,331028,,,,1996800,1996800,1996800,1996800,1996800,1996800,883200,883200,0,,,,,,0,,1000410,1001918,400,4926,350,1,494000,4929000,6934000,0,327,4438000,Full,1200000000
1784669023.592808740,24331.79,49400,49800,51400,51400,50600,50200,49800,50600,49800,49600,49600,50800,52100,51200,51500,51900,51500,51200,50800,48000,49200,48400,48000,51700,48000,47700,46100,46900,46900,47700,58700,61000,58300,60600,52500,61000,59400,57900,58700,58700,58300,58700,57500,51900,49600,49000,48000,50400,46900,46900,47300,37000,0,0,37000,37678,49800,95000,0,36078,37000,31700,45805,95000,33468,0,34549,49000,32176,0,40910,0,43325,0,36092,38301,0,42413,49000,0,37099,0,37984,41276,43166,45089,44787,49526,44451,51800,43274,43073,49930,31700,3000,-273000,-273000,-273000,324013,779299,19471352,336310,63,0,224,22,126,0,448,44,0,0,0,0,1640,19443,402336,702,10390,14010,244760,2199,324013,779299,19471352,336310,15475008,845832,7193368,1.87,0.05,0.00,657270,357134,12688644,331028,,,,1113600,1113600,1113600,1113600,1113600,1113600,883200,883200,0,,,,,,0,,998667,1001942,400,4926,350,1,494000,4931000,6934000,0,327,4438000,Full,1200000000
1784669023.904331917,24332.11,49800,50500,51400,51400,51000,50600,51000,51000,51000,51200,51200,52300,52500,52300,52700,53100,52700,51900,51500,49200,50000,48000,48000,52100,47700,47300,46100,46900,46900,47700,60600,62900,59400,62100,53200,63300,60600,59800,60600,59400,58300,59000,57900,51900,49600,49400,48000,50400,46900,46500,47300,37000,0,0,37000,37703,49800,95000,0,36078,37000,31700,45801,95000,33468,0,34549,49400,32193,0,40930,0,43397,0,36035,38305,0,42438,49400,0,37047,0,37981,41321,43184,44989,44820,49695,44350,52200,43375,43173,49863,31700,3000,-273000,-273000,-273000,324016,779299,19471440,336310,63,0,224,22,126,0,448,44,0,0,0,0,1640,19443,402336,702,10390,14010,244760,2199,324016,779299,19471440,336310,15475008,841760,7189332,1.87,0.05,0.00,657270,357134,12688688,331028,,,,1228800,1228800,1228800,1228800,1228800,1228800,883200,883200,0,,,,,,0,,998667,1001942,400,4926,350,1,494000,4927000,6934000,0,327,4438000,Full,1200000000
1784669024.211045771,24332.41,49800,49800,51000,51400,50600,50200,49800,51000,50600,50400,50000,51200,52500,51200,51500,51900,51200,51500,50800,48000,48800,48400,48400,51700,48000,47300,46100,46500,46900,47700,58300,61000,59000,60200,52500,61000,60600,57500,58700,59000,57900,59000,57500,52300,49600,48700,48400,50400,46500,46900,47300,37000,0,0,37000,37703,49000,95000,0,36078,37000,31700,45842,95000,33468,0,34549,49000,32203,0,40927,0,43397,0,36095,38340,0,42440,48700,0,37048,0,38013,41328,43197,45089,44854,49728,44383,52200,43308,43409,49796,31700,3000,-273000,-273000,-273000,324016,779299,19471440,336310,63,0,224,22,126,0,448,44,0,0,0,0,1640,19443,402336,702,10390,14010,244760,2199,324016,779299,19471440,336310,15475008,847152,7194724,1.87,0.05,0.00,657270,357134,12688688,331028,,,,787200,787200,787200,787200,787200,787200,883200,883200,0,,,,,,0,,998667,1001942,400,4926,350,1,494000,4923000,6934000,0,327,4438000,Full,1200000000
1784669024.522655198,24332.72,49800,50200,51400,51400,51000,50600,50600,51000,50600,50000,49600,50800,52500,51200,51200,51500,51200,51200,50800,48000,48800,48000,48000,52100,47700,47700,46100,46900,46900,48000,58300,60600,58700,59400,52500,60200,59800,57100,57900,58700,58300,58700,57500,52300,49600,49000,48000,50400,46900,46500,47300,37000,0,0,37000,37708,49800,95000,0,36078,37000,31700,45842,95000,33468,0,34549,49000,32190,0,40934,0,43417,0,36055,38366,0,42443,49000,0,37048,0,38010,41331,43204,44921,44854,49560,44216,52600,43240,43375,49896,31700,3000,-273000,-273000,-273000,324016,779299,19471440,336310,63,0,224,22,126,0,448,44,0,0,0,0,1640,19443,402336,702,10390,14010,244760,2199,324016,779299,19471440,336310,15475008,846844,7194412,1.89,0.04,0.00,657270,357134,12688688,331028,,,,1113600,1113600,1113600,1113600,1113600,1113600,2438400,2438400,0,,,,,,0,,999800,1002095,400,4926,350,1,494000,4927000,6934000,0,327,4438000,Full,1200000000
1784669024.815507854,24333.02,50500,51300,51800,51000,51000,51400,52200,51000,50200,50000,50400,51200,52500,51500,51500,51900,51500,51500,51200,48000,48800,48000,48000,52100,48000,47700,46100,46900,47300,48000,58700,61000,59400,60200,52500,61000,60200,57500,58700,59000,58300,58700,57900,51900,49600,49800,48000,50400,46900,46900,47300,37000,0,0,37000,37719,50600,95000,0,36078,37000,31700,45861,95000,33468,0,34549,49000,32220,0,40957,0,43397,0,36035,38330,0,42465,49400,0,37084,0,38023,41331,43216,45325,44787,49896,44518,52600,43207,43005,49930,31700,3000,-273000,-273000,-273000,324016,779299,19471440,336310,63,0,224,22,126,0,448,44,0,0,0,0,1640,19443,402336,702,10390,14010,244760,2199,324016,779299,19471440,336310,15475008,842392,7189936,1.89,0.04,0.00,657270,357134,12688688,331028,,,,1900800,1900800,1900800,1900800,1900800,1900800,883200,883200,0,,,,,,0,,999800,1002095,400,4926,350,1,494000,4924000,6934000,0,327,4438000,Full,1200000000
1784669025.089479052,24333.29,49800,50200,51400,51800,51000,51000,51000,50600,50200,50400,50400,51200,52500,51500,51500,52300,51500,51500,50800,48400,49600,48000,48400,52100,48000,47700,46500,46900,46900,47700,59000,61400,59400,60600,52500,61700,61000,57900,59000,59000,58300,59000,57900,51900,50000,49000,48400,50400,46900,46900,47300,37000,0,0,37000,37737,49400,95000,0,36078,37000,31700,45865,95000,33468,0,34549,49400,32208,0,40967,0,43446,0,36109,38337,0,42490,49000,0,37056,0,38029,41359,43226,45459,44955,49695,44619,52200,43240,43274,49796,31700,3000,-273000,-273000,-273000,324016,779299,19471440,336310,63,0,224,22,126,0,448,44,0,0,0,0,1640,19443,402336,702,10390,14010,244760,2199,324016,779299,19471440,336310,15475008,843628,7191180,1.89,0.04,0.00,657270,357134,12688688,331028,,,,883200,883200,883200,883200,883200,883200,883200,883200,0,,,,,,0,,999800,1002095,400,4926,350,1,494000,4929000,6934000,0,327,4438000,Full,1200000000
1784669025.400791812,24333.60,50200,50500,51800,51400,51000,50600,50600,51000,50200,50800,50800,51500,52500,52300,51900,52300,52300,51900,51200,49600,50000,48000,48400,52500,48000,47300,46500,46900,46900,47700,59000,61000,59400,60200,52900,61700,61000,58300,58700,59000,58700,59000,57900,51900,50000,49800,48400,50800,46900,46900,47700,37000,0,0,37000,37737,50200,95000,0,36078,37000,31700,45848,95000,33468,0,34549,49400,32211,0,40948,0,43458,0,36083,38360,0,42472,49400,0,37059,0,38032,41366,43230,45224,45156,49728,44518,52200,43341,42904,49997,31700,3000,-273000,-273000,-273000,324016,779299,19471440,336310,63,0,224,22,126,0,448,44,0,0,0,0,1640,19443,402336,702,10390,14010,244760,2199,324016,779299,19471440,336310,15475008,851932,7199428,1.89,0.04,0.00,657270,357134,12688688,331028,,,,1113600,1113600,1113600,1113600,1113600,1113600,883200,883200,0,,,,,,0,,1000405,1001917,400,4926,350,1,494000,4927000,6934000,0,327,4438000,Full,1200000000
1784669025.704357072,24333.91,49400,50200,51000,51400,50600,50600,49800,50200,49800,50000,49600,50800,52500,51200,51500,51900,51200,51500,50800,47700,48800,48000,48400,51700,48000,47700,46500,46900,46900,48000,58300,60600,59000,59800,52500,61000,60200,57500,58300,58700,58300,58700,57900,52300,49600,49000,48400,50800,46900,47300,47300,37000,0,0,37000,37756,49400,95000,0,36078,37000,31700,45882,95000,33468,0,34549,49000,32203,0,40989,0,43461,0,36092,38352,0,42496,49000,0,37065,0,38052,41393,43252,45359,45123,49695,44350,51800,43476,43139,49997,31700,3000,-273000,-273000,-273000,324026,779299,19471600,336312,63,0,224,22,126,0,448,44,0,0,0,0,1640,19443,402336,702,10390,14010,244760,2199,324026,779299,19471600,336312,15475008,848136,7195648,1.89,0.04,0.00,657270,357134,12688768,331028,,,,1113600,1113600,1113600,1113600,1113600,1324800,883200,883200,0,,,,,,0,,1000405,1001917,400,4926,350,1,494000,4931000,6934000,0,327,4438000,Full,1200000000
1784669026.004975093,24334.21,49800,50200,51000,51000,50600,50200,50200,51400,51000,49600,49600,51200,52100,51200,51200,51900,51500,51200,50800,47700,48800,48000,48000,51700,48000,47700,46100,46900,46900,48000,58300,60600,59000,59400,52500,60600,60200,57500,58300,58700,57900,58700,57500,51900,50000,48700,48400,50800,46900,46900,47300,37000,0,0,37000,37756,49400,95000,0,36078,37000,31700,45912,95000,33468,0,34549,49400,32230,0,40979,0,43454,0,36074,38366,0,42516,50600,0,37088,0,38079,41376,43250,45190,44955,49829,44585,51800,43341,42703,49762,31700,3000,-273000,-273000,-273000,324026,779299,19471600,336312,63,0,224,22,126,0,448,44,0,0,0,0,1640,19443,402336,702,10390,14010,244760,2199,324026,779299,19471600,336312,15475008,842880,7190400,1.89,0.04,0.00,657270,357134,12688768,331028,,,,998400,998400,998400,998400,998400,998400,2438400,2438400,0,,,,,,0,,1000405,1001917,400,4926,350,1,494000,4927000,6934000,0,327,4438000,Full,1200000000
1784669026.294460874,24334.50,49800,50500,51400,51400,50600,51000,51400,50600,49800,50400,50800,51500,52100,51900,51900,52700,51500,51500,51500,48800,50000,48000,48000,51700,48000,47300,46100,46900,46900,48000,58700,61000,59000,60600,52500,61000,60600,57900,58700,59400,58300,59000,57500,52300,49600,49400,48400,50400,46900,46900,47300,37000,0,0,37000,37767,49800,95000,0,36078,37000,31700,45935,95000,33468,0,34549,49000,32235,0,40985,0,43487,0,36112,38385,0,42541,49000,0,37108,0,38091,41415,43269,44820,45022,49594,44383,52200,43207,42971,49762,31700,3000,-273000,-273000,-273000,324026,779299,19471600,336312,63,0,224,22,126,0,448,44,0,0,0,0,1640,19443,402336,702,10390,14010,244760,2199,324026,779299,19471600,336312,15475008,843956,7191512,1.89,0.04,0.00,657270,357134,12688768,331028,,,,787200,787200,787200,787200,787200,787200,883200,883200,0,,,,,,0,,998404,1001952,400,4926,360,1,494000,4927000,6934000,0,327,4438000,Full,1200000000
1784669026.791663999,24334.99,50200,50500,51800,51000,50600,50600,51000,50600,49800,50800,51200,51500,52500,52300,51500,52300,51500,51500,50800,50000,52300,48000,48000,52100,48400,47700,46500,46900,46900,47700,58300,61000,59000,59800,52500,61000,60200,57500,58300,59000,58300,58700,57900,51900,49600,49400,48400,50800,46900,46900,47300,37000,0,0,37000,37780,51000,95000,0,36078,37000,31700,45891,95000,33468,0,34549,49400,32235,0,41020,0,43519,0,36103,38408,0,42555,49400,0,37088,0,38102,41455,43283,45190,45190,49695,44383,52600,43543,42703,49728,31700,3000,-273000,-273000,-273000,324026,779299,19471600,336312,63,0,224,22,126,0,448,44,0,0,0,0,1640,19443,402336,702,10390,14010,244760,2199,324026,779299,19471600,336312,15475008,847960,7195492,1.73,0.03,0.00,657270,357134,12688768,331028,,,,1324800,1324800,1324800,1324800,1324800,1324800,883200,883200,0,,,,,,0,,998404,1001952,400,4926,360,1,494000,4932000,6934000,0,327,4438000,Full,1200000000
1784669027.104897228,24335.31,49400,50200,51400,51400,50600,50600,51000,50200,49800,49600,49600,51200,52100,51200,51500,51900,51500,51500,50800,47700,49200,48400,48400,51700,47700,47700,46500,47300,47300,48000,58700,60600,59000,59800,52500,61000,60600,57100,58700,59000,58700,59000,57900,51900,49600,48700,48000,50400,46900,46900,47300,37000,0,0,37000,37787,49800,95000,0,36285,37000,31700,45968,95000,33630,0,34776,49800,32232,0,41038,0,43529,0,36055,38408,0,42564,49400,0,37091,0,38108,41446,43300,45291,45123,49695,44484,52200,43341,43543,49863,31700,3000,-273000,-273000,-273000,324031,779299,19471632,336312,63,0,224,22,126,0,448,44,0,0,0,0,1640,19443,402336,702,10390,14010,244760,2199,324031,779299,19471632,336312,15475008,843844,7191428,1.73,0.03,0.00,657270,357134,12688784,331028,,,,1113600,1113600,1113600,1113600,1113600,1113600,883200,883200,0,,,,,,0,,998404,1001952,400,4926,360,1,494000,4931000,6934000,0,327,4438000,Full,1200000000
1784669027.408085040,24335.61,49400,49800,51000,51000,51000,50200,49800,50600,50600,49600,49600,51200,52500,51200,51200,51900,51200,51500,50800,48000,48800,48400,48000,51700,47700,47700,46500,46900,47300,48000,59400,61400,59000,60600,52100,62100,60200,58700,59800,58700,57900,59000,57500,52300,49600,49000,48000,51200,46900,46900,47300,37000,0,0,37000,37811,49400,95000,0,36285,37000,31700,45968,95000,33630,0,34776,48700,32259,0,41092,0,43511,0,36092,38414,0,42571,48700,0,37080,0,38131,41468,43315,45123,45056,49796,44484,52200,43274,43139,49896,31700,3000,-273000,-273000,-273000,324031,779299,19471632,336312,63,0,224,22,126,0,448,44,0,0,0,0,1640,19443,402336,702,10390,14010,244760,2199,324031,779299,19471632,336312,15475008,843512,7191072,1.73,0.03,0.00,657270,357134,12688784,331028,,,,998400,998400,998400,998400,998400,998400,883200,883200,0,,,,,,0,,999977,1001948,400,4926,360,1,494000,4931000,6934000,0,327,4438000,Full,1200000000
1784669027.716304936,24335.92,49800,49800,51400,51000,51000,50200,49800,50600,51000,50800,50800,51900,52100,51900,51900,52300,51900,51900,51500,49200,50000,48400,48000,52100,48000,47700,46500,46900,47300,48000,57500,59800,58700,59400,52500,60200,59800,57100,57900,58700,58300,58700,57500,51900,49600,49000,48400,50800,46900,46900,47300,37000,0,0,37000,37817,50200,95000,0,36285,37000,31700,45968,95000,33630,0,34776,49400,32238,0,41120,0,43546,0,36080,38421,0,42593,49400,0,37074,0,38167,41480,43312,45257,45123,49964,44484,52200,43274,43173,49829,31700,3000,-273000,-273000,-273000,324031,779299,19471632,336312,63,0,224,22,126,0,448,44,0,0,0,0,1640,19443,402336,702,10390,14010,244760,2199,324031,779299,19471632,336312,15475008,838316,7185928,1.73,0.03,0.00,657270,357134,12688784,331028,,,,883200,883200,883200,883200,883200,883200,883200,883200,0,,,,,,0,,999977,1001948,400,4926,360,1,494000,4931000,6934000,0,327,4438000,Full,1200000000
1784669028.028929103,24336.23,49800,50200,51000,51400,50600,50600,50200,50600,50200,50000,50000,51200,52100,51200,51200,51900,51500,51500,50800,48000,48800,48000,48400,51700,48000,47700,46500,46900,46900,48000,59000,61000,59000,60600,52100,61000,60600,57900,58700,59000,58300,59000,57500,51900,49600,49000,48000,50800,46900,46900,47300,37000,0,0,37000,37820,50200,95000,0,36285,37000,31700,46024,95000,33630,0,34776,49000,32246,0,41158,0,43546,0,36149,38440,0,42598,49000,0,37103,0,38170,41499,43337,45257,45056,49728,44417,51800,43308,43039,49661,31700,3000,-273000,-273000,-273000,324031,779299,19471632,336312,63,0,224,22,126,0,448,44,0,0,0,0,1640,19443,402336,702,10390,14010,244760,2199,324031,779299,19471632,336312,15475008,848668,7196280,1.73,0.03,0.00,657270,357134,12688784,331028,,,,1113600,1113600,1113600,1113600,1113600,1113600,883200,883200,0,,,,,,0,,999977,1001948,400,4926,360,1,494000,4931000,6934000,0,340,4437000,Full,1200000000
1784669028.352040196,24336.55,51300,51700,52900,52600,51800,52200,52200,51800,51400,51200,51500,51900,53200,52700,52300,53100,52700,51900,51900,50000,51200,48400,48400,52900,48000,47700,46500,46900,47300,48000,58700,61000,59400,60200,53600,61400,60200,57900,58700,59400,58700,59000,57900,52300,49600,51000,48400,50800,46900,47300,47700,37000,0,0,37000,37835,51400,95000,0,36285,37000,31700,46024,95000,33630,0,34776,50200,32265,0,41120,0,43568,0,36118,38443,0,42614,50200,0,37088,0,38134,41462,43344,45359,45190,49661,44720,52900,43644,43106,49661,31700,3000,-273000,-273000,-273000,324031,779299,19471632,336312,63,0,224,22,126,0,448,44,0,0,0,0,1640,19443,402336,702,10390,14010,244760,2199,324031,779299,19471632,336312,15475008,851616,7199172,1.78,0.03,0.00,657270,357134,12688784,331028,,,,1228800,1228800,1228800,1228800,1228800,1228800,883200,883200,0,,,,,,0,,1000061,1001908,400,4926,360,1,494000,4929000,6934000,0,340,4437000,Full,1200000000
1784669028.656893529,24336.86,50200,50500,51400,51800,51000,51000,50600,50600,49800,50000,50000,51200,52500,51500,51500,51900,51200,51200,51500,48000,48800,48400,48400,52500,48000,47700,46500,46900,47300,48000,58700,61000,59000,59800,52900,60600,60200,56700,58300,59000,58300,59000,57900,52300,49600,49800,48400,50800,47300,46900,47300,37000,0,0,37000,37838,50200,95000,0,36285,37000,31700,46032,95000,33630,0,34776,49400,32246,0,41135,0,43597,0,36118,38477,0,42629,49400,0,37062,0,38167,41538,43337,45291,45156,50065,44619,52600,43409,43207,49762,31700,3000,-273000,-273000,-273000,324031,779299,19471632,336312,63,0,224,22,126,0,448,44,0,0,0,0,1640,19443,402336,702,10390,14010,244760,2199,324031,779299,19471632,336312,15475008,845588,7193156,1.78,0.03,0.00,657270,357134,12688784,331028,,,,998400,998400,998400,998400,998400,998400,883200,883200,0,,,,,,0,,1000061,1001908,400,4926,360,1,494000,4929000,6934000,0,340,4437000,Full,1200000000
1784669028.968656186,24337.17,49800,50500,51400,51000,51000,50600,51000,51000,51000,50000,50000,51500,52500,51200,51500,51900,51500,51500,51200,48400,50000,48400,48400,51700,48400,48000,46500,46900,46900,47700,58700,61400,59400,61000,52500,61700,60600,58300,59000,59400,58700,59000,57900,52300,49600,49000,48400,50800,46900,46900,47300,37000,0,0,37000,37844,50200,95000,0,36285,37000,31700,46024,95000,33630,0,34776,49400,32256,0,41148,0,43600,0,36083,38457,0,42636,49400,0,37059,0,38176,41530,43376,45560,45056,49627,44619,52600,43476,43240,49829,31700,3000,-273000,-273000,-273000,324031,779299,19471632,336312,63,0,224,22,126,0,448,44,0,0,0,0,1640,19443,402336,702,10390,14010,244760,2199,324031,779299,19471632,336312,15475008,839100,7186732,1.78,0.03,0.00,657270,357134,12688784,331028,,,,998400,998400,998400,998400,998400,998400,2438400,2438400,0,,,,,,0,,1000061,1001908,400,4926,360,1,494000,4932000,6934000,0,340,4437000,Full,1200000000
1784669029.272217644,24337.47,50200,50500,51400,51400,51000,51000,50600,51000,51000,51200,51200,51900,52500,51900,51900,52700,52300,51900,51500,49600,50000,48400,48400,52100,48000,47700,46500,47300,47300,48000,61000,63700,59800,62100,52900,64100,61000,60200,61000,59800,58300,59000,57900,52300,49600,49400,48400,50800,46900,46900,48000,37000,0,0,37000,37859,50600,95000,0,36285,37000,31700,46068,95000,33630,0,34776,49800,32265,0,41163,0,43619,0,36134,38486,0,42639,49400,0,37071,0,38193,41535,43373,45359,45190,49896,44484,52600,43409,43139,49796,31700,3000,-273000,-273000,-273000,324031,779299,19471632,336312,63,0,224,22,126,0,448,44,0,0,0,0,1640,19443,402336,702,10390,14010,244760,2199,324031,779299,19471632,336312,15475008,847944,7195556,1.78,0.03,0.00,657270,357134,12688784,331028,,,,787200,787200,787200,787200,787200,787200,883200,883200,0,,,,,,0,,999024,1001949,400,4926,360,1,494000,4932000,6934000,0,340,4437000,Full,1200000000
1784669029.580473946,24337.78,50200,50500,51400,51400,51000,50600,51000,51400,50600,50000,50000,51200,52500,51200,51500,51900,51500,51900,51200,48000,49200,48800,48400,52100,48000,47700,46100,46900,47300,48000,58700,61000,59400,60600,52900,61700,60600,57900,59000,59400,58700,59000,57900,52300,49600,49400,48400,50800,46500,46900,47300,37000,0,0,37000,37872,49800,95000,0,36285,37000,31700,46099,95000,33630,0,34776,49400,32276,0,41163,0,43622,0,36083,38489,0,42664,49000,0,37053,0,38217,41558,43383,45425,45123,49796,44686,52600,43375,43778,49896,31700,3000,-273000,-273000,-273000,324031,779299,19471632,336312,63,0,224,22,126,0,448,44,0,0,0,0,1640,19443,402336,702,10390,14010,244760,2199,324031,779299,19471632,336312,15475008,848048,7195620,1.78,0.03,0.00,657270,357134,12688784,331028,,,,787200,787200,787200,787200,787200,787200,2438400,2438400,0,,,,,,0,,999024,1001949,400,4926,360,1,494000,4924000,6934000,0,340,4437000,Full,1200000000
1784669030.074077748,24338.28,49800,50200,51000,51400,50600,50600,50200,50600,49800,51500,51200,52300,52500,52700,52700,53100,52700,52300,51900,49200,50400,48400,48400,52100,48000,47700,46900,46900,47300,48400,60600,63300,59800,62100,52900,63700,61400,60200,60600,60200,58700,59400,57900,52700,50000,49400,48400,50800,46900,46900,47300,37000,0,0,37000,37881,50200,95000,0,36285,37000,31700,46088,95000,33630,0,34776,49400,32265,0,41194,0,43612,0,36143,38483,0,42680,49000,0,37106,0,38229,41558,43419,45459,45190,49796,44720,52600,43476,43173,49695,31700,3000,-273000,-273000,-273000,324031,779299,19471632,336312,63,0,224,22,126,0,448,44,0,0,0,0,1640,19443,402336,702,10390,14010,244760,2199,324031,779299,19471632,336312,15475008,850160,7197752,1.78,0.03,0.00,657270,357134,12688784,331028,,,,1113600,1113600,1113600,1113600,1113600,1113600,883200,883200,0,,,,,,0,,999024,1001949,400,4926,360,1,494000,4932000,6934000,0,340,4437000,Full,1200000000
1784669030.383590039,24338.59,49800,49800,51000,51000,51000,50200,49800,51000,50200,50000,49600,51200,52500,51200,51500,51900,51500,51500,51200,48000,48800,48400,48400,52100,48400,48000,46500,47300,47300,48000,58700,61400,59400,60600,52900,61400,61000,57900,58700,59400,58700,59000,57900,52300,50000,48700,48800,50800,46900,46900,47300,37000,0,0,37000,37897,49000,95000,0,36285,37000,31700,46095,95000,33630,0,34776,49000,32291,0,41189,0,43622,0,36121,38512,0,42694,49000,0,37096,0,38235,41566,43422,45257,45123,50031,44282,52200,43375,43106,49627,31700,3000,-273000,-273000,-273000,324031,779299,19471632,336312,63,0,224,22,126,0,448,44,0,0,0,0,1640,19443,402336,702,10390,14010,244760,2199,324031,779299,19471632,336312,15475008,844924,7192580,1.64,0.02,0.00,657270,357134,12688784,331028,,,,1228800,1228800,1228800,1228800,1228800,1228800,883200,883200,0,,,,,,0,,1000335,1001938,400,4926,360,1,494000,4929000,6934000,0,340,4437000,Full,1200000000
1784669030.689454727,24338.89,49800,50200,51400,51400,51000,50200,50200,51000,49800,50400,50400,51500,52500,51900,51900,52700,52300,51900,51200,48400,50000,48400,48400,52500,48000,47700,46500,46900,47300,48000,59000,61400,59800,60600,52500,61400,61000,57900,59000,59800,58700,59000,57900,52300,49600,49400,48400,50800,46900,46900,47700,37000,0,0,37000,37900,50200,95000,0,36285,37000,31700,46113,95000,33630,0,34776,49400,32300,0,41176,0,43644,0,36121,38501,0,42697,49000,0,37115,0,38264,41600,43448,45359,45190,50165,44518,52600,43509,43207,49728,31700,3000,-273000,-273000,-273000,324038,779299,19471744,336315,63,0,224,22,126,0,448,44,0,0,0,0,1640,19443,402336,702,10390,14010,244760,2199,324038,779299,19471744,336315,15475008,848528,7196200,1.64,0.02,0.00,657270,357134,12688840,331028,,,,1324800,1324800,1324800,1324800,1324800,1324800,883200,883200,0,,,,,,0,,1000335,1001938,400,4926,360,1,494000,4924000,6934000,0,340,4437000,Full,1200000000
1784669030.993262279,24339.19,49800,49800,51000,51000,51000,50200,50200,50600,49400,50000,50000,51500,52100,51200,51900,51900,51900,51500,51200,48000,48800,48400,48400,52100,48000,48000,46500,46900,47300,48000,58700,61000,59000,60200,52500,61400,60600,57500,58700,59400,58700,59400,57900,52300,50000,48700,48400,50800,47300,46900,47700,37000,0,0,37000,37920,49800,95000,0,36285,37000,31700,46133,95000,33630,0,34776,49000,32300,0,41170,0,43648,0,36128,38512,0,42718,49000,0,37129,0,38255,41616,43451,45325,45190,49896,44652,52200,43409,43341,49661,31700,3000,-273000,-273000,-273000,324038,779299,19471744,336315,63,0,224,22,126,0,448,44,0,0,0,0,1640,19443,402336,702,10390,14010,244760,2199,324038,779299,19471744,336315,15475008,850884,7198532,1.64,0.02,0.00,657270,357134,12688840,331028,,,,1113600,1113600,1113600,1113600,1113600,1113600,883200,883200,0,,,,,,0,,1000335,1001938,400,4926,360,1,494000,4929000,6934000,0,340,4437000,Full,1200000000
1784669031.302889101,24339.50,49800,50500,51800,51400,50600,51400,51400,50600,49800,50800,51500,51900,52500,51900,51900,52300,51900,51500,50800,50000,52300,48400,48400,52100,48000,48000,46500,47300,47300,48000,58300,61000,59000,59800,52500,61000,60600,57100,57900,59000,58300,59000,57900,52300,50000,49400,48400,50800,46900,46900,47300,37000,0,0,37000,37928,50600,95000,0,36285,37000,31700,46169,95000,33630,0,34776,49400,32294,0,41217,0,43693,0,36112,38524,0,42728,49000,0,37077,0,38287,41600,43461,45459,45257,49695,44551,52600,43476,43610,49661,31700,3000,-273000,-273000,-273000,324038,779299,19471744,336315,63,0,224,22,126,0,448,44,0,0,0,0,1640,19443,402336,702,10390,14010,244760,2199,324038,779299,19471744,336315,15475008,846768,7194420,1.64,0.02,0.00,657270,357134,12688840,331028,,,,1996800,1996800,1996800,1996800,1996800,1996800,2438400,2438400,0,,,,,,0,,1000113,1001924,400,4926,360,1,494000,4932000,6934000,0,340,4437000,Full,1200000000
1784669031.578463216,24339.78,50900,51700,52200,51800,51400,51800,51800,52200,52200,50400,50400,51500,52900,51900,51500,52300,51900,51900,51200,48800,49600,48800,48800,52900,48000,47700,46500,46900,47300,48000,59000,61700,59000,61000,53200,62100,60200,59000,60200,59000,58700,59000,57900,52300,50000,50200,48800,50800,46900,46900,47700,37000,0,0,37000,37938,51000,95000,0,36285,37000,31700,46176,95000,33630,0,34776,51400,32291,0,41194,0,43704,0,36064,38538,0,42725,50600,0,37086,0,38278,41613,43483,45425,45156,50233,44753,53300,43409,43442,49796,31700,3000,-273000,-273000,-273000,324038,779299,19471744,336315,63,0,224,22,126,0,448,44,0,0,0,0,1640,19443,402336,702,10390,14010,244760,2199,324038,779299,19471744,336315,15475008,844300,7191968,1.64,0.02,0.00,657270,357134,12688840,331028,,,,1996800,1996800,1996800,1996800,1996800,1996800,883200,883200,0,,,,,,0,,1000113,1001924,400,4926,360,1,494000,4932000,6934000,0,340,4437000,Full,1200000000
1784669031.851383580,24340.05,49800,50500,51400,51400,51000,51000,51000,51000,50200,50400,50000,51200,52500,51500,51500,52300,51900,51500,51200,48400,48800,48800,48000,52100,48000,47700,46500,46900,46900,48000,58700,61000,59400,60600,52500,61400,60600,57500,58700,59000,58700,59400,58300,52300,50000,49000,48800,51200,46900,47300,47300,37000,0,0,37000,37945,49800,95000,0,36285,37000,31700,46179,95000,33630,0,34776,49800,32315,0,41225,0,43729,0,36118,38550,0,42748,49800,0,37088,0,38291,41631,43479,45560,45190,49896,44753,52600,43409,43476,49695,31700,3000,-273000,-273000,-273000,324038,779299,19471744,336315,63,0,224,22,126,0,448,44,0,0,0,0,1640,19443,402336,702,10390,14010,244760,2199,324038,779299,19471744,336315,15475008,854868,7202452,1.64,0.02,0.00,657270,357134,12688840,331028,,,,1324800,1324800,1324800,1324800,1324800,1324800,883200,883200,0,,,,,,0,,1000113,1001924,400,4926,360,1,494000,4932000,6934000,0,340,4437000,Full,1200000000
1784669032.165711236,24340.37,49800,50500,51800,51800,51000,51000,51400,51000,50200,50800,51200,51500,52500,51900,52300,52700,51900,51500,51200,48800,50400,48400,48400,52500,48400,47700,46500,47300,46900,48000,58700,61000,59400,60600,52900,61400,60600,57900,58700,59400,58700,59000,58300,52300,50000,49400,48400,50400,47300,46900,47700,37000,0,0,37000,37956,50600,95000,0,36393,37000,31700,46199,95000,33734,0,34915,49800,32326,0,41251,0,43700,0,36083,38573,0,42755,49400,0,37076,0,38317,41622,43485,45627,45190,49661,44585,52600,43476,43341,49695,31700,3000,-273000,-273000,-273000,324038,779299,19471744,336315,63,0,224,22,126,0,448,44,0,0,0,0,1640,19443,402336,702,10390,14010,244760,2199,324038,779299,19471744,336315,15475008,853724,7201312,1.64,0.02,0.00,657270,357134,12688840,331028,,,,998400,998400,998400,1113600,1113600,1113600,883200,883200,0,,,,,,0,,1000113,1001924,400,4926,360,1,494000,4929000,6934000,0,340,4437000,Full,1200000000
1784669032.476410351,24340.68,49800,50200,51000,51400,50600,50200,50200,51000,51000,50400,50400,51500,52100,51900,51900,52300,51900,51500,51200,48400,49200,48400,48400,52100,48400,48000,46500,46900,47300,48400,60600,63300,59400,61700,52900,63300,60600,60200,60600,59400,58300,59000,57900,52300,49600,49000,48800,50800,46900,46900,47300,37000,0,0,37000,37961,49800,95000,0,36393,37000,31700,46210,95000,33734,0,34915,49400,32315,0,41256,0,43740,0,36128,38573,0,42786,49400,0,37088,0,38317,41671,43507,45459,45123,50031,44619,52200,43476,43409,49594,31700,3000,-273000,-273000,-273000,324038,779299,19471744,336315,63,0,224,22,126,0,448,44,0,0,0,0,1640,19443,402336,702,10390,14010,244760,2199,324038,779299,19471744,336315,15475008,851224,7198812,1.70,0.02,0.00,657270,357134,12688840,331028,,,,1113600,1113600,1113600,1113600,1113600,1113600,883200,883200,0,,,,,,0,,998596,1001940,400,4926,360,1,494000,4932000,6934000,0,340,4437000,Full,1200000000
1784669032.781597330,24340.98,50200,50500,51400,51400,51000,51000,51400,51000,50600,50000,49600,51200,52500,51200,51200,51900,51500,51500,50800,47700,48800,48400,48400,52100,48000,47700,46500,46900,47300,48000,59800,62100,59800,61700,52900,62500,61400,58700,59400,60200,58300,59400,58300,52300,50000,49400,48800,50800,46900,47300,47300,37000,0,0,37000,37975,50200,95000,0,36393,37000,31700,46234,95000,33734,0,34915,49800,32336,0,41291,0,43764,0,36095,38593,0,42797,49800,0,37115,0,38314,41681,43529,45627,45325,50233,44551,52900,43409,42870,49594,31700,3000,-273000,-273000,-273000,324038,779299,19471744,336315,63,0,224,22,126,0,448,44,0,0,0,0,1640,19443,402336,702,10390,14010,244760,2199,324038,779299,19471744,336315,15475008,852564,7200164,1.70,0.02,0.00,657270,357134,12688840,331028,,,,1900800,1900800,1900800,1900800,1900800,1900800,883200,883200,0,,,,,,0,,998596,1001940,400,4926,360,1,494000,4928000,6932000,0,360,4440000,Full,1200000000
1784669033.368816705,24341.57,49800,50200,51400,51400,51400,50600,50200,51400,51000,50400,50000,51500,52500,51500,51900,51900,51900,51500,51500,48400,49200,48800,48400,52500,48000,48000,46900,46900,47300,48000,58700,61000,59400,60200,52900,61000,60600,57100,57900,59400,58700,59400,57500,52300,50000,48700,48800,50800,46900,47300,47700,37000,0,0,37000,37989,49400,95000,0,36393,37000,31800,46269,95000,33734,0,34915,49400,32324,0,41282,0,43772,0,36149,38611,0,42819,49800,0,37086,0,38355,41692,43529,45694,45190,50165,44854,52600,43476,43274,49460,31800,3000,-273000,-273000,-273000,324038,779299,19471744,336315,63,0,224,22,126,0,448,44,0,0,0,0,1640,19443,402336,702,10390,14010,244760,2199,324038,779299,19471744,336315,15475008,849020,7196676,1.70,0.02,0.00,657270,357134,12688840,331028,,,,1228800,1228800,1228800,1228800,1228800,1228800,883200,883200,0,,,,,,0,,1000571,1001911,400,4926,360,1,494000,4929000,6932000,0,360,4440000,Full,1200000000
1784669033.675940559,24341.88,50200,50200,51800,51800,51000,50600,50600,51000,50200,51500,51200,52700,52900,52700,53100,53500,53100,52700,52300,48400,50000,48400,48800,52100,48400,48000,46900,47300,47300,48400,58700,61400,59800,60200,53200,61400,60600,57900,58700,59400,59000,59400,58300,52700,50000,48700,48800,51200,47300,47300,47300,37000,0,0,37000,37999,49800,95000,0,36393,37000,31800,46266,95000,33734,0,34915,49800,32333,0,41304,0,43754,0,36115,38619,0,42832,49400,0,37138,0,38366,41705,43545,45359,45392,50266,44686,52600,43711,43711,49426,31800,3000,-273000,-273000,-273000,324038,779299,19471744,336315,63,0,224,22,126,0,448,44,0,0,0,0,1640,19443,402336,702,10390,14010,244760,2199,324038,779299,19471744,336315,15475008,849596,7197232,1.70,0.02,0.00,657270,357134,12688840,331028,,,,998400,998400,998400,998400,998400,998400,883200,883200,0,,,,,,0,,1000571,1001911,400,4926,360,1,494000,4931000,6932000,0,360,4440000,Full,1200000000
1784669033.993633111,24342.20,49400,50200,51400,51400,51000,50200,50200,51000,50600,50400,50000,51500,52500,51500,51900,52300,51500,51900,51200,48000,49200,48800,48400,52500,48400,47700,46500,47300,47300,48400,59800,62100,60200,61400,52900,62500,61700,58700,59000,59800,58700,59400,58300,52700,50000,49000,48800,50800,46900,47300,47700,37000,0,0,37000,37999,49800,95000,0,36393,37000,31800,46287,95000,33734,0,34915,49400,32318,0,41341,0,43789,0,36143,38628,0,42820,49000,0,37080,0,38404,41723,43567,45392,45392,50199,44720,52600,43644,43139,49661,31800,3000,-273000,-273000,-273000,324038,779299,19471744,336315,63,0,224,22,126,0,448,44,0,0,0,0,1640,19443,402336,702,10390,14010,244760,2199,324038,779299,19471744,336315,15475008,846072,7193708,1.70,0.02,0.00,657270,357134,12688840,331028,,,,1113600,1113600,1113600,1113600,1113600,1113600,883200,883200,0,,,,,,0,,1000571,1001911,400,4926,360,1,494000,4931000,6932000,0,360,4440000,Full,1200000000
1784669034.304468423,24342.51,49800,50200,51800,51800,51400,50600,50600,51400,51000,51200,50800,53100,52900,53100,53500,53500,53100,53500,54300,48400,49200,48800,48800,52500,48400,48000,46500,47300,47700,48000,59400,61400,59400,61000,52900,61700,61000,57900,59000,59400,58700,59400,57900,52300,50400,49000,48400,50800,46900,46900,47700,37000,0,0,37000,38013,49800,95000,0,36393,37000,31800,46287,95000,33734,0,34915,49400,32347,0,41319,0,43814,0,36112,38657,0,42848,49400,0,37118,0,38395,41745,43563,45560,45392,50266,44585,52900,43543,43509,49560,31800,3000,-273000,-273000,-273000,324038,779299,19471744,336315,63,0,224,22,126,0,448,44,0,0,0,0,1640,19443,402336,702,10390,14010,244760,2199,324038,779299,19471744,336315,15475008,844200,7191864,1.70,0.02,0.00,657270,357134,12688840,331028,,,,1228800,1228800,1228800,1228800,1228800,1228800,1862400,1862400,0,,,,,,0,,1000716,1001900,400,4926,360,1,494000,4933000,6932000,0,360,4440000,Full,1200000000
1784669034.597957277,24342.80,49800,50500,51800,51800,51400,50600,50600,50600,50200,51200,50800,52700,52900,52700,52700,53500,52700,52700,52300,48400,50000,48800,48800,52500,48400,48000,46500,47300,47700,48400,61000,63300,60200,62900,53200,63700,61000,60200,61000,59400,58700,59000,58300,52300,50000,49400,48800,50800,46900,47300,47300,37000,0,0,37000,38023,49800,95000,0,36393,37000,31800,46322,95000,33734,0,34915,49400,32333,0,41328,0,43800,0,36121,38637,0,42845,49400,0,37077,0,38404,41742,43585,45359,45359,50098,44820,52200,43745,43610,49493,31800,3000,-273000,-273000,-273000,324038,779299,19471744,336315,63,0,224,22,126,0,448,44,0,0,0,0,1640,19443,402336,702,10390,14010,244760,2199,324038,779299,19471744,336315,15475008,850892,7198548,1.76,0.01,0.00,657270,357134,12688840,331028,,,,787200,787200,787200,787200,787200,787200,883200,883200,0,,,,,,0,,1000716,1001900,400,4926,360,1,494000,4931000,6932000,0,360,4440000,Full,1200000000
1784669034.905589829,24343.11,50900,51300,51800,52200,51400,51800,52200,51400,51400,50000,50000,51200,52900,51500,51500,52300,51900,51900,51200,48000,49200,48800,48400,52500,48400,47700,46500,47300,47300,48400,59400,62500,60200,61700,52900,62900,61400,58700,59400,59800,59000,59400,58300,52700,50000,49400,48800,51200,46900,47300,47300,37000,0,0,37000,38038,50200,95000,0,36393,37000,31800,46311,95000,33734,0,34915,51000,32345,0,41325,0,43836,0,36109,38634,0,42881,51000,0,37113,0,38395,41753,43622,45829,45291,50199,44720,52900,43745,43509,49526,31800,3000,-273000,-273000,-273000,324038,779299,19471744,336315,63,0,224,22,126,0,448,44,0,0,0,0,1640,19443,402336,702,10390,14010,244760,2199,324038,779299,19471744,336315,15475008,844844,7192500,1.76,0.01,0.00,657270,357134,12688840,331028,,,,1900800,1900800,1900800,1900800,1900800,1900800,883200,883200,0,,,,,,0,,1000716,1001900,400,4926,360,1,494000,4932000,6932000,0,360,4440000,Full,1200000000
1784669035.181963892,24343.38,50500,50900,52200,52200,51800,51400,51000,51400,50600,51500,51500,52700,53200,53100,53100,53900,53500,53100,53100,48800,50000,48800,48800,52500,48800,48000,46500,47700,47700,48400,59000,61700,60200,60600,53200,61700,61400,58300,59000,59800,59000,60200,58300,52700,50000,49800,48800,51200,47300,47300,48000,37000,0,0,37000,38052,50600,95000,0,36393,37000,31800,46326,95000,33734,0,34915,49800,32353,0,41359,0,43846,0,36089,38657,0,42894,49800,0,37131,0,38392,41753,43616,45526,45459,50468,44787,52600,43644,43375,49594,31800,3000,-273000,-273000,-273000,324038,779299,19471744,336315,63,0,224,22,126,0,448,44,0,0,0,0,1640,19443,402336,702,10390,14010,244760,2199,324038,779299,19471744,336315,15475008,843652,7191336,1.76,0.01,0.00,657270,357134,12688840,331028,,,,1113600,1113600,1113600,1113600,1113600,1113600,883200,883200,0,,,,,,0,,1000716,1001900,400,4926,360,1,494000,4928000,6932000,0,360,4440000,Full,1200000000
1784669035.493455298,24343.69,49800,50500,51800,51800,51400,51400,51000,50600,50200,50400,50000,51500,52900,51900,51900,52300,51900,52300,51500,48400,49200,48800,48800,52100,48400,48000,46900,47300,47700,48400,58300,60600,59400,60200,52900,61000,60600,57500,58300,59400,58700,59800,57900,52700,50400,49000,48800,51200,47300,47300,47700,37000,0,0,37000,38055,50200,95000,0,36393,37000,31800,46369,95000,33734,0,34915,49400,32347,0,41353,0,43843,0,36032,38672,0,42912,49400,0,37102,0,38425,41773,43626,45661,45325,50165,44787,52600,43745,43005,49460,31800,3000,-273000,-273000,-273000,324042,779299,19471776,336315,63,0,224,22,126,0,448,44,0,0,0,0,1640,19443,402336,702,10390,14010,244760,2199,324042,779299,19471776,336315,15475008,838416,7186056,1.76,0.01,0.00,657270,357134,12688856,331028,,,,998400,998400,998400,998400,998400,998400,883200,883200,0,,,,,,0,,999046,1001927,400,4926,360,1,494000,4927000,6932000,0,360,4440000,Full,1200000000
1784669035.802064464,24344.00,50500,50900,51800,51800,51400,51400,52600,51000,50600,50000,50000,51500,52900,51900,51900,52300,51900,51900,51500,48000,49200,48400,48800,52500,48400,48000,46900,47300,47300,48400,61400,64100,60200,63700,52900,64500,61400,60600,61700,59800,58700,59400,58700,52300,50000,49400,48800,50800,46900,47300,47700,37000,0,0,37000,38058,50200,95000,0,36393,37000,31800,46384,95000,33734,0,34915,50200,32347,0,41341,0,43888,0,36077,38677,0,42908,49800,0,37096,0,38440,41784,43650,45359,45459,50132,44585,52600,43476,43409,49493,31800,3000,-273000,-273000,-273000,324045,779299,19471856,336316,63,0,224,22,126,0,448,44,0,0,0,0,1640,19443,402336,702,10390,14010,244760,2199,324045,779299,19471856,336316,15475008,839180,7186836,1.76,0.01,0.00,657270,357134,12688896,331028,,,,1113600,1113600,1113600,1113600,1113600,1113600,2438400,2438400,0,,,,,,0,,999046,1001927,400,4926,360,1,494000,4928000,6932000,0,360,4440000,Full,1200000000
1784669036.093719672,24344.30,49800,50500,51800,51800,51000,51000,50600,51000,50200,51500,50800,52700,52900,53100,53500,53900,53100,53100,52700,48800,50000,48800,48800,52500,48400,48000,46500,47300,47700,48800,59000,61700,59800,60600,53200,61700,61000,58300,59000,59800,59000,59800,58300,53100,50400,49400,48800,51200,47300,47300,47700,37000,0,0,37000,38077,49800,95000,0,36393,37000,31800,46395,95000,33734,0,34915,49400,32336,0,41356,0,43857,0,36106,38680,0,42921,49000,0,37096,0,38443,41803,43653,45795,45291,50300,44820,52600,43711,43442,49426,31800,3000,-273000,-273000,-273000,324045,779299,19471856,336316,63,0,224,22,126,0,448,44,0,0,0,0,1640,19443,402336,702,10390,14010,244760,2199,324045,779299,19471856,336316,15475008,849920,7197528,1.76,0.01,0.00,657270,357134,12688896,331028,,,,1996800,1996800,1996800,1996800,1996800,1996800,883200,883200,0,,,,,,0,,999046,1001927,400,4926,360,1,494000,4931000,6932000,0,360,4440000,Full,1200000000
1784669036.570192120,24344.77,50900,51700,52200,52200,52200,52200,52200,52600,51800,50800,50400,52300,52900,52300,52300,52700,52700,52700,53500,48400,50000,48800,48800,53200,48400,48000,46900,47300,47300,48800,59800,62500,60200,61700,53600,62900,61700,59400,59800,60200,59000,59800,58700,52700,50400,50600,48800,51200,47300,47300,47700,37000,0,0,37000,38086,51800,95000,0,36393,37000,31800,46415,95000,33734,0,34915,51000,32382,0,41400,0,43888,0,36166,38706,0,42929,51400,0,37131,0,38483,41818,43656,45762,45493,50165,45022,53300,43577,43543,49460,31800,3000,-273000,-273000,-273000,324045,779299,19471856,336316,63,0,224,22,126,0,448,44,0,0,0,0,1640,19443,402336,702,10390,14010,244760,2199,324045,779299,19471856,336316,15475008,857160,7204756,1.80,0.01,0.00,657270,357134,12688896,331028,,,,1228800,1228800,1228800,1228800,1228800,1228800,2438400,2438400,0,,,,,,0,,999870,1001939,400,4926,360,1,494000,4927000,6932000,0,360,4440000,Full,1200000000
1784669036.859436183,24345.06,50500,50900,51800,52200,51400,51400,51400,51400,50600,50800,50400,51500,52900,51900,52300,52700,51900,51900,51500,48400,49200,48800,48800,52500,48400,48000,46900,47300,47700,48800,58700,61400,59800,60600,53200,61700,61000,57500,58700,59400,59000,59800,58300,52700,50400,49800,48800,51200,47300,47300,47700,37000,0,0,37000,38086,50200,95000,0,36393,37000,31800,46457,95000,33734,0,34915,50200,32368,0,41415,0,43907,0,36074,38715,0,42955,50600,0,37117,0,38501,41834,43695,45795,45392,50367,44888,52900,43678,43644,49392,31800,3000,-273000,-273000,-273000,324045,779299,19471856,336316,63,0,224,22,126,0,448,44,0,0,0,0,1640,19443,402336,702,10390,14010,244760,2199,324045,779299,19471856,336316,15475008,852364,7199960,1.80,0.01,0.00,657270,357134,12688896,331028,,,,1228800,1228800,1228800,1228800,1228800,1228800,883200,883200,0,,,,,,0,,999870,1001939,400,4926,360,1,494000,4928000,6932000,0,360,4440000,Full,1200000000
1784669037.158148995,24345.36,50200,50500,51400,51800,51400,51000,51000,51400,51000,50000,50000,51500,52500,51500,51900,52300,51900,51900,51200,48400,49200,49200,48800,52100,48800,48400,46500,47300,47700,48400,58700,61400,59400,60200,52900,61400,61000,57900,58700,59400,59000,59800,57900,52700,50400,49400,48800,51200,46900,47300,47700,37000,0,0,37000,38086,50200,95000,0,36473,37000,31800,46426,95000,33855,0,35048,49800,32382,0,41407,0,43932,0,36100,38686,0,42958,49800,0,37059,0,38480,41852,43692,45661,45359,50233,44686,52900,43778,43543,49426,31800,3000,-273000,-273000,-273000,324045,779299,19471856,336316,63,0,224,22,126,0,448,44,0,0,0,0,1640,19443,402336,702,10390,14010,244760,2199,324045,779299,19471856,336316,15475008,853052,7200620,1.80,0.01,0.00,657270,357134,12688896,331028,,,,1228800,1228800,1228800,1228800,1228800,1228800,883200,883200,0,,,,,,0,,999870,1001939,400,4926,360,1,494000,4927000,6932000,0,360,4440000,Full,1200000000
1784669037.451445297,24345.65,50200,50500,51800,51800,51800,51000,50600,51000,51000,51500,50800,52700,52900,53100,53500,53900,53500,53100,52700,48800,50000,48800,48800,52900,48800,48000,47300,47300,48000,48800,59400,62500,60200,61000,53200,62500,61400,58300,59400,60200,59400,60200,59000,52700,50400,49800,48800,51200,47300,47300,47700,37000,0,0,37000,38102,50200,95000,0,36473,37000,31800,46473,95000,33855,0,35048,50200,32365,0,41393,0,43964,0,36149,38724,0,42968,49800,0,37082,0,38495,41845,43708,45795,45325,50300,44888,52900,43678,43980,49257,31800,3000,-273000,-273000,-273000,324045,779299,19471856,336316,63,0,224,22,126,0,448,44,0,0,0,0,1640,19443,402336,702,10390,14010,244760,2199,324045,779299,19471856,336316,15475008,849476,7197052,1.80,0.01,0.00,657270,357134,12688896,331028,,,,998400,998400,998400,998400,998400,998400,883200,883200,0,,,,,,0,,1000856,1001918,400,4926,360,1,494000,4931000,6932000,0,360,4440000,Full,1200000000
1784669037.765495193,24345.97,50200,50500,51400,51800,51400,50600,51000,51000,50600,50000,50000,51500,52900,51500,51900,52300,51900,51900,51200,48400,49200,48800,48800,52100,48400,48000,46900,47700,47300,48400,59000,61400,59800,60600,52900,61700,61000,58300,59000,59800,59000,59800,58700,53100,50400,49400,48800,51500,47700,47300,47700,37000,0,0,37000,38119,50200,95000,0,36473,37000,31800,46484,95000,33855,0,35048,49400,32379,0,41434,0,43974,0,36092,38735,0,42983,49400,0,37065,0,38527,41876,43727,45661,45425,50367,44854,52600,43610,43442,49426,31800,3000,-273000,-273000,-273000,324045,779299,19471856,336316,63,0,224,22,126,0,448,44,0,0,0,0,1640,19443,402336,702,10390,14010,244760,2199,324045,779299,19471856,336316,15475008,843832,7191432,1.80,0.01,0.00,657270,357134,12688896,331028,,,,998400,998400,998400,998400,998400,998400,883200,883200,0,,,,,,0,,1000856,1001918,400,4926,360,1,494000,4932000,6932000,0,360,4440000,Full,1200000000
1784669038.069745505,24346.27,50200,50500,51800,51800,51000,51000,50600,51400,51800,50000,50000,51500,52500,51500,51900,52300,51900,51900,51200,48400,49200,48800,48800,52500,48400,48000,46900,47300,47700,48400,59000,61400,59800,60600,52900,61700,61000,57900,58700,59800,59000,59400,58300,52700,50000,49400,48800,51200,46900,47300,47300,37000,0,0,37000,38130,50600,95000,0,36473,37000,31800,46488,95000,33855,0,35048,49800,32379,0,41465,0,43959,0,36061,38750,0,42993,50600,0,37082,0,38538,41870,43740,46098,45493,50502,44753,52600,43644,43846,49493,31800,3000,-273000,-273000,-273000,324045,779299,19471856,336316,63,0,224,22,126,0,448,44,0,0,0,0,1640,19443,402336,702,10390,14010,244760,2199,324045,779299,19471856,336316,15475008,844068,7191756,1.80,0.01,0.00,657270,357134,12688896,331028,,,,1113600,1113600,1113600,1113600,1113600,1113600,2438400,2438400,0,,,,,,0,,1000856,1001918,400,4926,360,1,494000,4931000,6932000,0,352,4440000,Full,1200000000
1784669038.460131547,24346.66,50200,50900,52200,52200,52200,51000,51000,51800,51400,51200,51500,52300,53200,52300,52300,53100,52300,52300,51900,49600,51200,48800,48800,52900,48400,48000,46500,47300,47700,48800,59400,62100,60200,61400,53600,62500,61400,58700,59400,60200,59000,60200,59000,53100,50400,49800,48800,51500,47700,47300,47700,37000,0,0,37000,38133,50600,95000,0,36473,37000,31800,46519,95000,33855,0,35048,49800,32398,0,41486,0,43977,0,36112,38730,0,43009,50200,0,37126,0,38559,41913,43744,45930,45493,50468,44854,52900,43543,43711,49325,31800,3000,-273000,-273000,-273000,324045,779299,19471856,336316,63,0,224,22,126,0,448,44,0,0,0,0,1640,19443,402336,702,10390,14010,244760,2199,324045,779299,19471856,336316,15475008,855768,7203380,1.83,0.01,0.00,657270,357134,12688896,331028,,,,787200,787200,787200,787200,787200,787200,883200,883200,0,,,,,,0,,998915,1001944,400,4926,360,1,494000,4931000,6932000,0,370,4440000,Full,1200000000
1784669038.775776442,24346.98,50500,50900,51800,51800,51400,50600,50600,51000,50600,50400,50400,51500,52900,51900,51900,52700,52300,52300,51500,48400,49600,48800,48800,52900,48400,48400,46900,47300,47700,48800,59000,61400,59800,61000,53200,61700,61000,57500,58300,59800,59000,59800,58700,53100,50400,49800,49200,51200,47300,47700,47700,37000,0,0,37000,38158,50200,95000,0,36473,37000,31800,46519,95000,33855,0,35048,49800,32389,0,41507,0,43984,0,36115,38766,0,43023,49800,0,37134,0,38538,41886,43768,45930,45560,50266,44854,52600,43543,43577,49392,31800,3000,-273000,-273000,-273000,324045,779299,19471856,336316,63,0,224,22,126,0,448,44,0,0,0,0,1640,19443,402336,702,10390,14010,244760,2199,324045,779299,19471856,336316,15475008,852704,7200316,1.83,0.01,0.00,657270,357134,12688896,331028,,,,1555200,1555200,1555200,1555200,1555200,1555200,883200,883200,0,,,,,,0,,998915,1001944,400,4926,360,1,494000,4929000,6932000,0,370,4440000,Full,1200000000
1784669039.062444203,24347.26,50500,50900,52200,52200,51400,51800,51800,51400,50600,51200,50800,52700,53200,53100,53100,53500,53100,53100,52300,48400,50000,48800,49200,52900,48800,48000,47300,47700,47700,48800,60600,63300,60600,62100,53200,63700,62100,59400,60200,60600,59400,59800,59000,53100,50400,49800,49200,51500,47300,47300,47700,37000,0,0,37000,38155,50600,95000,0,36473,37000,31800,46530,95000,33855,0,35048,50200,32416,0,41535,0,44009,0,36121,38785,0,43055,49800,0,37117,0,38585,41916,43796,45863,45526,50334,44888,52900,43947,43778,49291,31800,3000,-273000,-273000,-273000,324045,779299,19471856,336316,63,0,224,22,126,0,448,44,0,0,0,0,1640,19443,402336,702,10390,14010,244760,2199,324045,779299,19471856,336316,15475008,846736,7194348,1.83,0.01,0.00,657270,357134,12688896,331028,,,,998400,998400,998400,998400,998400,998400,883200,883200,0,,,,,,0,,998915,1001944,400,4926,360,1,494000,4928000,6932000,0,370,4440000,Full,1200000000
1784669039.373903630,24347.58,50500,50900,51800,51800,51800,51800,51800,51800,51000,50800,50000,51500,52900,51500,52300,52700,52300,52300,51200,48400,49200,48800,48800,52900,48400,48400,47300,47300,47700,48800,59400,62100,60200,61400,52900,62500,61700,58300,59400,59800,59400,59800,58300,52700,50400,50200,48800,51500,47300,47300,47700,37000,0,0,37000,38165,51000,95000,0,36473,37000,31800,46588,95000,33855,0,35048,50600,32433,0,41554,0,44006,0,36131,38770,0,43059,50200,0,37105,0,38567,41943,43806,45829,45627,50569,44921,52900,43745,43778,49359,31800,3000,-273000,-273000,-273000,324045,779299,19471856,336316,63,0,224,22,126,0,448,44,0,0,0,0,1640,19443,402336,702,10390,14010,244760,2199,324045,779299,19471856,336316,15475008,847820,7195440,1.83,0.01,0.00,657270,357134,12688896,331028,,,,1996800,1996800,1996800,1996800,1996800,1996800,1862400,1862400,0,,,,,,0,,1000203,1001916,400,4926,360,1,494000,4933000,6932000,0,370,4440000,Full,1200000000
1784669039.876990244,24348.08,50200,50500,51800,51800,51400,51400,50600,51400,50600,51900,51900,53100,53200,53500,53900,53900,53900,53900,53500,49600,50800,48800,49200,52500,48800,48400,47300,48000,47700,49200,60200,63300,60600,62500,53200,63300,62100,59400,60200,60600,59400,60200,58700,53100,50400,49000,48800,51200,47700,47700,48000,37000,0,0,37000,38175,50200,95000,0,36473,37000,31800,46564,95000,33855,0,35048,49800,32409,0,41538,0,44019,0,36121,38792,0,43073,50200,0,37093,0,38585,41956,43813,45863,45694,50636,44854,52600,43947,44047,49460,31800,3000,-273000,-273000,-273000,324045,779299,19471856,336316,63,0,224,22,126,0,448,44,0,0,0,0,1640,19443,402336,702,10390,14010,244760,2199,324045,779299,19471856,336316,15475008,854268,7201840,1.83,0.01,0.00,657270,357134,12688896,331028,,,,883200,883200,883200,883200,883200,883200,883200,883200,0,,,,,,0,,1000203,1001916,400,4926,360,1,494000,4928000,6932000,0,370,4440000,Full,1200000000
1784669040.189508265,24348.39,49800,50500,51800,51800,51000,51000,51400,51000,50200,50400,50000,51900,52900,51500,52300,52700,51900,52300,51500,48400,49200,48800,48800,52100,49200,48400,46900,47700,48000,48800,59400,61700,60200,61400,53200,62100,61700,58300,59400,59800,59400,60200,58700,52700,50400,49000,49200,51200,47300,47700,47700,37000,0,0,37000,38193,50200,95000,0,36473,37000,31800,46611,95000,33855,0,35048,49800,32445,0,41569,0,44038,0,36100,38782,0,43098,49400,0,37093,0,38579,41961,43813,45829,45526,50569,44854,52900,43846,43711,49392,31800,3000,-273000,-273000,-273000,324045,779299,19471856,336316,63,0,224,22,126,0,448,44,0,0,0,0,1640,19443,402336,702,10390,14010,244760,2199,324045,779299,19471856,336316,15475008,849984,7197556,1.83,0.01,0.00,657270,357134,12688896,331028,,,,998400,998400,998400,998400,998400,998400,883200,883200,0,,,,,,0,,1000203,1001916,400,4926,360,1,494000,4932000,6932000,0,370,4440000,Full,1200000000
1784669040.494726390,24348.70,50200,50900,52200,52200,51400,51000,50600,51400,50600,51200,51200,52700,52900,53100,52700,53500,53500,52700,52700,48400,50000,48800,48800,52500,48800,48000,47300,47700,47700,48800,60200,62500,61000,62100,53200,63300,62500,59000,59800,60600,59400,60200,59000,53100,50400,49800,49200,51200,47300,47700,47700,37000,0,0,37000,38193,50200,95000,0,36473,37000,31800,46602,95000,33855,0,35048,49800,32433,0,41558,0,44038,0,36103,38824,0,43083,49400,0,37122,0,38619,41940,43833,45762,45560,50636,44854,52900,43947,43879,49224,31800,3000,-273000,-273000,-273000,324045,779299,19471856,336316,63,0,224,22,126,0,448,44,0,0,0,0,1640,19443,402336,702,10390,14010,244760,2199,324045,779299,19471856,336316,15475008,849488,7197052,1.68,0.00,0.00,657270,357134,12688896,331028,,,,1113600,1113600,1113600,1113600,1113600,1113600,883200,883200,0,,,,,,0,,1000831,1001917,400,4926,360,1,494000,4931000,6932000,0,370,4440000,Full,1200000000
1784669040.794890191,24349.00,50200,50200,51400,51800,51000,50600,50600,51000,50200,50800,50800,51500,52900,52300,52300,52700,52300,52300,51500,48800,49600,48800,48800,52500,48800,48400,46900,47700,47700,48800,60200,62900,61000,62100,52900,62900,61700,59000,60200,60200,59400,59800,58700,53100,50400,49400,49200,51500,47300,47300,47700,37000,0,0,37000,38204,49800,95000,0,36473,37000,31800,46633,95000,33855,0,35048,49800,32435,0,41572,0,44101,0,36103,38831,0,43110,49800,0,37093,0,38619,41980,43860,46031,45627,50737,45056,52600,43778,43341,49257,31800,3000,-273000,-273000,-273000,324045,779299,19471856,336316,63,0,224,22,126,0,448,44,0,0,0,0,1640,19443,402336,702,10390,14010,244760,2199,324045,779299,19471856,336316,15475008,845720,7193304,1.68,0.00,0.00,657270,357134,12688896,331028,,,,1228800,1228800,1228800,1228800,1228800,1228800,883200,883200,0,,,,,,0,,1000831,1001917,400,4926,360,1,494000,4926000,6932000,0,370,4440000,Full,1200000000
1784669041.099617327,24349.30,50200,50200,51800,51800,51400,51000,50600,51000,50600,50400,50000,51500,52900,51900,52300,52700,51900,52300,51500,48400,49200,48800,48800,52500,48800,48400,46900,47300,48000,48800,59800,62100,60600,61400,53200,62500,61400,58700,59400,60200,59000,59800,58300,52700,50400,49800,48800,51200,47300,47700,47700,37000,0,0,37000,38210,50200,95000,0,36473,37000,31800,46656,95000,33855,0,35048,49800,32442,0,41569,0,44085,0,36146,38817,0,43117,49800,0,37135,0,38622,42009,43857,45963,45627,50434,44753,52900,43846,43106,49191,31800,3000,-273000,-273000,-273000,324049,779299,19471952,336317,63,0,224,22,126,0,448,44,0,0,0,0,1640,19443,402336,702,10390,14010,244760,2199,324049,779299,19471952,336317,15475008,848536,7196192,1.68,0.00,0.00,657270,357134,12688944,331028,,,,1996800,1996800,1996800,1996800,1996800,1996800,883200,883200,0,,,,,,0,,1000831,1001917,400,4926,360,1,494000,4924000,6932000,0,370,4440000,Full,1200000000
1784669041.378754827,24349.58,50200,50200,51800,51800,51400,50600,50200,51400,51400,51200,51200,52300,52900,52700,52700,53500,53100,52700,52300,49200,50400,48800,48800,52500,48800,48400,46900,47700,47700,48800,59400,62100,60600,61400,53200,62100,61400,58700,59400,60200,59400,60200,58700,53100,50400,49400,48800,51200,47300,47700,47700,37000,0,0,37000,38218,49800,95000,0,36473,37000,31800,46653,95000,33855,0,35048,49800,32445,0,41579,0,44085,0,36131,38850,0,43127,49800,0,37122,0,38634,42030,43863,45863,45762,50804,44888,52600,43947,43711,49257,31800,3000,-273000,-273000,-273000,324049,779299,19471952,336317,63,0,224,22,126,0,448,44,0,0,0,0,1640,19443,402336,702,10390,14010,244760,2199,324049,779299,19471952,336317,15475008,853536,7201180,1.68,0.00,0.00,657270,357134,12688944,331028,,,,787200,787200,787200,787200,787200,787200,883200,883200,0,,,,,,0,,998210,1001960,400,4926,360,1,494000,4928000,6932000,0,370,4440000,Full,1200000000
1784669041.683202691,24349.88,51300,51700,52600,52600,51800,51800,52200,52200,51400,50800,50800,51900,53600,52700,52300,53500,52300,52300,51900,48800,50000,48800,48800,53200,48800,48400,46900,47700,47700,48800,59400,62100,60200,61000,53600,62100,61400,58700,59400,60200,59400,59800,59000,53100,50400,50600,49200,51500,47300,47300,47700,37000,0,0,37000,38235,51400,95000,0,36473,37000,31800,46671,95000,33855,0,35048,50600,32451,0,41551,0,44094,0,36086,38859,0,43134,50600,0,37108,0,38628,42024,43877,46132,45863,50669,44854,53300,43778,43778,49291,31800,3000,-273000,-273000,-273000,324049,779299,19471952,336317,63,0,224,22,126,0,448,44,0,0,0,0,1640,19443,402336,702,10390,14010,244760,2199,324049,779299,19471952,336317,15475008,854420,7202032,1.68,0.00,0.00,657270,357134,12688944,331028,,,,1440000,1440000,1440000,1440000,1440000,1440000,883200,883200,0,,,,,,0,,998210,1001960,400,4926,360,1,494000,4931000,6932000,0,370,4440000,Full,1200000000
1784669041.967970920,24350.17,50900,51300,52900,52600,51800,52200,51800,51800,51800,52300,51500,54300,53600,54300,54600,54600,54600,54300,55400,48800,50000,49200,49200,52900,48400,48400,46900,47700,47700,48800,59800,62900,61000,61400,53600,62900,62100,58700,60200,61000,59800,60600,59400,53100,50800,50200,48800,51200,47700,47300,48000,37000,0,0,37000,38246,51000,95000,0,36520,37000,31800,46680,95000,33954,0,35122,50600,32442,0,41576,0,44098,0,36128,38879,0,43158,52200,0,37089,0,38657,42024,43894,45896,45661,50804,44989,53300,43879,43644,49224,31800,3000,-273000,-273000,-273000,324049,779299,19471952,336317,63,0,224,22,126,0,448,44,0,0,0,0,1640,19443,402336,702,10390,14010,244760,2199,324049,779299,19471952,336317,15475008,846100,7193728,1.68,0.00,0.00,657270,357134,12688944,331028,,,,1113600,1113600,1113600,1113600,1113600,1113600,883200,883200,0,,,,,,0,,998210,1001960,400,4926,360,1,494000,4935000,6932000,0,370,4440000,Full,1200000000
1784669042.285291337,24350.49,50500,50900,51800,52600,51800,51000,50600,51400,51000,50400,50400,51500,53200,52300,51900,52700,52300,51900,51500,48000,49600,49200,49200,52900,48800,48400,46900,47700,47700,48800,60200,62900,61000,62100,53600,63300,62100,59400,60200,60600,59400,60200,59000,53100,50400,49400,49200,51500,47700,47300,48000,37000,0,0,37000,38238,50600,95000,0,36520,37000,31800,46691,95000,33954,0,35122,50200,32442,0,41569,0,44131,0,36103,38879,0,43166,50200,0,37105,0,38672,42051,43900,46132,45762,50636,44955,52600,43879,43577,49325,31800,3000,-273000,-273000,-273000,324049,779299,19471952,336317,63,0,224,22,126,0,448,44,0,0,0,0,1640,19443,402336,702,10390,14010,244760,2199,324049,779299,19471952,336317,15475008,852164,7199816,1.68,0.00,0.00,657270,357134,12688944,331028,,,,883200,883200,883200,883200,883200,883200,883200,883200,0,,,,,,0,,998870,1001926,400,4926,360,1,494000,4931000,6932000,0,370,4440000,Full,1200000000
1784669042.600474201,24350.80,50500,50500,51800,52200,51800,51400,51400,51400,51000,50400,50400,51500,53200,52300,51900,52700,52300,51900,51500,48400,49200,49200,48800,52500,48800,48400,46900,47700,47700,48400,59800,62100,60600,61400,53200,62100,61400,58700,59400,60200,59800,59800,59000,53100,50400,49800,48800,51500,47700,47300,47700,37000,0,0,37000,38260,51000,95000,0,36520,37000,31800,46698,95000,33954,0,35122,49800,32448,0,41579,0,44141,0,36121,38891,0,43185,49800,0,37115,0,38683,42072,43905,46031,45762,50636,44820,52900,43711,43711,49257,31800,3000,-273000,-273000,-273000,324049,779299,19471952,336317,63,0,224,22,126,0,448,44,0,0,0,0,1640,19443,402336,702,10390,14010,244760,2199,324049,779299,19471952,336317,15475008,848336,7196004,1.74,0.00,0.00,657270,357134,12688944,331028,,,,998400,998400,998400,998400,998400,998400,883200,883200,0,,,,,,0,,998870,1001926,400,4926,360,1,494000,4932000,6932000,0,370,4440000,Full,1200000000
1784669043.126799201,24351.33,50200,50900,52200,52200,51400,51000,51000,51400,50600,50400,50800,51900,53200,52300,52300,53100,52300,52700,51900,48400,49600,49200,49200,52900,48800,48400,47300,48000,47700,48800,59800,62100,60200,61400,53200,62100,61400,58700,59800,60200,59400,60200,59000,53100,50800,49400,49200,51500,47700,47700,48000,37000,0,0,37000,38277,50600,95000,0,36520,37000,31800,46736,95000,33954,0,35122,49800,32462,0,41631,0,44167,0,36106,38879,0,43192,49800,0,37109,0,38686,42088,43927,46031,45829,50804,44854,52900,43846,43812,49191,31800,3000,-273000,-273000,-273000,324049,779299,19471952,336317,63,0,224,22,126,0,448,44,0,0,0,0,1640,19443,402336,702,10390,14010,244760,2199,324049,779299,19471952,336317,15475008,849868,7197560,1.74,0.00,0.00,657270,357134,12688944,331028,,,,1113600,1113600,1113600,1324800,1324800,1324800,883200,883200,0,,,,,,0,,998870,1001926,400,4926,360,1,494000,4935000,6932000,0,370,4440000,Full,1200000000
1784669043.433149045,24351.63,50200,50900,52200,52200,51800,51000,51000,51400,51400,51900,51200,53100,52900,53500,53900,53900,53900,53900,55000,48800,50000,48800,49200,52500,48800,48400,47300,48000,47700,48400,59000,61700,60200,61000,53200,61700,61700,57900,59000,60200,59000,60200,58700,53500,50800,49400,49200,51500,47700,47300,48000,37000,0,0,37000,38284,50200,95000,0,36520,37000,31900,46783,95000,33954,0,35122,49800,32459,0,41634,0,44155,0,36083,38900,0,43218,49800,0,37126,0,38706,42094,43934,46031,45762,50703,45190,53300,43947,43375,49257,31900,3000,-273000,-273000,-273000,324049,779299,19471952,336317,63,0,224,22,126,0,448,44,0,0,0,0,1640,19443,402336,702,10390,14010,244760,2199,324049,779299,19471952,336317,15475008,852552,7200196,1.74,0.00,0.00,657270,357134,12688944,331028,,,,1113600,1113600,1113600,1113600,1228800,1228800,2438400,2438400,0,,,,,,0,,1000438,1001907,400,4926,360,1,494000,4933000,6930000,0,368,4435000,Full,1200000000
1784669043.731434826,24351.93,50200,51300,52600,52600,51800,51800,51400,51800,51000,51200,50800,51900,53200,52700,52700,53500,52700,52300,51900,48400,49600,49200,49200,52900,48800,48400,47300,47700,47700,48800,60200,62500,61000,61400,53600,62500,61700,58700,59800,60600,59800,60600,59000,53500,50400,49800,49200,51500,48000,47700,48000,37000,0,0,37000,38281,50600,95000,0,36520,37000,31900,46733,95000,33954,0,35122,49800,32488,0,41641,0,44171,0,36131,38917,0,43218,50200,0,37126,0,38712,42101,43955,46064,45728,50535,45190,53300,43879,43879,49191,31900,3000,-273000,-273000,-273000,324052,779299,19471976,336318,63,0,224,22,126,0,448,44,0,0,0,0,1640,19443,402336,702,10390,14010,244760,2199,324052,779299,19471976,336318,15475008,849788,7197440,1.74,0.00,0.00,657270,357134,12688956,331028,,,,787200,883200,883200,883200,883200,883200,883200,883200,0,,,,,,0,,1000438,1001907,400,4926,360,1,494000,4933000,6930000,0,368,4435000,Full,1200000000
1784669044.047625451,24352.25,50500,50900,51800,52200,51800,51000,51000,51400,51400,50800,50400,51900,52900,51900,52300,52700,52300,52300,51500,48800,49600,49200,49200,52900,48800,48400,47300,48000,48000,48800,59800,61700,60200,61000,53600,62100,61400,57900,58700,60200,59800,60200,58700,53500,50400,49400,49200,51900,47700,47700,48000,37000,0,0,37000,38298,50200,95000,0,36520,37000,31900,46794,95000,33954,0,35122,49800,32483,0,41650,0,44194,0,36089,38920,0,43238,49800,0,37094,0,38753,42140,43955,46132,45762,50636,44955,52900,43947,43846,49191,31900,3000,-273000,-273000,-273000,324052,779299,19471976,336318,63,0,224,22,126,0,448,44,0,0,0,0,1640,19443,402336,702,10390,14010,244760,2199,324052,779299,19471976,336318,15475008,844004,7191668,1.74,0.00,0.00,657270,357134,12688956,331028,,,,1113600,1324800,1324800,1324800,1324800,1324800,883200,883200,0,,,,,,0,,1000438,1001907,400,4926,360,1,494000,4935000,6930000,0,368,4435000,Full,1200000000
1784669044.348725294,24352.55,51300,51700,52900,52200,52200,51800,51400,51800,51000,51500,51500,53100,53600,53500,53500,53900,53900,53500,53100,49200,50000,49200,49200,53200,48800,48800,47300,48000,48000,48800,60200,62500,61000,61700,54000,62900,62500,59000,59800,61000,60200,60600,59400,53500,50400,50200,49600,51900,47700,47700,47700,37000,0,0,37000,38312,51000,95000,0,36520,37000,31900,46808,95000,33954,0,35122,50600,32488,0,41662,0,44218,0,36121,38908,0,43261,50200,0,37103,0,38756,42136,43987,45997,45728,50905,44888,53700,43947,43913,49090,31900,3000,-273000,-273000,-273000,324052,779299,19471976,336318,63,0,224,22,126,0,448,44,0,0,0,0,1640,19443,402336,702,10390,14010,244760,2199,324052,779299,19471976,336318,15475008,843964,7191684,1.79,0.00,0.00,657270,357134,12688956,331028,,,,998400,998400,998400,998400,998400,998400,883200,883200,0,,,,,,0,,999171,1001926,400,4926,360,1,494000,4932000,6930000,0,368,4435000,Full,1200000000
1784669044.662197950,24352.86,50500,50900,52600,52600,51800,51400,51000,52200,51400,50800,50800,52300,53200,52300,52700,53100,52300,52700,51900,48800,50000,49600,49200,53200,49200,48800,47300,47700,48000,48800,59800,62100,60600,61400,53600,62500,61700,58700,59400,60600,59800,60600,59000,53500,50400,49800,49200,51900,47300,47700,48000,37000,0,0,37000,38315,50200,95000,0,36520,37000,31900,46839,95000,33954,0,35122,49800,32483,0,41681,0,44215,0,36134,38944,0,43278,49800,0,37122,0,38735,42158,44004,46064,45728,50905,45156,52900,43947,43913,49191,31900,3000,-273000,-273000,-273000,324052,779299,19471976,336318,63,0,224,22,126,0,448,44,0,0,0,0,1640,19443,402336,702,10390,14010,244760,2199,324052,779299,19471976,336318,15475008,844648,7192344,1.79,0.00,0.00,657270,357134,12688956,331028,,,,787200,787200,787200,787200,787200,787200,883200,883200,0,,,,,,0,,999171,1001926,400,4926,360,1,494000,4931000,6930000,0,368,4435000,Full,1200000000
1784669044.968466909,24353.17,51300,51300,52200,52600,51800,52200,51800,52600,52600,50800,50800,51900,53200,52300,52300,53100,52300,52300,51900,48400,49600,49200,49200,52900,48800,48400,47300,47700,48000,48800,59800,62100,60600,61000,54000,62100,61400,58700,59400,60200,59400,59800,59000,53100,50400,50600,49200,51500,47700,47300,48000,37000,0,0,37000,38334,51400,95000,0,36520,37000,31900,46831,95000,33954,0,35122,50600,32495,0,41712,0,44278,0,36140,38971,0,43275,50600,0,37118,0,38744,42146,44004,45829,45795,50737,45224,53300,43947,43778,49022,31900,3000,-273000,-273000,-273000,324052,779299,19471976,336318,63,0,224,22,126,0,448,44,0,0,0,0,1640,19443,402336,702,10390,14010,244760,2199,324052,779299,19471976,336318,15475008,845652,7193316,1.79,0.00,0.00,657270,357134,12688956,331028,,,,1996800,1996800,1996800,1996800,1996800,1996800,2438400,2438400,0,,,,,,0,,999171,1001926,400,4926,360,1,494000,4932000,6930000,0,368,4435000,Full,1200000000
1784669045.249059044,24353.45,50900,51300,52600,52200,52200,51800,51800,51800,51400,51900,51900,53100,53600,53900,53500,54300,53900,53500,53100,49600,51200,49200,49200,53200,48800,48800,46900,48000,48000,48800,60600,63300,60200,61700,53600,62500,61400,60200,60600,60600,59800,60200,59000,53100,50800,50200,49200,51500,47700,47700,48400,37000,0,0,37000,38337,50600,95000,0,36520,37000,31900,46851,95000,33954,0,35122,49800,32477,0,41699,0,44248,0,36134,38968,0,43275,50200,0,37122,0,38764,42178,44021,46165,45762,50770,45359,53300,44013,44182,49191,31900,3000,-273000,-273000,-273000,324052,779299,19471976,336318,63,0,224,22,126,0,448,44,0,0,0,0,1640,19443,402336,702,10390,14010,244760,2199,324052,779299,19471976,336318,15475008,835148,7182872,1.79,0.00,0.00,657270,357134,12688956,331028,,,,1113600,1324800,1324800,1324800,1324800,1324800,883200,883200,0,,,,,,0,,999171,1001926,400,4926,360,1,494000,4931000,6930000,0,368,4435000,Full,1200000000
1784669045.552896648,24353.75,50500,50900,52200,52200,51400,51000,51000,51400,50600,50800,51200,52300,53200,52700,52300,53500,52700,52700,51900,48800,50000,49200,49200,52900,49200,48800,47300,47700,47700,48800,61000,63300,60600,62500,53200,64100,61700,60200,61400,60200,59400,60200,59400,53100,50800,49800,49600,51900,47700,47700,48000,37000,0,0,37000,38340,50200,95000,0,36520,37000,31900,46862,95000,33954,0,35122,50600,32495,0,41705,0,44281,0,36055,38971,0,43300,50200,0,37113,0,38773,42183,44029,46132,45795,50905,45190,53300,43980,43678,49090,31900,3000,-273000,-273000,-273000,324052,779299,19471976,336318,63,0,224,22,126,0,448,44,0,0,0,0,1640,19443,402336,702,10390,14010,244760,2199,324052,779299,19471976,336318,15475008,844660,7192396,1.79,0.00,0.00,657270,357134,12688956,331028,,,,883200,883200,883200,883200,883200,883200,883200,883200,0,,,,,,0,,1000628,1001914,400,4926,360,1,494000,4926000,6930000,0,368,4435000,Full,1200000000
1784669045.861114981,24354.06,50900,51300,52600,52600,51800,51800,52200,51800,51000,51900,51200,52700,53600,53100,53500,54300,53500,53500,53100,49200,50400,49200,49200,52900,49200,48400,47300,47700,48000,48800,59800,62500,61000,61400,53600,62500,62100,59000,60200,60600,59800,60600,59400,53500,50400,50200,49200,51500,47700,47700,48400,37000,0,0,37000,38354,51000,95000,0,36520,37000,31900,46855,95000,33954,0,35122,50200,32488,0,41729,0,44288,0,36118,38963,0,43322,50600,0,37109,0,38782,42210,44036,46165,45896,51207,45123,53300,44081,43846,49191,31900,3000,-273000,-273000,-273000,324052,779299,19471976,336318,63,0,224,22,126,0,448,44,0,0,0,0,1640,19443,402336,702,10390,14010,244760,2199,324052,779299,19471976,336318,15475008,844200,7191936,1.79,0.00,0.00,657270,357134,12688956,331028,,,,1785600,1785600,1785600,1785600,1785600,1785600,883200,883200,0,,,,,,0,,1000628,1001914,400,4926,360,1,494000,4928000,6930000,0,368,4435000,Full,1200000000
1784669046.389650450,24354.59,50900,51300,52600,52200,52200,51800,51400,52200,51800,50800,50800,52300,53600,52700,52700,53100,52700,52700,51900,48800,50000,49600,49200,53200,48800,48800,47300,47700,48000,48800,60600,63700,61000,62100,54000,63700,62500,59400,60600,61000,59800,60600,59400,53100,50800,50200,49600,51900,47700,48000,48000,37000,0,0,37000,38369,50600,95000,0,36520,37000,31900,46924,95000,33954,0,35122,50600,32527,0,41715,0,44288,0,36112,38977,0,43344,50200,0,37093,0,38801,42215,44082,46132,45829,51073,45392,53300,44013,43879,49090,31900,3000,-273000,-273000,-273000,324058,779299,19472080,336319,63,0,224,22,126,0,448,44,0,0,0,0,1640,19443,402336,702,10390,14010,244760,2199,324058,779299,19472080,336319,15475008,834184,7181936,1.82,0.00,0.00,657270,357134,12689008,331028,,,,1113600,1113600,1113600,1324800,1324800,1324800,883200,883200,0,,,,,,0,,1000055,1001915,400,4926,360,1,494000,4924000,6930000,0,368,4435000,Full,1200000000
1784669046.693211387,24354.89,50900,51700,52600,53300,52900,52200,51400,52900,52600,51500,51500,53100,54000,53500,53500,54300,53500,53500,52700,49200,50400,49600,49200,53600,48800,48400,47700,48000,48000,49200,59800,62500,60600,61700,54400,62500,61700,58700,59400,60600,60200,60600,59000,53500,50400,50200,49600,51500,47700,47700,48400,37000,0,0,37000,38375,51000,95000,0,36520,37000,31900,46924,95000,33954,0,35122,51400,32512,0,41736,0,44336,0,36121,38987,0,43349,51000,0,37111,0,38824,42222,44090,45997,45997,50636,45425,53300,44013,44282,49022,31900,3000,-273000,-273000,-273000,324058,779299,19472080,336319,63,0,224,22,126,0,448,44,0,0,0,0,1640,19443,402336,702,10390,14010,244760,2199,324058,779299,19472080,336319,15475008,835572,7183312,1.82,0.00,0.00,657270,357134,12689008,331028,,,,998400,998400,998400,998400,998400,998400,883200,883200,0,,,,,,0,,1000055,1001915,400,4926,360,1,494000,4926000,6930000,0,368,4435000,Full,1200000000
1784669047.006815970,24355.21,50500,51700,52600,52200,51800,51400,51800,52200,51800,51200,51200,51900,53600,52300,52300,53100,52700,52700,51900,48800,49600,49200,49200,52900,49200,48400,47300,48000,48000,49200,62100,64800,61000,64100,53600,65200,62100,61400,62100,61000,59400,60200,59000,53500,50800,49800,49200,51900,47700,47300,48400,37000,0,0,37000,38379,51000,95000,0,36739,37000,31900,46957,95000,34084,0,35285,50600,32512,0,41742,0,44344,0,36121,38987,0,43375,51000,0,37105,0,38827,42250,44113,46064,45930,50938,45224,53300,44047,44114,48888,31900,3000,-273000,-273000,-273000,324058,779299,19472080,336319,63,0,224,22,126,0,448,44,0,0,0,0,1640,19443,402336,702,10390,14010,244760,2199,324058,779299,19472080,336319,15475008,837328,7185056,1.82,0.00,0.00,657270,357134,12689008,331028,,,,883200,883200,883200,883200,883200,883200,883200,883200,0,,,,,,0,,1000055,1001915,400,4926,360,1,494000,4927000,6930000,0,368,4435000,Full,1200000000
1784669047.302265033,24355.50,50500,50900,52200,52600,51800,51800,51800,51400,51000,52300,51200,53900,53600,53500,54300,54300,53900,54600,55400,48800,50000,49200,49200,53200,49200,48800,47700,47700,48000,49200,60600,62900,60200,62500,53600,63300,61700,59400,61000,60600,59400,60200,59000,53500,50800,49800,49200,51900,47700,47700,48000,37000,0,0,37000,38392,50600,95000,0,36739,37000,31900,46961,95000,34084,0,35285,50200,32522,0,41763,0,44351,0,36112,39031,0,43378,50200,0,37131,0,38831,42253,44124,46266,45997,51107,45459,53700,44013,44282,48955,31900,3000,-273000,-273000,-273000,324058,779299,19472080,336319,63,0,224,22,126,0,448,44,0,0,0,0,1640,19443,402336,702,10390,14010,244760,2199,324058,779299,19472080,336319,15475008,843176,7190896,1.82,0.00,0.00,657270,357134,12689008,331028,,,,787200,787200,787200,787200,787200,787200,2438400,2438400,0,,,,,,0,,1000192,1001935,400,4926,360,1,494000,4928000,6930000,0,368,4435000,Full,1200000000
1784669047.611481231,24355.81,50900,50900,52200,52200,52200,51800,51800,51400,51000,52300,51900,53500,53200,53900,53900,54600,53900,53900,53100,49200,50400,49600,49600,52900,48800,48800,47300,48000,48000,49200,59800,62100,61000,61700,53600,62500,62100,59000,59800,60600,59800,60600,59000,53500,50800,50200,49600,51900,48000,48000,48400,37000,0,0,37000,38400,51000,95000,0,36739,37000,31900,46951,95000,34084,0,35285,50200,32538,0,41763,0,44363,0,36074,39038,0,43397,50200,0,37156,0,38850,42242,44124,46501,45997,50804,45425,53300,44013,44013,48922,31900,3000,-273000,-273000,-273000,324058,779299,19472080,336319,63,0,224,22,126,0,448,44,0,0,0,0,1640,19443,402336,702,10390,14010,244760,2199,324058,779299,19472080,336319,15475008,839464,7187168,1.82,0.00,0.00,657270,357134,12689008,331028,,,,1555200,1555200,1555200,1555200,1555200,1555200,883200,883200,0,,,,,,0,,1000192,1001935,400,4926,360,1,494000,4928000,6930000,0,368,4435000,Full,1200000000
1784669047.897329043,24356.10,50500,50900,52200,52200,51800,51000,51000,51800,51000,50800,50800,51900,53200,52300,52300,52700,52700,52300,51900,48400,49600,49200,49600,52900,49200,48400,47300,47700,48400,49200,60600,62900,60600,62500,53600,63300,62500,59000,60200,60600,59800,60600,59400,53100,50800,49800,49200,51500,47700,47700,48000,37000,0,0,37000,38414,50600,95000,0,36739,37000,31900,46972,95000,34084,0,35285,50200,32533,0,41763,0,44363,0,36092,39038,0,43404,51000,0,37146,0,38842,42260,44139,46165,45896,51039,45224,52900,43947,43509,48922,31900,3000,-273000,-273000,-273000,324058,779299,19472080,336319,63,0,224,22,126,0,448,44,0,0,0,0,1640,19443,402336,702,10390,14010,244760,2199,324058,779299,19472080,336319,15475008,833708,7181428,1.82,0.00,0.00,657270,357134,12689008,331028,,,,1440000,1440000,1440000,1440000,1440000,1440000,883200,883200,0,,,,,,0,,1000192,1001935,400,4926,360,1,494000,4928000,6930000,0,368,4435000,Full,1200000000
1784669048.195050657,24356.40,51300,51700,52900,52600,52600,52600,52900,52200,51400,51900,51500,53500,54000,53500,53900,54600,53900,53500,53100,49200,50000,49600,49600,53200,48800,48400,47300,47700,48000,48800,60200,62900,61000,62100,54000,62900,62500,59400,60200,61000,60600,61000,59800,53100,50400,50600,49600,51900,47700,47700,47700,37000,0,0,37000,38414,51000,95000,0,36739,37000,31900,46999,95000,34084,0,35285,50600,32548,0,41800,0,44396,0,36134,39053,0,43417,50600,0,37076,0,38862,42278,44131,46232,45997,51174,45257,53700,44047,44081,48955,31900,3000,-273000,-273000,-273000,324058,779299,19472080,336319,63,0,224,22,126,0,448,44,0,0,0,0,1640,19443,402336,702,10390,14010,244760,2199,324058,779299,19472080,336319,15475008,836092,7183828,1.82,0.00,0.00,657270,357134,12689008,331028,,,,1113600,1113600,1113600,1113600,1113600,1113600,883200,883200,0,,,,,,0,,1000192,1001935,400,4926,360,1,494000,4932000,6930000,0,368,4435000,Full,1200000000
1784669048.493646855,24356.69,51700,52100,52900,53700,53300,51800,51800,53300,52900,51200,51200,52700,54400,53100,52700,53500,53500,53100,52700,49600,50000,49600,49600,54000,49600,48800,47300,48000,48000,48800,59800,62100,61000,61400,54400,62500,62100,59000,60200,61000,59800,60600,59400,53900,50800,50200,49600,51500,47700,48000,48400,37000,0,0,37000,38421,51000,95000,0,36739,37000,32000,46992,95000,34084,0,35285,51000,32538,0,41803,0,44403,0,36140,39047,0,43416,51000,0,37141,0,38856,42295,44139,46299,46031,50838,45325,53300,44114,44484,48955,32000,3000,-273000,-273000,-273000,324058,779299,19472080,336319,63,0,224,22,126,0,448,44,0,0,0,0,1640,19443,402336,702,10390,14010,244760,2199,324058,779299,19472080,336319,15475008,839176,7186944,1.67,0.00,0.00,657270,357134,12689008,331028,,,,998400,1113600,1113600,1113600,1113600,1113600,883200,883200,0,,,,,,0,,998070,1002070,400,4926,360,1,494000,4926000,6930000,0,385,4437000,Full,1200000000
1784669048.843918105,24357.04,51300,52100,52900,52600,52600,52600,52900,52600,52200,51200,51200,52300,53600,52300,52700,53500,52700,52700,52300,49200,50000,49600,49200,53200,48800,48800,47700,48000,48000,48800,60200,62900,61000,61700,54000,62900,62100,59000,60200,61000,59800,61000,59800,53500,51200,50200,49200,51900,47700,47700,48400,37000,0,0,37000,38432,51400,95000,0,36739,37000,32000,47019,95000,34084,0,35285,50600,32530,0,41800,0,44426,0,36131,39064,0,43422,50600,0,37115,0,38888,42305,44176,46367,45795,50938,45526,53300,44182,43913,48989,32000,3000,-273000,-273000,-273000,324058,779299,19472080,336319,63,0,224,22,126,0,448,44,0,0,0,0,1640,19443,402336,702,10390,14010,244760,2199,324058,779299,19472080,336319,15475008,843668,7191348,1.67,0.00,0.00,657270,357134,12689008,331028,,,,1996800,1996800,1996800,1996800,1996800,1996800,2438400,2438400,0,,,,,,0,,998070,1002070,400,4926,360,1,494000,4928000,6930000,0,385,4437000,Full,1200000000
1784669049.117865813,24357.32,51300,51300,52600,52600,52600,51800,51800,52200,51800,51200,51200,52300,53600,52700,52700,53100,52700,52700,52300,49200,50000,49600,49200,53600,49200,48800,47300,48000,48000,49200,59800,62500,61000,61700,53600,62500,62100,59400,60200,61000,60200,61000,59400,53500,50800,50200,49600,52300,47700,48000,48000,37000,0,0,37000,38449,51400,95000,0,36739,37000,32000,47044,95000,34084,0,35285,51000,32541,0,41800,0,44403,0,36089,39058,0,43451,51000,0,37115,0,38914,42323,44185,46299,45930,50938,45325,53300,44249,44081,48989,32000,3000,-273000,-273000,-273000,324058,779299,19472080,336319,63,0,224,22,126,0,448,44,0,0,0,0,1640,19443,402336,702,10390,14010,244760,2199,324058,779299,19472080,336319,15475008,848496,7196080,1.67,0.00,0.00,657270,357134,12689008,331028,,,,883200,883200,883200,883200,883200,883200,883200,883200,0,,,,,,0,,998070,1002070,400,4926,360,1,494000,4931000,6930000,0,385,4437000,Full,1200000000
1784669049.607508001,24357.81,53600,54000,55300,54500,54900,54500,54900,54500,54500,51500,51500,52700,55200,53100,53500,53900,53100,53500,53500,49600,51200,49600,49200,54800,49600,48800,47300,48000,48000,49200,61400,64800,61700,62900,55200,64800,63300,59800,61000,61400,60600,61000,59800,53900,51200,51800,49200,51900,48000,48000,48400,37000,0,0,37000,38463,52900,95000,0,36739,37000,32000,47060,95000,34084,0,35285,52600,32533,0,41824,0,44446,0,36089,39098,0,43472,52900,0,37166,0,38897,42358,44213,46132,46333,51073,45661,55700,44249,43879,48821,32000,3000,-273000,-273000,-273000,324266,779299,19475232,336365,63,0,224,22,126,0,448,44,0,0,0,0,1640,19443,402336,702,10390,14010,244760,2199,324266,779299,19475232,336365,15475008,835004,7185056,1.67,0.00,0.00,657270,357134,12690584,331028,,,,883200,883200,883200,883200,883200,883200,2438400,2438400,0,,,,,,0,,1000322,1001903,400,4926,360,1,494000,4933000,6930000,0,385,4437000,Full,1200000000
1784669049.897861542,24358.10,51300,52100,53300,53300,52900,52200,51800,52900,52200,53100,52700,54300,54400,54600,54600,55400,55000,54300,53900,50400,51900,49600,49600,54000,49200,48800,47700,48400,48400,49600,60600,62900,61400,62100,54800,63300,62500,59400,60600,61000,60600,61000,59800,54300,51500,50600,49600,52300,48000,48000,48400,37000,0,0,37000,38477,51000,95000,0,36739,37000,32000,47184,95000,34084,0,35285,51000,32548,0,41828,0,44443,0,36146,39077,0,43482,51000,0,37144,0,38927,42337,44204,46266,46031,51073,45359,54100,44148,44182,49022,32000,3000,-273000,-273000,-273000,324277,779299,19475368,336367,63,0,224,22,126,0,448,44,0,0,0,0,1640,19443,402336,702,10390,14010,244760,2199,324277,779299,19475368,336367,15475008,840412,7207200,1.67,0.00,0.00,657270,357136,12690652,331030,,,,1113600,1113600,1113600,1113600,1113600,1113600,883200,883200,0,,,,,,0,,1000322,1001903,400,4926,360,1,494000,4933000,6930000,0,385,4437000,Full,1200000000
1784669050.197934511,24358.40,51700,51700,53300,53300,52600,52600,52600,52200,51400,51500,51900,52700,54000,53100,53500,53900,53100,53500,52700,49600,50800,49600,49600,54000,49600,49200,47700,48400,48400,49600,60600,62900,61400,62100,54400,63300,62500,59400,60200,61000,60600,61400,59800,53900,50800,50200,49600,52300,48000,48000,48800,37000,0,0,37000,38484,51000,95000,0,36739,37000,32000,47225,95000,34084,0,35285,50600,32565,0,41883,0,44465,0,36112,39114,0,43495,50600,0,37147,0,38930,42337,44220,46468,46165,51409,45459,54100,44114,44282,48854,32000,3000,-273000,-273000,-273000,324277,779299,19475368,336367,63,0,224,22,126,0,448,44,0,0,0,0,1640,19443,402336,702,10390,14010,244760,2199,324277,779299,19475368,336367,15475008,843648,7210416,1.67,0.00,0.00,657270,357136,12690652,331030,,,,1113600,1113600,1113600,1113600,1113600,1113600,883200,883200,0,,,,,,0,,1000322,1001903,400,4926,360,1,494000,4929000,6930000,0,385,4437000,Full,1200000000
1784669050.500166021,24358.70,51700,52100,53300,53300,52900,52600,52900,52600,52600,52300,52300,53900,54400,54300,54300,55000,54600,53900,53900,49600,50800,49600,49600,53600,49200,48800,47300,48400,48400,49600,61700,64500,62100,63700,54800,64800,63700,60600,61400,62100,61000,61700,60200,53500,51200,50600,50000,51900,48400,48000,48400,37000,0,0,37000,38498,52200,95000,0,36739,37000,32000,47229,95000,34084,0,35285,51400,32568,0,41913,0,44486,0,36089,39107,0,43501,51400,0,37118,0,38947,42368,44250,46400,46232,51443,45762,54500,44282,44148,48922,32000,3000,-273000,-273000,-273000,324277,779299,19475368,336367,63,0,224,22,126,0,448,44,0,0,0,0,1640,19443,402336,702,10390,14010,244760,2199,324277,779299,19475368,336367,15475008,892832,7259552,1.73,0.00,0.00,657270,357136,12690652,331030,,,,787200,787200,787200,787200,787200,787200,883200,883200,0,,,,,,0,,1000662,1001919,400,4926,360,1,494000,4931000,6930000,0,385,4437000,Full,1200000000
1784669050.816102375,24359.02,50900,51300,52900,52600,52200,51800,52200,51800,51400,51500,51200,52700,53600,53100,53100,53900,53100,53500,52700,49600,50400,49600,49600,53600,49600,49200,47700,48400,48000,49600,60600,63300,61400,62500,54000,63300,62900,59800,60600,61000,60200,61000,59800,53900,51200,50200,50000,52300,48000,48000,48800,37000,0,0,37000,38498,50600,95000,0,36739,37000,32000,47232,95000,34084,0,35285,50200,32574,0,41923,0,44512,0,36112,39110,0,43523,50200,0,37106,0,38933,42383,44262,46299,46266,51275,45560,53700,44282,44451,49022,32000,3000,-273000,-273000,-273000,324277,779299,19475368,336367,63,0,224,22,126,0,448,44,0,0,0,0,1640,19443,402336,702,10390,14010,244760,2199,324277,779299,19475368,336367,15475008,888828,7255544,1.73,0.00,0.00,657270,357136,12690652,331030,,,,1228800,1228800,1228800,1228800,1228800,1228800,883200,883200,0,,,,,,0,,1000662,1001919,400,4926,360,1,494000,4933000,6930000,0,385,4437000,Full,1200000000
1784669051.124570240,24359.33,50500,51300,52600,52600,52200,51400,51000,52200,51800,51200,51200,52700,54000,52700,53100,53900,52700,53100,52300,49600,50000,49600,49600,53600,49200,48800,47700,48000,48000,49200,60600,62900,61000,62100,54000,62900,62100,59000,60200,61000,60200,61000,59400,53900,51500,49800,49600,52300,48000,47700,48400,37000,0,0,37000,38504,50600,95000,0,36739,37000,32000,47240,95000,34084,0,35285,50200,32574,0,41950,0,44506,0,36131,39131,0,43546,50200,0,37132,0,38977,42387,44295,46636,46198,51476,45493,53300,44383,43778,48955,32000,3000,-273000,-273000,-273000,324277,779299,19475368,336367,63,0,224,22,126,0,448,44,0,0,0,0,1640,19443,402336,702,10390,14010,244760,2199,324277,779299,19475368,336367,15475008,901360,7268164,1.73,0.00,0.00,657270,357136,12690652,331030,,,,1324800,1324800,1324800,1324800,1324800,1324800,883200,883200,0,,,,,,0,,1000662,1001919,400,4926,360,1,494000,4933000,6930000,0,385,4437000,Full,1200000000
1784669051.418567948,24359.62,50900,51300,52600,52600,52200,51400,51400,51800,51000,52300,51900,53500,53600,53900,53900,54300,53900,53500,53500,49600,50400,50000,49200,53200,49600,48800,47300,48400,48000,49200,60200,62500,61000,61700,54000,62900,62500,58700,59800,60600,60200,61000,59800,54300,50800,50600,49600,52300,48000,48000,48400,37000,0,0,37000,38523,51400,95000,0,36739,37000,32000,47248,95000,34084,0,35285,50200,32585,0,41916,0,44524,0,36100,39137,0,43545,50200,0,37125,0,38977,42397,44295,46098,46266,51241,45627,53300,44383,44484,48989,32000,3000,-273000,-273000,-273000,324279,779299,19475384,336368,63,0,224,22,126,0,448,44,0,0,0,0,1640,19443,402336,702,10390,14010,244760,2199,324279,779299,19475384,336368,15475008,898392,7265180,1.73,0.00,0.00,657270,357136,12690660,331030,,,,1228800,1228800,1228800,1228800,1228800,1228800,883200,883200,0,,,,,,0,,998885,1001953,400,4926,360,1,494000,4932000,6930000,0,385,4437000,Full,1200000000
1784669051.716502114,24359.92,52100,52900,53300,53300,52900,52600,52600,52600,51800,50800,50800,52300,54000,52700,52700,53500,53100,53100,52300,49200,50400,49600,49600,54000,49600,48800,47700,48000,48400,49200,60600,62900,61000,62100,54400,62900,62100,59400,60200,61000,60200,61000,59800,53900,51200,51800,49600,51900,48000,47700,48000,37000,0,0,37000,38518,53300,95000,0,36739,37000,32000,47244,95000,34084,0,35285,51800,32577,0,41947,0,44545,0,36134,39148,0,43548,51400,0,37128,0,38968,42422,44318,46333,46232,51476,45594,54100,44316,44484,48854,32000,3000,-273000,-273000,-273000,324284,779299,19475424,336369,63,0,224,22,126,0,448,44,0,0,0,0,1640,19443,402336,702,10390,14010,244760,2199,324284,779299,19475424,336369,15475008,909940,7276616,1.73,0.00,0.00,657270,357136,12690680,331030,,,,1996800,1996800,1996800,1996800,1996800,1996800,883200,883200,0,,,,,,0,,998885,1001953,400,4926,360,1,494000,4937000,6930000,0,385,4437000,Full,1200000000
1784669051.994230916,24360.20,51300,51300,52900,52900,52600,52200,51800,52200,51400,53100,52300,54300,53600,54300,55000,55000,55000,55400,56200,49200,50400,49600,49600,53600,49200,49200,47700,48400,48400,49200,61000,64500,61700,62900,54000,64500,63300,60600,61400,61400,60200,61000,60200,53900,51200,50200,49600,52300,48000,48000,48400,37000,0,0,37000,38536,51000,95000,0,36884,37000,32000,47264,95000,34177,0,35430,50600,32591,0,41947,0,44578,0,36092,39164,0,43561,50600,0,37122,0,38987,42415,44328,46636,46132,51409,45392,53700,44383,44148,48787,32000,3000,-273000,-273000,-273000,324284,779299,19475424,336369,63,0,224,22,126,0,448,44,0,0,0,0,1640,19443,402336,702,10390,14010,244760,2199,324284,779299,19475424,336369,15475008,903184,7269896,1.73,0.00,0.00,657270,357136,12690680,331030,,,,1113600,1113600,1113600,1113600,1113600,1113600,2438400,2438400,0,,,,,,0,,998885,1001953,400,4926,360,1,494000,4933000,6930000,0,385,4437000,Full,1200000000
1784669052.296197531,24360.50,50900,51300,52600,52900,52600,51400,51400,52200,51400,52700,52300,53900,54000,54300,54300,55000,54600,54300,53900,49600,50800,49600,49600,53600,49200,49200,47700,48400,48400,49600,60200,62900,61400,62100,54000,62900,62500,59000,60200,61000,60600,61000,59800,54300,51200,50200,49600,52300,48400,48400,48800,37000,0,0,37000,38550,51000,95000,0,36884,37000,32000,47264,95000,34177,0,35430,51000,32617,0,41964,0,44561,0,36103,39170,0,43593,50600,0,37131,0,38981,42440,44354,46468,46165,51577,45560,53700,44417,44350,48753,32000,3000,-273000,-273000,-273000,324284,779299,19475424,336369,63,0,224,22,126,0,448,44,0,0,0,0,1640,19443,402336,702,10390,14010,244760,2199,324284,779299,19475424,336369,15475008,904944,7271708,1.73,0.00,0.00,657270,357136,12690680,331030,,,,1996800,1996800,1996800,1996800,1996800,1996800,883200,883200,0,,,,,,0,,1000815,1001915,400,4926,360,1,494000,4926000,6930000,0,385,4437000,Full,1200000000
1784669052.791257635,24360.99,51700,52100,53700,53300,52900,52600,52900,52900,52600,53100,52700,54600,54000,54600,55400,55400,55400,55400,56200,49600,51200,49600,49600,54000,49200,49200,47700,48400,48400,49600,60600,63300,61700,62500,54400,63700,62900,59800,61000,61400,60600,61400,60200,53900,51200,50600,49600,52300,48000,48400,48400,37000,0,0,37000,38542,52200,95000,0,36884,37000,32000,47304,95000,34177,0,35430,51400,32583,0,41974,0,44627,0,36086,39178,0,43616,51400,0,37141,0,39031,42440,44372,46636,46333,51207,45661,54100,44484,44316,48787,32000,3000,-273000,-273000,-273000,324284,779299,19475424,336369,63,0,224,22,126,0,448,44,0,0,0,0,1640,19443,402336,702,10390,14010,244760,2199,324284,779299,19475424,336369,15475008,908052,7274764,1.60,0.00,0.00,657270,357136,12690680,331030,,,,998400,998400,998400,998400,998400,998400,1497600,1497600,0,,,,,,0,,1000815,1001915,400,4926,360,1,494000,4928000,6930000,0,385,4437000,Full,1200000000
1784669053.094331489,24361.30,50900,52100,52600,52900,52600,52600,52200,52600,51800,52700,52300,53900,54000,54300,54600,55000,54600,54300,53900,49600,51200,50000,49600,53600,49200,49200,47700,48800,48400,49600,63300,66000,61700,65200,54400,66400,63300,62500,63300,61700,60600,61000,59800,53900,51200,51000,49600,52300,48000,48000,48800,37000,0,0,37000,38561,51400,95000,0,36884,37000,32000,47315,95000,34177,0,35430,51000,32585,0,41953,0,44615,0,36128,39200,0,43636,51000,0,37128,0,39023,42457,44390,46636,46400,51409,45627,53700,44383,44316,48687,32000,3000,-273000,-273000,-273000,324284,779299,19475424,336369,63,0,224,22,126,0,448,44,0,0,0,0,1640,19443,402336,702,10390,14010,244760,2199,324284,779299,19475424,336369,15475008,904024,7270724,1.60,0.00,0.00,657270,357136,12690680,331030,,,,1324800,1324800,1324800,1324800,1324800,1324800,883200,883200,0,,,,,,0,,1000815,1001915,400,4926,360,1,494000,4928000,6930000,0,385,4437000,Full,1200000000
1784669053.391770135,24361.59,50900,51700,52900,52600,52600,52200,52600,52200,51800,50800,51200,52300,53600,52700,53100,53500,52700,52700,51900,49200,50000,49600,49600,53200,49600,49200,48000,48400,48400,49600,61400,64100,61000,63300,54000,64500,62500,60600,61400,61000,60200,61000,59400,53900,51200,50600,49600,52300,48000,48000,48000,37000,0,0,37000,38572,51400,95000,0,36884,37000,32000,47311,95000,34177,0,35430,50600,32612,0,42002,0,44633,0,36092,39197,0,43656,50600,0,37115,0,39038,42478,44399,46400,46232,51577,45762,53700,44249,44451,48753,32000,3000,-273000,-273000,-273000,324284,779299,19475424,336369,63,0,224,22,126,0,448,44,0,0,0,0,1640,19443,402336,702,10390,14010,244760,2199,324284,779299,19475424,336369,15475008,904412,7271084,1.60,0.00,0.00,657270,357136,12690680,331030,,,,1113600,1113600,1113600,1113600,1113600,1113600,883200,883200,0,,,,,,0,,1000476,1001915,400,4926,360,1,494000,4929000,6930000,0,385,4437000,Full,1200000000
1784669053.684430239,24361.89,51300,52100,52900,52900,52600,52200,52200,52200,52200,52300,51900,53500,54000,53500,53900,54600,53900,53500,53500,50000,50400,49600,49600,54000,49600,48800,47700,48000,48400,49600,61400,64100,61700,63300,54400,64100,63300,60200,61000,61700,60600,61700,59800,53500,51200,50600,50000,52300,48000,48000,48400,37000,0,0,37000,38581,51800,95000,0,36884,37000,32100,47347,95000,34177,0,35430,51000,32617,0,41987,0,44677,0,36083,39230,0,43656,51800,0,37141,0,39038,42503,44414,46501,46232,51611,45661,53700,44484,43879,48687,32100,3000,-273000,-273000,-273000,324284,779299,19475424,336369,63,0,224,22,126,0,448,44,0,0,0,0,1640,19443,402336,702,10390,14010,244760,2199,324284,779299,19475424,336369,15475008,898988,7265652,1.60,0.00,0.00,657270,357136,12690680,331030,,,,1555200,1555200,1555200,1555200,1555200,1555200,883200,883200,0,,,,,,0,,1000476,1001915,400,4926,360,1,494000,4929000,6928000,0,376,4434000,Full,1200000000
1784669053.971102582,24362.17,51300,51700,52600,52600,52200,51800,52200,52200,51000,51500,51200,52300,54000,52700,52700,53500,52700,52700,52300,49200,50400,50000,49600,53200,49600,49200,47700,48000,48400,49200,60200,62900,61000,61700,54000,62900,62100,58700,59800,60600,60200,61400,59400,53900,51200,50200,50000,52300,48000,48400,48400,37000,0,0,37000,38589,50600,95000,0,36884,37000,32100,47332,95000,34177,0,35430,51000,32601,0,42005,0,44677,0,36071,39208,0,43666,50200,0,37131,0,39047,42492,44436,46468,46266,51476,45694,53300,44383,43778,48653,32100,3000,-273000,-273000,-273000,324284,779299,19475424,336369,63,0,224,22,126,0,448,44,0,0,0,0,1640,19443,402336,702,10390,14010,244760,2199,324284,779299,19475424,336369,15475008,900980,7267680,1.60,0.00,0.00,657270,357136,12690680,331030,,,,1113600,1113600,1113600,1113600,1113600,1113600,883200,883200,0,,,,,,0,,1000476,1001915,400,4926,360,1,494000,4929000,6928000,0,376,4434000,Full,1200000000
1784669054.279207895,24362.48,50500,51300,52600,52600,52200,51800,51400,52200,51400,51200,50800,52300,53600,52300,52700,53100,53100,53100,52300,49200,50400,49600,49600,52900,49200,49200,47700,48400,48000,49200,60200,62100,60600,61400,54000,62500,62100,58700,59400,61000,60200,61000,59400,53900,51200,50200,50000,51900,48000,48000,48800,37000,0,0,37000,38605,51000,95000,0,36884,37000,32100,47367,95000,34177,0,35430,50600,32627,0,42030,0,44670,0,36143,39221,0,43682,51400,0,37117,0,39053,42526,44452,46501,46299,51577,45526,53700,44451,44282,48720,32100,3000,-273000,-273000,-273000,324284,779299,19475424,336369,63,0,224,22,126,0,448,44,0,0,0,0,1640,19443,402336,702,10390,14010,244760,2199,324284,779299,19475424,336369,15475008,898636,7265312,1.60,0.00,0.00,657270,357136,12690680,331030,,,,1996800,1996800,1996800,1996800,1996800,1996800,883200,883200,0,,,,,,0,,1000476,1001915,400,4926,360,1,494000,4926000,6928000,0,376,4434000,Full,1200000000
1784669054.566548520,24362.77,51300,51700,52900,52900,52200,52200,52200,52200,51400,52300,52300,54300,54000,54300,54600,55000,54600,54600,53900,49600,50800,50000,49600,53600,49200,49200,47700,48000,48400,49600,62900,65200,62100,64500,54400,65600,63700,61700,62900,62100,60200,61000,60200,53900,51200,50200,50000,52300,48000,48000,48400,37000,0,0,37000,38605,51400,95000,0,36884,37000,32100,47361,95000,34177,0,35430,50600,32627,0,42024,0,44680,0,36121,39221,0,43700,50600,0,37143,0,39077,42516,44472,46636,46333,51476,45762,53700,44484,44417,48653,32100,3000,-273000,-273000,-273000,324284,779299,19475424,336369,63,0,224,22,126,0,448,44,0,0,0,0,1640,19443,402336,702,10390,14010,244760,2199,324284,779299,19475424,336369,15475008,907088,7273704,1.67,0.00,0.00,657270,357136,12690680,331030,,,,998400,998400,998400,998400,998400,998400,883200,883200,0,,,,,,0,,999931,1001920,400,4926,360,1,494000,4927000,6928000,0,376,4434000,Full,1200000000
1784669054.875373519,24363.08,50500,50900,52600,52600,51800,51800,51800,51400,51000,51500,51200,52700,54000,52700,53100,53900,53100,53100,52700,48800,50000,50000,49600,53200,49600,49200,47700,48400,48400,49200,62900,66000,61700,64800,54000,66400,62900,62500,62900,62100,60600,61000,59800,53900,51200,50200,49600,52300,48400,48000,48400,37000,0,0,37000,38616,50600,95000,0,36884,37000,32100,47358,95000,34177,0,35430,50600,32644,0,42072,0,44703,0,36083,39244,0,43724,50200,0,37163,0,39098,42538,44472,46568,46333,51611,45459,53700,44383,44787,48619,32100,3000,-273000,-273000,-273000,324284,779299,19475424,336369,63,0,224,22,126,0,448,44,0,0,0,0,1640,19443,402336,702,10390,14010,244760,2199,324284,779299,19475424,336369,15475008,904080,7270660,1.67,0.00,0.00,657270,357136,12690680,331030,,,,1113600,1113600,1113600,1113600,1113600,1113600,883200,883200,0,,,,,,0,,999931,1001920,400,4926,360,1,494000,4926000,6928000,0,376,4434000,Full,1200000000
1784669055.170687842,24363.37,52500,53600,55300,53700,53300,54500,54500,53700,53300,53900,52700,55000,54800,55400,55400,55800,55400,55800,56600,50400,51200,50000,49600,54400,49200,49200,47700,48400,48400,49600,60600,62500,61400,62100,55200,62900,62500,59800,60600,61400,60200,61000,60200,53900,51200,51800,49600,52300,48000,48000,48400,37000,0,0,37000,38623,52600,95000,0,36884,37000,32100,47375,95000,34177,0,35430,51400,32653,0,42094,0,44725,0,36140,39257,0,43730,51800,0,37117,0,39083,42573,44479,46636,46400,51409,45795,54900,44686,44518,48585,32100,3000,-273000,-273000,-273000,324284,779299,19475424,336369,63,0,224,22,126,0,448,44,0,0,0,0,1640,19443,402336,702,10390,14010,244760,2199,324284,779299,19475424,336369,15475008,901852,7268472,1.67,0.00,0.00,657270,357136,12690680,331030,,,,1113600,1113600,1113600,1113600,1113600,1113600,883200,883200,0,,,,,,0,,999931,1001920,400,4926,360,1,494000,4931000,6928000,0,376,4434000,Full,1200000000
1784669055.471219040,24363.67,51300,52100,53300,53300,52600,52200,51800,52600,52600,51500,51200,52700,54000,53100,53500,53900,53100,53500,52700,49200,50400,49600,49600,53600,49200,49200,47700,48400,48400,49600,61000,64100,61700,62900,54400,64100,63300,60200,61000,61400,60600,61400,60200,54300,51200,50600,50000,52300,48400,48400,48800,37000,0,0,37000,38623,51400,95000,0,36884,37000,32100,47379,95000,34177,0,35430,51000,32633,0,42062,0,44721,0,36109,39284,0,43734,51000,0,37131,0,39095,42566,44479,46669,46266,51308,45694,54100,44350,43879,48720,32100,3000,-273000,-273000,-273000,324284,779299,19475424,336369,63,0,224,22,126,0,448,44,0,0,0,0,1640,19443,402336,702,10390,14010,244760,2199,324284,779299,19475424,336369,15475008,895048,7261660,1.67,0.00,0.00,657270,357136,12690680,331030,,,,787200,787200,787200,787200,787200,787200,883200,883200,0,,,,,,0,,998162,1001956,400,4926,360,1,494000,4933000,6928000,0,376,4434000,Full,1200000000
1784669055.999156071,24364.20,51300,52100,53300,53300,52900,52600,52900,52900,52900,52700,51900,53900,54400,54300,54300,55000,54300,54300,53500,49600,50800,49600,49600,54000,49600,49200,47700,48400,48800,49600,62100,64800,62500,64500,54800,66000,64500,61400,61700,62100,61000,61700,60200,54300,51200,51000,49600,52300,48400,48000,48800,37000,0,0,37000,38651,51800,95000,0,36884,37000,32100,47397,95000,34177,0,35430,51000,32653,0,42091,0,44749,0,36143,39284,0,43762,51800,0,37128,0,39098,42594,44509,46669,46400,51645,45627,54100,44585,44182,48619,32100,3000,-273000,-273000,-273000,324284,779299,19475424,336369,63,0,224,22,126,0,448,44,0,0,0,0,1640,19443,402336,702,10390,14010,244760,2199,324284,779299,19475424,336369,15475008,902692,7269348,1.67,0.00,0.00,657270,357136,12690680,331030,,,,1113600,1113600,1113600,1113600,1113600,1113600,883200,883200,0,,,,,,0,,998162,1001956,400,4926,360,1,494000,4931000,6928000,0,376,4434000,Full,1200000000
1784669056.302634092,24364.50,50500,51700,52900,52900,52200,51800,51800,52200,51800,51500,51200,52700,54000,52700,53100,53900,53100,53500,52700,48800,50400,50400,50000,53600,49200,49200,47700,48400,48400,49600,63300,66400,62100,65200,54400,66400,63700,61000,62100,62100,60600,61400,60200,53900,51200,50600,50000,52300,48000,48000,48400,37000,0,0,37000,38648,51400,95000,0,36884,37000,32100,47407,95000,34177,0,35430,50600,32674,0,42094,0,44761,0,36121,39277,0,43771,50600,0,37150,0,39128,42601,44524,46871,46468,51645,45795,54100,44383,44585,48653,32100,3000,-273000,-273000,-273000,324355,779299,19476984,336380,63,0,224,22,126,0,448,44,0,0,0,0,1640,19443,402336,702,10390,14010,244760,2199,324355,779299,19476984,336380,15475008,897216,7263868,1.67,0.00,0.00,657270,357136,12691460,331030,,,,1113600,1324800,1324800,1324800,1324800,1324800,883200,883200,0,,,,,,0,,998162,1001956,400,4926,360,1,494000,4931000,6928000,0,376,4434000,Full,1200000000
1784669056.609970081,24364.81,50900,50900,52600,52600,52600,51800,51400,52600,52200,51200,51200,52700,54000,52700,53100,53500,53100,53100,52700,49200,50800,50000,50000,53200,49600,49200,47700,48400,48400,49600,63700,66000,62100,65200,54000,66800,63300,62500,63700,61700,60200,61400,60200,53900,51500,50200,50000,52300,48000,48400,48800,37000,0,0,37000,38668,50600,95000,0,36884,37000,32100,47453,95000,34177,0,35430,50600,32670,0,42091,0,44775,0,36052,39297,0,43783,50200,0,37106,0,39151,42608,44524,46636,46468,51577,45694,53700,44350,44383,48720,32100,3000,-273000,-273000,-273000,324355,779299,19476984,336380,63,0,224,22,126,0,448,44,0,0,0,0,1640,19443,402336,702,10390,14010,244760,2199,324355,779299,19476984,336380,15475008,891016,7257756,1.73,0.00,0.00,657270,357136,12691460,331030,,,,1113600,1113600,1113600,1113600,1113600,1113600,883200,883200,0,,,,,,0,,1000537,1001907,400,4926,360,1,494000,4931000,6928000,0,376,4434000,Full,1200000000
1784669056.918215862,24365.12,50500,51300,52900,52900,52600,51800,51800,52200,51800,52700,51900,53900,54000,54300,54300,55000,54600,54300,53900,49600,50800,49600,49600,54000,49600,49200,47700,48400,48400,49600,60600,63300,61700,62100,54400,63300,62900,59400,60600,61000,60600,61400,59800,54300,51500,50200,50000,52300,48000,48400,48800,37000,0,0,37000,38672,50600,95000,0,36884,37000,32100,47453,95000,34177,0,35430,50200,32656,0,42114,0,44787,0,36109,39346,0,43793,50600,0,37161,0,39131,42621,44536,46669,46333,51577,45829,53700,44652,44787,48753,32100,3000,-273000,-273000,-273000,324408,779299,19480176,336543,63,0,224,22,126,0,448,44,0,0,0,0,1640,19443,402336,702,10390,14010,244760,2199,324408,779299,19480176,336543,15475008,897172,7265568,1.73,0.00,0.00,657270,357136,12693056,331030,,,,1113600,1113600,1113600,1113600,1113600,1113600,883200,883200,0,,,,,,0,,1000537,1001907,400,4926,360,1,494000,4929000,6928000,0,376,4434000,Full,1200000000
1784669057.237475810,24365.44,51300,52100,52600,52900,52900,52200,52200,52200,51800,51500,51200,52700,54000,53100,53100,53900,53500,53500,52300,49600,50400,50000,49600,53600,49600,49200,48000,48400,48400,49600,60600,62900,61700,61700,54400,62900,62500,59400,60200,61000,61000,61000,59800,54300,51200,50200,50000,52300,48400,48000,48800,37000,0,0,37000,38686,51400,95000,0,37074,37000,32100,47548,95000,34311,0,35596,51000,32674,0,42126,0,44797,0,36100,39313,0,43798,50600,0,37146,0,39158,42636,44547,46972,46333,51779,45627,54100,44484,44417,48653,32100,3000,-273000,-273000,-273000,324556,779299,19495136,336686,63,0,224,22,126,0,448,44,0,0,0,0,1640,19443,402336,702,10390,14010,244760,2199,324556,779299,19495136,336686,15475008,889504,7266176,1.73,0.00,0.00,657270,357136,12700536,331030,,,,998400,998400,998400,998400,998400,998400,883200,883200,0,,,,,,0,,1000537,1001907,400,4926,360,1,494000,4932000,6928000,0,376,4434000,Full,1200000000
1784669057.542207164,24365.74,50900,51700,53700,53300,52600,52600,52200,52200,51800,53500,52300,55000,54400,55000,55400,55400,55400,55800,57000,49600,50400,50000,49600,54000,49200,49200,48000,48400,48800,49600,61000,63700,61400,62100,54400,63300,62900,59000,60200,61000,60600,61000,59800,53900,51500,50600,50000,52300,48400,48400,48800,37000,0,0,37000,38686,51000,95000,0,37074,37000,32100,47633,95000,34311,0,35596,51000,32688,0,42136,0,44820,0,36083,39331,0,43814,51000,0,37126,0,39167,42652,44563,46871,46568,51678,45762,54500,44652,44216,48687,32100,3000,-273000,-273000,-273000,324564,779299,19501944,336748,63,0,224,22,126,0,448,44,0,0,0,0,1640,19443,402336,702,10390,14010,244760,2199,324564,779299,19501944,336748,15475008,885780,7267672,1.73,0.00,0.00,657270,357136,12703940,331030,,,,1113600,1113600,1113600,1113600,1113600,1113600,883200,883200,0,,,,,,0,,1000158,1001919,400,4926,360,1,494000,4936000,6928000,0,376,4434000,Full,1200000000
1784669057.853095289,24366.05,51300,52100,53300,53300,52900,52600,52600,52600,52200,52300,51900,53500,54400,53900,54300,54600,53900,53900,53500,50000,50800,50000,50000,54000,49600,49200,48000,48800,48800,50000,61400,64100,62100,62900,54400,64100,63300,60200,61000,61700,61000,61400,60200,53900,51500,50200,50000,52700,48000,48400,48800,37000,0,0,37000,38706,51000,95000,0,37074,37000,32100,47633,95000,34311,0,35596,50600,32664,0,42143,0,44856,0,36121,39328,0,43818,50600,0,37149,0,39174,42667,44573,47241,46602,51913,45795,54100,44518,44820,48585,32100,3000,-273000,-273000,-273000,324915,779299,19538144,336969,63,0,224,22,126,0,448,44,0,0,0,0,1640,19443,402336,702,10390,14010,244760,2199,324915,779299,19538144,336969,15475008,882072,7251836,1.73,0.00,0.00,657270,357136,12722040,331030,,,,787200,787200,787200,883200,883200,883200,883200,883200,0,,,,,,0,,1000158,1001919,400,4926,360,1,494000,4933000,6928000,0,376,4434000,Full,1200000000
1784669058.168192997,24366.37,51700,51700,53300,53300,52900,52200,51400,52600,52200,51500,51200,52300,54400,53100,53100,53500,53500,53500,52700,49600,50400,49600,49600,54000,50000,49200,48000,48400,48800,50000,61000,63700,61700,62500,54400,64100,62900,59800,61000,61400,61000,61400,59800,54300,51200,50600,50000,52300,48400,48400,48400,37000,0,0,37000,38713,51000,95000,0,37074,37000,32100,47809,95000,34311,0,35596,51400,32680,0,42136,0,44877,0,36089,39328,0,43850,51000,0,37159,0,39203,42674,44592,46804,46636,51981,45930,54100,44686,44720,48753,32100,3000,-273000,-273000,-273000,324920,779299,19540128,336990,63,0,224,22,126,0,448,44,0,0,0,0,1640,19443,402336,702,10390,14010,244760,2199,324920,779299,19540128,336990,15475008,874592,7247224,1.73,0.00,0.00,657270,357136,12723032,331030,,,,998400,998400,998400,998400,998400,998400,883200,883200,0,,,,,,0,,1000158,1001919,400,4926,360,1,494000,4936000,6928000,0,376,4434000,Full,1200000000
1784669058.470381018,24366.67,52900,54000,54500,54100,53700,54100,54900,53700,53300,52700,52300,54300,54800,54300,54600,55000,54300,54300,53900,50400,51500,50000,50000,55200,49600,49200,48000,48800,48800,49600,63300,66000,62500,65200,55200,66400,63300,62100,63300,62100,61400,61700,60600,53900,51500,51800,50400,52300,48400,48400,48800,37000,0,0,37000,38724,52600,95000,0,37074,37000,32100,47865,95000,34311,0,35596,52600,32685,0,42161,0,44888,0,36118,39363,0,43853,52200,0,37111,0,39214,42674,44595,47106,46535,52048,46098,55300,44686,44350,48552,32100,3000,-273000,-273000,-273000,325157,779299,19578056,337057,63,0,224,22,126,0,448,44,0,0,0,0,1640,19443,402336,702,10390,14010,244760,2199,325157,779299,19578056,337057,15475008,879104,7250820,1.78,0.00,0.00,657270,357136,12741996,331030,,,,1113600,1113600,1113600,1113600,1113600,1113600,883200,883200,0,,,,,,0,,999265,1001918,400,4926,360,1,494000,4933000,6928000,0,376,4434000,Full,1200000000
1784669058.760397424,24366.96,51700,52100,53700,53700,53300,52600,52600,52900,52600,51900,51500,53500,54800,53500,53500,54300,53500,53500,52700,50000,50800,50400,50000,54000,49600,49600,48000,48800,48400,49600,61000,63700,61700,62500,55200,64100,63300,59800,60600,61700,61000,62100,60200,54300,51500,51000,50400,52700,48400,48400,48800,37000,0,0,37000,38738,51800,95000,0,37074,37000,32100,47883,95000,34311,0,35596,51400,32696,0,42178,0,44892,0,36100,39367,0,43868,51400,0,37140,0,39218,42705,44609,46972,46770,51846,46064,54500,44652,44249,48484,32100,3000,-273000,-273000,-273000,325157,779299,19578056,337057,63,0,224,22,126,0,448,44,0,0,0,0,1640,19443,402336,702,10390,14010,244760,2199,325157,779299,19578056,337057,15475008,897512,7270928,1.78,0.00,0.00,657270,357136,12741996,331030,,,,1996800,1996800,1324800,1324800,1324800,1324800,883200,883200,0,,,,,,0,,999265,1001918,446,4936,370,1,494000,4933000,6928000,0,444,4435000,Full,1200000000
1784669059.254657893,24367.46,52100,52500,54100,53700,53300,52600,52600,53300,52200,53500,53100,55000,54800,55400,55400,56200,55800,55400,54600,50800,51900,50400,50400,54800,50000,49600,48000,48800,48800,50000,63300,65600,62100,64800,55200,66000,63300,62500,63300,62100,61000,61700,61000,54300,51500,51400,50000,52700,48400,48800,49200,37000,0,0,37000,38755,52200,95000,0,37074,37000,32100,47891,95000,34311,0,35596,51000,32696,0,42178,0,44909,0,36157,39379,0,43920,51400,0,37115,0,39241,42746,44659,47039,46669,52149,45997,54900,44787,44518,48518,32100,3000,-273000,-273000,-273000,325360,779299,19616208,337106,63,0,224,22,126,0,448,44,0,0,0,0,1640,19443,402336,702,10390,14010,244760,2199,325360,779299,19616208,337106,15475008,896636,7270008,1.78,0.00,0.00,657270,357136,12761072,331030,,,,1113600,1113600,1113600,1113600,1113600,1113600,883200,883200,0,,,,,,0,,999265,1001918,446,4936,370,1,494000,4922000,6928000,0,444,4435000,Full,1200000000
1784669059.566847945,24367.77,51700,52100,53300,53700,52900,52200,52200,52600,52200,51900,51500,53500,54800,53500,53900,54300,53900,53900,52700,50000,50800,50000,50000,54000,50000,49600,48000,48400,48800,50000,64100,66800,62100,65600,54400,66800,63700,62900,64100,62100,61000,61400,60600,54600,51900,51000,50400,53100,48800,48400,49200,37000,0,0,37000,38751,51400,95000,0,37074,37000,32100,47880,95000,34311,0,35596,51400,32711,0,42193,0,44945,0,36092,39406,0,43934,51000,0,37164,0,39247,42730,44682,47006,46602,52081,46165,54500,44720,45022,48417,32100,3000,-273000,-273000,-273000,325360,779299,19616208,337106,63,0,224,22,126,0,448,44,0,0,0,0,1640,19443,402336,702,10390,14010,244760,2199,325360,779299,19616208,337106,15475008,895708,7269116,1.78,0.00,0.00,657270,357136,12761072,331030,,,,1113600,1113600,1113600,1113600,1113600,1113600,883200,883200,0,,,,,,0,,1000319,1001915,446,4936,370,1,494000,4928000,6928000,0,444,4435000,Full,1200000000
1784669059.873271695,24368.07,51700,52500,53300,53300,52900,52600,52600,52900,52200,52300,51900,53500,54800,53900,53500,54300,53900,54300,54600,50000,50800,50400,50000,54400,50000,49600,48400,48800,48800,49600,61000,63300,61700,62100,54800,63700,62900,59400,60600,61400,61000,61700,60200,54300,51900,51000,50400,52700,48000,48800,48800,37000,0,0,37000,38759,52200,95000,0,37074,37000,32100,47856,95000,34311,0,35596,51400,32714,0,42242,0,44950,0,36128,39417,0,43955,51400,0,37123,0,39233,42751,44711,46837,46703,51880,45762,54500,44787,44686,48417,32100,3000,-273000,-273000,-273000,325360,779299,19616208,337106,63,0,224,22,126,0,448,44,0,0,0,0,1640,19443,402336,702,10390,14010,244760,2199,325360,779299,19616208,337106,15475008,897600,7270988,1.78,0.00,0.00,657270,357136,12761072,331030,,,,998400,998400,998400,998400,998400,998400,2438400,2438400,0,,,,,,0,,1000319,1001915,446,4936,370,1,494000,4928000,6928000,0,444,4435000,Full,1200000000
1784669060.177555132,24368.38,51700,52100,53300,53300,52900,52200,52600,52600,51800,51900,51500,53100,54800,53500,53500,54300,53900,53500,53100,49600,50800,50400,50400,54000,49600,49200,48000,48800,48800,50400,61400,64100,62100,63300,55200,64100,63700,60600,61400,62100,61000,62100,60600,54600,51900,51000,50400,52700,48400,48400,48800,37000,0,0,37000,38768,52200,95000,0,37074,37000,32100,47844,95000,34311,0,35596,51400,32758,0,42232,0,44967,0,36103,39406,0,43968,51000,0,37156,0,39247,42771,44723,46837,46501,52216,46064,54100,44787,44518,48384,32100,3000,-273000,-273000,-273000,325360,779299,19616208,337106,63,0,224,22,126,0,448,44,0,0,0,0,1640,19443,402336,702,10390,14010,244760,2199,325360,779299,19616208,337106,15475008,893076,7266452,1.78,0.00,0.00,657270,357136,12761072,331030,,,,1324800,1324800,1324800,1324800,1324800,1324800,883200,883200,0,,,,,,0,,1000319,1001915,446,4936,370,1,494000,4928000,6928000,0,444,4435000,Full,1200000000
1784669060.480922944,24368.68,51700,52100,53300,53700,53300,52600,52200,52900,51800,51900,51500,52700,54400,52700,53100,53900,53500,53100,52700,49200,50400,50000,50400,54000,49600,49600,48000,48800,48800,49600,61700,64100,62100,63300,54800,64500,63700,60200,61400,62100,61000,61700,60600,54300,51900,51000,50000,52300,48800,48400,48800,37000,0,0,37000,38786,51800,95000,0,37074,37000,32100,47841,95000,34311,0,35596,51000,32729,0,42253,0,44977,0,36112,39417,0,43982,50600,0,37166,0,39277,42778,44716,47106,46770,52014,45896,54100,44787,44619,48384,32100,3000,-273000,-273000,-273000,325360,779299,19616208,337106,63,0,224,22,126,0,448,44,0,0,0,0,1640,19443,402336,702,10390,14010,244760,2199,325360,779299,19616208,337106,15475008,893504,7266852,1.82,0.00,0.00,657270,357136,12761072,331030,,,,1113600,1113600,1113600,1113600,1113600,1113600,883200,883200,0,,,,,,0,,1000566,1001915,446,4936,370,1,494000,4929000,6928000,0,444,4435000,Full,1200000000
1784669060.780310757,24368.98,52500,52900,53700,54900,55300,53300,52600,54900,55300,52700,52700,54600,54800,54600,55000,55400,54600,54600,54300,50000,51200,50400,50000,54800,50000,49600,48400,48800,48800,50000,61400,64500,62500,63300,55200,64500,63700,60200,61700,62100,61700,62500,61000,54600,51500,51000,50400,53100,48400,48800,48800,37000,0,0,37000,38782,52200,95000,0,37074,37000,32100,47837,95000,34311,0,35596,51800,32722,0,42263,0,44997,0,36131,39436,0,43992,52200,0,37144,0,39274,42768,44735,47106,46770,52149,46064,54900,44787,44720,48317,32100,3000,-273000,-273000,-273000,325360,779299,19616208,337106,63,0,224,22,126,0,448,44,0,0,0,0,1640,19443,402336,702,10390,14010,244760,2199,325360,779299,19616208,337106,15475008,888728,7262080,1.82,0.00,0.00,657270,357136,12761072,331030,,,,998400,998400,998400,998400,998400,998400,883200,883200,0,,,,,,0,,1000566,1001915,446,4936,370,1,494000,4929000,6928000,0,444,4435000,Full,1200000000
1784669061.086456330,24369.29,51700,52100,53300,53300,52600,52600,52900,52600,52600,51500,51200,53100,54400,53100,53100,53900,53500,53500,53100,49200,50400,50400,50000,54000,49600,49600,48000,48800,48800,49600,61000,63700,62100,62900,54800,64100,63300,59800,60600,61700,61000,61700,60200,54600,51900,51000,50000,52700,48400,48800,48400,37000,0,0,37000,38792,52200,95000,0,37074,37000,32100,47826,95000,34311,0,35596,51000,32749,0,42242,0,44993,0,36140,39462,0,44007,51000,0,37147,0,39287,42799,44742,46905,46636,52048,45829,54500,44787,45190,48350,32100,3000,-273000,-273000,-273000,325360,779299,19616208,337106,63,0,224,22,126,0,448,44,0,0,0,0,1640,19443,402336,702,10390,14010,244760,2199,325360,779299,19616208,337106,15475008,886944,7260364,1.82,0.00,0.00,657270,357136,12761072,331030,,,,1113600,1113600,1113600,1113600,1113600,1113600,883200,883200,0,,,,,,0,,1000566,1001915,446,4936,370,1,494000,4933000,6928000,0,444,4435000,Full,1200000000
1784669061.380375079,24369.58,51300,52500,53300,53700,52900,52200,52900,52900,52200,51500,50800,52700,54400,53100,53500,53500,53100,53500,52700,49200,50400,50400,50400,54000,50000,49200,48000,48400,48800,49600,61400,64500,62100,63300,54800,64800,63300,60600,61400,62100,61000,62100,60200,54300,51900,50200,50400,52300,48400,48400,48400,37000,0,0,37000,38803,51400,95000,0,37074,37000,32100,47821,95000,34311,0,35596,51400,32711,0,42288,0,45015,0,36185,39465,0,44017,51800,0,37147,0,39297,42802,44753,46905,46669,51880,45997,54100,44753,44652,48417,32100,3000,-273000,-273000,-273000,325360,779299,19616208,337106,63,0,224,22,126,0,448,44,0,0,0,0,1640,19443,402336,702,10390,14010,244760,2199,325360,779299,19616208,337106,15475008,889372,7262768,1.82,0.00,0.00,657270,357136,12761072,331030,,,,1670400,1670400,1670400,1670400,1670400,1670400,883200,883200,0,,,,,,0,,1000203,1001929,446,4936,370,1,494000,4933000,6928000,0,444,4435000,Full,1200000000
1784669061.662110496,24369.86,52500,53200,54900,54100,53300,54100,54500,53300,52200,53900,53900,54600,55200,55000,55400,55400,55000,54300,54300,52300,53100,50000,50000,55200,50000,49200,48000,48800,48800,49600,61400,64500,62900,63300,55600,64500,63700,61000,61400,62100,61700,62100,61000,54600,51500,52200,50800,52700,49200,48800,51200,37000,0,0,37000,38820,52600,95000,0,37074,37000,32100,47856,95000,34311,0,35596,52200,32732,0,42317,0,45026,0,36137,39465,0,44050,51800,0,37144,0,39301,42840,44788,46972,46871,52014,45863,55300,44854,44652,48317,32100,3000,-273000,-273000,-273000,325379,779304,19619720,337112,63,0,224,22,126,0,448,44,0,0,0,0,1640,19443,402336,702,10390,14010,244760,2199,325379,779304,19619720,337112,15475008,917600,7290984,1.82,0.00,0.00,657270,357136,12762828,331030,,,,1555200,1555200,1555200,1555200,1555200,1555200,883200,883200,0,,,,,,0,,1000203,1001929,446,4936,370,1,494000,4933000,6928000,0,444,4435000,Full,1200000000
1784669061.949178152,24370.15,52900,53200,54500,54500,54100,53700,52900,53700,52900,52700,52700,53900,55200,54300,54300,55000,54300,54300,53500,51200,51900,50400,50000,54800,50000,50000,48400,48800,49200,50000,61000,62900,62100,62100,55600,62900,62900,60200,61000,61700,61400,61700,60600,54600,51900,52200,50400,52700,48800,48800,49600,37000,0,0,37000,38824,52600,95000,0,37155,37000,32100,47844,95000,34311,0,35672,52200,32749,0,42292,0,45039,0,36124,39456,0,44050,52200,0,37176,0,39331,42852,44788,47174,46804,52081,46266,55300,44888,44989,48283,32100,3000,-273000,-273000,-273000,325379,779304,19619720,337112,63,0,224,22,126,0,448,44,0,0,0,0,1640,19443,402336,702,10390,14010,244760,2199,325379,779304,19619720,337112,15475008,911596,7284996,1.82,0.00,0.00,657270,357136,12762828,331030,,,,1324800,1324800,1324800,1324800,1324800,1324800,883200,883200,0,,,,,,0,,1000203,1001929,446,4936,370,1,494000,4933000,6928000,0,444,4435000,Full,1200000000
1784669062.445328725,24370.65,52500,52900,54100,53700,53300,53300,52900,53300,53300,53500,53500,54300,55200,54600,54600,55400,54600,54600,53500,51900,52700,50400,50400,54400,50000,50000,48400,48800,49200,50000,64100,66400,62900,65600,55200,66800,63700,62900,64100,62100,61400,62100,61000,54600,51900,51800,50400,53100,49200,48800,50400,37000,0,0,37000,38838,52200,95000,0,37155,37000,32100,47844,95000,34311,0,35672,51800,32732,0,42342,0,45054,0,36112,39489,0,44087,51800,0,37159,0,39331,42852,44840,47073,46804,52081,46165,54900,45022,44787,48384,32100,3000,-273000,-273000,-273000,325381,779304,19619832,337112,63,0,224,22,126,0,448,44,0,0,0,0,1640,19443,402336,702,10390,14010,244760,2199,325381,779304,19619832,337112,15475008,916868,7290288,1.85,0.00,0.00,657270,357136,12762884,331030,,,,883200,883200,883200,883200,883200,883200,883200,883200,0,,,,,,0,,998818,1001928,446,4936,370,1,494000,4935000,6928000,0,444,4435000,Full,1200000000
1784669062.763281069,24370.96,51700,52500,53300,53700,53300,52900,52600,52900,51800,52300,51900,53500,54400,53500,53900,54600,53900,53500,53100,50000,51200,50400,50000,54400,50000,49600,48000,48800,49200,50400,62900,65600,62900,64800,54800,66000,64500,61700,62500,62900,61000,61700,60600,54600,51500,51000,50400,52700,48800,49200,49600,37000,0,0,37000,38855,51400,95000,0,37155,37000,32100,47837,95000,34311,0,35672,51400,32758,0,42305,0,45106,0,36140,39465,0,44094,52200,0,37147,0,39337,42889,44840,47106,46804,52250,46064,54500,44888,44854,48384,32100,3000,-273000,-273000,-273000,325381,779304,19619832,337112,63,0,224,22,126,0,448,44,0,0,0,0,1640,19443,402336,702,10390,14010,244760,2199,325381,779304,19619832,337112,15475008,913296,7286684,1.85,0.00,0.00,657270,357136,12762884,331030,,,,998400,998400,998400,998400,998400,998400,883200,883200,0,,,,,,0,,998818,1001928,446,4936,370,1,494000,4933000,6928000,0,444,4435000,Full,1200000000
1784669063.068592214,24371.27,52100,52500,53300,53300,52900,52600,52200,53300,53700,51900,51500,53100,54400,53900,53900,54300,53900,53900,53100,50000,51200,50400,50400,54000,50000,49600,48400,48800,48800,50000,62100,64500,61700,64100,54400,65200,63300,61000,62100,61700,61000,61700,60200,54600,51900,51000,50400,52700,48800,48800,49200,37000,0,0,37000,38855,51800,95000,0,37155,37000,32100,47865,95000,34311,0,35672,52200,32767,0,42345,0,45130,0,36121,39512,0,44083,52600,0,37125,0,39367,42883,44868,46938,46770,52048,46165,54500,44686,44652,48317,32100,3000,-273000,-273000,-273000,325381,779304,19619832,337112,63,0,224,22,126,0,448,44,0,0,0,0,1640,19443,402336,702,10390,14010,244760,2199,325381,779304,19619832,337112,15475008,916860,7290200,1.85,0.00,0.00,657270,357136,12762884,331030,,,,1440000,1440000,1440000,1440000,1440000,1440000,2438400,2438400,0,,,,,,0,,998818,1001928,446,4936,370,1,497000,4936000,6928000,0,444,4435000,Full,1200000000
1784669063.353955756,24371.56,51300,52100,53300,53700,52900,52200,52200,52600,51800,52300,51900,53100,54800,53500,53900,54600,53900,53900,53100,50000,51200,50400,50400,54000,50000,49600,48000,48800,48800,50000,62100,65200,62900,64500,54800,65200,64500,61400,62100,62500,61400,62100,60600,54300,51900,51000,50400,52700,48800,48400,48800,37000,0,0,37000,38868,51800,95000,0,37155,37000,32100,47913,95000,34311,0,35672,50600,32767,0,42338,0,45135,0,36163,39523,0,44101,51000,0,37154,0,39363,42947,44877,47106,46804,52014,46266,54500,44820,45056,48350,32100,3000,-273000,-273000,-273000,325381,779304,19619832,337112,63,0,224,22,126,0,448,44,0,0,0,0,1640,19443,402336,702,10390,14010,244760,2199,325381,779304,19619832,337112,15475008,913308,7286632,1.85,0.00,0.00,657270,357136,12762884,331030,,,,1324800,1324800,1324800,1324800,1324800,1324800,883200,883200,0,,,,,,0,,1000813,1001925,446,4936,370,1,494000,4933000,6928000,0,444,4435000,Full,1200000000
1784669063.649403933,24371.85,51300,51700,53300,53300,52900,51800,52200,52600,51400,51500,51500,52700,54400,53100,53500,54300,53900,53500,53100,50000,50800,50400,50400,54000,50000,50000,48000,48800,48800,50000,61000,63300,61700,62500,54800,63700,62900,59400,60600,61400,61000,61700,60600,54300,51900,51000,50400,52700,48800,48400,49200,37000,0,0,37000,38871,51400,95000,0,37155,37000,32100,47878,95000,34311,0,35672,50600,32794,0,42367,0,45169,0,36122,39542,0,44127,50600,0,37159,0,39384,42922,44900,47140,46837,52081,46266,53700,44854,44888,48317,32100,3000,-273000,-273000,-273000,325381,779304,19619832,337112,63,0,224,22,126,0,448,44,0,0,0,0,1640,19443,402336,702,10390,14010,244760,2199,325381,779304,19619832,337112,15475008,906632,7279952,1.85,0.00,0.00,657270,357136,12762884,331030,,,,1324800,1324800,1324800,1324800,1324800,1324800,883200,883200,0,,,,,,0,,1000813,1001925,446,4936,370,1,494000,4932000,6928000,0,444,4435000,Full,1200000000
1784669063.948951328,24372.15,52100,52900,54100,53700,53300,53300,53300,52900,52900,52700,52700,53900,54800,54300,53900,54300,53900,53900,53100,50800,51900,50000,50000,54400,50000,49200,48000,48800,48800,49600,62500,65200,63300,64800,55200,66000,64500,61400,62100,62900,61700,62500,61000,54300,51900,51800,50400,52700,48400,48800,48800,37000,0,0,37000,38888,52900,95000,0,37155,37000,32200,47896,95000,34311,0,35672,51800,32794,0,42388,0,45196,0,36204,39539,0,44131,52200,0,37131,0,39384,42935,44894,46837,46837,52216,46232,54900,45022,44753,48350,32200,3000,-273000,-273000,-273000,325384,779304,19619856,337112,63,0,224,22,126,0,448,44,0,0,0,0,1640,19443,402336,702,10390,14010,244760,2199,325384,779304,19619856,337112,15475008,907688,7281020,1.85,0.00,0.00,657270,357136,12762896,331030,,,,1113600,1113600,1113600,1113600,1113600,1113600,883200,883200,0,,,,,,0,,1000813,1001925,446,4936,370,1,494000,4936000,6926000,0,385,4434000,Full,1200000000
1784669064.256807422,24372.46,51300,52100,53300,53300,52600,52200,52600,52600,51800,51900,51500,53100,54400,53500,53500,53900,53500,53500,53100,50000,50800,50400,50000,54000,50000,49600,48000,48800,49200,50000,62500,65200,62900,64500,54800,65600,64500,61000,62500,62500,61400,61700,60600,54300,51900,51000,50400,52700,48400,48800,48800,37000,0,0,37000,38895,51800,95000,0,37155,37000,32200,47917,95000,34311,0,35672,51000,32807,0,42417,0,45180,0,36140,39556,0,44150,50600,0,37150,0,39405,42957,44912,47106,46804,52115,46165,54500,44921,44585,48283,32200,3000,-273000,-273000,-273000,325384,779304,19619856,337112,63,0,224,22,126,0,448,44,0,0,0,0,1640,19443,402336,702,10390,14010,244760,2199,325384,779304,19619856,337112,15475008,907788,7281068,1.85,0.00,0.00,657270,357136,12762896,331030,,,,787200,787200,787200,787200,787200,787200,883200,883200,0,,,,,,0,,1000813,1001925,446,4936,370,1,494000,4932000,6926000,0,385,4434000,Full,1200000000
1784669064.572443880,24372.77,51300,51700,53300,53300,52900,52200,52600,52200,51800,51900,51500,53100,54400,53500,53900,54300,53500,53500,53100,50000,51200,50400,50000,53600,50000,49600,48000,48800,48800,49600,62100,64800,62900,63700,54800,65200,64100,61000,61700,62500,61400,62100,61000,54300,51900,50600,50400,52700,48400,48800,48800,37000,0,0,37000,38902,51400,95000,0,37155,37000,32200,47920,95000,34311,0,35672,50600,32801,0,42398,0,45192,0,36083,39553,0,44171,50600,0,37156,0,39414,42978,44923,46837,46804,52182,46132,54100,44720,44686,48249,32200,3000,-273000,-273000,-273000,325384,779304,19619856,337112,63,0,224,22,126,0,448,44,0,0,0,0,1640,19443,402336,702,10390,14010,244760,2199,325384,779304,19619856,337112,15475008,904284,7277560,1.88,0.00,0.00,657270,357136,12762896,331030,,,,1113600,1113600,1113600,1113600,1113600,1113600,883200,883200,0,,,,,,0,,1000662,1001910,446,4936,370,1,494000,4931000,6926000,0,385,4434000,Full,1200000000
1784669064.869210286,24373.07,51700,52500,53700,53300,52900,52900,52600,52600,51400,52700,52700,53900,54800,53900,54300,55000,54300,53500,53500,51200,51900,50400,50000,54400,50000,49600,48400,48800,49200,50000,61000,63700,61700,63300,54800,64100,63700,60200,61000,61700,61400,61700,60600,54300,51900,51000,50000,53100,48400,48400,49200,37000,0,0,37000,38906,51400,95000,0,37155,37000,32200,47948,95000,34311,0,35672,51000,32815,0,42440,0,45196,0,36128,39592,0,44190,50600,0,37166,0,39446,42957,44942,46837,47006,52048,46198,54500,44820,44921,48317,32200,3000,-273000,-273000,-273000,325384,779304,19619856,337112,63,0,224,22,126,0,448,44,0,0,0,0,1640,19443,402336,702,10390,14010,244760,2199,325384,779304,19619856,337112,15475008,899764,7273044,1.88,0.00,0.00,657270,357136,12762896,331030,,,,1228800,1228800,1228800,1228800,1228800,1228800,883200,883200,0,,,,,,0,,1000662,1001910,446,4936,370,1,494000,4929000,6926000,0,385,4434000,Full,1200000000
1784669065.170209245,24373.37,52900,53600,53700,53700,52900,54100,54900,54100,54500,51900,51500,53100,54800,53500,53500,53900,53500,53500,52700,50000,50800,50400,50000,54400,50000,49600,48400,48800,48800,50000,62500,65200,62900,64500,54800,65600,64500,61000,62100,62500,61000,61700,60600,54300,51900,51800,50400,52700,48800,48800,49200,37000,0,0,37000,38912,52600,95000,0,37155,37000,32200,47924,95000,34311,0,35672,51800,32813,0,42452,0,45233,0,36182,39588,0,44208,51800,0,37187,0,39458,42978,44946,47106,46804,52014,46333,54900,44787,45089,48081,32200,3000,-273000,-273000,-273000,325384,779304,19619856,337112,63,0,224,22,126,0,448,44,0,0,0,0,1640,19443,402336,702,10390,14010,244760,2199,325384,779304,19619856,337112,15475008,919408,7292560,1.88,0.00,0.00,657270,357136,12762896,331030,,,,883200,883200,883200,883200,883200,883200,883200,883200,0,,,,,,0,,1000662,1001910,446,4936,370,1,494000,4929000,6926000,0,385,4434000,Full,1200000000
1784669065.663071901,24373.86,52500,52900,54100,54100,53300,52900,52900,52900,52600,52300,52300,53900,55200,54300,54300,54600,54300,54300,53500,50800,51500,50800,50400,55200,49600,49600,48000,48800,49200,50000,61700,64500,62500,64100,55200,64800,64500,61000,61700,62500,61700,62500,61000,55000,51900,51400,50400,53100,49200,48400,49600,37000,0,0,37000,38946,52200,95000,0,37155,37000,32200,47955,95000,34311,0,35672,52200,32819,0,42496,0,45237,0,36163,39606,0,44192,52200,0,37164,0,39461,43026,44959,47106,46804,52250,46367,54900,44888,44686,48148,32200,3000,-273000,-273000,-273000,325384,779304,19619856,337112,63,0,224,22,126,0,448,44,0,0,0,0,1640,19443,402336,702,10390,14010,244760,2199,325384,779304,19619856,337112,15475008,898880,7272252,1.88,0.00,0.00,657270,357136,12762896,331030,,,,998400,998400,998400,998400,998400,998400,883200,883200,0,,,,,,0,,1000072,1001909,446,4936,370,1,494000,4933000,6926000,0,385,4434000,Full,1200000000
1784669065.971474349,24374.17,52100,52900,53700,54100,53300,53300,53300,53300,53300,51900,51900,53500,54800,53500,53900,54300,53900,53500,53100,50000,51200,50400,50400,54400,50000,49600,48400,48800,49200,50400,62100,64800,62900,64500,55200,65600,64500,61000,62100,62500,61400,62500,61000,54600,51900,51400,50400,53100,48800,48400,49200,37000,0,0,37000,38955,52200,95000,0,37155,37000,32200,47959,95000,34311,0,35672,51400,32815,0,42462,0,45248,0,36166,39618,0,44221,51400,0,37173,0,39470,43012,44976,47207,46837,52283,46434,54500,44820,45291,48249,32200,3000,-273000,-273000,-273000,325384,779304,19619856,337112,63,0,224,22,126,0,448,44,0,0,0,0,1640,19443,402336,702,10390,14010,244760,2199,325384,779304,19619856,337112,15475008,908732,7282104,1.88,0.00,0.00,657270,357136,12762896,331030,,,,787200,787200,787200,787200,787200,787200,883200,883200,0,,,,,,0,,1000072,1001909,446,4936,370,1,494000,4928000,6926000,0,385,4434000,Full,1200000000
1784669066.279219348,24374.48,52900,53200,53700,54100,53300,53700,54100,53700,53700,51900,51900,53100,54800,53500,53500,54300,53500,53500,53100,49600,50800,50400,50000,54400,50400,49600,48400,48400,49200,50000,63700,66400,62100,65200,54800,66800,63700,62500,63700,62500,61000,62100,60600,54600,51900,52200,50400,52700,48800,48800,49200,37000,0,0,37000,38960,53300,95000,0,37155,37000,32200,48011,95000,34311,0,35672,52900,32843,0,42493,0,45267,0,36137,39615,0,44250,52200,0,37176,0,39464,43036,44993,47006,46804,51947,46367,54900,44753,45257,48216,32200,3000,-273000,-273000,-273000,325384,779304,19619856,337112,63,0,224,22,126,0,448,44,0,0,0,0,1640,19443,402336,702,10390,14010,244760,2199,325384,779304,19619856,337112,15475008,909684,7282964,1.88,0.00,0.00,657270,357136,12762896,331030,,,,1113600,1113600,1113600,1113600,1113600,1113600,2438400,2438400,0,,,,,,0,,1000072,1001909,446,4936,370,1,494000,4932000,6926000,0,385,4434000,Full,1200000000
1784669066.575677786,24374.78,52100,52500,53700,53700,53700,52900,52600,53300,53300,53100,53100,53900,54800,54300,54300,55000,54600,53900,53900,51200,52300,50400,50000,54400,50000,49600,48400,48800,49200,50000,61400,64500,62500,63300,54800,64800,64100,60600,61400,62100,61400,62100,61000,54600,51900,51000,50400,53100,49200,48800,49600,37000,0,0,37000,38963,51800,95000,0,37155,37000,32200,47972,95000,34311,0,35672,51800,32819,0,42468,0,45271,0,36137,39642,0,44239,51800,0,37176,0,39490,43045,44986,47039,46804,52216,45963,54500,44989,44619,48216,32200,3000,-273000,-273000,-273000,325393,779304,19620000,337114,63,0,224,22,126,0,448,44,0,0,0,0,1640,19443,402336,702,10390,14010,244760,2199,325393,779304,19620000,337114,15475008,905172,7278452,1.90,0.00,0.00,657270,357136,12762968,331030,,,,1228800,1228800,1228800,1228800,1228800,1228800,883200,883200,0,,,,,,0,,999024,1001939,446,4936,370,1,494000,4928000,6926000,0,385,4434000,Full,1200000000
1784669066.874759713,24375.08,51700,52100,53700,53700,52900,52600,52600,52600,52600,51900,51500,53100,54400,53500,53500,53900,53500,53500,52700,49600,51200,50000,50400,54400,50400,49600,48000,48800,48800,49600,64500,67200,62900,66400,54800,67500,64500,63300,64100,62900,61000,61700,60600,54300,51900,51000,50400,53100,48400,48400,49200,37000,0,0,37000,38974,51800,95000,0,37155,37000,32200,48007,95000,34311,0,35672,51800,32837,0,42508,0,45271,0,36166,39624,0,44262,51800,0,37179,0,39487,43059,45022,47106,46770,52149,46299,54100,44820,45190,48182,32200,3000,-273000,-273000,-273000,325393,779304,19620000,337114,63,0,224,22,126,0,448,44,0,0,0,0,1640,19443,402336,702,10390,14010,244760,2199,325393,779304,19620000,337114,15475008,899152,7272432,1.90,0.00,0.00,657270,357136,12762968,331030,,,,1555200,1555200,1555200,1555200,1555200,1555200,883200,883200,0,,,,,,0,,999024,1001939,446,4936,370,1,494000,4933000,6926000,0,385,4434000,Full,1200000000
1784669067.161400911,24375.36,52100,52900,54100,53700,53300,53300,54100,52900,53300,53100,53100,54300,54800,54300,54300,55000,54600,53900,53900,51500,52700,50400,50400,54400,50000,49600,48400,48800,48800,50000,64500,67500,64100,66400,54800,68300,65200,63700,64500,63700,61400,62500,61000,54600,51900,52200,50400,52700,48400,48800,48800,37000,0,0,37000,38977,53300,95000,0,37282,37000,32200,48011,95000,34499,0,35782,51800,32837,0,42483,0,45294,0,36188,39624,0,44257,51800,0,37183,0,39499,43055,45017,47106,47006,52451,46367,55300,44921,45257,48081,32200,3000,-273000,-273000,-273000,325393,779304,19620000,337114,63,0,224,22,126,0,448,44,0,0,0,0,1640,19443,402336,702,10390,14010,244760,2199,325393,779304,19620000,337114,15475008,894920,7268288,1.90,0.00,0.00,657270,357136,12762968,331030,,,,1228800,1228800,1228800,1228800,1228800,1228800,883200,883200,0,,,,,,0,,999024,1001939,446,4936,370,1,494000,4929000,6926000,0,385,4434000,Full,1200000000
1784669067.472391275,24375.67,51700,52100,53300,53300,52900,52600,52900,52600,51800,52300,52300,53500,54800,53500,53900,54300,53500,53900,53500,50000,51200,50000,50400,54000,49600,49600,48000,48800,49200,50000,63700,66800,63300,65600,54800,67500,64800,62900,63700,62900,61400,62500,61000,55000,51900,50600,50400,52700,48800,48400,48800,37000,0,0,37000,38995,52200,95000,0,37282,37000,32200,48056,95000,34499,0,35782,51000,32846,0,42525,0,45305,0,36173,39631,0,44283,51000,0,37172,0,39509,43081,45003,47207,46938,52048,46064,54100,44820,45089,48216,32200,3000,-273000,-273000,-273000,325393,779304,19620000,337114,63,0,224,22,126,0,448,44,0,0,0,0,1640,19443,402336,702,10390,14010,244760,2199,325393,779304,19620000,337114,15475008,901640,7275024,1.90,0.00,0.00,657270,357136,12762968,331030,,,,1113600,1113600,1113600,1113600,1113600,1113600,883200,883200,0,,,,,,0,,1000480,1001947,446,4936,370,1,494000,4932000,6926000,0,385,4434000,Full,1200000000
1784669067.789248775,24375.99,51700,51700,53300,53300,52600,52600,52200,52200,51400,51900,51500,53100,54400,53500,53500,54300,53900,53900,53100,50000,50400,50000,50400,54000,50000,49600,48400,49200,49200,50000,62500,65200,62900,64500,54800,66000,64100,61000,62100,62500,61000,62100,61000,54600,51900,50600,50400,53100,48800,48400,48800,37000,0,0,37000,39000,51800,95000,0,37282,37000,32200,48056,95000,34499,0,35782,50600,32846,0,42525,0,45315,0,36160,39689,0,44290,51400,0,37179,0,39532,43081,45024,47174,46938,52418,46098,54100,44720,44955,48081,32200,3000,-273000,-273000,-273000,325393,779304,19620000,337114,63,0,224,22,126,0,448,44,0,0,0,0,1640,19443,402336,702,10390,14010,244760,2199,325393,779304,19620000,337114,15475008,905184,7278552,1.90,0.00,0.00,657270,357136,12762968,331030,,,,998400,998400,998400,998400,998400,998400,883200,883200,0,,,,,,0,,1000480,1001947,446,4936,370,1,494000,4928000,6926000,0,385,4434000,Full,1200000000
1784669068.090281066,24376.29,51700,52100,53300,53300,52900,52600,52200,52600,51800,52700,52700,54300,54400,54300,54300,55000,54300,53900,53500,50800,51900,50400,50000,54000,50400,49600,48000,48800,48800,50000,61400,64500,62500,63700,54800,64800,63700,60600,61700,62100,61400,62500,61000,54600,51900,51000,50800,52700,48400,48800,49200,37000,0,0,37000,39014,51800,95000,0,37282,37000,32200,48042,95000,34499,0,35782,51800,32853,0,42525,0,45339,0,36148,39674,0,44307,51000,0,37152,0,39523,43120,45041,47207,46938,52283,46232,54500,44921,45123,48216,32200,3000,-273000,-273000,-273000,325393,779304,19620000,337114,63,0,224,22,126,0,448,44,0,0,0,0,1640,19443,402336,702,10390,14010,244760,2199,325393,779304,19620000,337114,15475008,908516,7281756,1.90,0.00,0.00,657270,357136,12762968,331030,,,,998400,998400,998400,998400,998400,998400,883200,883200,0,,,,,,0,,1000480,1001947,446,4936,370,1,494000,4929000,6926000,0,385,4434000,Full,1200000000
1784669068.394365129,24376.60,51300,51700,52900,53300,52900,52200,51800,52900,52200,51900,51500,53100,54400,53500,53500,54300,53500,53900,52700,50000,51200,50400,50400,53600,50000,49600,48000,48800,48800,49600,61700,64800,62500,64100,54800,65600,64100,61000,61400,62100,61400,62100,60600,54600,51900,51000,50400,52700,48800,48800,49200,37000,0,0,37000,39020,51800,95000,0,37282,37000,32200,48049,95000,34499,0,35782,50600,32862,0,42560,0,45328,0,36185,39689,0,44307,51000,0,37146,0,39568,43124,45041,47039,46905,52519,46299,54100,44921,45224,48148,32200,3000,-273000,-273000,-273000,325393,779304,19620000,337114,63,0,224,22,126,0,448,44,0,0,0,0,1640,19443,402336,702,10390,14010,244760,2199,325393,779304,19620000,337114,15475008,904256,7277496,1.90,0.00,0.00,657270,357136,12762968,331030,,,,1996800,1996800,1996800,1996800,1996800,1996800,883200,883200,0,,,,,,0,,999868,1001922,446,4936,370,1,494000,4929000,6926000,0,385,4434000,Full,1200000000
1784669068.866546275,24377.07,52100,52500,54100,54100,53700,53300,52600,52900,52600,53500,53500,55000,55200,55400,55400,55800,55400,55000,54600,50800,51500,50400,50400,55200,50000,49600,48000,49200,49200,50400,61700,63700,62100,62900,55200,64100,63700,60200,61400,62100,61700,62500,61000,54600,51900,51400,50400,53100,49200,48800,50000,37000,0,0,37000,39025,52200,95000,0,37282,37000,32200,48073,95000,34499,0,35782,51800,32873,0,42566,0,45349,0,36163,39704,0,44321,52900,0,37155,0,39579,43124,45060,47073,47140,52619,46165,55300,45022,44753,48182,32200,3000,-273000,-273000,-273000,325393,779304,19620000,337114,63,0,224,22,126,0,448,44,0,0,0,0,1640,19443,402336,702,10390,14010,244760,2199,325393,779304,19620000,337114,15475008,902700,7275992,1.73,0.00,0.00,657270,357136,12762968,331030,,,,998400,998400,998400,998400,998400,998400,883200,883200,0,,,,,,0,,999868,1001922,446,4936,370,1,494000,4931000,6926000,0,435,4431000,Full,1200000000
1784669069.195830389,24377.40,51700,52500,53700,53300,52900,52600,52600,52600,51800,52300,52300,53500,54800,53900,53900,54300,53900,53900,53500,50400,51200,50400,50400,54000,50400,50000,48800,49200,49200,50400,64500,67200,63300,66800,54800,68300,64500,62900,64500,63300,61400,62100,61000,54600,52300,51000,50400,53100,49200,48800,49200,37000,0,0,37000,39036,51800,95000,0,37282,37000,32300,48046,95000,34499,0,35782,51000,32901,0,42560,0,45384,0,36125,39707,0,44339,51400,0,37152,0,39582,43134,45075,47442,46972,52283,46299,54900,45022,45056,48014,32300,3000,-273000,-273000,-273000,325393,779304,19620000,337114,63,0,224,22,126,0,448,44,0,0,0,0,1640,19443,402336,702,10390,14010,244760,2199,325393,779304,19620000,337114,15475008,903032,7276328,1.73,0.00,0.00,657270,357136,12762968,331030,,,,1113600,1113600,1113600,1113600,1113600,1113600,883200,883200,0,,,,,,0,,999868,1001922,446,4936,370,1,494000,4929000,6926000,0,435,4431000,Full,1200000000
1784669069.482036066,24377.68,51700,52100,53700,53700,52900,52600,52200,53300,53300,51900,51900,53500,54400,53500,53500,54300,53900,53900,53100,50000,50400,50800,50400,54400,50000,49600,48400,49200,49200,50000,61400,64100,62100,63300,55200,64500,63700,60600,61700,62500,61400,62100,61000,54600,51900,50600,50400,53100,48800,48800,49200,37000,0,0,37000,39045,51400,95000,0,37282,37000,32300,48077,95000,34499,0,35782,51800,32873,0,42606,0,45349,0,36151,39697,0,44344,52200,0,37152,0,39582,43156,45078,47039,46871,52384,46299,54500,44955,44989,48048,32300,3000,-273000,-273000,-273000,325393,779304,19620000,337114,63,0,224,22,126,0,448,44,0,0,0,0,1640,19443,402336,702,10390,14010,244760,2199,325393,779304,19620000,337114,15475008,908256,7281536,1.73,0.00,0.00,657270,357136,12762968,331030,,,,1900800,1900800,1900800,1900800,1900800,1900800,2438400,2438400,0,,,,,,0,,1000164,1001909,446,4936,370,1,494000,4931000,6926000,0,435,4431000,Full,1200000000
1784669069.763078774,24377.96,51700,52500,53300,53700,52900,52600,52200,52600,52200,52700,51900,53900,54800,53900,54300,55000,53900,53900,53500,50000,50800,50800,50400,54800,50000,50000,48400,49200,49200,50400,61700,64500,62500,63700,55200,64800,64100,60600,61700,62100,61700,62500,61000,55000,51900,51000,50800,53100,49200,48800,49200,37000,0,0,37000,39064,51400,95000,0,37282,37000,32300,48099,95000,34499,0,35782,51400,32870,0,42598,0,45373,0,36169,39719,0,44361,51400,0,37184,0,39585,43163,45101,47409,47073,52485,46333,54500,45022,44989,47980,32300,3000,-273000,-273000,-273000,325393,779304,19620000,337114,63,0,224,22,126,0,448,44,0,0,0,0,1640,19443,402336,702,10390,14010,244760,2199,325393,779304,19620000,337114,15475008,904728,7278008,1.73,0.00,0.00,657270,357136,12762968,331030,,,,1113600,1113600,1113600,1113600,1113600,1113600,883200,883200,0,,,,,,0,,1000164,1001909,446,4936,370,1,494000,4931000,6926000,0,435,4431000,Full,1200000000
1784669070.073785649,24378.28,51700,52100,53700,53700,52900,52600,52600,52600,51800,51900,51900,53100,54800,53500,53900,54300,53900,54300,53500,49600,51200,50400,50400,54000,50000,50000,48400,49200,49200,50000,61700,64500,62500,63700,55200,64800,64100,61000,61700,62500,61700,62100,61000,54600,51900,50600,50400,53100,48800,48800,49200,37000,0,0,37000,39067,51800,95000,0,37282,37000,32300,48112,95000,34499,0,35782,51000,32881,0,42637,0,45410,0,36197,39743,0,44351,51000,0,37140,0,39601,43179,45085,47039,47006,52115,46198,54500,44955,45190,48148,32300,3000,-273000,-273000,-273000,325393,779304,19620000,337114,63,0,224,22,126,0,448,44,0,0,0,0,1640,19443,402336,702,10390,14010,244760,2199,325393,779304,19620000,337114,15475008,901456,7274740,1.73,0.00,0.00,657270,357136,12762968,331030,,,,1228800,1228800,1228800,1228800,1228800,1228800,883200,883200,0,,,,,,0,,1000164,1001909,446,4936,370,1,494000,4932000,6926000,0,435,4431000,Full,1200000000
1784669070.371765232,24378.57,52100,52100,53700,53700,52900,52600,52600,52600,52200,53900,53100,55400,54800,55400,56200,56200,55800,56200,57000,50400,51200,50400,50400,54400,50000,50000,48400,48800,49200,50000,63700,67200,63300,66000,55200,67900,64800,62500,64500,62900,61400,62100,61400,54600,51900,51000,50400,53100,48800,48800,48800,37000,0,0,37000,39071,51800,95000,0,37282,37000,32300,48130,95000,34499,0,35782,51400,32901,0,42626,0,45414,0,36191,39719,0,44373,51800,0,37172,0,39592,43192,45116,47174,47006,52485,46400,54900,45022,44955,48249,32300,3000,-273000,-273000,-273000,325393,779304,19620000,337114,63,0,224,22,126,0,448,44,0,0,0,0,1640,19443,402336,702,10390,14010,244760,2199,325393,779304,19620000,337114,15475008,901536,7274820,1.73,0.00,0.00,657270,357136,12762968,331030,,,,998400,998400,998400,998400,998400,998400,883200,883200,0,,,,,,0,,999454,1001921,446,4936,370,1,494000,4933000,6926000,0,435,4431000,Full,1200000000
1784669070.682886065,24378.88,51700,52100,53700,53700,52900,52900,52200,52600,52200,52300,51900,53500,54800,53900,53900,54600,54300,53900,53100,50000,51200,50800,50800,54000,50400,50000,48400,49200,49200,50400,61400,64500,62500,63300,54800,64500,63700,60600,61400,62100,61700,62500,61000,54600,51900,51400,50800,53100,48800,48800,49200,37000,0,0,37000,39090,52200,95000,0,37282,37000,32300,48115,95000,34499,0,35782,51000,32901,0,42644,0,45417,0,36182,39756,0,44387,51000,0,37181,0,39609,43196,45116,47375,47073,52317,46333,54500,45022,44585,48216,32300,3000,-273000,-273000,-273000,325393,779304,19620000,337114,63,0,224,22,126,0,448,44,0,0,0,0,1640,19443,402336,702,10390,14010,244760,2199,325393,779304,19620000,337114,15475008,911144,7284368,1.78,0.00,0.00,657270,357136,12762968,331030,,,,1228800,1228800,1228800,1228800,1228800,1228800,883200,883200,0,,,,,,0,,999454,1001921,446,4936,370,1,494000,4931000,6926000,0,435,4431000,Full,1200000000
1784669070.986910492,24379.19,51700,52100,53700,53700,52900,52200,52200,52900,52600,52300,51900,53500,54400,53900,53900,54300,53900,53500,53100,50000,51200,50400,50400,54400,50000,50000,48400,48800,49200,50400,62100,64800,62900,63700,54800,64800,64500,60600,61700,62500,61400,62100,61000,55000,51900,51000,50800,52700,48800,48800,48800,37000,0,0,37000,39090,51000,95000,0,37282,37000,32300,48137,95000,34499,0,35782,51000,32901,0,42626,0,45437,0,36119,39756,0,44408,51000,0,37176,0,39638,43211,45140,47174,47106,52250,46367,54100,45089,45224,47947,32300,3000,-273000,-273000,-273000,325393,779304,19620000,337114,63,0,224,22,126,0,448,44,0,0,0,0,1640,19443,402336,702,10390,14010,244760,2199,325393,779304,19620000,337114,15475008,907048,7280272,1.78,0.00,0.00,657270,357136,12762968,331030,,,,1228800,1228800,1228800,1228800,1228800,1228800,883200,883200,0,,,,,,0,,999454,1001921,446,4936,370,1,494000,4926000,6926000,0,435,4431000,Full,1200000000
1784669071.292570024,24379.49,52100,52100,53700,53700,53300,52600,52200,53300,52600,53100,52700,54600,54800,54600,55000,55400,55000,54600,54300,50400,51500,50800,50800,54400,50000,50000,48400,48800,49600,50400,61400,63700,62500,63300,55200,64100,63700,60200,61000,62100,61400,62100,60600,54600,51900,51000,50400,52700,48400,48800,49200,37000,0,0,37000,39104,51400,95000,0,37282,37000,32300,48163,95000,34499,0,35782,51400,32908,0,42651,0,45451,0,36222,39769,0,44422,51400,0,37176,0,39631,43240,45148,47106,47106,52384,46333,54500,45089,45257,48115,32300,3000,-273000,-273000,-273000,325393,779304,19620000,337114,63,0,224,22,126,0,448,44,0,0,0,0,1640,19443,402336,702,10390,14010,244760,2199,325393,779304,19620000,337114,15475008,908116,7281344,1.78,0.00,0.00,657270,357136,12762968,331030,,,,998400,998400,998400,998400,998400,998400,883200,883200,0,,,,,,0,,999454,1001921,446,4936,370,1,494000,4927000,6926000,0,435,4431000,Full,1200000000
1784669071.598705232,24379.80,51700,52100,53700,53300,52900,52600,52200,53300,52600,52300,51900,53500,54400,53900,53900,54600,53500,53900,53500,50000,50800,50800,50800,54000,50400,49600,48400,49200,49200,50000,61700,64500,62100,62900,54800,64100,63700,60200,61400,61700,61400,62100,61000,54600,51900,51000,50800,53100,48800,49200,49200,37000,0,0,37000,39110,51400,95000,0,37282,37000,32300,48174,95000,34499,0,35782,51400,32908,0,42660,0,45455,0,36166,39756,0,44419,51000,0,37158,0,39660,43244,45151,47207,47039,52485,46266,54500,44989,45291,48048,32300,3000,-273000,-273000,-273000,325393,779304,19620000,337114,63,0,224,22,126,0,448,44,0,0,0,0,1640,19443,402336,702,10390,14010,244760,2199,325393,779304,19620000,337114,15475008,907976,7281204,1.78,0.00,0.00,657270,357136,12762968,331030,,,,787200,787200,787200,787200,787200,787200,2438400,2438400,0,,,,,,0,,1000616,1001927,446,4936,370,1,494000,4932000,6926000,0,435,4431000,Full,1200000000
1784669072.102292992,24380.30,52500,52900,54500,54500,53700,53300,53300,53700,52900,53100,53500,54600,55200,55000,55000,55400,55400,55000,54300,51200,52300,50800,50800,55200,50400,50400,48800,49600,49600,50800,61700,64100,62500,63300,55600,64500,64100,61000,62100,62900,61700,62500,61400,55400,51900,52200,50800,53500,49600,48800,50000,37000,0,0,37000,39124,52900,95000,0,37431,37000,32300,48183,95000,34629,0,35923,51800,32920,0,42657,0,45451,0,36173,39772,0,44427,51400,0,37164,0,39680,43254,45164,47039,47106,52283,46636,55300,45392,45661,48014,32300,3000,-273000,-273000,-273000,325398,779304,19620096,337115,63,0,224,22,126,0,448,44,0,0,0,0,1640,19443,402336,702,10390,14010,244760,2199,325398,779304,19620096,337115,15475008,903376,7276732,1.78,0.00,0.00,657270,357136,12763016,331030,,,,1228800,1228800,1228800,1228800,1228800,1228800,883200,883200,0,,,,,,0,,1000616,1001927,446,4936,370,1,494000,4929000,6926000,0,435,4431000,Full,1200000000
1784669072.411653877,24380.61,52100,52500,54100,54100,53700,52900,52600,52900,52600,52700,52300,53900,55200,54300,54300,54600,54300,53900,53900,50400,51500,51200,50800,54800,50400,50000,48800,48800,49200,50400,61700,64500,62900,63700,55600,64500,64100,60600,62100,62900,61700,62500,61000,55000,51900,51400,50800,53100,49200,48800,49600,37000,0,0,37000,39143,51800,95000,0,37431,37000,32300,48217,95000,34629,0,35923,51800,32917,0,42682,0,45463,0,36176,39789,0,44434,51800,0,37164,0,39654,43257,45187,47308,47140,52653,46535,54500,45022,45056,47947,32300,3000,-273000,-273000,-273000,325398,779304,19620096,337115,63,0,224,22,126,0,448,44,0,0,0,0,1640,19443,402336,702,10390,14010,244760,2199,325398,779304,19620096,337115,15475008,899352,7272708,1.82,0.00,0.00,657270,357136,12763016,331030,,,,883200,883200,883200,883200,883200,883200,883200,883200,0,,,,,,0,,996639,1001915,446,4936,370,1,494000,4932000,6926000,0,435,4431000,Full,1200000000
1784669072.719138721,24380.92,52100,52500,53700,53700,53300,52900,52600,53300,52600,52700,52700,54300,55200,54300,55000,55000,54600,55000,55400,50400,51200,50800,50800,54400,50400,49600,48800,49200,49600,50400,62100,64800,62900,64100,55600,64800,64100,61000,62100,62900,62100,62500,61000,55000,51900,51400,50800,53100,48800,49200,49200,37000,0,0,37000,39146,52200,95000,0,37431,37000,32300,48203,95000,34629,0,35923,51800,32947,0,42700,0,45467,0,36151,39795,0,44455,51400,0,37170,0,39680,43257,45191,47106,47073,52653,46535,54900,45190,45560,48048,32300,3000,-273000,-273000,-273000,325398,779304,19620096,337115,63,0,224,22,126,0,448,44,0,0,0,0,1640,19443,402336,702,10390,14010,244760,2199,325398,779304,19620096,337115,15475008,904652,7277944,1.82,0.00,0.00,657270,357136,12763016,331030,,,,1228800,1228800,1228800,1228800,1228800,1228800,2438400,2438400,0,,,,,,0,,996639,1001915,446,4936,370,1,494000,4931000,6926000,0,435,4431000,Full,1200000000
1784669073.029611794,24381.23,52100,52900,54100,54500,53700,53300,53300,53300,52600,53900,53500,55000,55200,55000,55400,56200,55400,55400,55000,50800,51900,50800,50400,54800,50400,50000,48400,49200,49200,50400,62100,64100,62500,63300,55200,64500,64100,60600,62100,62100,61700,62100,61000,55000,52300,51000,50800,53500,49600,48800,50000,37000,0,0,37000,39146,52200,95000,0,37431,37000,32300,48243,95000,34629,0,35923,51400,32938,0,42713,0,45518,0,36145,39789,0,44441,51800,0,37163,0,39686,43286,45191,47409,47207,52552,46602,54900,45291,45359,48048,32300,3000,-273000,-273000,-273000,325398,779304,19620096,337115,63,0,224,22,126,0,448,44,0,0,0,0,1640,19443,402336,702,10390,14010,244760,2199,325398,779304,19620096,337115,15475008,904724,7277988,1.82,0.00,0.00,657270,357136,12763016,331030,,,,787200,787200,787200,787200,787200,787200,883200,883200,0,,,,,,0,,996639,1001915,446,4936,370,1,497000,4929000,6926000,0,435,4431000,Full,1200000000
1784669073.341896117,24381.54,52100,52900,53700,53700,53700,52900,53300,53300,52900,52300,51900,53500,54800,53900,54300,54600,53900,53900,53500,50400,51200,50800,50800,54800,50400,50000,48800,49200,49600,50400,61700,64500,62500,63300,55200,64500,63700,59800,60600,61700,61400,62500,60600,55000,52300,51800,51200,53100,48800,49200,49200,37000,0,0,37000,39164,52200,95000,0,37431,37000,32300,48268,95000,34629,0,35923,51800,32935,0,42731,0,45511,0,36151,39821,0,44477,51400,0,37169,0,39713,43286,45214,47174,47275,52216,46400,54900,45022,45291,47947,32300,3000,-273000,-273000,-273000,325398,779304,19620096,337115,63,0,224,22,126,0,448,44,0,0,0,0,1640,19443,402336,702,10390,14010,244760,2199,325398,779304,19620096,337115,15475008,903816,7277084,1.82,0.00,0.00,657270,357136,12763016,331030,,,,998400,998400,998400,998400,998400,998400,883200,883200,0,,,,,,0,,996639,1001915,446,4936,370,1,494000,4935000,6926000,0,435,4431000,Full,1200000000
1784669073.650207471,24381.85,52900,53600,54100,54100,53700,54100,54100,54500,54500,53900,53100,55400,55600,55400,55800,56200,56200,55800,56600,50800,52700,50800,50800,55200,50400,50000,48400,48800,49200,50400,63700,66800,62900,65600,55200,66800,64500,62500,63700,62900,62100,62500,61400,55000,52300,51800,50800,53500,48800,48800,49200,37000,0,0,37000,39180,53700,95000,0,37431,37000,32300,48280,95000,34629,0,35923,52600,32972,0,42692,0,45531,0,36185,39828,0,44464,52200,0,37169,0,39680,43309,45217,47510,47073,52754,46636,55300,45156,45291,48048,32300,3000,-273000,-273000,-273000,325398,779304,19620096,337115,63,0,224,22,126,0,448,44,0,0,0,0,1640,19443,402336,702,10390,14010,244760,2199,325398,779304,19620096,337115,15475008,896776,7270048,1.82,0.00,0.00,657270,357136,12763016,331030,,,,1113600,1113600,1113600,1113600,1113600,1113600,883200,883200,0,,,,,,0,,1000376,1001918,446,4936,370,1,497000,4937000,6926000,0,435,4431000,Full,1200000000
1784669073.950153668,24382.15,52100,52900,53700,54100,53700,53300,53300,53300,52600,52300,51900,53500,54800,53900,53500,54300,53900,53900,53500,50400,51200,50800,50800,54800,50800,50000,48400,49200,49600,50800,61700,64500,62100,63300,55200,64500,63700,60600,61400,62100,62100,62500,61000,55000,52300,51400,50800,53100,49200,48800,49200,37000,0,0,37000,39180,52600,95000,0,37431,37000,32300,48272,95000,34629,0,35923,51800,32956,0,42735,0,45552,0,36169,39834,0,44477,51400,0,37176,0,39727,43319,45246,47341,47207,52485,46535,54900,45224,45425,48014,32300,3000,-273000,-273000,-273000,325398,779304,19620096,337115,63,0,224,22,126,0,448,44,0,0,0,0,1640,19443,402336,702,10390,14010,244760,2199,325398,779304,19620096,337115,15475008,900292,7273580,1.82,0.00,0.00,657270,357136,12763016,331030,,,,1228800,1228800,1228800,1228800,1228800,1228800,883200,883200,0,,,,,,0,,1000376,1001918,446,4936,370,1,494000,4929000,6924000,0,403,4428000,Full,1200000000
1784669074.312512366,24382.51,52100,52900,54100,54100,53300,52900,52600,53300,52600,51900,51900,53500,55200,53500,53900,54600,53900,53500,53500,50000,50800,50800,50400,54800,50400,50000,48800,49200,49200,50400,61700,64500,62900,63700,54800,64800,64100,60600,61700,62500,61700,62500,61000,54600,52300,51400,50800,53100,48400,48800,49200,37000,0,0,37000,39194,52200,95000,0,37431,37000,32400,48272,95000,34629,0,35923,51400,32966,0,42748,0,45552,0,36145,39844,0,44491,51800,0,37199,0,39730,43302,45246,47442,47106,52519,46400,54500,45022,45257,47980,32400,3000,-273000,-273000,-273000,325398,779304,19620096,337115,63,0,224,22,126,0,448,44,0,0,0,0,1640,19443,402336,702,10390,14010,244760,2199,325398,779304,19620096,337115,15475008,901684,7275024,1.82,0.00,0.00,657270,357136,12763016,331030,,,,1113600,1113600,1113600,1113600,1113600,1113600,883200,883200,0,,,,,,0,,1000376,1001918,446,4936,370,1,494000,4932000,6924000,0,396,4428000,Full,1200000000
1784669074.606244137,24382.81,52100,53200,54100,54500,53700,53300,53700,53700,53700,52700,52300,53900,55200,53900,54300,55000,54300,54600,53900,50400,51200,50800,50400,54800,50400,49600,48400,49200,49600,50400,61700,64500,62900,63700,55600,64800,64100,60600,61700,62500,61700,62500,61000,55000,52300,51400,51200,53500,49200,48800,49200,37000,0,0,37000,39200,52600,95000,0,37431,37000,32400,48326,95000,34629,0,35923,52200,32990,0,42735,0,45534,0,36166,39857,0,44518,52900,0,37161,0,39743,43325,45253,47409,47039,52720,46804,55700,45257,45156,47913,32400,3000,-273000,-273000,-273000,325398,779304,19620096,337115,63,0,224,22,126,0,448,44,0,0,0,0,1640,19443,402336,702,10390,14010,244760,2199,325398,779304,19620096,337115,15475008,901848,7275188,1.85,0.00,0.00,657270,357136,12763016,331030,,,,1900800,1900800,1900800,1900800,1900800,1900800,883200,883200,0,,,,,,0,,998376,1001929,446,4936,370,1,494000,4928000,6924000,0,396,4428000,Full,1200000000
1784669074.882158408,24383.08,52500,53200,54500,54100,54100,53300,53700,53700,53700,54300,55000,55000,55200,55800,55800,56200,55800,54600,55000,53100,54300,50800,50800,55200,50800,50000,48800,49200,49600,50800,61400,64500,62500,63700,56000,64800,64100,60600,61700,62500,61700,62900,61400,55000,52300,51800,50800,53100,49600,49200,50000,37000,0,0,37000,39205,52600,95000,0,37431,37000,32400,48301,95000,34629,0,35923,52200,32977,0,42741,0,45561,0,36176,39871,0,44519,53300,0,37185,0,39778,43341,45261,47678,47174,52519,46434,55300,45459,45594,47947,32400,3000,-273000,-273000,-273000,325398,779304,19620096,337115,63,0,224,22,126,0,448,44,0,0,0,0,1640,19443,402336,702,10390,14010,244760,2199,325398,779304,19620096,337115,15475008,894620,7267960,1.85,0.00,0.00,657270,357136,12763016,331030,,,,1996800,1996800,1996800,1996800,1996800,1996800,883200,883200,0,,,,,,0,,998376,1001929,446,4936,370,1,494000,4929000,6924000,0,396,4428000,Full,1200000000
1784669075.363922418,24383.57,54000,54400,55700,54900,54500,54900,55300,54100,53700,53500,53500,55000,56300,55000,55000,55800,55400,54600,54300,51500,52700,51200,51200,56000,50800,50400,48800,49600,49600,50800,62500,65200,63700,64500,56300,65600,64800,61700,62500,63300,62100,63300,61700,55400,52300,53300,51200,53500,49600,49200,50000,37000,0,0,37000,39225,54500,95000,0,37431,37000,32400,48320,95000,34629,0,35923,52900,32993,0,42751,0,45586,0,36157,39860,0,44535,52900,0,37179,0,39783,43361,45302,47275,47207,52720,46703,56400,45359,44888,47812,32400,3000,-273000,-273000,-273000,325398,779304,19620096,337115,63,0,224,22,126,0,448,44,0,0,0,0,1640,19443,402336,702,10390,14010,244760,2199,325398,779304,19620096,337115,15475008,896372,7269824,1.85,0.00,0.00,657270,357136,12763016,331030,,,,1670400,1670400,1670400,1670400,1670400,1670400,883200,883200,0,,,,,,0,,998376,1001929,446,4936,370,1,494000,4935000,6924000,0,396,4428000,Full,1200000000
1784669075.646651845,24383.85,52500,52900,54100,54100,53700,53300,52900,53300,52600,52700,52700,53900,55200,54600,54300,55000,54600,54300,53900,50400,51500,51200,51200,55200,50800,50400,48800,49200,50000,50800,61700,64100,62500,63300,56000,64500,64100,60200,61000,62500,61700,62500,61400,55400,52700,51800,50800,53500,49200,49200,49600,37000,0,0,37000,39225,52600,95000,0,37431,37000,32400,48353,95000,34629,0,35923,51800,32996,0,42786,0,45579,0,36119,39892,0,44568,51800,0,37122,0,39786,43383,45302,47207,47207,52922,46737,55700,45224,45560,47678,32400,3000,-273000,-273000,-273000,325398,779304,19620096,337115,63,0,224,22,126,0,448,44,0,0,0,0,1640,19443,402336,702,10390,14010,244760,2199,325398,779304,19620096,337115,15475008,891420,7264872,1.85,0.00,0.00,657270,357136,12763016,331030,,,,1324800,1324800,1324800,1324800,1324800,1324800,883200,883200,0,,,,,,0,,999132,1001934,446,4936,370,1,494000,4929000,6924000,0,396,4428000,Full,1200000000
1784669075.948917001,24384.15,52100,52500,54100,54100,53300,52900,52600,53300,52900,52700,52300,53900,55200,54300,54300,55000,54300,54300,53900,50400,51200,51200,51200,54800,50800,50000,48800,49600,49600,50800,62500,65200,63300,63700,55600,65200,64500,61000,62100,62500,62100,63300,61400,55000,52300,51000,51200,53500,49600,49200,49600,37000,0,0,37000,39222,51800,95000,0,37431,37000,32400,48362,95000,34629,0,35923,51400,32990,0,42779,0,45642,0,36148,39906,0,44573,51400,0,37193,0,39789,43383,45337,47510,47241,52552,46737,54900,45425,45560,47846,32400,3000,-273000,-273000,-273000,325398,779304,19620096,337115,63,0,224,22,126,0,448,44,0,0,0,0,1640,19443,402336,702,10390,14010,244760,2199,325398,779304,19620096,337115,15475008,885772,7259228,1.85,0.00,0.00,657270,357136,12763016,331030,,,,1324800,1324800,1324800,1324800,1324800,1324800,883200,883200,0,,,,,,0,,999132,1001934,446,4936,370,1,494000,4927000,6924000,0,396,4428000,Full,1200000000
1784669076.242881740,24384.44,52100,52900,54100,54100,53700,52900,52600,53300,52600,53900,53500,55400,55600,55400,55800,56200,55800,55400,54600,51200,51900,50800,50800,54400,50800,50000,48800,49200,49600,50800,62100,64800,63300,64100,55200,65200,64500,61000,62100,62500,62100,62900,61400,55400,52300,51400,50800,53500,49600,49200,49600,37000,0,0,37000,39244,51800,95000,0,37431,37000,32400,48389,95000,34629,0,35923,51800,32983,0,42766,0,45605,0,36137,39909,0,44585,51800,0,37213,0,39786,43399,45349,47544,47375,52384,46568,54900,45224,45089,47846,32400,3000,-273000,-273000,-273000,325398,779304,19620096,337115,63,0,224,22,126,0,448,44,0,0,0,0,1640,19443,402336,702,10390,14010,244760,2199,325398,779304,19620096,337115,15475008,880424,7253928,1.85,0.00,0.00,657270,357136,12763016,331030,,,,1113600,1113600,1113600,1113600,1113600,1113600,883200,883200,0,,,,,,0,,999132,1001934,446,4936,370,1,494000,4923000,6924000,0,396,4428000,Full,1200000000
1784669076.546571532,24384.75,51700,52900,54100,54100,53300,52900,52600,52900,52600,52300,52300,54300,55200,54300,54300,55000,54300,54300,53900,50800,51900,51200,50800,54800,50400,50000,49200,49200,49200,50400,62900,65200,63300,64500,55600,65600,64800,61400,62100,62900,62100,62900,61400,55000,52300,51400,51200,53500,49600,49200,49600,37000,0,0,37000,39247,51800,95000,0,37431,37000,32400,48366,95000,34629,0,35923,51400,32996,0,42817,0,45619,0,36160,39903,0,44573,51400,0,37233,0,39804,43399,45367,47510,47207,52552,46636,54500,45190,45459,47913,32400,3100,-273000,-273000,-273000,325398,779304,19620096,337115,63,0,224,22,126,0,448,44,0,0,0,0,1640,19443,402336,702,10390,14010,244760,2199,325398,779304,19620096,337115,15475008,893320,7266712,1.88,0.00,0.00,657270,357136,12763016,331030,,,,1113600,1113600,1113600,1113600,1113600,1113600,883200,883200,0,,,,,,0,,1000161,1001918,446,4936,370,1,494000,4931000,6924000,0,396,4428000,Full,1200000000
1784669076.855931480,24385.06,52100,52500,54100,54100,53700,52900,52900,52900,52600,53900,53500,55400,55200,55400,56200,56600,56600,56200,57400,50800,51500,50800,50800,54800,50400,50400,48800,49600,49200,50400,63300,66400,63700,66000,55600,67200,65200,62500,63300,63700,62100,62900,61400,55000,52300,51400,50800,53500,49200,49200,49600,37000,0,0,37000,39265,52200,95000,0,37431,37000,32400,48385,95000,34629,0,35923,51400,32999,0,42794,0,45639,0,36166,39922,0,44595,51400,0,37192,0,39815,43380,45374,47207,47308,52854,46468,54900,45325,45156,47711,32400,3100,-273000,-273000,-273000,325403,779304,19620200,337117,63,0,224,22,126,0,448,44,0,0,0,0,1640,19443,402336,702,10390,14010,244760,2199,325403,779304,19620200,337117,15475008,896460,7269824,1.88,0.00,0.00,657270,357136,12763068,331030,,,,1324800,1324800,1324800,1324800,1324800,1324800,2438400,2438400,0,,,,,,0,,1000161,1001918,446,4936,370,1,494000,4926000,6924000,0,396,4428000,Full,1200000000
1784669077.157995386,24385.36,52100,52100,54100,54500,53300,52600,52600,52900,52200,53900,53500,55000,55200,55400,55000,56200,55400,55000,54600,51200,51900,51200,50800,54800,50400,50400,48800,49600,49600,50400,62500,64800,62900,64100,55200,65600,64500,61400,62100,62900,62100,62900,61400,55400,52700,51400,51200,53500,48800,49200,49600,37000,0,0,37000,39272,52200,95000,0,37613,37000,32400,48418,95000,34727,0,36115,51800,32999,0,42829,0,45635,0,36148,39932,0,44613,51400,0,37210,0,39841,43405,45378,47476,47241,52687,46434,54500,45224,45694,47745,32400,3100,-273000,-273000,-273000,325403,779304,19620200,337117,63,0,224,22,126,0,448,44,0,0,0,0,1640,19443,402336,702,10390,14010,244760,2199,325403,779304,19620200,337117,15475008,889668,7263032,1.88,0.00,0.00,657270,357136,12763068,331030,,,,1228800,1228800,1228800,1228800,1228800,1228800,883200,883200,0,,,,,,0,,1000161,1001918,446,4936,370,1,494000,4929000,6924000,0,396,4428000,Full,1200000000
1784669077.467446323,24385.67,51700,52500,53700,53700,53300,52900,52600,52900,52200,52300,52300,53500,55200,53900,53900,54600,53900,54300,53500,50400,51200,51200,50800,54400,50800,50400,48800,49200,49600,50800,63300,66400,64100,65600,55200,67200,65200,62100,63300,63700,62100,62900,61400,55000,52700,51400,50800,53500,48800,49200,49600,37000,0,0,37000,39279,52200,95000,0,37613,37000,32400,48425,95000,34727,0,36115,51400,33013,0,42842,0,45692,0,36163,39912,0,44625,51400,0,37192,0,39831,43416,45408,47577,47241,52754,46636,54900,45257,45425,47779,32400,3100,-273000,-273000,-273000,325403,779304,19620200,337117,63,0,224,22,126,0,448,44,0,0,0,0,1640,19443,402336,702,10390,14010,244760,2199,325403,779304,19620200,337117,15475008,884152,7257524,1.88,0.00,0.00,657270,357136,12763068,331030,,,,1228800,1228800,1228800,1228800,1228800,1228800,883200,883200,0,,,,,,0,,1000860,1001940,446,4936,370,1,494000,4933000,6924000,0,396,4428000,Full,1200000000
1784669077.769156896,24385.97,52500,53200,54500,54100,53700,53300,53700,53700,52900,53500,53100,54600,55600,55000,55400,55800,55400,55400,54600,50400,51900,50800,50800,54800,50400,50000,48800,49200,49600,50800,62500,65600,63300,64800,55600,66000,64800,61700,62500,63300,62500,62900,61700,55000,51900,51400,51200,53100,49200,48800,49600,37000,0,0,37000,39287,52600,95000,0,37613,37000,32400,48465,95000,34727,0,36115,52200,33053,0,42839,0,45687,0,36182,39916,0,44647,52200,0,37205,0,39841,43441,45410,47577,47375,52854,46602,55300,45425,44955,47644,32400,3100,-273000,-273000,-273000,325403,779304,19620200,337117,63,0,224,22,126,0,448,44,0,0,0,0,1640,19443,402336,702,10390,14010,244760,2199,325403,779304,19620200,337117,15475008,876652,7250104,1.88,0.00,0.00,657270,357136,12763068,331030,,,,998400,998400,1113600,1113600,1113600,1113600,883200,883200,0,,,,,,0,,1000860,1001940,446,4936,370,1,494000,4931000,6924000,0,396,4428000,Full,1200000000
1784669078.076488198,24386.28,52100,52500,54100,54100,53300,53300,53300,52900,52200,52300,52300,54300,55200,54300,54300,55000,54600,54300,53500,50400,51500,50800,51200,54800,50800,50000,48400,49200,49200,50400,63300,66000,63700,65200,55600,66800,65200,62100,63300,63700,62100,62900,61700,55400,52700,51000,51200,53500,49200,49200,49600,37000,0,0,37000,39297,51800,95000,0,37613,37000,32400,48438,95000,34727,0,36115,51400,33035,0,42870,0,45717,0,36128,39966,0,44637,51400,0,37195,0,39866,43470,45414,47544,47106,52922,46400,54900,45224,45325,47779,32400,3100,-273000,-273000,-273000,325403,779304,19620200,337117,63,0,224,22,126,0,448,44,0,0,0,0,1640,19443,402336,702,10390,14010,244760,2199,325403,779304,19620200,337117,15475008,888076,7261528,1.88,0.00,0.00,657270,357136,12763068,331030,,,,1113600,1113600,1113600,1113600,1113600,1113600,883200,883200,0,,,,,,0,,1000860,1001940,446,4936,370,1,494000,4928000,6924000,0,396,4428000,Full,1200000000
1784669078.600387469,24386.80,53600,54400,55700,55300,54500,54900,55700,54100,53700,53900,53100,55000,56300,55400,55400,56200,55800,55400,55000,50800,52300,50800,50400,56000,50400,50000,48400,49200,49600,50800,62500,65600,63700,64500,56300,65600,64500,61700,62500,63300,62500,63300,61700,55000,52700,52600,51200,53500,49600,49200,49600,37000,0,0,37000,39312,53300,95000,0,37613,37000,32400,48478,95000,34727,0,36115,52900,33010,0,42876,0,45699,0,36176,39979,0,44666,53700,0,37223,0,39863,43480,45437,47711,47241,52854,46737,56100,45425,45022,47644,32400,3100,-273000,-273000,-273000,325403,779304,19620200,337117,63,0,224,22,126,0,448,44,0,0,0,0,1640,19443,402336,702,10390,14010,244760,2199,325403,779304,19620200,337117,15475008,885496,7258852,1.90,0.00,0.00,657270,357136,12763068,331030,,,,998400,998400,998400,998400,998400,998400,883200,883200,0,,,,,,0,,1000192,1001927,446,4936,370,1,494000,4926000,6924000,0,396,4428000,Full,1200000000
1784669078.897324500,24387.10,52500,52900,54100,54500,54100,53300,52900,53700,52600,52700,52300,54300,55600,54300,54600,55000,54300,54300,53900,50800,51500,50800,51200,54800,50800,50400,48800,49200,49600,50800,63700,66400,64100,65600,56000,67200,65200,62500,63300,63700,62500,63300,61700,55400,52700,51800,51200,53500,49600,49200,50000,37000,0,0,37000,39315,52200,95000,0,37613,37000,32400,48498,95000,34727,0,36115,52600,33037,0,42901,0,45736,0,36140,39973,0,44675,52200,0,37204,0,39866,43487,45438,47577,47275,52922,46804,55300,45459,45224,47745,32400,3100,-273000,-273000,-273000,325403,779304,19620200,337117,63,0,224,22,126,0,448,44,0,0,0,0,1640,19443,402336,702,10390,14010,244760,2199,325403,779304,19620200,337117,15475008,893376,7266736,1.90,0.00,0.00,657270,357136,12763068,331030,,,,1324800,1324800,1324800,1324800,1324800,1324800,883200,883200,0,,,,,,0,,1000192,1001927,446,4936,370,1,494000,4933000,6924000,0,396,4428000,Full,1200000000
1784669079.200119135,24387.40,52500,52900,54500,54500,53700,53300,52900,53700,52900,52300,52300,53500,55600,54300,54300,55000,54600,54300,53500,50400,51200,51200,51200,55200,50800,50400,48400,49200,49200,50400,61700,64500,62500,63700,56000,64500,64100,60200,61400,62100,62100,62900,61400,55400,52300,51800,51200,53500,49600,49200,50000,37000,0,0,37000,39329,52600,95000,0,37613,37000,32400,48498,95000,34727,0,36115,52200,33040,0,42880,0,45739,0,36179,39982,0,44675,52200,0,37187,0,39886,43495,45442,47577,47241,52754,46535,55300,45459,45291,47779,32400,3100,-273000,-273000,-273000,325403,779304,19620200,337117,63,0,224,22,126,0,448,44,0,0,0,0,1640,19443,402336,702,10390,14010,244760,2199,325403,779304,19620200,337117,15475008,895316,7268596,1.90,0.00,0.00,657270,357136,12763068,331030,,,,1113600,1113600,1113600,1113600,1113600,1113600,883200,883200,0,,,,,,0,,1000192,1001927,446,4936,370,1,494000,4928000,6922000,0,436,4430000,Full,1200000000
1784669079.563057104,24387.76,52500,52900,54100,54500,53700,53300,52900,53300,52600,53500,53500,55400,55200,55400,55800,56600,55800,55800,55000,50800,51900,51200,50800,55200,50800,50400,48800,49600,49200,50800,63700,66400,64100,65600,55600,66400,65600,62500,63700,63700,62100,63300,61700,55400,52300,51800,51200,53500,49200,49200,50000,37000,0,0,37000,39329,52200,95000,0,37613,37000,32400,48522,95000,34727,0,36115,52200,33048,0,42901,0,45732,0,36128,40007,0,44715,52200,0,37220,0,39903,43512,45472,47711,47409,52922,46737,54900,45425,45526,47745,32400,3100,-273000,-273000,-273000,325403,779304,19620200,337117,63,0,224,22,126,0,448,44,0,0,0,0,1640,19443,402336,702,10390,14010,244760,2199,325403,779304,19620200,337117,15475008,896620,7269884,1.90,0.00,0.00,657270,357136,12763068,331030,,,,787200,787200,787200,787200,787200,787200,883200,883200,0,,,,,,0,,998918,1001929,446,4936,370,1,494000,4932000,6922000,0,436,4430000,Full,1200000000
1784669079.875175802,24388.08,52500,52500,54500,54100,53700,52900,52600,53300,52600,52700,52700,53900,55600,53900,54300,55000,54300,54300,53500,50400,51500,51200,50800,54800,50800,50400,48800,49600,50000,50800,64800,67200,63300,66400,55600,67900,64800,64100,64800,63700,61700,62900,61400,55400,52700,51400,51200,53500,49200,49200,50000,37000,0,0,37000,39343,51800,95000,0,37613,37000,32400,48522,95000,34727,0,36115,52200,33053,0,42894,0,45754,0,36166,40010,0,44727,52200,0,37222,0,39886,43527,45492,47610,47241,52888,46804,54900,45359,45425,47644,32400,3100,-273000,-273000,-273000,325403,779304,19620200,337117,63,0,224,22,126,0,448,44,0,0,0,0,1640,19443,402336,702,10390,14010,244760,2199,325403,779304,19620200,337117,15475008,899432,7272636,1.90,0.00,0.00,657270,357136,12763068,331030,,,,1113600,1113600,1113600,1113600,1113600,1113600,883200,883200,0,,,,,,0,,998918,1001929,446,4936,370,1,494000,4926000,6922000,0,436,4430000,Full,1200000000
1784669080.179484604,24388.38,52500,52900,54500,54100,53700,53700,52900,53700,52600,54300,53500,55800,55600,56200,56600,56600,56600,57000,57700,50800,51900,51200,51200,55200,50800,50400,48800,49200,50000,50800,61700,64500,62900,64100,55600,64800,64100,61000,61700,62500,62100,62900,61400,55000,52300,51800,51200,53500,49200,49200,49600,37000,0,0,37000,39362,52200,95000,0,37613,37000,32400,48551,95000,34727,0,36115,52200,33056,0,42926,0,45787,0,36185,40016,0,44727,51800,0,37210,0,39909,43545,45503,47779,47375,52619,46703,55300,45359,45325,47678,32400,3100,-273000,-273000,-273000,325403,779304,19620200,337117,63,0,224,22,126,0,448,44,0,0,0,0,1640,19443,402336,702,10390,14010,244760,2199,325403,779304,19620200,337117,15475008,896660,7269868,1.90,0.00,0.00,657270,357136,12763068,331030,,,,1440000,1440000,1440000,1440000,1440000,1440000,883200,883200,0,,,,,,0,,998918,1001929,446,4936,370,1,216000,4980000,6922000,0,436,4430000,Full,1200000000
1784669080.476731322,24388.68,52900,54400,55300,52900,52600,54500,55300,52900,52200,53900,55400,53900,53200,54300,53900,53900,53900,53100,53100,57400,62000,50000,50000,53600,49600,49600,48400,48800,48800,50000,54400,55200,54800,54400,53600,54800,55600,53600,54400,55200,55200,55600,55200,53500,51500,53300,50400,52300,49600,48800,51200,37000,0,0,37000,39357,54900,95000,0,37613,37000,32400,48490,95000,34727,0,36115,51800,33056,0,42942,0,45769,0,36213,40037,0,44730,51400,0,37233,0,39925,43512,45513,47544,47341,51073,46636,54900,45762,45493,47678,32400,3100,-273000,-273000,-273000,325403,779304,19620200,337117,63,0,224,22,126,0,448,44,0,0,0,0,1640,19443,402336,702,10390,14010,244760,2199,325403,779304,19620200,337117,15475008,893572,7266720,1.92,0.00,0.00,657270,357136,12763068,331030,,,,1113600,1113600,1113600,1113600,1113600,1113600,2438400,2438400,0,,,,,,0,,0,0,446,4936,370,1,494000,4928000,6922000,0,436,4430000,Full,1200000000
1784669080.791075593,24388.99,52900,53600,54100,51400,51400,54500,55700,52200,51800,53900,55800,53500,52500,53900,52700,53500,53100,52300,52300,57700,61600,49200,49600,52500,49600,48800,48000,48800,48400,49200,52100,52500,52500,51700,52500,52100,52500,52100,52500,52900,52900,52900,53200,52300,50800,54500,49600,50800,49200,48800,50800,37000,0,0,37000,39371,56100,95000,0,37613,37000,32400,48289,95000,34727,0,36115,51000,33075,0,42947,0,45784,0,36245,40031,0,44737,50600,0,37175,0,39945,43531,45518,47577,47207,50098,46703,53700,46031,45425,47678,32400,3100,-273000,-273000,-273000,325403,779304,19620200,337117,63,0,224,22,126,0,448,44,0,0,0,0,1640,19443,402336,702,10390,14010,244760,2199,325403,779304,19620200,337117,15475008,893380,7266528,1.92,0.00,0.00,657270,357136,12763068,331030,,,,1228800,1228800,1228800,1228800,1228800,1228800,2438400,2438400,0,,,,,,0,,0,0,446,4936,370,1,494000,4929000,6922000,0,436,4430000,Full,1200000000
1784669081.103795280,24389.31,51300,52100,52900,52200,51400,52200,52600,51800,51000,53500,54600,53500,52900,53500,52700,53100,53100,51900,52300,54600,55400,48800,48800,52500,49200,48400,47700,48400,48000,49200,57500,59000,57900,58300,53200,59000,58700,56700,57500,57900,57100,57100,56700,52300,50000,51000,49200,51200,48800,48800,49600,37000,0,0,37000,39393,52200,95000,0,37613,37000,32400,48064,95000,34727,0,36115,51800,33086,0,42985,0,45773,0,36197,40068,0,44759,51000,0,37207,0,39929,43545,45518,47308,47106,50502,46636,53300,45728,45156,47678,32400,3100,-273000,-273000,-273000,325403,779304,19620200,337117,63,0,224,22,126,0,448,44,0,0,0,0,1640,19443,402336,702,10390,14010,244760,2199,325403,779304,19620200,337117,15475008,888908,7262056,1.92,0.00,0.00,657270,357136,12763068,331030,,,,1228800,1228800,1228800,1228800,1228800,1228800,883200,883200,0,,,,,,0,,977485,1001995,446,4936,370,1,494000,4929000,6922000,0,436,4430000,Full,1200000000
1784669081.406764186,24389.61,52100,53200,54100,53700,54100,53700,54500,53700,54100,52300,51900,53100,54000,53500,53500,54300,53500,53100,52300,50400,51500,49600,49600,54000,49200,48800,48000,48400,48400,49200,61400,63700,60600,62900,54400,64100,61700,60200,61400,60600,59400,60200,59800,52700,50400,52200,49600,51200,48400,48800,48800,37000,0,0,37000,39393,53300,95000,0,37613,37000,32400,47937,95000,34727,0,36115,52600,33083,0,42994,0,45747,0,36185,40068,0,44759,52200,0,37178,0,39955,43567,45509,47207,47039,51476,47106,55300,45661,45459,47678,32400,3100,-273000,-273000,-273000,325403,779304,19620200,337117,63,0,224,22,126,0,448,44,0,0,0,0,1640,19443,402336,702,10390,14010,244760,2199,325403,779304,19620200,337117,15475008,885364,7258336,1.92,0.00,0.00,657270,357136,12763068,331030,,,,1785600,1785600,1785600,1785600,1785600,1785600,883200,883200,0,,,,,,0,,977485,1001995,436,4931,370,1,494000,4928000,6922000,0,436,4430000,Full,1200000000
1784669081.866835749,24390.07,56000,56300,59200,58800,58000,56800,56800,57200,56400,55800,55800,57700,61000,58500,58500,59700,58900,58100,57400,53500,54600,51900,51500,59800,51200,50800,48800,49600,50000,51500,71800,76800,72200,74900,61000,76800,74100,71400,73300,72200,70600,71400,70200,57700,53900,54900,51900,55400,50800,50400,51500,37000,0,0,37000,39390,55700,95000,0,37613,37000,32400,48183,95000,34727,0,36115,54900,33083,0,42985,0,45769,0,36134,40058,0,44768,54900,0,37202,0,39960,43545,45516,47275,47779,54939,47879,60300,45661,45627,47476,32400,3100,-273000,-273000,-273000,325403,779304,19620200,337117,63,0,224,22,126,0,448,44,0,0,0,0,1640,19443,402336,702,10390,14010,244760,2199,325403,779304,19620200,337117,15475008,880820,7253964,1.92,0.00,0.00,657270,357137,12763068,331031,,,,1670400,1670400,1670400,1670400,1670400,1670400,883200,883200,0,,,,,,0,,977485,1001995,436,4931,370,1,494000,4929000,6922000,0,436,4430000,Full,1200000000
1784669082.138106426,24390.34,59000,59800,63100,61900,61500,60700,60700,60300,60000,58900,58100,61200,62900,62000,62800,63200,62000,61600,62000,55000,56200,53100,52700,62500,52300,51500,49600,50800,51200,52700,72200,77200,74100,75700,63700,78000,76400,71800,74100,74500,72600,74100,72600,59700,55000,56800,53100,57000,51500,51500,52700,37000,0,0,37000,39408,58400,95000,0,37613,37000,32400,48498,95000,34848,0,36115,57600,33114,0,42985,0,45821,0,36131,40058,0,44758,59600,0,37245,0,40003,43602,45527,47510,47610,56116,48787,63900,45930,45425,47544,32400,3100,-273000,-273000,-273000,325412,779304,19620336,337118,63,0,224,22,126,0,448,44,0,0,0,0,1640,19443,402336,702,10390,14010,244760,2199,325412,779304,19620336,337118,15475008,879996,7253140,1.92,0.00,0.00,657270,357137,12763136,331031,,,,1996800,1996800,1996800,1996800,1996800,1996800,2438400,2438400,0,,,,,,0,,898466,1000175,436,4931,370,1,494000,4937000,6922000,0,436,4430000,Full,1200000000
1784669082.414040853,24390.62,59000,59800,61900,61900,61100,60300,60300,60300,59600,58900,58900,61200,64100,62000,62400,63600,62000,61200,60500,56200,57400,53900,53900,63700,53100,52700,50800,51200,51900,53900,75300,80700,77600,79500,64800,81800,79900,74900,77200,77200,75700,76800,75300,61200,56200,57600,54300,58500,52700,52300,53500,37000,0,0,37000,39412,58800,95000,0,37613,37000,32400,48819,95000,34848,0,36115,57600,33102,0,43004,0,45854,0,36097,40055,0,44794,58800,0,37216,0,40003,43567,45568,47745,48350,57056,49056,64200,46198,45325,47544,32400,3100,-273000,-273000,-273000,325412,779304,19620336,337118,63,0,224,22,126,0,448,44,0,0,0,0,1640,19443,402336,702,10390,14010,244760,2199,325412,779304,19620336,337118,15475008,876664,7249792,1.92,0.00,0.00,657270,357137,12763136,331031,,,,1113600,1113600,1113600,1113600,1113600,1113600,883200,883200,0,,,,,,0,,898466,1000175,436,4931,370,1,500000,4929000,6922000,0,436,4430000,Full,1200000000
1784669082.721432311,24390.92,59000,60600,62300,63100,61900,61100,60700,61500,61100,60100,59300,62000,64800,63200,64000,65100,63200,62800,61600,56200,57400,55400,54600,64100,53900,53500,51500,52300,53100,54600,76400,81100,77600,80300,65200,81800,79500,75700,78400,77200,76000,77600,76000,62400,57400,58000,55000,59700,53100,52700,53900,37000,0,0,37000,39415,59200,95000,0,37613,37000,32400,49205,95000,34848,0,36115,58400,33083,0,43042,0,45873,0,36100,40092,0,44816,59600,0,37188,0,39982,43602,45651,48182,48384,57729,48854,64200,46333,45627,47644,32400,3100,-273000,-273000,-273000,325412,779304,19620336,337118,63,0,224,22,126,0,448,44,0,0,0,0,1640,19443,402336,702,10390,14010,244760,2199,325412,779304,19620336,337118,15475008,879088,7252200,2.11,0.00,0.00,657270,357137,12763136,331031,,,,1440000,1440000,1440000,1440000,1440000,1440000,883200,883200,0,,,,,,0,,898466,1000175,436,4931,370,1,494000,4926000,6922000,0,436,4430000,Full,1200000000
1784669083.018418873,24391.22,59800,61000,63900,64200,63500,62300,61900,62300,61900,60500,59700,62800,66000,63600,64700,65900,64300,63600,62800,56600,57700,56600,56200,64800,55400,54600,52700,53900,54300,56200,78400,83400,79500,81800,66400,84100,81400,78000,79900,79100,77600,79100,77200,63200,58100,58800,55800,60100,53900,53100,54300,37000,0,0,37000,39436,60300,95000,0,37613,37000,32400,49581,95000,34848,0,36115,59600,33132,0,43069,0,45951,0,36116,40096,0,44871,60300,0,37252,0,40021,43589,45715,48216,48484,58670,49056,65400,46400,45762,47341,32400,3100,-273000,-273000,-273000,325412,779304,19620336,337118,63,0,224,22,126,0,448,44,0,0,0,0,1640,19443,402336,702,10390,14010,244760,2199,325412,779304,19620336,337118,15475008,872756,7245868,2.11,0.00,0.00,657270,357137,12763136,331031,,,,1996800,1996800,1996800,1996800,1996800,1996800,883200,883200,0,,,,,,0,,898466,1000175,436,4931,370,1,487000,4929000,6922000,0,436,4430000,Full,1200000000
1784669083.303877727,24391.51,61000,62100,65400,64600,63500,63100,62300,62700,62700,61600,60500,64000,66800,64700,65100,66700,65100,64300,63600,57400,58900,57000,57000,65200,55800,55400,53500,53900,54600,56600,79100,84500,79900,83000,67200,85300,82200,78700,80700,79900,78400,79900,78400,64000,58500,59600,56200,61200,53900,53900,55000,37000,0,0,37000,39440,60700,95000,0,37613,37000,32400,49963,95000,34848,0,36115,60000,33119,0,43081,0,46097,0,36109,40102,0,44885,60300,0,37223,0,40007,43616,45829,48619,48787,59679,49627,66600,46636,45627,47275,32400,3100,-273000,-273000,-273000,325412,779304,19620336,337118,63,0,224,22,126,0,448,44,0,0,0,0,1640,19443,402336,702,10390,14010,244760,2199,325412,779304,19620336,337118,15475008,873732,7246848,2.11,0.00,0.00,657270,357137,12763136,331031,,,,1996800,1996800,1996800,1996800,1996800,1996800,883200,883200,0,,,,,,0,,872696,1001451,436,4931,370,1,484000,4931000,6922000,0,436,4430000,Full,1200000000
1784669083.591977988,24391.79,61400,62500,65000,65400,64200,63500,63100,63900,63500,62000,61600,64700,67500,65500,66300,67800,65900,65100,64000,58500,59700,57700,57400,66400,56600,56200,53900,54600,55400,57000,80300,86100,82200,84500,67900,86500,84500,79900,82200,81800,80300,81800,79500,64700,59700,60000,57000,61600,54600,53900,55000,37000,0,0,37000,39451,61100,95000,0,37613,37000,32400,50336,95000,34848,0,36115,60300,33122,0,43146,0,46181,0,36091,40135,0,44907,60700,0,37233,0,40013,43621,45946,49056,49359,60385,49829,67000,46871,45863,47308,32400,3100,-273000,-273000,-273000,325412,779304,19620336,337118,63,0,224,22,126,0,448,44,0,0,0,0,1640,19443,402336,702,10390,14010,244760,2199,325412,779304,19620336,337118,15475008,877480,7250596,2.11,0.00,0.00,657270,357137,12763136,331031,,,,1440000,1440000,1440000,1440000,1440000,1440000,883200,883200,0,,,,,,0,,0,0,436,4931,370,1,500000,4931000,6922000,0,436,4430000,Full,1200000000
1784669083.879186738,24392.08,62900,63300,65800,66600,65800,64200,63500,64600,64200,62400,61200,65100,68700,65500,66300,67800,65900,65900,64300,58500,60100,58500,57700,67200,57000,56600,54600,55000,56200,57700,81800,87600,83400,86100,69500,88400,85700,81400,83800,83000,81400,83400,81400,66300,60500,60700,57700,63200,55400,54600,56200,37000,0,0,37000,39458,62300,95000,0,37613,37000,32400,50686,95000,34848,0,36115,61100,33146,0,43192,0,46302,0,36088,40163,0,44980,61500,0,37267,0,40041,43599,46090,49291,49661,61026,49930,68500,46938,46098,47039,32400,3100,-273000,-273000,-273000,325415,779304,19620424,337118,63,0,224,22,126,0,448,44,0,0,0,0,1640,19443,402336,702,10390,14010,244760,2199,325415,779304,19620424,337118,15475008,877776,7250932,2.11,0.00,0.00,657270,357137,12763180,331031,,,,1555200,1555200,1555200,1555200,1555200,1555200,883200,883200,0,,,,,,0,,0,0,436,4931,370,1,497000,4931000,6922000,0,436,4430000,Full,1200000000
1784669084.173147935,24392.37,63300,64800,67000,67700,67400,65400,64600,65800,65000,64000,63200,66700,69500,67800,68200,69800,68200,67400,66300,59300,60800,59300,58100,68700,57700,57000,54600,55800,56600,58100,82200,88000,84100,86100,70200,88800,86900,81800,84100,84100,82600,84500,82200,67100,61600,61900,58900,64000,55800,55400,56600,37000,0,0,37000,39471,62700,95000,0,37613,37000,32400,51051,95000,34848,0,36115,61900,33132,0,43250,0,46397,0,36122,40150,0,45041,62300,0,37225,0,40044,43676,46225,49560,49964,62004,50737,68900,47275,46400,46972,32400,3100,-273000,-273000,-273000,325415,779304,19620424,337118,63,0,224,22,126,0,448,44,0,0,0,0,1640,19443,402336,702,10390,14010,244760,2199,325415,779304,19620424,337118,15475008,883120,7256244,2.11,0.00,0.00,657270,357137,12763180,331031,,,,1324800,1324800,1324800,1324800,1324800,1324800,883200,883200,0,,,,,,0,,887449,1000988,436,4931,370,1,491000,4926000,6920000,0,1340,4384000,Full,1200000000
1784669084.551377362,24392.75,63700,65600,68500,68500,68100,66200,65800,66200,65400,64300,63200,67100,70200,67400,68600,69800,68200,67800,66300,60100,61600,60100,59700,69500,58500,57700,55800,56600,57400,59300,83400,89600,84500,87600,71000,89900,87200,83400,85300,84500,83400,84900,82600,67800,62000,62300,59300,64300,56200,55800,57400,37000,0,0,37000,39493,63500,95000,0,37613,37000,32500,51507,95000,34848,0,36115,63500,33144,0,43325,0,46562,0,36125,40147,0,45137,63500,0,37275,0,40037,43702,46432,49964,50400,62206,50838,69300,47476,46703,46737,32500,3100,-273000,-273000,-273000,325415,779304,19620424,337118,63,0,224,22,126,0,448,44,0,0,0,0,1640,19443,402336,702,10390,14010,244760,2199,325415,779304,19620424,337118,15475008,879564,7252692,2.27,0.00,0.00,657270,357137,12763180,331031,,,,1785600,1785600,1785600,1785600,1785600,1785600,2438400,2438400,0,,,,,,0,,887449,1000988,436,4931,370,1,494000,4928000,6920000,0,1371,4384000,Full,1200000000
1784669085.041864133,24393.24,65600,67200,70100,70900,70500,67700,67700,68900,68500,65900,65100,68600,72600,69800,70200,71300,69800,69000,67800,61200,62400,61200,60100,71400,59300,58500,56200,57400,58100,60100,84100,90300,86900,88800,72900,91100,89200,84100,86900,86900,84900,86900,84500,68600,62800,64200,59700,65500,57400,56200,58100,37000,0,0,37000,39518,65800,95000,0,37613,37000,32500,52053,95000,34848,0,36115,65400,33146,0,43438,0,46803,0,36088,40235,0,45303,67000,0,37287,0,40047,43781,46687,50972,51006,63621,51645,71300,47947,46972,46434,32500,3100,-273000,-273000,-273000,325415,779304,19620424,337118,63,0,224,22,126,0,448,44,0,0,0,0,1640,19443,402336,702,10390,14010,244760,2199,325415,779304,19620424,337118,15475008,892836,7265948,2.27,0.00,0.00,657270,357137,12763180,331031,,,,1996800,1996800,1996800,1996800,1996800,1996800,883200,883200,0,,,,,,0,,887449,1000988,436,4931,370,1,497000,4932000,6920000,0,1371,4384000,Full,1200000000
1784669085.310499706,24393.51,66800,68300,72400,70100,68900,69700,69700,68900,68900,67400,66300,70200,72200,70900,71700,72900,71300,70500,69800,62000,64000,61200,60500,71400,59700,59300,57000,57700,58100,60100,82600,88800,86100,87200,72900,89900,88800,82600,85300,85700,84900,86500,84100,69000,63200,65400,60100,65500,57400,56600,58500,37000,0,0,37000,39529,67400,95000,0,37613,37000,32500,52332,95000,34848,0,36115,65400,33149,0,43499,0,46987,0,36091,40293,0,45397,67400,0,37287,0,40077,43845,46825,50737,51241,63655,51846,73200,48216,46568,46400,32500,3100,-273000,-273000,-273000,325415,779304,19620424,337118,63,0,224,22,126,0,448,44,0,0,0,0,1640,19443,402336,702,10390,14010,244760,2199,325415,779304,19620424,337118,15475008,885468,7258580,2.27,0.00,0.00,657270,357137,12763180,331031,,,,1555200,1555200,1555200,1555200,1555200,1555200,883200,883200,0,,,,,,0,,888361,1001062,436,4931,370,1,497000,4929000,6920000,0,1371,4384000,Full,1200000000
1784669085.584945018,24393.79,67200,68300,72000,71600,71600,69300,67700,69300,68100,67400,66700,69800,73300,70500,71300,72500,70500,70200,69000,63200,64300,61200,61200,72600,60100,59300,57000,58100,58500,60800,86500,92600,87600,91100,73700,93400,90300,86500,88800,88000,86100,87600,85700,69000,63200,65400,60500,65900,57700,57000,58900,37000,0,0,37000,39550,66600,95000,0,37613,37000,32500,52629,95000,34848,0,36115,66200,33168,0,43589,0,47131,0,36097,40293,0,45490,66200,0,37297,0,40102,43852,47017,51039,51443,64834,51812,72800,48384,47375,46064,32500,3100,-273000,-273000,-273000,325415,779304,19620424,337118,63,0,224,22,126,0,448,44,0,0,0,0,1640,19443,402336,702,10390,14010,244760,2199,325415,779304,19620424,337118,15475008,892980,7266172,2.27,0.00,0.00,657270,357137,12763180,331031,,,,1996800,1996800,1996800,1996800,1996800,1996800,883200,883200,0,,,,,,0,,888361,1001062,436,4931,370,1,491000,4929000,6920000,0,1371,4384000,Full,1200000000
1784669085.857792570,24394.06,66400,67900,71300,70900,69700,68500,67400,68500,67400,67100,66300,69400,72600,70900,71300,72900,70900,70500,69000,62400,64300,62000,61200,72200,60800,59700,57400,58100,59300,61200,86100,92600,87600,90700,73300,93400,90300,86100,88800,88000,86500,88000,86100,70200,64300,64200,61200,66700,58500,57700,59300,37000,0,0,37000,39572,65400,95000,0,37613,37000,32500,52882,95000,34848,0,36115,65000,33144,0,43648,0,47274,0,36125,40293,0,45607,65400,0,37297,0,40102,43929,47177,51443,51880,64834,52149,72000,48585,47375,45930,32500,3100,-273000,-273000,-273000,325415,779304,19620424,337118,63,0,224,22,126,0,448,44,0,0,0,0,1640,19443,402336,702,10390,14010,244760,2199,325415,779304,19620424,337118,15475008,893032,7266196,2.27,0.00,0.00,657270,357137,12763180,331031,,,,1228800,1228800,1228800,1228800,1228800,1228800,883200,883200,0,,,,,,0,,888361,1001062,436,4931,370,1,494000,4927000,6920000,0,1371,4384000,Full,1200000000
1784669086.150776737,24394.35,67500,69100,71300,72400,72800,69700,70500,70900,70500,67100,66700,69800,73700,71300,71700,72900,70900,70500,69400,62800,64300,62400,61200,72900,60800,60100,57700,58500,59300,61200,87200,93800,88800,91900,74500,94600,91100,86900,89600,88400,87200,88400,86500,70200,64300,65800,61600,67400,58500,57700,60100,37000,0,0,37000,39593,66600,95000,0,37613,37000,32500,53161,95000,34848,0,36115,66600,33170,0,43727,0,47455,0,36062,40309,0,45708,67000,0,37292,0,40120,44024,47377,51745,52048,65138,52585,72800,48753,47745,45728,32500,3100,-273000,-273000,-273000,325415,779304,19620424,337118,63,0,224,22,126,0,448,44,0,0,0,0,1640,19443,402336,702,10390,14010,244760,2199,325415,779304,19620424,337118,15475008,890872,7264020,2.27,0.00,0.00,657270,357137,12763180,331031,,,,1996800,1996800,1996800,1996800,1996800,1996800,883200,883200,0,,,,,,0,,884021,1001405,436,4931,370,1,497000,4923000,6920000,0,1371,4384000,Full,1200000000
1784669086.419751007,24394.62,67900,69500,73200,71600,71300,70100,68500,69700,68900,67800,67100,70500,74100,71300,72100,73600,71700,71300,69800,63600,64700,62800,62000,73300,60800,60100,58100,58900,59700,62000,88000,94200,89600,92300,74900,95000,91900,87600,90700,89600,88000,89600,87200,70900,64700,65800,62000,67400,58900,58100,60100,37000,0,0,37000,39613,67000,95000,0,37613,37000,32500,53467,95000,34848,0,36115,66600,33201,0,43823,0,47624,0,36094,40370,0,45833,66600,0,37321,0,40120,44036,47561,51476,52216,65610,52821,73200,48922,47544,45526,32500,3100,-273000,-273000,-273000,325415,779304,19620424,337118,63,0,224,22,126,0,448,44,0,0,0,0,1640,19443,402336,702,10390,14010,244760,2199,325415,779304,19620424,337118,15475008,886320,7259468,2.27,0.00,0.00,657270,357137,12763180,331031,,,,1113600,1113600,1113600,1113600,1113600,1113600,883200,883200,0,,,,,,0,,884021,1001405,436,4931,370,1,491000,4923000,6920000,0,1371,4384000,Full,1200000000
1784669086.706185330,24394.91,67500,69500,74000,73200,73600,70900,70500,70500,69300,67800,66700,70500,74500,71300,72100,73600,71700,70900,69800,63200,64700,62800,62000,73700,61200,60100,58100,59300,60100,61600,87600,94600,89600,93000,75300,95300,92300,88000,90700,89600,88400,89600,87200,70900,64700,66200,62400,67800,59300,58100,60100,37000,0,0,37000,39638,68100,95000,0,37613,37000,32500,53708,95000,34848,0,36115,66200,33170,0,43964,0,47756,0,36080,40394,0,45956,67400,0,37319,0,40187,44120,47710,51880,52788,66082,53359,74400,48821,48417,45526,32500,3100,-273000,-273000,-273000,325415,779304,19620424,337118,63,0,224,22,126,0,448,44,0,0,0,0,1640,19443,402336,702,10390,14010,244760,2199,325415,779304,19620424,337118,15475008,880672,7253828,2.40,0.00,0.00,657270,357137,12763180,331031,,,,1670400,1670400,1670400,1670400,1670400,1670400,883200,883200,0,,,,,,0,,0,0,436,4931,370,1,497000,4926000,6920000,0,1371,4384000,Full,1200000000
1784669086.978244288,24395.18,68300,69900,72400,73600,72400,70900,70500,72000,71600,68200,67100,70500,75300,71700,72500,73600,72100,71700,70200,63200,64700,63200,62400,73700,61600,60800,58500,59300,60100,62000,88800,95000,90300,93400,75700,95700,93000,88800,90700,90300,88800,90300,88000,71300,65500,67000,62000,68200,59300,58500,60500,37000,0,0,37000,39657,68500,95000,0,38195,37000,32500,53987,95000,34763,0,36336,68100,33192,0,43992,0,47955,0,36091,40414,0,46070,69300,0,37370,0,40147,44190,47900,51812,52854,66284,53292,74000,49392,47879,45257,32500,3100,-273000,-273000,-273000,325415,779304,19620424,337118,63,0,224,22,126,0,448,44,0,0,0,0,1640,19443,402336,702,10390,14010,244760,2199,325415,779304,19620424,337118,15475008,875372,7248608,2.40,0.00,0.00,657270,357137,12763180,331031,,,,1996800,1996800,1996800,1996800,1996800,1996800,883200,883200,0,,,,,,0,,0,0,436,4931,370,1,491000,4933000,6920000,0,1371,4384000,Full,1200000000
1784669087.252167778,24395.45,68300,69100,72000,72400,71600,70100,69300,70500,69300,68600,67400,70900,74900,72100,72500,74000,72500,72100,70500,63600,65100,63600,62800,73700,62000,61200,58900,59700,60800,62800,88800,95000,90300,93400,75700,95700,93000,88400,91100,90300,88800,90700,88400,72100,65900,66600,62800,68600,59700,58500,60800,37000,0,0,37000,39685,67400,95000,0,38195,37000,32500,54247,95000,34763,0,36336,67000,33201,0,44098,0,48108,0,36094,40481,0,46227,67400,0,37376,0,40190,44253,48071,52350,53056,66722,53628,74000,49493,48384,45459,32500,3100,-273000,-273000,-273000,325426,779304,19620584,337120,63,0,224,22,126,0,448,44,0,0,0,0,1640,19443,402336,702,10390,14010,244760,2199,325426,779304,19620584,337120,15475008,876500,7249752,2.40,0.00,0.00,657270,357137,12763260,331031,,,,1555200,1555200,1555200,1555200,1555200,1555200,883200,883200,0,,,,,,0,,908097,1000801,436,4931,370,1,487000,4927000,6920000,0,1371,4384000,Full,1200000000
1784669087.539596372,24395.74,68700,70200,72400,74000,74000,70900,71600,72000,71600,69000,67400,71300,75700,72100,73300,74400,72900,72500,70900,63600,65500,64000,63200,74500,62000,61600,59300,60100,60800,62800,89200,95700,91100,93800,75700,96900,93800,89200,92300,91100,89200,91100,88800,72100,65900,67000,62800,68600,59700,58900,60800,37000,0,0,37000,39721,68500,95000,0,38195,37000,32500,54533,95000,34763,0,36336,68100,33219,0,44194,0,48265,0,36100,40497,0,46349,69700,0,37367,0,40214,44302,48266,52922,53258,66992,53762,74800,49627,48484,44921,32500,3100,-273000,-273000,-273000,325426,779304,19620584,337120,63,0,224,22,126,0,448,44,0,0,0,0,1640,19443,402336,702,10390,14010,244760,2199,325426,779304,19620584,337120,15475008,869336,7242668,2.40,0.00,0.00,657270,357137,12763260,331031,,,,1555200,1555200,1555200,1555200,1555200,1555200,1497600,1497600,0,,,,,,0,,908097,1000801,436,4931,370,1,491000,4927000,6920000,0,1371,4384000,Full,1200000000
1784669088.011409132,24396.21,70200,71800,76300,75200,75200,72800,72800,73200,72800,70200,69000,72900,76800,73300,74000,75600,74000,73600,72100,64700,66300,64300,64000,75300,63200,62000,60100,60500,61200,63600,88800,95300,91100,93400,77200,96100,93400,89200,91900,91100,89600,91100,89200,72900,66300,68500,63600,69000,60100,59300,61600,37000,0,0,37000,39780,70900,95000,0,38195,37000,32500,54825,95000,34763,0,36336,69700,33208,0,44342,0,48580,0,36134,40591,0,46592,69700,0,37378,0,40190,44471,48540,53426,53594,67194,54401,76300,50334,48888,44551,32500,3100,-273000,-273000,-273000,325426,779304,19620584,337120,63,0,224,22,126,0,448,44,0,0,0,0,1640,19443,402336,702,10390,14010,244760,2199,325426,779304,19620584,337120,15475008,882308,7255632,2.40,0.00,0.00,657270,357137,12763260,331031,,,,1996800,1996800,1996800,1996800,1996800,1996800,2438400,2438400,0,,,,,,0,,908097,1000801,436,4931,370,1,491000,4929000,6920000,0,1371,4384000,Full,1200000000
1784669088.283610798,24396.48,69500,71000,74000,74400,73200,72000,71600,72400,70900,69800,69400,72500,76000,73600,74400,76000,74000,73300,72100,65100,66700,64700,64000,75300,63600,62400,60100,60800,61600,64000,89600,95700,91100,93800,76800,96500,93800,89600,91500,91100,90300,91500,89200,72900,67100,67700,63600,69400,60500,59300,62000,37000,0,0,37000,39804,69300,95000,0,38195,37000,32500,55089,95000,34763,0,36336,68100,33238,0,44474,0,48787,0,36055,40599,0,46759,68100,0,37364,0,40245,44540,48749,53359,53897,67665,54266,75500,50400,49157,44350,32500,3100,-273000,-273000,-273000,325426,779304,19620584,337120,63,0,224,22,126,0,448,44,0,0,0,0,1640,19443,402336,702,10390,14010,244760,2199,325426,779304,19620584,337120,15475008,889412,7262560,2.40,0.00,0.00,657270,357137,12763260,331031,,,,1996800,1996800,1996800,1996800,1996800,1996800,883200,883200,0,,,,,,0,,906426,1001445,436,4931,370,1,484000,4927000,6920000,0,1371,4384000,Full,1200000000
1784669088.556162673,24396.76,71400,72900,76300,74800,74000,74000,72800,74000,73200,70900,69800,73600,77200,74400,74800,76000,74800,74000,72500,65900,67400,65100,64300,76000,63200,62400,60500,60800,62000,64300,88800,94600,90700,93000,77600,95300,93000,88800,91500,90300,89200,91100,89200,73300,66700,69300,64000,69800,60800,60100,62000,37000,0,0,37000,39837,70500,95000,0,38195,37000,32500,55342,95000,34763,0,36336,70100,33249,0,44580,0,48940,0,36109,40626,0,46851,70100,0,37364,0,40238,44619,48946,53695,53997,67834,54569,76300,50535,49661,44350,32500,3100,-273000,-273000,-273000,325426,779304,19620584,337120,63,0,224,22,126,0,448,44,0,0,0,0,1640,19443,402336,702,10390,14010,244760,2199,325426,779304,19620584,337120,15475008,883252,7256408,2.33,0.00,0.00,657270,357137,12763260,331031,,,,1228800,1228800,1228800,1228800,1228800,1228800,883200,883200,0,,,,,,0,,906426,1001445,436,4931,370,1,494000,4929000,6920000,0,1371,4384000,Full,1200000000
1784669088.844433559,24397.05,71000,72600,75500,75500,74800,73600,72400,73600,72800,70900,69800,73300,77200,74000,74800,76400,74400,73600,72500,65900,67800,65100,64300,76000,63600,62800,60500,61200,62400,64000,91100,98100,93000,96100,78000,98800,95300,90700,93400,92600,90700,92300,90700,73300,67100,69300,64000,69800,60800,60100,62000,37000,0,0,37000,39861,70100,95000,0,38195,37000,32500,55502,95000,34763,0,36336,69700,33228,0,44609,0,49070,0,36140,40668,0,47037,69700,0,37421,0,40299,44721,49065,53695,54367,68138,54871,77100,50938,49661,44047,32500,3100,-273000,-273000,-273000,325426,779304,19620584,337120,63,0,224,22,126,0,448,44,0,0,0,0,1640,19443,402336,702,10390,14010,244760,2199,325426,779304,19620584,337120,15475008,880860,7254064,2.33,0.00,0.00,657270,357137,12763260,331031,,,,1670400,1670400,1670400,1670400,1670400,1670400,883200,883200,0,,,,,,0,,906426,1001445,436,4931,370,1,494000,4931000,6920000,0,1371,4384000,Full,1200000000
1784669089.118363923,24397.32,70600,71800,75500,74800,74800,72800,73200,73200,72800,70500,69400,73300,76400,74000,75200,76400,74400,74400,72500,65900,67400,65500,64700,75700,64000,63200,60500,61200,62000,64300,88400,94200,90300,92600,76800,95000,92600,88800,91100,89900,89200,91100,88800,74000,67400,68500,64000,69800,60800,60100,62000,37000,0,0,37000,39903,69700,95000,0,38195,37000,32500,55681,95000,34763,0,36336,69300,33238,0,44751,0,49283,0,36169,40746,0,47161,69700,0,37419,0,40299,44784,49283,53997,54670,68238,54737,76300,50972,49325,43980,32500,3100,-273000,-273000,-273000,325426,779304,19620584,337120,63,0,224,22,126,0,448,44,0,0,0,0,1640,19443,402336,702,10390,14010,244760,2199,325426,779304,19620584,337120,15475008,883644,7256864,2.33,0.00,0.00,657270,357137,12763260,331031,,,,1996800,1996800,1996800,1996800,1996800,1996800,883200,883200,0,,,,,,0,,895635,1001234,436,4931,370,1,500000,4929000,6920000,0,1371,4384000,Full,1200000000
1784669089.384949808,24397.59,71400,73300,77100,75200,73600,75200,75200,73200,72000,70200,69000,72900,77600,73600,74800,76400,74400,73600,72500,65500,67100,65100,64700,76000,64000,63200,60500,61600,62400,64300,91100,98100,93000,95700,78000,98800,95700,90700,93800,93000,91500,93000,90700,74000,67800,70100,64700,70200,61200,60500,62400,37000,0,0,37000,39939,71600,95000,0,38195,37000,32500,55899,95000,34763,0,36336,70500,33265,0,44857,0,49440,0,36145,40786,0,47283,72400,0,37405,0,40353,44897,49432,53762,54939,68609,54939,77500,51006,49661,43846,32500,3100,-273000,-273000,-273000,325426,779304,19620584,337120,63,0,224,22,126,0,448,44,0,0,0,0,1640,19443,402336,702,10390,14010,244760,2199,325426,779304,19620584,337120,15475008,878372,7251592,2.33,0.00,0.00,657270,357137,12763260,331031,,,,1996800,1996800,1996800,1996800,1996800,1996800,883200,883200,0,,,,,,0,,895635,1001234,436,4931,370,1,487000,4927000,6916000,0,1491,4367000,Full,1200000000
1784669089.672090798,24397.87,69900,71000,74800,74400,73200,72400,70900,72000,70900,70900,69800,73600,76400,74400,75200,76800,75200,74400,73300,65500,67400,65500,64700,74900,64000,63200,60800,61600,62800,64700,89900,95700,92600,94200,76800,96500,94600,89600,91900,91900,90300,91500,89200,73600,67800,67400,64700,70500,61600,60800,62400,37000,0,0,37000,39974,68900,95000,0,38195,37000,32600,56140,95000,34763,0,36336,68900,33292,0,44894,0,49614,0,36145,40825,0,47468,70900,0,37425,0,40353,44998,49630,54401,55140,68238,54871,76300,51107,50468,43476,32600,3100,-273000,-273000,-273000,325426,779304,19620584,337120,63,0,224,22,126,0,448,44,0,0,0,0,1640,19443,402336,702,10390,14010,244760,2199,325426,779304,19620584,337120,15475008,887196,7260452,2.33,0.00,0.00,657270,357137,12763260,331031,,,,1996800,1996800,1996800,1996800,1996800,1996800,883200,883200,0,,,,,,0,,895635,1001234,436,4931,370,1,494000,4924000,6916000,0,1499,4367000,Full,1200000000
1784669089.947510954,24398.15,69900,71400,73600,74800,74400,72000,72000,72800,71600,70900,69800,73300,76400,74400,74800,76400,74800,74000,72900,65500,67100,65500,65100,75300,64000,63600,60800,62000,62400,64300,89200,94600,90700,93000,76800,95300,93000,88800,91100,90700,89900,91100,89200,74000,67800,68100,65100,70500,61600,60800,62400,37000,0,0,37000,40016,69300,95000,0,38195,37000,32600,56304,95000,34763,0,36336,68500,33265,0,45024,0,49807,0,36109,40869,0,47624,70100,0,37421,0,40367,45071,49799,54603,55040,68913,54905,75900,51241,50233,43375,32600,3100,-273000,-273000,-273000,325426,779304,19620584,337120,63,0,224,22,126,0,448,44,0,0,0,0,1640,19443,402336,702,10390,14010,244760,2199,325426,779304,19620584,337120,15475008,891768,7265024,2.33,0.00,0.00,657270,357137,12763260,331031,,,,1996800,1996800,1996800,1996800,1996800,1996800,883200,883200,0,,,,,,0,,895635,1001234,436,4931,370,1,494000,4929000,6916000,0,1499,4367000,Full,1200000000
1784669090.252679339,24398.45,69100,70600,74400,73600,73200,71600,71300,71600,71300,70900,69800,73300,76000,74000,74800,76000,74400,74000,72500,65500,67100,65900,64700,74900,64000,63200,61200,61600,62400,64300,89600,96100,91500,94200,76400,96900,93800,89600,91900,91100,89900,91500,89200,73600,67400,67400,64700,70200,61600,60500,62400,37000,0,0,37000,40071,68500,95000,0,38195,37000,32600,56462,95000,34763,0,36336,68100,33276,0,45121,0,49963,0,36109,40915,0,47781,68500,0,37434,0,40384,45203,49963,54670,55208,69081,55107,75200,51678,50603,43207,32600,3100,-273000,-273000,-273000,325426,779304,19620584,337120,63,0,224,22,126,0,448,44,0,0,0,0,1640,19443,402336,702,10390,14010,244760,2199,325426,779304,19620584,337120,15475008,893900,7267156,2.33,0.00,0.00,657270,357137,12763260,331031,,,,1324800,1324800,1324800,1324800,1324800,1324800,883200,883200,0,,,,,,0,,879783,1001305,436,4931,370,1,494000,4931000,6916000,0,1499,4367000,Full,1200000000
1784669090.567086214,24398.77,69100,70200,73200,74000,73200,71600,70900,72000,70900,70200,69000,72900,75700,73600,74400,76000,74400,73600,72500,65100,66300,65900,65100,74500,64000,63600,60800,61600,62400,64700,89600,95300,90700,93800,76000,96100,93400,89200,91500,90700,89200,91100,88800,73600,67400,67400,64700,70200,61200,60800,62400,37000,0,0,37000,40115,68900,95000,0,38195,37000,32600,56557,95000,34763,0,36336,68100,33265,0,45237,0,50159,0,36140,40987,0,47942,68900,0,37444,0,40414,45282,50144,54804,55309,69149,55107,75200,51443,50938,43173,32600,3100,-273000,-273000,-273000,325426,779304,19620584,337120,63,0,224,22,126,0,448,44,0,0,0,0,1640,19443,402336,702,10390,14010,244760,2199,325426,779304,19620584,337120,15475008,888856,7262084,2.45,0.00,0.00,657270,357137,12763260,331031,,,,998400,998400,998400,998400,998400,998400,883200,883200,0,,,,,,0,,879783,1001305,436,4931,380,1,487000,4923000,6916000,0,1499,4367000,Full,1200000000
1784669091.038824808,24399.24,71800,72600,75200,76700,77500,73600,73200,74400,74000,71700,70500,74400,78400,74800,76000,77100,75200,74800,73600,66300,67800,66300,65100,76800,64300,63600,61200,62000,62800,64700,91500,97700,93400,96500,78400,98400,95700,90700,93800,93000,91500,93000,91100,74000,68200,69300,64700,70900,62000,60800,62800,37000,0,0,37000,40188,71600,95000,0,38195,37000,32600,56852,95000,34763,0,36336,70500,33306,0,45399,0,50413,0,36166,41063,0,48161,71300,0,37464,0,40497,45455,50397,55309,55578,69957,55578,77100,51947,51140,42904,32600,3100,-273000,-273000,-273000,325426,779304,19620584,337120,63,0,224,22,126,0,448,44,0,0,0,0,1640,19443,402336,702,10390,14010,244760,2199,325426,779304,19620584,337120,15475008,883512,7256760,2.45,0.00,0.00,657270,357137,12763260,331031,,,,1900800,1900800,1900800,1900800,1900800,1900800,883200,883200,0,,,,,,0,,879783,1001305,436,4931,380,1,487000,4929000,6916000,0,1499,4367000,Full,1200000000
1784669091.305883453,24399.51,71400,72900,77900,75200,74000,74800,74400,73600,72800,71300,70200,74000,77600,75200,75600,77500,75200,74800,73600,66300,67800,65900,65500,76400,64300,64300,61600,62000,62800,65100,91500,98100,93000,96100,78400,98400,95300,90700,93400,93000,91500,92600,91100,74800,68200,69700,65100,71300,62000,61200,62800,37000,0,0,37000,40232,71600,95000,0,38195,37000,32600,57012,95000,34763,0,36336,70500,33309,0,45460,0,50568,0,36173,41097,0,48326,70900,0,37464,0,40515,45572,50550,55107,55913,69755,55611,77900,52115,50938,42837,32600,3100,-273000,-273000,-273000,325426,779304,19620584,337120,63,0,224,22,126,0,448,44,0,0,0,0,1640,19443,402336,702,10390,14010,244760,2199,325426,779304,19620584,337120,15475008,889480,7262728,2.45,0.00,0.00,657270,357137,12763260,331031,,,,1996800,1996800,1996800,1996800,1996800,1996800,883200,883200,0,,,,,,0,,886632,1001071,436,4931,380,1,484000,4928000,6916000,0,1499,4367000,Full,1200000000
1784669091.573618245,24399.77,71400,72900,75200,76300,76700,74000,74400,74800,74000,71700,70900,74400,78000,75200,76000,77100,75600,74800,74000,67100,68200,66300,65500,76800,64700,64000,61600,62400,63600,65100,89600,95700,91100,93800,78000,96100,93800,89600,91900,91100,90300,91900,89900,74800,68200,69700,65500,71300,62400,61200,63600,37000,0,0,37000,40261,71600,95000,0,38195,37000,32600,57195,95000,34763,0,36336,70100,33303,0,45568,0,50706,0,36169,41147,0,48436,70900,0,37488,0,40515,45642,50668,55309,56082,69553,56317,77100,52350,51544,42736,32600,3100,-273000,-273000,-273000,325426,779304,19620584,337120,63,0,224,22,126,0,448,44,0,0,0,0,1640,19443,402336,702,10390,14010,244760,2199,325426,779304,19620584,337120,15475008,884196,7257444,2.45,0.00,0.00,657270,357137,12763260,331031,,,,1996800,1996800,1996800,1996800,1996800,1996800,2438400,2438400,0,,,,,,0,,886632,1001071,436,4931,380,1,494000,4928000,6916000,0,1499,4367000,Full,1200000000
1784669091.846073818,24400.05,72200,73300,78300,76300,75200,74800,74000,74000,73600,72900,71700,75200,78400,76000,76800,78300,76400,75600,74400,67800,69400,66300,65900,77200,64700,64300,61600,62400,63600,65500,92600,99600,94600,97300,79100,100400,97300,92600,95000,94200,92600,94200,92300,74400,68600,70100,65500,71300,62400,61600,64000,37000,0,0,37000,40315,71300,95000,0,38195,37000,32600,57272,95000,34763,0,36336,71300,33339,0,45646,0,50850,0,36216,41197,0,48582,73200,0,37470,0,40538,45709,50824,55409,56149,70261,56485,78300,52418,51275,42568,32600,3100,-273000,-273000,-273000,325426,779304,19620584,337120,63,0,224,22,126,0,448,44,0,0,0,0,1640,19443,402336,702,10390,14010,244760,2199,325426,779304,19620584,337120,15475008,885884,7259120,2.45,0.00,0.00,657270,357137,12763260,331031,,,,1996800,1996800,1996800,1996800,1996800,1996800,883200,883200,0,,,,,,0,,886632,1001071,436,4931,380,1,494000,4936000,6916000,0,1499,4367000,Full,1200000000
1784669092.115267568,24400.32,71800,73300,75500,77100,76700,74000,74000,75200,74400,72500,71300,74800,78400,76000,76800,78300,76400,76000,74400,67100,68600,66700,65900,77600,65100,64300,62000,63200,63600,65900,93000,99200,94600,97700,79100,100400,96900,92300,95000,94200,93000,94200,92300,75600,69000,70100,65900,71300,62800,61600,63600,37000,0,0,37000,40355,71300,95000,0,38973,37000,32600,57435,95000,35217,0,36631,70500,33333,0,45759,0,50971,0,36225,41268,0,48724,71300,0,37511,0,40575,45829,50938,55443,56519,70530,56485,77500,52485,51678,42467,32600,3100,-273000,-273000,-273000,325426,779304,19620584,337120,63,0,224,22,126,0,448,44,0,0,0,0,1640,19443,402336,702,10390,14010,244760,2199,325426,779304,19620584,337120,15475008,880352,7253588,2.45,0.00,0.00,657270,357137,12763276,331031,,,,1996800,1996800,1996800,1996800,1996800,1996800,883200,883200,0,,,,,,0,,891353,1001327,436,4931,380,1,491000,4933000,6916000,0,1499,4367000,Full,1200000000
1784669092.393198974,24400.59,71000,72900,75500,76300,75500,73600,73200,74000,73200,72100,70500,74400,78400,75600,76400,77900,76000,75200,74000,67100,68600,66700,65900,76800,65100,64300,62000,62800,64000,65500,92300,98400,93800,96500,78700,98800,96100,91900,94200,93000,92300,93800,91900,75600,69000,69300,65900,72100,62800,61600,64000,37000,0,0,37000,40406,70100,95000,0,38973,37000,32600,57647,95000,35217,0,36631,70500,33354,0,45847,0,51118,0,36179,41299,0,48847,70900,0,37488,0,40551,45903,51129,55746,56653,70497,56183,77500,52687,51913,42232,32600,3100,-273000,-273000,-273000,325430,779304,19620672,337121,63,0,224,22,126,0,448,44,0,0,0,0,1640,19443,402336,702,10390,14010,244760,2199,325430,779304,19620672,337121,15475008,877672,7250976,2.45,0.00,0.00,657270,357137,12763304,331031,,,,1113600,1113600,1113600,1113600,1113600,1113600,883200,883200,0,,,,,,0,,891353,1001327,436,4931,380,1,494000,4931000,6916000,0,1499,4367000,Full,1200000000
1784669092.699763870,24400.90,71400,72900,75500,76700,77100,73600,74400,74800,75200,71700,70500,74400,78400,75200,76400,77900,76000,75200,74000,66700,68200,67100,65900,77200,65100,64300,62000,63200,64000,65900,93000,99600,94600,97700,78700,100000,97300,91900,95000,94200,92600,94600,92300,75200,69000,69300,65900,71700,62800,61600,63600,37000,0,0,37000,40443,70100,95000,0,38973,37000,32600,57769,95000,35217,0,36631,70500,33336,0,45921,0,51285,0,36194,41333,0,48978,71300,0,37532,0,40596,46014,51252,56082,56821,71036,56250,77100,52754,51678,41963,32600,3100,-273000,-273000,-273000,325430,779304,19620672,337121,63,0,224,22,126,0,448,44,0,0,0,0,1640,19443,402336,702,10390,14010,244760,2199,325430,779304,19620672,337121,15475008,881140,7254448,2.55,0.00,0.00,657270,357137,12763304,331031,,,,1670400,1670400,1670400,1670400,1670400,1670400,883200,883200,0,,,,,,0,,891353,1001327,436,4931,380,1,494000,4924000,6916000,0,1499,4367000,Full,1200000000
1784669092.977687672,24401.18,70600,72200,75200,75900,74800,73200,72800,73600,72800,71700,70900,74400,77600,75600,76000,77500,76000,75200,74000,67100,68600,66700,66300,76400,65500,64700,62000,63200,64000,65900,91100,97300,92600,95300,78000,98100,95300,90700,93400,92600,91500,93000,91100,75200,69400,68500,65900,71700,62400,62000,64000,37000,0,0,37000,40494,69700,95000,0,38973,37000,32600,57928,95000,35217,0,36631,69700,33357,0,46021,0,51429,0,36176,41429,0,49129,69700,0,37542,0,40662,46112,51361,55611,56889,70395,56485,76700,52854,51510,41761,32600,3100,-273000,-273000,-273000,325430,779304,19620672,337121,63,0,224,22,126,0,448,44,0,0,0,0,1640,19443,402336,702,10390,14010,244760,2199,325430,779304,19620672,337121,15475008,877048,7250356,2.55,0.00,0.00,657270,357137,12763304,331031,,,,1324800,1324800,1324800,1324800,1324800,1324800,883200,883200,0,,,,,,0,,891353,1001327,436,4931,380,1,494000,4929000,6916000,0,1499,4367000,Full,1200000000
1784669093.275349755,24401.48,71400,73300,76700,76700,75900,74800,73600,74400,73200,71700,70200,74000,78400,75200,76000,77100,75600,75200,73600,66300,67800,67100,66300,77200,65100,64700,62400,63200,64000,65900,92600,99200,94600,97700,78700,100400,96900,92300,94600,93800,92300,93800,91500,75200,69000,69300,65900,72100,62800,62000,64000,37000,0,0,37000,40537,70900,95000,0,38973,37000,32600,58066,95000,35217,0,36631,70100,33373,0,46093,0,51578,0,36176,41477,0,49293,70900,0,37500,0,40708,46247,51551,56116,56990,70901,56922,78300,52989,52350,41828,32600,3100,-273000,-273000,-273000,325430,779304,19620672,337121,63,0,224,22,126,0,448,44,0,0,0,0,1640,19443,402336,702,10390,14010,244760,2199,325430,779304,19620672,337121,15475008,884956,7258256,2.55,0.00,0.00,657270,357137,12763304,331031,,,,1900800,1900800,1900800,1900800,1900800,1900800,883200,883200,0,,,,,,0,,880744,1000731,436,4931,380,1,500000,4932000,6916000,0,1499,4367000,Full,1200000000
1784669093.546216369,24401.75,71400,73300,77500,75200,74000,74400,73600,73600,73200,71700,70500,74400,78000,75200,76400,77500,76000,75600,74000,66700,68200,67100,66300,76400,65500,64300,62000,63200,64000,65900,91500,97700,93400,95700,78400,98400,95300,91100,93800,92600,91500,92600,90700,75600,69400,69700,66300,71700,62800,62000,63600,37000,0,0,37000,40594,71600,95000,0,38973,37000,32600,58199,95000,35217,0,36631,70500,33366,0,46209,0,51734,0,36207,41519,0,49419,70900,0,37516,0,40746,46355,51678,56384,57056,70632,56855,77900,53157,52014,41593,32600,3100,-273000,-273000,-273000,325430,779304,19620672,337121,63,0,224,22,126,0,448,44,0,0,0,0,1640,19443,402336,702,10390,14010,244760,2199,325430,779304,19620672,337121,15475008,880832,7254132,2.55,0.00,0.00,657270,357137,12763304,331031,,,,1900800,1900800,1900800,1900800,1900800,1900800,2438400,2438400,0,,,,,,0,,880744,1000731,436,4931,380,1,497000,4929000,6916000,0,1499,4367000,Full,1200000000
1784669093.992683505,24402.19,71000,72200,75200,75200,74400,73200,72000,73600,72800,72500,71300,75200,78000,76000,76800,77900,76800,76000,74400,66700,68600,67100,66300,76400,65100,64700,62000,63200,64300,66300,92300,98800,94200,96900,78400,100000,96500,91900,95000,93800,92600,93800,91900,75600,69400,69300,66300,72500,63200,62400,64300,37000,0,0,37000,40670,70500,95000,0,38973,37000,32600,58388,95000,35217,0,36631,69700,33399,0,46324,0,51941,0,36204,41608,0,49609,70900,0,37541,0,40806,46482,51881,56485,57292,70868,56653,78300,53292,52687,41291,32600,3100,-273000,-273000,-273000,325430,779304,19620672,337121,63,0,224,22,126,0,448,44,0,0,0,0,1640,19443,402336,702,10390,14010,244760,2199,325430,779304,19620672,337121,15475008,886240,7259416,2.55,0.00,0.00,657270,357137,12763304,331031,,,,1996800,1996800,1996800,1996800,1996800,1996800,883200,883200,0,,,,,,0,,880744,1000731,436,4931,380,1,494000,4929000,6916000,0,1499,4367000,Full,1200000000
1784669094.281100015,24402.48,70600,72200,75500,75200,74000,73200,72400,72800,72000,72500,70500,74800,77600,75600,76400,78300,76400,76000,74400,67100,68200,67100,66700,76400,65900,65100,62800,63200,64300,66300,93000,99200,94600,97700,78400,100400,96900,92300,95000,94200,92600,94200,92300,75600,69400,69300,66700,72100,63200,62000,64000,37000,0,0,37000,40710,70500,95000,0,38973,37000,32600,58466,95000,35217,0,36631,69700,33387,0,46432,0,51994,0,36204,41670,0,49732,71600,0,37579,0,40828,46590,52001,56519,57494,71238,56922,77100,53359,52687,41156,32600,3100,-273000,-273000,-273000,325430,779304,19620672,337121,63,0,224,22,126,0,448,44,0,0,0,0,1640,19443,402336,702,10390,14010,244760,2199,325430,779304,19620672,337121,15475008,882216,7255392,2.55,0.00,0.00,657270,357137,12763304,331031,,,,1996800,1996800,1996800,1996800,1996800,1996800,883200,883200,0,,,,,,0,,876713,1001329,436,4931,380,1,494000,4929000,6916000,0,1499,4367000,Full,1200000000
1784669094.573516213,24402.77,71000,72200,75200,75200,73600,73200,72400,73200,72400,72100,70900,74800,77600,75600,77100,77900,76400,75600,74400,67100,68600,67400,66700,76400,65900,65100,62800,63200,64300,66300,89600,95700,93000,94200,78400,96500,95700,88800,91500,92600,91500,93400,90700,75600,69400,68900,66700,72100,63200,62000,64000,37000,0,0,37000,40771,70500,95000,0,38973,37000,32700,58621,95000,35217,0,36631,69300,33392,0,46513,0,52191,0,36248,41700,0,49873,70500,0,37583,0,40891,46696,52116,56855,57628,71339,57124,77500,53426,52485,41392,32700,3100,-273000,-273000,-273000,325430,779304,19620672,337121,63,0,224,22,126,0,448,44,0,0,0,0,1640,19443,402336,702,10390,14010,244760,2199,325430,779304,19620672,337121,15475008,875812,7248992,2.63,0.00,0.00,657270,357137,12763304,331031,,,,1996800,1996800,1996800,1996800,1996800,1996800,883200,883200,0,,,,,,0,,876713,1001329,436,4931,380,1,491000,4928000,6912000,0,1464,4371000,Full,1200000000
1784669094.927653192,24403.13,72600,73700,77100,76700,75500,74800,74000,74400,73600,73300,72100,75600,78700,76800,77500,79500,77500,76800,75600,67800,69400,67100,66700,77600,65900,65100,62800,63600,64300,66700,91500,98100,95000,96100,79500,98800,97300,91100,93800,94600,93400,94600,92300,76000,69800,70500,66700,72500,63600,62400,64700,37000,0,0,37000,40822,72000,95000,0,38973,37000,32700,58774,95000,35217,0,36631,71300,33435,0,46607,0,52368,0,36179,41750,0,50036,72400,0,37574,0,40879,46792,52272,56855,57830,71845,57426,79000,53628,52619,41324,32700,3100,-273000,-273000,-273000,325430,779304,19620672,337121,63,0,224,22,126,0,448,44,0,0,0,0,1640,19443,402336,702,10390,14010,244760,2199,325430,779304,19620672,337121,15475008,882724,7255956,2.63,0.00,0.00,657270,357137,12763304,331031,,,,1996800,1996800,1996800,1996800,1996800,1996800,883200,883200,0,,,,,,0,,876713,1001329,436,4931,380,1,494000,4926000,6912000,0,1464,4371000,Full,1200000000
1784669095.207188817,24403.41,72200,73300,76300,76300,75200,74400,73200,74000,73200,72900,71700,75600,78700,76800,77100,78700,76800,76400,75200,67400,69400,67800,67100,77600,65900,65100,62800,63600,64300,66300,93000,99600,95000,98100,79500,101100,97300,93000,95300,94600,93400,95000,92600,76000,69400,70900,66700,72100,63600,62400,64300,37000,0,0,37000,40872,71600,95000,0,38973,37000,32700,58920,95000,35217,0,36631,70500,33423,0,46655,0,52453,0,36222,41829,0,50146,71300,0,37605,0,40939,46857,52398,57056,57897,71845,57292,77900,53830,52989,41324,32700,3100,-273000,-273000,-273000,325430,779304,19620672,337121,63,0,224,22,126,0,448,44,0,0,0,0,1640,19443,402336,702,10390,14010,244760,2199,325430,779304,19620672,337121,15475008,893616,7266832,2.63,0.00,0.00,657270,357137,12763304,331031,,,,1996800,1996800,1996800,1996800,1996800,1996800,883200,883200,0,,,,,,0,,882997,1001298,436,4931,380,1,497000,4929000,6912000,0,1464,4371000,Full,1200000000
1784669095.492422566,24403.69,72900,74100,76700,78300,78300,74800,74000,76700,76300,73300,71700,75200,79500,76400,77500,78700,76800,76000,74800,67800,69800,67400,67100,78400,66300,65500,63200,63600,64700,66300,93400,100400,95300,98400,79900,101100,97700,93400,95700,94600,93400,95000,93000,76000,70200,71300,67100,72900,63600,62800,64700,37000,0,0,37000,40918,73200,95000,0,38973,37000,32700,59020,95000,35217,0,36631,72000,33429,0,46792,0,52601,0,36242,41863,0,50264,72800,0,37592,0,41013,46997,52528,57124,58199,72350,57225,78700,53897,53056,40954,32700,3100,-273000,-273000,-273000,325430,779304,19620672,337121,63,0,224,22,126,0,448,44,0,0,0,0,1640,19443,402336,702,10390,14010,244760,2199,325430,779304,19620672,337121,15475008,888856,7262076,2.63,0.00,0.00,657270,357137,12763304,331031,,,,1996800,1996800,1996800,1996800,1996800,1996800,883200,883200,0,,,,,,0,,882997,1001298,436,4931,380,1,500000,4932000,6912000,0,1464,4371000,Full,1200000000
1784669095.764461421,24403.97,72200,73700,76700,77100,75900,74800,73200,75500,74400,72900,72100,76000,79500,76800,77900,79100,77500,76800,75600,67800,69800,67800,67400,78400,66300,65500,63200,64000,64700,67100,93400,99600,95300,98100,80300,100800,98100,93000,95700,95000,93800,95700,93000,76400,70200,70900,67100,72900,63600,62800,64700,37000,0,0,37000,40965,71300,95000,0,38973,37000,32700,59172,95000,35217,0,36631,70900,33426,0,46844,0,52722,0,36242,41914,0,50405,71300,0,37570,0,41003,47076,52643,57090,58166,72586,57393,78300,54065,53023,40854,32700,3100,-273000,-273000,-273000,325430,779304,19620672,337121,63,0,224,22,126,0,448,44,0,0,0,0,1640,19443,402336,702,10390,14010,244760,2199,325430,779304,19620672,337121,15475008,886664,7259852,2.63,0.00,0.00,657270,357137,12763304,331031,,,,1113600,1113600,1113600,1113600,1113600,1113600,883200,883200,0,,,,,,0,,882997,1001298,436,4931,380,1,494000,4935000,6912000,0,1464,4371000,Full,1200000000
1784669096.067737306,24404.27,72900,74500,78300,77500,77100,75200,74000,75900,75200,72900,71700,75600,79900,76800,77500,79100,77100,76800,75200,67800,69400,68200,67400,78400,66700,65900,63200,64000,64700,66700,95000,101500,96500,99600,79900,102700,99200,94200,96900,96100,94200,96100,93800,76400,70200,71300,67100,72900,63600,62800,64700,37000,0,0,37000,41021,71600,95000,0,38973,37000,32700,59236,95000,35217,0,36631,71600,33453,0,46933,0,52814,0,36219,41973,0,50513,72000,0,37560,0,41060,47203,52757,57426,58402,72249,57931,79000,54065,53191,40652,32700,3100,-273000,-273000,-273000,325430,779304,19620672,337121,63,0,224,22,126,0,448,44,0,0,0,0,1640,19443,402336,702,10390,14010,244760,2199,325430,779304,19620672,337121,15475008,885776,7258968,2.63,0.00,0.00,657270,357137,12763304,331031,,,,1996800,1996800,1996800,1996800,1996800,1996800,2438400,2438400,0,,,,,,0,,882997,1001298,436,4931,380,1,494000,4931000,6912000,0,1464,4371000,Full,1200000000
1784669096.335568556,24404.54,72600,74500,77500,77500,77100,75900,75500,75500,74000,73600,72500,76400,79100,77100,78300,79500,77900,76800,76000,67800,69800,68200,67400,78400,66700,65500,63200,64300,65100,66700,94600,101500,96100,99200,80300,101900,98800,94200,96500,95700,94200,95300,93800,76800,70500,70900,67100,72900,63600,62800,65100,37000,0,0,37000,41066,72000,95000,0,38973,37000,32700,59383,95000,35217,0,36631,71300,33443,0,47008,0,52918,0,36245,42039,0,50634,71600,0,37596,0,41100,47257,52867,57157,58502,72789,58065,79400,54233,53662,40551,32700,3100,-273000,-273000,-273000,325430,779304,19620672,337121,63,0,224,22,126,0,448,44,0,0,0,0,1640,19443,402336,702,10390,14010,244760,2199,325430,779304,19620672,337121,15475008,890880,7264040,2.63,0.00,0.00,657270,357137,12763304,331031,,,,1785600,1785600,1785600,1785600,1785600,1785600,883200,883200,0,,,,,,0,,902153,1000902,436,4931,380,1,494000,4923000,6912000,0,1464,4371000,Full,1200000000
1784669096.607776524,24404.81,71800,72900,76700,76300,75900,74400,74400,74400,73200,73300,72100,76000,78400,76800,77500,79100,77100,76800,75200,68200,69800,68200,67100,77200,66700,65500,63200,64300,64700,67100,93000,99600,95000,97300,79100,100000,97300,92300,95300,94600,93000,94600,92600,76800,70200,69700,67100,73300,64000,62800,64700,37000,0,0,37000,41100,71600,95000,0,38973,37000,32700,59506,95000,35217,0,36631,70900,33451,0,47080,0,53014,0,36233,42091,0,50728,72000,0,37615,0,41163,47332,52972,57527,58502,72148,57695,78700,54435,52955,40417,32700,3100,-273000,-273000,-273000,325430,779304,19620672,337121,63,0,224,22,126,0,448,44,0,0,0,0,1640,19443,402336,702,10390,14010,244760,2199,325430,779304,19620672,337121,15475008,887508,7260668,2.70,0.00,0.00,657270,357137,12763304,331031,,,,1996800,1996800,1996800,1996800,1996800,1996800,2438400,2438400,0,,,,,,0,,902153,1000902,436,4931,380,1,491000,4923000,6912000,0,1464,4371000,Full,1200000000
1784669097.060214024,24405.26,74100,75700,79000,77900,77900,76300,75500,76700,76300,73300,72900,75200,78700,76000,76400,77500,76400,76000,74800,69400,70900,67800,67100,78400,66300,65900,63600,64000,65100,67100,85300,89900,87200,87600,79100,89900,88800,84900,87200,87200,87200,88000,87200,76800,70500,72000,67400,73300,64000,63200,65500,37000,0,0,37000,41189,74400,95000,0,39867,37000,32700,59725,95000,35496,0,37063,72400,33480,0,47195,0,53281,0,36242,42158,0,50900,72400,0,37599,0,41212,47466,53154,57763,58704,70800,58199,79000,54569,53695,40383,32700,3100,-273000,-273000,-273000,325479,779304,19632408,337199,63,0,224,22,126,0,448,44,0,0,0,0,1640,19443,402336,702,10390,14010,244760,2199,325479,779304,19632408,337199,15475008,857912,7258652,2.70,0.00,0.00,657270,357495,12769172,331299,,,,1996800,1996800,1996800,1996800,1996800,1996800,2438400,2438400,0,,,,,,0,,902153,1000902,436,4931,380,1,491000,4928000,6912000,0,1464,4371000,Full,726000000
1784669097.334210743,24405.54,74500,75700,78300,77100,78300,76300,76700,76300,75500,72900,72500,74800,77200,75600,76000,76800,75600,74800,74000,69000,70500,66700,66300,77600,65500,65100,62800,63600,64300,66300,81800,85300,83000,83800,77600,85300,84500,81400,83800,83400,83000,83400,83400,74400,69400,72000,66300,71700,64000,62800,65500,37000,0,0,37000,41241,74000,95000,0,39867,37000,32700,59829,95000,35496,0,37063,72400,33497,0,47296,0,53327,0,36239,42215,0,50995,74800,0,37601,0,41256,47579,53215,57628,58704,69250,57998,78700,54737,53561,40417,32700,3100,-273000,-273000,-273000,325522,779304,19652856,337287,63,0,224,22,126,0,448,44,0,0,0,0,1640,19443,402336,702,10390,14010,244760,2199,325522,779304,19652856,337287,15475008,822936,7236040,2.70,0.00,0.00,657270,357587,12779396,331379,,,,1996800,1996800,1996800,1996800,1996800,1996800,1017600,1017600,0,,,,,,0,,870136,1001171,436,4931,380,1,494000,4927000,6912000,0,1464,4371000,Full,726000000
1784669097.609600586,24405.81,73300,74500,75900,74800,75200,74400,74400,74800,74800,71700,71300,73300,75700,74000,74000,75200,74400,73300,72500,68200,69800,65900,65900,75300,65100,64700,62400,63200,64000,65900,79500,83000,80700,81100,76000,83000,81400,79500,81100,81100,80300,80700,81100,72900,68600,70900,65900,70200,63200,62400,65100,37000,0,0,37000,41294,72000,95000,0,39867,37000,32700,59716,95000,35496,0,37063,72000,33489,0,47408,0,53442,0,36290,42282,0,51087,73600,0,37605,0,41302,47659,53347,57628,58569,68238,58032,77100,54636,53964,40282,32700,3100,-273000,-273000,-273000,325534,779304,19658192,337313,63,0,224,22,126,0,448,44,0,0,0,0,1640,19443,402336,702,10390,14010,244760,2199,325534,779304,19658192,337313,15475008,825876,7247344,2.70,0.00,0.00,657270,357830,12782064,331614,,,,1996800,1996800,1996800,1996800,1996800,1996800,883200,883200,0,,,,,,0,,870136,1001171,436,4931,380,1,494000,4928000,6912000,0,1464,4371000,Full,726000000
1784669097.888167461,24406.09,71400,72600,74000,73200,74000,73200,73200,73600,73600,70200,70200,72100,74100,72500,72500,73600,72500,71700,70900,67400,69000,65500,64700,73700,64300,64000,62000,62800,63600,65100,77600,80300,79100,78700,74500,80300,79500,77200,79100,78700,78400,78700,79100,70500,66700,70100,64700,68200,62800,62000,64300,37000,0,0,37000,41340,71300,95000,0,39867,37000,32700,59579,95000,35496,0,37063,70500,33531,0,47533,0,53501,0,36279,42335,0,51196,71300,0,37608,0,41319,47737,53401,57561,58603,67396,58435,74400,54737,54031,40249,32700,3100,-273000,-273000,-273000,325558,779304,19678112,337335,63,0,224,22,126,0,448,44,0,0,0,0,1640,19443,402336,702,10390,14010,244760,2199,325558,779304,19678112,337335,15475008,777188,7232544,2.70,0.00,0.00,657270,359838,12792024,333565,,,,1996800,1996800,1996800,1996800,1996800,1996800,883200,883200,0,,,,,,0,,870136,1001171,436,4931,380,1,494000,4927000,6912000,0,1464,4371000,Full,726000000
1784669098.164079232,24406.37,69100,70200,72000,70900,70100,71300,71600,70900,71600,69000,68200,70200,72200,70900,70900,71700,70900,70200,69800,65900,67100,65100,64300,71800,64000,63200,61200,62400,63200,64300,76000,78000,76800,76800,72200,78000,77600,75700,77600,76800,76800,77200,77200,69400,65500,68500,63600,67400,62400,61200,63600,37000,0,0,37000,41387,69700,95000,0,39867,37000,32700,59288,95000,35496,0,37063,68900,33510,0,47624,0,53557,0,36282,42377,0,51291,69300,0,37633,0,41361,47823,53479,57292,58569,66621,57863,72000,54670,53997,40148,32700,3100,-273000,-273000,-273000,325783,779304,19715360,337389,63,0,224,22,126,0,448,44,0,0,0,0,1640,19443,402336,702,10390,14010,244760,2199,325783,779304,19715360,337389,15475008,786652,7213840,2.70,0.00,0.00,657270,359838,12810648,333565,,,,1440000,1440000,1440000,1440000,1440000,1440000,883200,883200,0,,,,,,0,,930668,1004085,436,4931,380,1,494000,4931000,6912000,0,1464,4371000,Full,726000000
1784669098.451461472,24406.65,68300,69100,70100,69700,69700,69700,70900,70500,70900,67400,66700,68600,70600,69400,69400,70200,69400,68600,67800,64300,65900,63600,63600,69900,63600,62400,61200,61600,62400,63600,74900,77600,75700,76000,71000,77200,76400,74900,76000,75700,75700,75700,75700,68600,65100,67700,63200,66300,61600,60800,62400,37000,0,0,37000,41439,68500,95000,0,39867,37000,32700,58916,95000,35496,0,37063,68100,33497,0,47695,0,53599,0,36346,42440,0,51379,68100,0,37627,0,41395,47909,53553,57090,58199,65980,57662,70900,54939,54266,40181,32700,3100,-273000,-273000,-273000,325783,779304,19715360,337389,63,0,224,22,126,0,448,44,0,0,0,0,1640,19443,402336,702,10390,14010,244760,2199,325783,779304,19715360,337389,15475008,788404,7215576,2.70,0.00,0.00,657270,359838,12810648,333565,,,,1900800,1900800,1900800,1900800,1900800,1900800,883200,883200,0,,,,,,0,,930668,1004085,436,4931,380,1,494000,4927000,6912000,0,1464,4371000,Full,726000000
1784669098.729226315,24406.93,67200,67900,69700,68900,69300,68500,68500,68500,68500,66300,65900,67800,69500,68600,68600,69400,68200,67800,67100,63600,64700,63200,62800,69500,62400,61600,60500,61200,61600,62400,73700,76400,74500,75300,69900,76400,74900,73700,75300,74900,74500,74900,74900,67800,64000,65400,62800,65500,60800,60500,61600,37000,0,0,37000,41494,66200,95000,0,39867,37000,32700,58608,95000,35496,0,37063,65800,33518,0,47737,0,53667,0,36310,42493,0,51466,66600,0,37613,0,41451,47983,53571,56653,58199,65205,57191,70100,54636,54266,40148,32700,3100,-273000,-273000,-273000,326325,779304,19758520,337702,63,0,224,22,126,0,448,44,0,0,0,0,1640,19443,402336,702,10390,14010,244760,2199,326325,779304,19758520,337702,15475008,806472,7239596,3.66,0.00,0.00,657270,359838,12832228,333565,,,,1900800,1900800,1900800,1900800,1900800,1900800,883200,883200,0,,,,,,0,,930668,1004085,436,4931,380,1,494000,4927000,6912000,0,1464,4371000,Full,726000000
1784669099.004187305,24407.21,66000,66800,67700,67400,67000,67000,67400,67000,67000,65500,65100,66700,67900,67100,67400,68200,67400,67100,66300,62800,64000,62000,62000,68300,61200,61200,59300,60100,60500,61600,72200,74900,72900,73300,68700,74100,73700,71800,73300,72900,72900,73300,73300,66700,63600,65000,62000,64700,60500,59700,61200,37000,0,0,37000,41535,66200,95000,0,39867,37000,32700,58300,95000,35496,0,37063,65400,33524,0,47800,0,53694,0,36346,42518,0,51510,65400,0,37608,0,41463,48038,53582,56620,57594,64464,57359,68500,54468,54435,40148,32700,3100,-273000,-273000,-273000,326325,779304,19758520,337702,63,0,224,22,126,0,448,44,0,0,0,0,1640,19443,402336,702,10390,14010,244760,2199,326325,779304,19758520,337702,15475008,803220,7236360,3.66,0.00,0.00,657270,359838,12832228,333565,,,,1785600,1785600,1785600,1785600,1785600,1785600,883200,883200,0,,,,,,0,,930668,1004085,436,4931,380,1,497000,4931000,6912000,0,1464,4371000,Full,726000000
1784669099.284461471,24407.49,65200,65600,67000,66600,66200,66200,67000,66600,67000,64700,64700,66300,67500,66700,66700,67400,66700,65900,65500,62800,64000,61200,61200,67200,61200,60500,59300,59700,60100,60800,71400,73700,72200,72600,67900,73300,72900,71000,72600,72600,72200,72600,72600,65900,62800,64200,61600,64000,60100,59700,60500,37000,0,0,37000,41576,65800,95000,0,39867,37000,32700,58025,95000,35496,0,37063,65000,33548,0,47831,0,53662,0,36298,42581,0,51563,66600,0,37633,0,41522,48077,53573,56317,57527,64228,56485,67700,54468,53931,40148,32700,3100,-273000,-273000,-273000,326325,779304,19758520,337702,63,0,224,22,126,0,448,44,0,0,0,0,1640,19443,402336,702,10390,14010,244760,2199,326325,779304,19758520,337702,15475008,806332,7239408,3.66,0.00,0.00,657270,359838,12832228,333565,,,,1900800,1900800,1900800,1900800,1900800,1900800,883200,883200,0,,,,,,0,,919613,1003950,436,4931,380,1,494000,4929000,6912000,0,1464,4371000,Full,726000000
1784669099.560364232,24407.76,64800,65600,66600,66200,65800,65800,65800,66600,67000,64300,63600,65500,66800,65900,65900,66700,66300,65500,64700,61600,62800,61200,60500,66800,60500,60100,58500,58900,59300,60800,71000,73300,71800,72200,67200,73300,72600,71000,72200,71800,71400,71800,72200,65500,62400,63900,60800,63600,59300,59300,60500,37000,0,0,37000,41613,64600,95000,0,39867,37000,32700,57671,95000,35496,0,37063,64600,33542,0,47854,0,53690,0,36321,42603,0,51602,64600,0,37602,0,41553,48187,53573,56116,57259,63621,56788,67400,54300,53830,40249,32700,3100,-273000,-273000,-273000,326325,779304,19758520,337702,63,0,224,22,126,0,448,44,0,0,0,0,1640,19443,402336,702,10390,14010,244760,2199,326325,779304,19758520,337702,15475008,814544,7247640,3.66,0.00,0.00,657270,359838,12832228,333565,,,,998400,998400,998400,998400,998400,998400,883200,883200,0,,,,,,0,,919613,1003950,436,4931,380,1,494000,4926000,6910000,0,569,4413000,Full,726000000
1784669100.059725065,24408.26,64500,65200,65800,66200,67000,65400,66600,66200,66200,64300,64000,65100,66400,65900,65900,66700,65900,65100,64300,61600,62800,60100,60100,66400,59700,59300,57700,58500,58900,59700,69900,71800,70200,70600,66800,71400,71400,69500,70600,71000,70200,70600,70600,64700,61600,63500,60500,62400,58900,58500,59700,37000,0,0,37000,41694,65400,95000,0,39867,37000,32800,57174,95000,35496,0,37063,63900,33561,0,47889,0,53641,0,36355,42689,0,51668,63500,0,37602,0,41614,48257,53494,55746,56889,62509,56418,66200,53997,54233,40249,32800,3100,-273000,-273000,-273000,326327,779304,19758544,337703,63,0,224,22,126,0,448,44,0,0,0,0,1640,19443,402336,702,10390,14010,244760,2199,326327,779304,19758544,337703,15475008,823784,7256788,3.66,0.00,0.00,657270,359838,12832240,333565,,,,1324800,1324800,1324800,1324800,1324800,1324800,883200,883200,0,,,,,,0,,919613,1003950,436,4931,380,1,491000,4928000,6910000,0,569,4413000,Full,726000000
1784669100.365676419,24408.57,63700,64100,65000,65000,64600,64200,65000,64600,64600,62400,62400,64000,65200,64300,64700,65100,64700,64000,63600,60100,61200,59700,59300,65200,59300,58900,57700,58500,58500,59700,68300,70200,69500,69100,65600,70600,70200,67900,69500,69900,69900,70200,69500,64300,61200,62700,60100,62400,58500,58100,59700,37000,0,0,37000,41731,63900,95000,0,39867,37000,32800,56915,95000,35496,0,37063,63100,33595,0,47924,0,53612,0,36346,42720,0,51664,64600,0,37577,0,41670,48305,53419,55376,56519,62071,56183,65800,53997,54233,40484,32800,3100,-273000,-273000,-273000,326327,779304,19758544,337703,63,0,224,22,126,0,448,44,0,0,0,0,1640,19443,402336,702,10390,14010,244760,2199,326327,779304,19758544,337703,15475008,822368,7255372,3.66,0.00,0.00,657270,359838,12832240,333565,,,,1324800,1324800,1324800,1324800,1324800,1324800,883200,883200,0,,,,,,0,,895497,1000153,436,4931,380,1,494000,4932000,6910000,0,569,4413000,Full,726000000
1784669100.672316575,24408.87,62500,63700,64200,64600,65000,63900,64200,64600,64600,62800,62400,64000,65200,64300,64300,65100,64000,64000,63600,60500,61600,59700,59700,64800,59300,58900,57400,58100,58100,59700,69100,71000,69900,70200,65600,71400,70200,68700,69900,69900,69500,69900,69900,63600,60800,62300,59700,61600,57700,57700,58500,37000,0,0,37000,41760,63500,95000,0,39867,37000,32800,56659,95000,35496,0,37063,62700,33575,0,47909,0,53571,0,36343,42745,0,51656,62700,0,37620,0,41710,48337,53364,55443,56452,61902,56183,65000,53897,53258,40450,32800,3100,-273000,-273000,-273000,326327,779304,19758544,337703,63,0,224,22,126,0,448,44,0,0,0,0,1640,19443,402336,702,10390,14010,244760,2199,326327,779304,19758544,337703,15475008,819600,7252604,3.54,0.00,0.00,657270,359838,12832240,333565,,,,1996800,1996800,1996800,1996800,1996800,1996800,883200,883200,0,,,,,,0,,895497,1000153,436,4931,380,1,494000,4927000,6910000,0,569,4413000,Full,726000000
1784669100.947703762,24409.15,62900,63700,64200,64600,65400,64200,65400,64200,63900,62400,62400,64000,65200,64000,64000,65100,64000,63600,63200,60500,61200,58900,59300,64800,58500,58500,57000,57400,57700,59300,69100,71000,69500,70200,65600,70600,70200,68700,69900,69900,69500,69900,69900,63200,60500,62300,58900,61600,57700,57700,58500,37000,0,0,37000,41803,63500,95000,0,39867,37000,32800,56453,95000,35496,0,37063,62300,33593,0,47972,0,53530,0,36355,42801,0,51670,62300,0,37588,0,41750,48414,53305,55275,56048,61666,56283,65000,53662,54031,40652,32800,3100,-273000,-273000,-273000,326327,779304,19758544,337703,63,0,224,22,126,0,448,44,0,0,0,0,1640,19443,402336,702,10390,14010,244760,2199,326327,779304,19758544,337703,15475008,825116,7258140,3.54,0.00,0.00,657270,359838,12832240,333565,,,,1440000,1440000,1440000,1440000,1440000,1440000,883200,883200,0,,,,,,0,,0,0,436,4931,380,1,494000,4931000,6910000,0,569,4413000,Full,726000000
1784669101.231563450,24409.43,64100,64500,65000,64600,65400,65000,65800,65000,65800,62000,62400,63600,64800,64000,63600,64700,64000,63600,62800,60500,62000,58900,58900,65200,58500,58100,56600,57700,57700,58900,67500,69500,68300,68300,65200,69500,69100,67500,68700,68700,68300,68700,68700,62400,60500,63100,59300,61200,57700,57400,58100,37000,0,0,37000,41849,65400,95000,0,39867,37000,32800,56240,95000,35496,0,37063,63500,33595,0,47972,0,53475,0,36383,42817,0,51651,63100,0,37622,0,41781,48414,53231,55107,56014,61093,56116,67000,53628,53426,40685,32800,3100,-273000,-273000,-273000,326327,779304,19758544,337703,63,0,224,22,126,0,448,44,0,0,0,0,1640,19443,402336,702,10390,14010,244760,2199,326327,779304,19758544,337703,15475008,852548,7285572,3.54,0.00,0.00,657270,359838,12832240,333565,,,,1900800,1900800,1900800,1900800,1900800,1900800,883200,883200,0,,,,,,0,,916668,1004058,436,4931,380,1,494000,4928000,6910000,0,569,4413000,Full,726000000
1784669101.509586783,24409.71,62900,63700,64200,63900,63900,63900,64200,63900,63500,62800,62800,64000,64500,64300,64000,64700,64000,63600,63200,60500,62000,58500,58500,64100,58100,57700,56600,57400,57400,58500,69100,71000,69500,69900,64500,70600,69900,68300,69500,69100,68700,69100,69100,62400,60100,61500,58900,60500,57400,57000,58100,37000,0,0,37000,41874,63100,95000,0,39867,37000,32800,56072,95000,35496,0,37063,62300,33604,0,47979,0,53401,0,36364,42814,0,51638,62300,0,37601,0,41839,48458,53161,54905,55880,61093,55981,64600,53493,53594,40685,32800,3100,-273000,-273000,-273000,326327,779304,19758544,337703,63,0,224,22,126,0,448,44,0,0,0,0,1640,19443,402336,702,10390,14010,244760,2199,326327,779304,19758544,337703,15475008,853296,7286336,3.54,0.00,0.00,657270,359838,12832240,333565,,,,1785600,1785600,1785600,1785600,1785600,1785600,883200,883200,0,,,,,,0,,916668,1004058,436,4931,380,1,491000,4933000,6910000,0,569,4413000,Full,726000000
1784669101.800606522,24410.00,62500,63300,63900,63500,63100,63900,64200,63900,65000,61600,61200,62800,64100,63200,63200,64000,63200,62800,62400,59700,60800,58500,58100,63700,58100,57700,56200,57000,57000,58500,67900,69900,68300,68700,64500,69900,69100,67200,68700,68300,68300,68300,68700,62400,59700,61500,58500,60500,57400,57000,58100,37000,0,0,37000,41903,64200,95000,0,39867,37000,32800,55914,95000,35496,0,37063,62300,33604,0,47955,0,53318,0,36298,42863,0,51625,61900,0,37613,0,41836,48454,53077,54804,55510,60723,55678,65000,53426,53224,40820,32800,3100,-273000,-273000,-273000,326327,779304,19758544,337703,63,0,224,22,126,0,448,44,0,0,0,0,1640,19443,402336,702,10390,14010,244760,2199,326327,779304,19758544,337703,15475008,853972,7287032,3.54,0.00,0.00,657270,359838,12832240,333565,,,,1670400,1670400,1670400,1670400,1670400,1670400,883200,883200,0,,,,,,0,,916668,1004058,436,4931,380,1,494000,4928000,6910000,0,569,4413000,Full,726000000
1784669102.093238970,24410.29,62100,62500,63500,63900,64200,63500,64200,63900,63900,61200,61200,62800,64500,62800,63200,64000,63200,62400,62000,59300,60500,58100,58100,64100,58100,57700,55800,56600,57000,58100,67900,70200,68700,69100,64800,69900,69100,67500,69100,69100,68300,68700,68700,62400,59700,61500,58100,60800,57000,56600,57700,37000,0,0,37000,41932,62300,95000,0,40419,37000,32800,55729,95000,35183,0,37506,61900,33617,0,47931,0,53268,0,36310,42911,0,51590,61900,0,37629,0,41924,48462,53010,54737,55510,60352,55578,64200,53056,52451,40854,32800,3100,-273000,-273000,-273000,326332,779304,19762624,337734,63,0,224,22,126,0,448,44,0,0,0,0,1640,19443,402336,702,10390,14010,244760,2199,326332,779304,19762624,337734,15475008,849148,7284084,3.54,0.00,0.00,657270,359839,12834280,333566,,,,1555200,1555200,1555200,1555200,1555200,1555200,883200,883200,0,,,,,,0,,916668,1004058,436,4931,380,1,494000,4929000,6910000,0,569,4413000,Full,726000000
1784669102.383179283,24410.58,62100,62900,63500,62700,62700,63100,63500,63100,63100,61200,61200,62800,64100,63200,62800,64000,63200,62400,62000,59300,60500,58100,57700,63300,57700,57400,56200,57000,57000,58100,67900,70200,68300,68700,64100,69900,68700,67200,68700,68700,67900,68300,68700,62000,59300,61100,57700,60100,57000,56600,57400,37000,0,0,37000,41973,63100,95000,0,40419,37000,32800,55605,95000,35183,0,37506,61900,33635,0,47948,0,53204,0,36279,42950,0,51539,63500,0,37593,0,41948,48498,52918,54636,55174,60318,55947,64600,53090,52989,41022,32800,3100,-273000,-273000,-273000,326381,779313,19771392,337771,63,0,224,22,126,0,448,44,0,0,0,0,1640,19443,402336,702,10390,14010,244760,2199,326381,779313,19771392,337771,15475008,844176,7279124,3.54,0.00,0.00,657270,359839,12838664,333566,,,,1113600,1113600,1113600,1113600,1113600,1113600,883200,883200,0,,,,,,0,,912637,1003968,436,4931,380,1,494000,4929000,6910000,0,569,4413000,Full,726000000
1784669102.689125428,24410.89,61700,62100,63100,62300,61900,62700,63500,62700,63100,60500,60500,62000,62900,62400,62400,63200,62400,62000,61600,58900,59700,57700,58100,63300,57700,57400,55800,56600,56600,57700,66800,68700,67200,67500,63700,68700,67900,66000,67900,67500,67500,67900,67500,61600,58900,60700,58100,60100,56600,56200,57400,37000,0,0,37000,42007,63100,95000,0,40419,37000,32800,55462,95000,35183,0,37506,61900,33631,0,47979,0,53093,0,36287,42991,0,51487,62700,0,37590,0,42010,48494,52829,54334,55140,60049,55040,63900,53090,52788,41055,32800,3100,-273000,-273000,-273000,326381,779313,19771392,337771,63,0,224,22,126,0,448,44,0,0,0,0,1640,19443,402336,702,10390,14010,244760,2199,326381,779313,19771392,337771,15475008,848916,7284104,3.62,0.00,0.00,657270,359839,12838664,333566,,,,1228800,1228800,1228800,1228800,1228800,1228800,883200,883200,0,,,,,,0,,912637,1003968,436,4931,400,1,494000,4935000,6910000,0,569,4413000,Full,726000000
1784669103.196805584,24411.40,61700,62100,63900,62300,61900,62700,63500,62700,63100,60800,60500,62000,63700,62400,62400,63200,62400,62000,61600,58900,60100,57700,57400,62900,57400,57000,55400,56200,56600,57700,66800,68700,67500,67500,63700,68700,67900,66400,67900,67500,67200,67500,67900,61600,58900,61100,57700,59700,56600,56200,57400,37000,0,0,37000,42044,62700,95000,0,40419,37000,32800,55232,95000,35183,0,37506,60700,33662,0,47966,0,53014,0,36307,42994,0,51415,61500,0,37551,0,42039,48507,52705,54199,54871,59679,55140,63900,52888,52552,41123,32800,3100,-273000,-273000,-273000,326381,779313,19771392,337771,63,0,224,22,126,0,448,44,0,0,0,0,1640,19443,402336,702,10390,14010,244760,2199,326381,779313,19771392,337771,15475008,840804,7276024,3.62,0.00,0.00,657270,359839,12838664,333566,,,,1324800,1324800,1324800,1324800,1324800,1324800,883200,883200,0,,,,,,0,,913022,1003891,436,4931,400,1,494000,4924000,6910000,0,569,4413000,Full,726000000
1784669103.478562980,24411.68,61400,62100,64600,62300,61900,63100,63500,62300,61900,60500,60500,61600,62900,62400,62400,62800,62000,61600,61200,58500,59300,57700,57400,62900,57000,56600,55400,56200,56200,57400,67200,69100,67900,67900,63700,69500,68300,66400,67900,67500,67500,67900,67900,61600,58900,60700,57400,59700,56200,56200,57400,37000,0,0,37000,42067,61500,95000,0,40419,37000,32800,55089,95000,35183,0,37506,61100,33643,0,47994,0,52894,0,36307,43026,0,51371,61900,0,37559,0,42088,48498,52629,54065,54838,59578,55342,63900,52821,52922,41123,32800,3100,-273000,-273000,-273000,326381,779313,19771392,337771,63,0,224,22,126,0,448,44,0,0,0,0,1640,19443,402336,702,10390,14010,244760,2199,326381,779313,19771392,337771,15475008,841112,7276380,3.62,0.00,0.00,657270,359839,12838664,333566,,,,1785600,1785600,1785600,1785600,1785600,1785600,883200,883200,0,,,,,,0,,913022,1003891,436,4931,400,1,491000,4927000,6910000,0,569,4413000,Full,726000000
1784669103.753617772,24411.95,61700,62100,62700,62300,62300,62700,62700,62300,61900,60500,60800,61600,63300,62000,62000,63200,62400,62000,61200,58500,59700,57700,57700,63300,57400,56600,55400,55800,56200,57700,67200,69500,67900,67900,63700,69100,68300,66800,67900,67900,67200,67900,67900,61200,58900,60700,57700,59700,56600,56200,57400,37000,0,0,37000,42083,62300,95000,0,40419,37000,32800,54981,95000,35183,0,37506,61100,33662,0,47924,0,52841,0,36321,42991,0,51320,63500,0,37579,0,42135,48498,52561,53997,54670,59578,54973,63500,52788,52687,41291,32800,3100,-273000,-273000,-273000,326384,779313,19771416,337772,63,0,224,22,126,0,448,44,0,0,0,0,1640,19443,402336,702,10390,14010,244760,2199,326384,779313,19771416,337772,15475008,835608,7270884,3.62,0.00,0.00,657270,359839,12838676,333566,,,,1555200,1555200,1555200,1555200,1555200,1555200,883200,883200,0,,,,,,0,,913022,1003891,436,4931,400,1,494000,4928000,6910000,0,569,4413000,Full,726000000
1784669104.033899803,24412.23,61400,61700,62300,61900,61500,61900,62300,61900,61500,60500,60500,61600,62900,62000,62000,62800,62000,61600,60800,58500,59700,57000,57700,62500,57400,56600,55400,55800,56200,57400,66800,69500,67200,67900,63700,69100,67900,66400,67900,67500,67200,67500,67900,61200,58500,60700,57000,59300,56200,56200,57000,37000,0,0,37000,42109,61500,95000,0,40419,37000,32800,54924,95000,35183,0,37506,60300,33676,0,47896,0,52785,0,36304,43052,0,51276,61500,0,37590,0,42176,48498,52472,54031,54569,59275,54737,63500,52619,52317,41392,32800,3100,-273000,-273000,-273000,326384,779313,19771416,337772,63,0,224,22,126,0,448,44,0,0,0,0,1640,19443,402336,702,10390,14010,244760,2199,326384,779313,19771416,337772,15475008,851344,7286608,3.62,0.00,0.00,657270,359839,12838676,333566,,,,1996800,1996800,1996800,1996800,1996800,1996800,883200,883200,0,,,,,,0,,913022,1003891,436,4931,400,1,497000,4928000,6910000,0,569,4413000,Full,726000000
1784669104.307875271,24412.51,61400,62500,63500,63100,63900,62700,63500,63100,63500,60500,60500,62000,63700,62400,62400,63200,62400,61600,61200,58500,59700,57400,57000,63700,57000,56600,55000,55800,56200,57400,67200,68700,67500,67900,64100,69100,68300,66400,67900,67500,67200,67200,67500,61200,58100,61100,57000,59700,56200,55800,57000,37000,0,0,37000,42121,61900,95000,0,40419,37000,32800,54807,95000,35183,0,37506,61100,33667,0,47878,0,52695,0,36236,43081,0,51222,61500,0,37563,0,42208,48498,52392,53964,54502,59241,54502,64600,52552,52149,41492,32800,3100,-273000,-273000,-273000,326384,779313,19771416,337772,63,0,224,22,126,0,448,44,0,0,0,0,1640,19443,402336,702,10390,14010,244760,2199,326384,779313,19771416,337772,15475008,852096,7287280,3.62,0.00,0.00,657270,359839,12838676,333566,,,,1228800,1228800,1228800,1228800,1228800,1228800,883200,883200,0,,,,,,0,,914309,1003922,436,4931,400,1,494000,4931000,6910000,0,569,4413000,Full,726000000
1784669104.593892771,24412.79,61400,61700,62700,61900,61900,61900,62700,62700,63100,60500,60800,62000,63300,62400,62400,63200,62400,62000,61200,58900,59700,57000,57400,62900,56600,56600,55000,55800,55800,57000,67200,69100,67200,67900,63700,69100,67900,66400,67900,67500,67200,67500,67500,60800,58500,60700,57000,59300,56200,55800,56600,37000,0,0,37000,42145,62300,95000,0,40419,37000,32800,54675,95000,35183,0,37506,61100,33694,0,47866,0,52654,0,36333,43081,0,51146,61100,0,37532,0,42250,48475,52328,53897,54266,58939,54973,63500,52519,52350,41425,32800,3100,-273000,-273000,-273000,326386,779313,19771432,337772,63,0,224,22,126,0,448,44,0,0,0,0,1640,19443,402336,702,10390,14010,244760,2199,326386,779313,19771432,337772,15475008,852788,7287956,3.51,0.00,0.00,657270,359839,12838684,333566,,,,1996800,1996800,1996800,1996800,1996800,1996800,883200,883200,0,,,,,,0,,914309,1003922,436,4931,400,1,494000,4932000,6910000,0,569,4413000,Full,726000000
1784669104.873836000,24413.07,61000,61400,63500,62700,62700,61900,61900,62300,61500,59700,60100,61200,62900,62000,61600,62800,62000,61600,61200,58500,58900,57400,57400,62900,57000,56600,55000,55800,55800,57000,66800,68700,67500,67500,63300,69100,67900,66400,67900,67500,67200,67500,67500,60800,58500,59600,57000,59300,55800,55800,56600,37000,0,0,37000,42163,60300,95000,0,40419,37000,33000,54582,95000,35183,0,37506,60300,33699,0,47858,0,52585,0,36343,43085,0,51104,60300,0,37566,0,42268,48462,52262,53594,54199,59040,54871,63900,52519,51846,41560,33000,3100,-273000,-273000,-273000,326386,779313,19771432,337772,63,0,224,22,126,0,448,44,0,0,0,0,1640,19443,402336,702,10390,14010,244760,2199,326386,779313,19771432,337772,15475008,851008,7286176,3.51,0.00,0.00,657270,359839,12838684,333566,,,,1996800,1996800,1996800,1996800,1996800,1996800,883200,883200,0,,,,,,0,,0,0,436,4931,400,1,453000,4923000,6908000,0,561,4412000,Full,726000000
1784669105.180993761,24413.38,61400,61400,63500,61900,61500,61900,61500,62300,62700,59700,59700,60800,62500,61600,61600,62400,61600,61600,60500,58100,58900,57000,57000,62100,56600,56600,55000,55400,55800,56600,66000,68300,66800,66800,62900,67900,67500,66000,67200,66800,66400,66800,66800,60500,58100,60300,56600,58900,55800,55800,56600,37000,0,0,37000,42175,61900,95000,0,40419,37000,33000,54501,95000,35183,0,37506,61100,33697,0,47843,0,52489,0,36296,43091,0,51041,60700,0,37561,0,42307,48442,52169,53426,54199,58872,54535,63100,52283,52081,41728,33000,3100,-273000,-273000,-273000,326386,779313,19771432,337772,63,0,224,22,126,0,448,44,0,0,0,0,1640,19443,402336,702,10390,14010,244760,2199,326386,779313,19771432,337772,15475008,852708,7287876,3.51,0.00,0.00,657270,359839,12838684,333566,,,,1113600,1113600,1113600,1113600,1113600,1113600,883200,883200,0,,,,,,0,,918845,1004044,436,4931,400,1,494000,4929000,6908000,0,561,4412000,Full,726000000
1784669105.468065844,24413.67,60600,61400,61900,61500,61100,61500,63100,61900,62300,59700,60100,60800,62500,61600,61200,62000,61200,60800,60500,58100,59700,57000,56600,62100,56600,56200,54600,55800,55800,56600,65200,67200,66000,66400,62900,67200,66800,64800,66800,66400,66000,66800,66400,60500,58100,60000,57000,58900,56200,55400,56600,37000,0,0,37000,42196,60700,95000,0,40419,37000,33000,54387,95000,35183,0,37506,60300,33721,0,47815,0,52413,0,36318,43163,0,50979,61100,0,37533,0,42367,48406,52075,53426,54065,58771,54334,62700,52182,52451,41795,33000,3100,-273000,-273000,-273000,326386,779313,19771432,337772,63,0,224,22,126,0,448,44,0,0,0,0,1640,19443,402336,702,10390,14010,244760,2199,326386,779313,19771432,337772,15475008,853068,7288256,3.51,0.00,0.00,657270,359839,12838684,333566,,,,1113600,1113600,1113600,1113600,1113600,1113600,883200,883200,0,,,,,,0,,918845,1004044,436,4931,400,1,494000,4928000,6908000,0,561,4412000,Full,726000000
1784669105.763410167,24413.96,60200,61000,61500,61100,61100,61500,62300,61500,61100,59300,59700,60800,62100,61200,61600,62000,61200,60800,60500,57700,58900,56600,56600,61700,56200,56200,54600,55400,55400,56600,64500,66800,65600,65200,62500,66400,66400,64100,65600,66000,65600,66000,66000,60100,57700,60000,56600,58500,55800,55400,56600,37000,0,0,37000,42205,61500,95000,0,40419,37000,33000,54288,95000,35183,0,37506,60000,33735,0,47752,0,52364,0,36248,43113,0,50911,61500,0,37565,0,42367,48377,52037,53393,53830,58334,54569,62300,52048,51812,41828,33000,3100,-273000,-273000,-273000,326386,779313,19771432,337772,63,0,224,22,126,0,448,44,0,0,0,0,1640,19443,402336,702,10390,14010,244760,2199,326386,779313,19771432,337772,15475008,857972,7293204,3.51,0.00,0.00,657270,359839,12838684,333566,,,,1670400,1670400,1670400,1670400,1670400,1670400,883200,883200,0,,,,,,0,,0,0,436,4931,400,1,494000,4928000,6908000,0,561,4412000,Full,726000000
1784669106.279228552,24414.48,61000,62100,64200,63100,64200,62300,61500,63100,63100,59700,59700,61200,63300,61600,61200,62400,61600,61200,60500,57700,58900,56600,56600,63300,56200,55800,54600,55000,55400,56600,66000,67900,66800,67200,63300,68300,67500,66000,67200,66800,66400,66800,66800,60500,57700,60000,56600,58500,55400,55400,56200,37000,0,0,37000,42228,60700,95000,0,40419,37000,33000,54145,95000,35183,0,37506,61100,33735,0,47734,0,52191,0,36327,43124,0,50792,61100,0,37520,0,42433,48366,51879,53325,53628,58468,54535,63100,52048,51846,41997,33000,3100,-273000,-273000,-273000,326386,779313,19771432,337772,63,0,224,22,126,0,448,44,0,0,0,0,1640,19443,402336,702,10390,14010,244760,2199,326386,779313,19771432,337772,15475008,853372,7288608,3.51,0.00,0.00,657270,359839,12838684,333566,,,,1324800,1324800,1324800,1324800,1324800,1324800,883200,883200,0,,,,,,0,,889142,1000022,436,4931,400,1,494000,4928000,6908000,0,561,4412000,Full,726000000
1784669106.563933187,24414.77,61000,62100,64200,61900,61500,62300,63100,62300,63100,60100,59700,60800,62900,61200,61200,62000,61600,61200,60500,57700,58900,56600,56600,62500,56200,55800,54300,55000,55000,56200,65600,67900,66400,66800,63300,67900,67200,65600,67200,66800,66400,66800,66800,60100,57700,60000,56600,58900,55400,55400,56200,37000,0,0,37000,42247,61100,95000,0,40419,37000,33000,54064,95000,35183,0,37506,60300,33755,0,47717,0,52145,0,36298,43146,0,50728,60000,0,37539,0,42462,48337,51818,53292,53796,58402,54233,62700,51947,51544,41997,33000,3100,-273000,-273000,-273000,326386,779313,19771432,337772,63,0,224,22,126,0,448,44,0,0,0,0,1640,19443,402336,702,10390,14010,244760,2199,326386,779313,19771432,337772,15475008,852656,7287860,3.41,0.00,0.00,657270,359839,12838684,333566,,,,1440000,1440000,1440000,1440000,1440000,1440000,883200,883200,0,,,,,,0,,889142,1000022,436,4931,400,1,494000,4928000,6908000,0,561,4412000,Full,726000000
1784669106.845799020,24415.05,60200,60600,62700,61900,62300,61500,61500,61500,60700,59700,59700,61200,62100,61600,61200,62400,61200,60800,60500,57400,58900,56600,56600,62100,56200,55800,54600,55000,55400,56200,65600,67500,66000,66400,62500,67500,66800,65200,66800,66000,65600,66000,66400,60100,57700,59200,57000,58500,55400,55400,56200,37000,0,0,37000,42243,60700,95000,0,40419,37000,33000,54032,95000,35183,0,37506,59600,33764,0,47706,0,52083,0,36282,43131,0,50686,61100,0,37551,0,42493,48326,51750,52989,53628,58199,54199,63100,51846,51510,42131,33000,3100,-273000,-273000,-273000,326386,779313,19771432,337772,63,0,224,22,126,0,448,44,0,0,0,0,1640,19443,402336,702,10390,14010,244760,2199,326386,779313,19771432,337772,15475008,849116,7284360,3.41,0.00,0.00,657270,359839,12838684,333566,,,,1996800,1996800,1996800,1996800,1996800,1996800,883200,883200,0,,,,,,0,,0,0,436,4931,400,1,494000,4928000,6908000,0,561,4412000,Full,726000000
1784669107.122437979,24415.32,61400,61700,61900,62300,63100,61500,62700,62700,62700,59300,59300,60500,62500,60800,61200,61600,61200,60500,59700,57700,58500,56200,56600,62500,56200,56200,54600,55000,55400,56200,65600,67900,66000,67200,62900,67900,67200,65600,66800,66800,66000,66000,66400,60100,57700,60000,56600,58500,55400,55400,55800,37000,0,0,37000,42255,60700,95000,0,40419,37000,33000,53965,95000,35686,0,38103,60300,33761,0,47698,0,52018,0,36296,43150,0,50636,61500,0,37516,0,42531,48272,51701,53124,53460,58132,53997,62700,51812,51577,42165,33000,3100,-273000,-273000,-273000,326386,779313,19771432,337772,63,0,224,22,126,0,448,44,0,0,0,0,1640,19443,402336,702,10390,14010,244760,2199,326386,779313,19771432,337772,15475008,861532,7296728,3.41,0.00,0.00,657270,359839,12838684,333566,,,,1996800,1996800,1996800,1996800,1996800,1996800,883200,883200,0,,,,,,0,,0,0,436,4931,400,1,497000,4929000,6908000,0,561,4412000,Full,726000000
1784669107.390532458,24415.59,60200,61000,61500,61500,61900,61500,62300,61900,62300,59700,60100,60500,61700,61200,61200,62400,61600,60800,60500,58100,59300,56600,56200,61700,56200,55800,54600,55000,55400,56600,66000,67900,66400,66800,62500,67900,67200,65600,66800,66800,66000,66400,66400,60500,57400,59200,55800,58500,55400,55000,56200,37000,0,0,37000,42262,60300,95000,0,40419,37000,33000,53913,95000,35686,0,38103,60000,33764,0,47674,0,51975,0,36270,43146,0,50560,61100,0,37520,0,42546,48283,51638,53056,53258,57897,54132,62700,51645,51409,42434,33000,3100,-273000,-273000,-273000,326386,779313,19771432,337772,63,0,224,22,126,0,448,44,0,0,0,0,1640,19443,402336,702,10390,14010,244760,2199,326386,779313,19771432,337772,15475008,857732,7292928,3.41,0.00,0.00,657270,359839,12838684,333566,,,,1996800,1996800,1996800,1996800,1996800,1996800,883200,883200,0,,,,,,0,,916321,1004074,436,4931,400,1,494000,4927000,6908000,0,561,4412000,Full,726000000
1784669107.664257770,24415.87,61400,62100,63900,62700,63500,62700,62700,63100,62300,59700,60100,61200,63700,61600,61200,62400,62000,61200,60500,58500,59300,56200,56200,63300,56200,55800,54300,55400,55400,56600,65600,67500,66400,66400,63300,67500,67200,65600,66800,66400,66000,66000,66400,60100,57400,60300,56200,58500,55400,55000,56200,37000,0,0,37000,42270,61100,95000,0,40419,37000,33000,53859,95000,35686,0,38103,61100,33798,0,47663,0,51916,0,36304,43166,0,50548,61900,0,37525,0,42581,48257,51559,52854,53325,57863,54401,64200,51745,51376,42299,33000,3100,-273000,-273000,-273000,326398,779313,19771592,337774,63,0,224,22,126,0,448,44,0,0,0,0,1640,19443,402336,702,10390,14010,244760,2199,326398,779313,19771592,337774,15475008,848480,7283812,3.41,0.00,0.00,657270,359839,12838764,333566,,,,1996800,1996800,1996800,1996800,1996800,1996800,883200,883200,0,,,,,,0,,916321,1004074,436,4931,400,1,494000,4929000,6908000,0,561,4412000,Full,726000000
1784669107.941518812,24416.14,61400,62100,61900,63100,63100,61500,61900,63100,61900,59700,59700,60800,62900,61600,61200,62400,61600,60800,60500,58100,59300,56200,56200,62900,56200,55800,54300,55000,55400,56200,65600,67500,66000,66400,63300,67500,66400,65600,66800,66400,65600,66000,66000,60100,57400,60000,56600,58500,55400,55000,56200,37000,0,0,37000,42285,60700,95000,0,40419,37000,33000,53755,95000,35686,0,38103,60300,33806,0,47624,0,51842,0,36261,43189,0,50464,60300,0,37522,0,42566,48217,51528,52955,53258,57998,54132,62300,51812,51409,42568,33000,3100,-273000,-273000,-273000,326398,779313,19771592,337774,63,0,224,22,126,0,448,44,0,0,0,0,1640,19443,402336,702,10390,14010,244760,2199,326398,779313,19771592,337774,15475008,852828,7288136,3.41,0.00,0.00,657270,359839,12838764,333566,,,,1555200,1555200,1555200,1555200,1555200,1555200,883200,883200,0,,,,,,0,,916321,1004074,436,4931,400,1,494000,4931000,6908000,0,561,4412000,Full,726000000
1784669108.212268707,24416.41,60600,61400,63500,62300,63100,62300,62700,62300,61900,59300,59300,60500,62500,60800,60500,61600,60800,60500,59700,57400,58500,56200,56200,62100,56200,55400,54300,55000,55000,56200,65200,67200,66000,66400,62500,67200,66800,64800,66400,66400,65600,66400,66000,60100,57400,59600,56200,58100,55400,55000,56200,37000,0,0,37000,42285,61500,95000,0,40419,37000,33000,53708,95000,35686,0,38103,60000,33788,0,47621,0,51808,0,36298,43166,0,50425,60300,0,37521,0,42619,48211,51468,52687,53292,57897,54031,62700,51577,51376,42434,33000,3100,-273000,-273000,-273000,326398,779313,19771592,337774,63,0,224,22,126,0,448,44,0,0,0,0,1640,19443,402336,702,10390,14010,244760,2199,326398,779313,19771592,337774,15475008,852644,7287936,3.41,0.00,0.00,657270,359839,12838764,333566,,,,1440000,1440000,1440000,1440000,1440000,1440000,883200,883200,0,,,,,,0,,912064,1000126,436,4931,400,1,494000,4928000,6908000,0,561,4412000,Full,726000000
1784669108.491620009,24416.69,61000,61700,63500,62300,63100,62300,63100,62700,63100,58900,58900,60500,62500,60800,61200,61200,60800,60100,59700,57400,58100,56200,56200,62100,55800,55800,54300,55000,55000,55800,65200,67500,66000,66400,62500,67500,66800,64800,66400,66400,65600,66400,66400,60100,57400,60000,56200,58100,55000,55000,55800,37000,0,0,37000,42297,60700,95000,0,40419,37000,33000,53667,95000,35686,0,38103,60300,33812,0,47635,0,51734,0,36310,43196,0,50357,60300,0,37521,0,42647,48211,51405,52754,53359,57763,54233,63100,51577,51140,42400,33000,3100,-273000,-273000,-273000,326398,779313,19771592,337774,63,0,224,22,126,0,448,44,0,0,0,0,1640,19443,402336,702,10390,14010,244760,2199,326398,779313,19771592,337774,15475008,849128,7284420,3.34,0.00,0.00,657270,359839,12838764,333566,,,,1785600,1785600,1785600,1785600,1785600,1785600,883200,883200,0,,,,,,0,,912064,1000126,436,4931,400,1,494000,4931000,6908000,0,561,4412000,Full,726000000
1784669108.771470530,24416.97,61000,61000,61500,61100,60700,60700,61500,61900,62700,59300,59300,60800,62100,60800,60800,62000,60800,60500,60100,57400,58500,55800,55800,61700,55800,55400,53900,54600,55000,55800,65600,67900,66000,66800,62100,67900,67200,65200,66800,66400,65600,66000,66400,60100,57400,59600,56600,58500,55400,55000,55800,37000,0,0,37000,42307,60300,95000,0,40419,37000,33000,53649,95000,35686,0,38103,60700,33818,0,47621,0,51672,0,36333,43179,0,50303,62700,0,37530,0,42619,48174,51365,52552,53023,57796,53728,62300,51611,51006,42568,33000,3100,-273000,-273000,-273000,326398,779313,19771592,337774,63,0,224,22,126,0,448,44,0,0,0,0,1640,19443,402336,702,10390,14010,244760,2199,326398,779313,19771592,337774,15475008,852340,7287568,3.34,0.00,0.00,657270,359839,12838764,333566,,,,1996800,1996800,1996800,1996800,1555200,1555200,883200,883200,0,,,,,,0,,912064,1000126,436,4931,400,1,494000,4931000,6908000,0,561,4412000,Full,726000000
1784669109.249878395,24417.45,60200,60600,61100,61100,60700,60700,60700,61500,61100,59300,59700,60800,62100,61200,60800,61600,61200,60100,60100,57700,59300,56200,55800,61700,55800,55000,53900,54600,54600,55800,66000,67900,66000,66800,62100,67900,66800,65600,67200,66400,65600,66000,66000,59700,57000,59600,56200,58100,55400,54600,55800,37000,0,0,37000,42303,60300,95000,0,40419,37000,33000,53497,95000,35686,0,38103,60300,33829,0,47576,0,51590,0,36296,43192,0,50218,60700,0,37489,0,42703,48115,51255,52653,53258,57729,54266,62300,51308,51039,42568,33000,3100,-273000,-273000,-273000,326398,779313,19771592,337774,63,0,224,22,126,0,448,44,0,0,0,0,1640,19443,402336,702,10390,14010,244760,2199,326398,779313,19771592,337774,15475008,854512,7289728,3.34,0.00,0.00,657270,359839,12838764,333566,,,,1996800,1996800,1996800,1996800,1996800,1996800,883200,883200,0,,,,,,0,,912246,1004170,436,4931,400,1,494000,4928000,6908000,0,561,4412000,Full,726000000
1784669109.522431988,24417.72,59800,61000,61500,60700,60300,61100,61500,60700,61100,58900,58900,60500,61700,60500,60800,61200,60500,60500,59700,57700,58500,55800,55800,61400,55800,55400,53900,54600,54600,55800,64800,66400,65200,65600,61700,66400,66400,64500,65600,66000,65200,66000,66000,59700,57000,58800,55800,58100,55000,54600,55800,37000,0,0,37000,42312,60700,95000,0,40419,37000,33000,53479,95000,35686,0,38103,60000,33843,0,47565,0,51543,0,36310,43179,0,50154,59600,0,37541,0,42735,48067,51208,52854,52989,57393,53830,61900,51342,51174,42703,33000,3100,-273000,-273000,-273000,326398,779313,19771592,337774,63,0,224,22,126,0,448,44,0,0,0,0,1640,19443,402336,702,10390,14010,244760,2199,326398,779313,19771592,337774,15475008,854336,7289556,3.34,0.00,0.00,657270,359839,12838764,333566,,,,1555200,1555200,1555200,1555200,1555200,1555200,883200,883200,0,,,,,,0,,912246,1004170,436,4931,400,1,494000,4929000,6908000,0,561,4412000,Full,726000000
1784669109.802252196,24418.00,59800,60200,60700,61500,61500,60000,60300,61100,60700,58900,59300,60100,62100,60800,60500,61200,60800,60500,59700,57400,58100,55800,55800,61700,55800,55000,53900,54600,54600,55800,65200,67500,66000,66800,62500,67500,66800,65200,66800,66400,65200,66000,66400,59700,57000,59200,55800,57700,55000,55000,55800,37000,0,0,37000,42315,60000,95000,0,40419,37000,33000,53393,95000,35686,0,38103,59200,33834,0,47537,0,51495,0,36301,43189,0,50123,60000,0,37486,0,42791,48073,51144,52788,52989,57325,53931,61900,51476,51006,42635,33000,3100,-273000,-273000,-273000,326405,779313,19771656,337774,63,0,224,22,126,0,448,44,0,0,0,0,1640,19443,402336,702,10390,14010,244760,2199,326405,779313,19771656,337774,15475008,856936,7292012,3.34,0.00,0.00,657270,359839,12838796,333566,,,,1900800,1900800,1900800,1900800,1900800,1900800,883200,883200,0,,,,,,0,,912246,1004170,436,4931,400,1,494000,4932000,6908000,0,533,4419000,Full,726000000
1784669110.123651311,24418.32,59800,60600,61500,61500,60700,61100,61500,61100,60300,58900,58900,60500,61700,60800,60500,61600,60800,60100,60100,57400,57700,55800,55800,61700,55400,55000,53900,54600,54600,55800,65200,67900,66000,66800,62100,67500,66800,65200,66400,66000,65600,65600,66000,59700,57000,59200,56200,58100,54600,55000,56200,37000,0,0,37000,42327,59600,95000,0,40419,37000,33000,53377,95000,35686,0,38103,59200,33859,0,47514,0,51409,0,36279,43172,0,50055,60000,0,37498,0,42723,48021,51085,52821,53023,57695,54132,61900,51476,50905,42837,33000,3100,-273000,-273000,-273000,326405,779313,19771656,337774,63,0,224,22,126,0,448,44,0,0,0,0,1640,19443,402336,702,10390,14010,244760,2199,326405,779313,19771656,337774,15475008,857644,7292696,3.34,0.00,0.00,657270,359839,12838796,333566,,,,1996800,1996800,1996800,1996800,1996800,1996800,883200,883200,0,,,,,,0,,912246,1004170,436,4931,400,1,494000,4941000,6906000,0,530,4419000,Full,726000000
1784669110.394138967,24418.60,59400,60600,60700,60300,60000,60700,60300,60300,60300,58900,58900,59700,61700,60500,60800,61200,60800,60100,59700,57000,58100,55800,55400,61400,55800,55000,53900,54600,55000,55800,65200,67500,65600,66400,62100,67200,66400,65200,66400,66000,65200,65600,66000,59300,57000,58800,55400,58100,54600,54600,55400,37000,0,0,37000,42327,59600,95000,0,40419,37000,33000,53322,95000,35686,0,38103,59200,33862,0,47494,0,51394,0,36298,43204,0,50003,59600,0,37459,0,42794,48018,51035,52485,52888,57225,53594,61900,51510,50535,42904,33000,3100,-273000,-273000,-273000,326405,779313,19771656,337774,63,0,224,22,126,0,448,44,0,0,0,0,1640,19443,402336,702,10390,14010,244760,2199,326405,779313,19771656,337774,15475008,861804,7296860,3.34,0.00,0.00,657270,359839,12838796,333566,,,,1996800,1996800,1996800,1996800,1996800,1996800,883200,883200,0,,,,,,0,,901909,1004175,436,4931,400,1,494000,4929000,6906000,0,530,4419000,Full,726000000
1784669110.663188446,24418.86,61000,61700,63100,62300,63500,62300,63500,62300,62300,58900,58900,60100,62500,60800,60800,61200,60500,60100,59300,57000,58500,55800,55800,62100,55800,55000,53900,54300,54600,55800,65600,67500,65600,66400,62500,67200,66400,64800,66400,66000,65200,66000,66000,59300,57000,60000,55400,57700,55000,54600,55800,37000,0,0,37000,42330,62300,95000,0,40419,37000,33000,53213,95000,35686,0,38103,60300,33868,0,47487,0,51320,0,36270,43215,0,49991,60300,0,37488,0,42804,47983,51009,52485,52854,57325,53830,62700,51308,50938,42804,33000,3100,-273000,-273000,-273000,326405,779313,19771656,337774,63,0,224,22,126,0,448,44,0,0,0,0,1640,19443,402336,702,10390,14010,244760,2199,326405,779313,19771656,337774,15475008,856276,7291336,3.28,0.00,0.00,657270,359839,12838796,333566,,,,1996800,1996800,1996800,1996800,1996800,1996800,1017600,1017600,0,,,,,,0,,0,0,436,4931,400,1,494000,4935000,6906000,0,530,4419000,Full,726000000
1784669110.928588602,24419.13,60200,60600,61500,61100,61500,60700,60000,61900,62300,59300,59700,60800,62100,60800,60800,62400,61200,60500,60100,57700,58900,55800,55400,61700,55400,55400,53900,54300,54600,55800,66000,67900,66400,66800,62500,67900,66800,65600,67200,66800,65600,66000,66400,59700,57000,58800,55800,58100,55000,54600,55400,37000,0,0,37000,42327,59600,95000,0,40419,37000,33000,53192,95000,35686,0,38103,60000,33856,0,47470,0,51311,0,36230,43199,0,49910,62300,0,37473,0,42811,47948,50955,52283,52619,57628,53796,62700,51308,50535,42938,33000,3100,-273000,-273000,-273000,326405,779313,19771656,337774,63,0,224,22,126,0,448,44,0,0,0,0,1640,19443,402336,702,10390,14010,244760,2199,326405,779313,19771656,337774,15475008,859816,7294860,3.28,0.00,0.00,657270,359839,12838796,333566,,,,1785600,1785600,1785600,1785600,1785600,1785600,883200,883200,0,,,,,,0,,0,0,436,4931,400,1,497000,4931000,6906000,0,530,4419000,Full,726000000
1784669111.199133498,24419.40,60200,60200,63500,61900,63100,61100,60300,61900,62700,59300,58900,60100,62100,60800,60800,61600,60500,60500,59700,57400,58500,55800,55400,61700,55400,55000,53900,54600,54600,55800,65200,67200,65600,66400,62500,67200,66400,64800,66400,66000,65200,66000,66000,59700,57000,59200,55800,57700,54600,54600,55800,37000,0,0,37000,42333,61100,95000,0,40419,37000,33000,53161,95000,35686,0,38103,59200,33881,0,47412,0,51232,0,36242,43196,0,49871,59600,0,37482,0,42866,47955,50938,52081,52585,57225,53561,62300,51241,50669,43005,33000,3100,-273000,-273000,-273000,326405,779313,19771656,337774,63,0,224,22,126,0,448,44,0,0,0,0,1640,19443,402336,702,10390,14010,244760,2199,326405,779313,19771656,337774,15475008,859632,7294676,3.28,0.00,0.00,657270,359839,12838796,333566,,,,1324800,1324800,1324800,1324800,1324800,1324800,883200,883200,0,,,,,,0,,914604,1004093,436,4931,400,1,494000,4933000,6906000,0,530,4419000,Full,726000000
1784669111.484235008,24419.69,59800,60200,60700,60700,60300,61100,61900,61100,61500,58500,58500,60100,61700,60100,60500,61200,60500,60100,59700,57000,57700,55800,55400,61700,55400,55400,53500,54600,54600,55800,64800,66800,65200,66000,61700,66800,66000,64500,66000,65600,65200,65600,65600,59700,57000,59200,55800,57700,54600,54600,55400,37000,0,0,37000,42333,60700,95000,0,40419,37000,33000,53134,95000,35686,0,38103,60000,33874,0,47427,0,51186,0,36318,43211,0,49856,60000,0,37493,0,42842,47913,50896,52283,52585,57056,53594,61500,51174,50300,42904,33000,3100,-273000,-273000,-273000,326405,779313,19771656,337774,63,0,224,22,126,0,448,44,0,0,0,0,1640,19443,402336,702,10390,14010,244760,2199,326405,779313,19771656,337774,15475008,862212,7297224,3.28,0.00,0.00,657270,359839,12838796,333566,,,,1113600,1113600,1113600,1113600,1113600,1113600,883200,883200,0,,,,,,0,,914604,1004093,436,4931,400,1,494000,4928000,6906000,0,530,4419000,Full,726000000
1784669111.775518914,24419.98,59800,61000,62700,60300,60000,61500,62300,60700,60300,58900,58900,60100,61400,60500,60500,61200,60500,60100,59300,56600,57700,55800,55400,61000,55400,55000,53900,54300,54600,55800,65200,67500,65600,66000,62100,66800,66800,65200,66400,66000,65200,65600,66000,59700,57000,59600,55800,57700,54600,54600,55400,37000,0,0,37000,42333,61100,95000,0,40419,37000,33000,53085,95000,35686,0,38103,60000,33884,0,47408,0,51186,0,36267,43222,0,49797,59600,0,37482,0,42866,47878,50846,52317,52384,57225,53628,62300,51207,50669,42870,33000,3100,-273000,-273000,-273000,326405,779313,19771656,337774,63,0,224,22,126,0,448,44,0,0,0,0,1640,19443,402336,702,10390,14010,244760,2199,326405,779313,19771656,337774,15475008,862232,7297324,3.28,0.00,0.00,657270,359839,12838796,333566,,,,1996800,1996800,1996800,1996800,1996800,1996800,883200,883200,0,,,,,,0,,914604,1004093,436,4931,400,1,494000,4926000,6906000,0,530,4419000,Full,726000000
1784669112.242411258,24420.44,60600,61000,62300,61900,62300,61900,62300,61100,60300,59700,59700,60800,62100,60800,60800,61600,60800,60500,59700,57700,58900,55400,55400,61700,55400,55000,53500,54300,54600,55800,65200,67500,65600,66000,62100,67200,66400,64800,66400,66000,65600,65600,66000,59700,57000,58800,55800,57700,54600,54300,55400,37000,0,0,37000,42342,60000,95000,0,40242,37000,33000,53054,95000,36131,0,38510,59200,33918,0,47408,0,51065,0,36233,43192,0,49735,60700,0,37449,0,42880,47839,50798,52283,52418,57191,53662,63500,50972,50636,43106,33000,3100,-273000,-273000,-273000,326405,779313,19771656,337774,63,0,224,22,126,0,448,44,0,0,0,0,1640,19443,402336,702,10390,14010,244760,2199,326405,779313,19771656,337774,15475008,859876,7294988,3.28,0.00,0.00,657270,359839,12838796,333566,,,,1900800,1900800,1900800,1900800,1900800,1900800,883200,883200,0,,,,,,0,,909519,1004081,436,4931,400,1,497000,4927000,6906000,0,530,4419000,Full,726000000
1784669112.508985581,24420.71,61700,62500,64200,62700,63500,63500,63900,63500,63500,58900,59300,60500,62900,60800,60800,61600,60800,59700,59700,57700,58900,55800,55800,63300,55400,55000,53500,54600,54600,55800,65200,67500,65600,66400,62900,66800,66400,65200,66400,66000,65200,65600,66000,59300,56600,60300,55400,57700,54600,54600,55400,37000,0,0,37000,42333,62300,95000,0,40242,37000,33000,52974,95000,36131,0,38510,60700,33899,0,47353,0,51047,0,36248,43185,0,49716,63100,0,37491,0,42898,47854,50730,52014,52485,56889,53796,64200,51006,50367,43073,33000,3100,-273000,-273000,-273000,326405,779313,19771656,337774,63,0,224,22,126,0,448,44,0,0,0,0,1640,19443,402336,702,10390,14010,244760,2199,326405,779313,19771656,337774,15475008,842904,7278032,3.22,0.00,0.00,657270,359839,12838796,333566,,,,1996800,1996800,1996800,1996800,1996800,1996800,1632000,1632000,0,,,,,,0,,909519,1004081,436,4931,400,1,494000,4929000,6906000,0,530,4419000,Full,726000000
1784669112.784341362,24420.99,60600,61400,62700,61500,61500,61900,63100,62300,63100,58900,58900,60100,62100,60800,60800,61600,60500,60500,59700,57400,58500,55800,55800,62100,55400,55000,53500,54300,54600,55400,64800,67200,65600,66000,62500,67200,66400,65200,66400,66000,65200,65600,66000,59300,56600,60000,55400,57700,55000,54600,55800,37000,0,0,37000,42345,61500,95000,0,40242,37000,33000,52957,95000,36131,0,38510,60300,33926,0,47341,0,50971,0,36304,43189,0,49669,60300,0,37474,0,42898,47811,50706,52014,52384,57090,53460,62700,50972,50703,43005,33000,3100,-273000,-273000,-273000,326465,779313,19772216,337779,63,0,224,22,126,0,448,44,0,0,0,0,1640,19443,402336,702,10390,14010,244760,2199,326465,779313,19772216,337779,15475008,858464,7293592,3.22,0.00,0.00,657270,359839,12839076,333566,,,,1996800,1996800,1996800,1996800,1996800,1996800,883200,883200,0,,,,,,0,,909519,1004081,436,4931,400,1,494000,4932000,6906000,0,530,4419000,Full,726000000
1784669113.060541518,24421.27,60200,61000,63500,61100,60700,61100,60700,61500,61900,58500,58500,60100,61400,60500,60500,61200,60500,60100,59300,57000,58100,55400,55400,61400,55400,55000,53900,54300,54600,55400,64500,66800,65200,65200,61700,66000,65600,64100,65600,65600,64800,65600,65200,59300,57000,59200,55400,57700,54600,54600,55400,37000,0,0,37000,42348,61100,95000,0,40242,37000,33000,52898,95000,36131,0,38510,60000,33921,0,47313,0,50971,0,36216,43175,0,49626,59600,0,37449,0,42911,47807,50676,52081,52350,56855,53292,61900,51006,50132,43207,33000,3100,-273000,-273000,-273000,326465,779313,19772216,337779,63,0,224,22,126,0,448,44,0,0,0,0,1640,19443,402336,702,10390,14010,244760,2199,326465,779313,19772216,337779,15475008,854180,7289308,3.22,0.00,0.00,657270,359839,12839076,333566,,,,1324800,1324800,1324800,1324800,1324800,1324800,883200,883200,0,,,,,,0,,909519,1004081,436,4931,400,1,491000,4927000,6906000,0,530,4419000,Full,726000000
1784669113.366527768,24421.57,59800,60600,61100,60300,60000,61100,61900,60700,60300,58500,58500,59700,61400,60100,60500,60800,60500,59700,59300,56600,57700,55800,55400,61000,55400,55000,53500,54300,54600,55400,65200,67200,65200,66400,61700,67500,66400,64800,66400,66000,65200,65600,66000,59300,56600,59600,55400,57400,54600,54300,55400,37000,0,0,37000,42342,61500,95000,0,40242,37000,33000,52869,95000,36131,0,38510,59600,33915,0,47306,0,50926,0,36248,43208,0,49597,59200,0,37437,0,42953,47756,50618,52081,52418,57023,53561,62300,51140,50199,43308,33000,3100,-273000,-273000,-273000,326465,779313,19772216,337779,63,0,224,22,126,0,448,44,0,0,0,0,1640,19443,402336,702,10390,14010,244760,2199,326465,779313,19772216,337779,15475008,849148,7284284,3.22,0.00,0.00,657270,359839,12839076,333566,,,,1555200,1555200,1555200,1555200,1555200,1555200,883200,883200,0,,,,,,0,,893364,1000019,436,4931,400,1,494000,4923000,6906000,0,530,4419000,Full,726000000
1784669113.665656674,24421.87,59400,59800,60700,60700,60300,60300,60700,60700,60700,58900,58500,59700,61400,60100,60500,60800,60100,60100,59300,56200,57400,55800,55400,61400,55400,55000,53500,54300,54600,55400,64100,66400,65200,64800,61700,66000,66000,63700,65200,65600,65200,65200,65200,59700,56200,58800,55800,57700,54600,54600,55400,37000,0,0,37000,42345,60700,95000,0,40242,37000,33000,52829,95000,36131,0,38510,59600,33957,0,47302,0,50900,0,36267,43179,0,49551,59600,0,37465,0,42973,47730,50592,51913,52317,56687,53393,61500,50938,50031,43240,33000,3100,-273000,-273000,-273000,326465,779313,19772216,337779,63,0,224,22,126,0,448,44,0,0,0,0,1640,19443,402336,702,10390,14010,244760,2199,326465,779313,19772216,337779,15475008,860364,7295476,3.22,0.00,0.00,657270,359839,12839076,333566,,,,1324800,1324800,1324800,1324800,1324800,1324800,883200,883200,0,,,,,,0,,893364,1000019,436,4931,400,1,494000,4929000,6906000,0,530,4419000,Full,726000000
1784669113.976446674,24422.18,60600,61400,62300,61500,62300,61900,61900,61900,61900,59300,59300,60100,62500,60500,60500,61600,60800,60100,59700,57400,58900,55400,55400,62100,55400,55000,53900,54300,54300,55800,64800,67200,65200,66000,62500,66800,66000,65200,66400,66000,65200,65200,65600,59300,57000,59600,55400,57700,54600,54600,55400,37000,0,0,37000,42348,60300,95000,0,40242,37000,33000,52785,95000,36131,0,38510,60000,33970,0,47260,0,50854,0,36279,43179,0,49532,59600,0,37494,0,42960,47713,50582,52182,52283,56922,53359,62300,50972,50400,43106,33000,3100,-273000,-273000,-273000,326465,779313,19772216,337779,63,0,224,22,126,0,448,44,0,0,0,0,1640,19443,402336,702,10390,14010,244760,2199,326465,779313,19772216,337779,15475008,868896,7303976,3.22,0.00,0.00,657270,359839,12839076,333566,,,,1785600,1785600,1785600,1785600,1785600,1785600,883200,883200,0,,,,,,0,,893364,1000019,436,4931,400,1,494000,4926000,6906000,0,530,4419000,Full,726000000
1784669114.258159486,24422.46,59400,60600,61100,61100,60700,61100,61100,61100,60700,58900,58900,60100,61400,60800,60500,61200,60800,60100,59300,57400,58100,55800,55400,61400,55000,55000,53500,54300,54600,55400,64500,66800,65200,65600,61700,66800,66000,64500,65600,65600,64800,65200,65200,58900,56600,58800,55400,57400,54600,54300,55400,37000,0,0,37000,42357,60300,95000,0,40242,37000,33000,52749,95000,36131,0,38510,59600,33967,0,47278,0,50820,0,36236,43189,0,49509,60300,0,37491,0,42978,47685,50536,51913,52350,56620,53056,62300,50905,50535,43106,33000,3100,-273000,-273000,-273000,326465,779313,19772216,337779,63,0,224,22,126,0,448,44,0,0,0,0,1640,19443,402336,702,10390,14010,244760,2199,326465,779313,19772216,337779,15475008,863600,7298744,3.22,0.00,0.00,657270,359839,12839076,333566,,,,1900800,1900800,1900800,1900800,1900800,1900800,883200,883200,0,,,,,,0,,904854,1003996,436,4931,400,1,494000,4929000,6906000,0,530,4419000,Full,726000000
1784669114.529522038,24422.73,59800,60600,61900,60700,61900,61100,61900,61500,61500,58100,58100,59700,61400,60100,59700,60800,59700,59300,59300,57000,57700,55400,55000,61000,55000,54600,53900,53900,54600,55400,64500,66400,64800,65200,61400,66000,65600,64500,66000,65200,64800,65600,65200,59300,56600,59200,55800,57700,54600,54300,55000,37000,0,0,37000,42353,60700,95000,0,40242,37000,33000,52695,95000,36131,0,38510,60000,33976,0,47257,0,50782,0,36216,43166,0,49461,59600,0,37471,0,42985,47659,50505,51913,52317,56721,53662,61900,50871,50065,43308,33000,3100,-273000,-273000,-273000,326465,779313,19772216,337779,63,0,224,22,126,0,448,44,0,0,0,0,1640,19443,402336,702,10390,14010,244760,2199,326465,779313,19772216,337779,15475008,870008,7305188,3.36,0.00,0.00,657270,359839,12839076,333566,,,,1785600,1785600,1785600,1785600,1785600,1785600,883200,883200,0,,,,,,0,,904854,1003996,436,4931,400,1,494000,4929000,6906000,0,530,4419000,Full,726000000
1784669114.809244174,24423.01,59800,59800,60700,61500,62300,60300,60700,61500,61900,58100,58100,59700,61400,59700,60100,60500,60100,59700,58900,56600,57700,55400,55400,61400,55000,54600,53900,53900,54600,55400,64800,67200,65600,66000,61700,66800,66400,64500,66000,65600,65200,65600,65600,59300,56600,58400,55400,57400,54600,54300,55000,37000,0,0,37000,42360,60700,95000,0,40242,37000,33000,52705,95000,36131,0,38510,59200,33973,0,47253,0,50770,0,36239,43208,0,49421,59600,0,37440,0,43001,47678,50475,51745,52115,56990,53258,61500,50905,50165,43341,33000,3100,-273000,-273000,-273000,326465,779313,19772216,337779,63,0,224,22,126,0,448,44,0,0,0,0,1640,19443,402336,702,10390,14010,244760,2199,326465,779313,19772216,337779,15475008,867408,7302624,3.36,0.00,0.00,657270,359839,12839076,333566,,,,1996800,1996800,1996800,1996800,1996800,1996800,883200,883200,0,,,,,,0,,904854,1003996,436,4931,400,1,494000,4932000,6904000,0,535,4419000,Full,726000000
1784669115.309563861,24423.51,59000,59800,60700,60700,60300,60300,60300,60300,60000,58500,58900,59700,61700,60500,60500,61200,60500,59700,59300,57400,58100,55400,55400,61700,55000,54600,53500,53900,54300,55800,64800,67500,65200,66000,61700,67200,66400,65200,66400,66000,65200,65600,66000,58900,56600,58000,55400,57400,54600,54300,55400,37000,0,0,37000,42365,58800,95000,0,40242,37000,33200,52633,95000,36131,0,38510,58800,33985,0,47234,0,50732,0,36270,43189,0,49358,59200,0,37449,0,43036,47596,50411,52014,52182,56552,53090,61900,50804,50300,43509,33200,3100,-273000,-273000,-273000,326465,779313,19772216,337779,63,0,224,22,126,0,448,44,0,0,0,0,1640,19443,402336,702,10390,14010,244760,2199,326465,779313,19772216,337779,15475008,872360,7307544,3.36,0.00,0.00,657270,359839,12839076,333566,,,,1785600,1785600,1785600,1785600,1785600,1785600,883200,883200,0,,,,,,0,,904266,1004169,436,4931,400,1,494000,4931000,6904000,0,534,4419000,Full,726000000
1784669115.582770944,24423.78,59800,60200,60700,60300,60000,60300,61500,61100,61900,58900,58500,60500,61400,60500,60800,61200,60800,60100,59700,57000,57700,55400,55400,61000,55000,54600,53900,53900,54300,55800,64800,66800,65200,65600,61400,66800,66000,64800,66000,65600,64800,65600,65600,58900,57000,58800,55400,57400,54300,54300,55000,37000,0,0,37000,42357,60300,95000,0,40242,37000,33200,52614,95000,36131,0,38510,59600,34004,0,47218,0,50682,0,36287,43192,0,49323,59600,0,37461,0,43023,47615,50383,51712,52048,56788,53191,61100,50770,50334,43409,33200,3100,-273000,-273000,-273000,326465,779313,19772216,337779,63,0,224,22,126,0,448,44,0,0,0,0,1640,19443,402336,702,10390,14010,244760,2199,326465,779313,19772216,337779,15475008,874576,7309744,3.36,0.00,0.00,657270,359839,12839076,333566,,,,1324800,1324800,1324800,1324800,1324800,1324800,883200,883200,0,,,,,,0,,904266,1004169,436,4931,400,1,494000,4929000,6904000,0,534,4419000,Full,726000000
1784669115.862982819,24424.06,59400,59800,60300,60300,60000,60000,60700,60000,60700,58100,58100,59700,61400,59700,60100,60800,59700,59700,58900,56600,57400,55400,55400,61000,55000,55000,53500,53900,54300,55400,64100,66400,65200,65200,61700,66000,66000,64100,65600,65600,64800,65200,65600,59300,56600,58800,55400,57700,54600,54300,55000,37000,0,0,37000,42353,60000,95000,0,40242,37000,33200,52574,95000,36131,0,38510,59200,34007,0,47218,0,50668,0,36267,43179,0,49297,59600,0,37428,0,43059,47579,50357,51645,51947,56821,53292,61500,50804,50031,43476,33200,3100,-273000,-273000,-273000,326465,779313,19772216,337779,63,0,224,22,126,0,448,44,0,0,0,0,1640,19443,402336,702,10390,14010,244760,2199,326465,779313,19772216,337779,15475008,871876,7307048,3.36,0.00,0.00,657270,359839,12839076,333566,,,,1555200,1555200,1555200,1555200,1555200,1555200,883200,883200,0,,,,,,0,,904266,1004169,436,4931,400,1,494000,4929000,6904000,0,534,4419000,Full,726000000
1784669116.147806413,24424.35,59000,59400,61900,60700,61500,60300,60300,60700,60700,58100,58100,59300,61700,60100,60100,60800,60100,59700,58900,56600,57700,55000,55400,61000,55000,55000,53900,53900,54300,55000,64800,66800,65600,66000,61700,66800,66000,64500,65600,65600,64800,65200,65200,58900,56600,58000,55400,57400,54300,54300,55000,37000,0,0,37000,42353,58800,95000,0,40242,37000,33200,52578,95000,36131,0,38510,58400,34004,0,47199,0,50592,0,36261,43199,0,49275,58400,0,37462,0,43081,47561,50319,51510,51947,56620,52788,62300,50770,49560,43610,33200,3100,-273000,-273000,-273000,326465,779313,19772216,337779,63,0,224,22,126,0,448,44,0,0,0,0,1640,19443,402336,702,10390,14010,244760,2199,326465,779313,19772216,337779,15475008,876848,7311960,3.36,0.00,0.00,657270,359839,12839076,333566,,,,1555200,1555200,1555200,1555200,1555200,1555200,883200,883200,0,,,,,,0,,904266,1004169,436,4931,400,1,494000,4929000,6904000,0,534,4419000,Full,726000000
1784669116.426153652,24424.63,59000,59800,61100,60000,60000,60300,60300,60300,60300,58500,58100,59700,61400,60100,60100,60800,60100,59700,59300,56200,57400,55400,55400,61000,55000,54600,53500,54300,54300,55400,64500,66400,65200,65600,61400,66400,66000,64100,65600,65600,65200,65200,65600,58900,56600,58000,55400,57400,54300,54300,55000,37000,0,0,37000,42353,59200,95000,0,40242,37000,33200,52553,95000,36131,0,38510,58800,34009,0,47182,0,50580,0,36236,43172,0,49230,60000,0,37453,0,43055,47537,50288,51812,52081,56653,52854,61500,50737,49896,43543,33200,3100,-273000,-273000,-273000,326465,779313,19772216,337779,63,0,224,22,126,0,448,44,0,0,0,0,1640,19443,402336,702,10390,14010,244760,2199,326465,779313,19772216,337779,15475008,875740,7310836,3.36,0.00,0.00,657270,359839,12839076,333566,,,,1785600,1785600,1785600,1785600,1785600,1785600,883200,883200,0,,,,,,0,,921190,1004129,436,4931,400,1,494000,4928000,6904000,0,534,4419000,Full,726000000
1784669116.708532715,24424.91,59400,60200,62300,60700,60300,60700,60000,60000,59200,58500,58100,59700,61400,60100,59700,60800,60100,59300,59300,57000,57700,55000,55400,61000,55000,55000,53100,54300,54300,55400,65200,67200,65600,66400,61700,67500,66800,64800,66000,65600,65200,65200,66000,58900,56600,58400,55400,57400,54600,54300,55000,37000,0,0,37000,42360,59200,95000,0,40242,37000,33200,52508,95000,36131,0,38510,58400,34026,0,47182,0,50596,0,36290,43189,0,49185,60000,0,37425,0,43078,47533,50280,51812,52182,56754,52922,61900,50703,50031,43644,33200,3100,-273000,-273000,-273000,326465,779313,19772216,337779,63,0,224,22,126,0,448,44,0,0,0,0,1640,19443,402336,702,10390,14010,244760,2199,326465,779313,19772216,337779,15475008,875524,7310604,3.30,0.00,0.00,657270,359839,12839076,333566,,,,1900800,1900800,1900800,1900800,1900800,1900800,883200,883200,0,,,,,,0,,921190,1004129,436,4931,400,1,494000,4929000,6904000,0,534,4419000,Full,726000000
1784669116.980485527,24425.18,60200,61000,63500,61500,61100,61500,62300,61100,60700,58500,58500,59700,61700,60100,60100,60800,60100,59700,58900,56600,57700,55400,55400,61700,55000,55000,53500,54300,54300,55400,63300,64800,64100,64100,61700,64800,64800,62900,64100,64800,64500,64800,64500,59300,56600,59200,55400,57400,54300,53900,55000,37000,0,0,37000,42360,61100,95000,0,39857,37000,33200,52489,95000,36621,0,38788,60000,34031,0,47178,0,50542,0,36239,43192,0,49195,59600,0,37431,0,43091,47557,50256,51544,52014,56283,53224,61900,50569,49695,43442,33200,3100,-273000,-273000,-273000,326465,779313,19772216,337779,63,0,224,22,126,0,448,44,0,0,0,0,1640,19443,402336,702,10390,14010,244760,2199,326465,779313,19772216,337779,15475008,871412,7306492,3.30,0.00,0.00,657270,359839,12839076,333566,,,,1996800,1996800,1996800,1996800,1996800,1996800,883200,883200,0,,,,,,0,,921190,1004129,436,4931,400,1,494000,4927000,6904000,0,534,4419000,Full,726000000
1784669117.251865735,24425.45,59400,60200,61500,60300,60700,61100,61500,60700,60300,58500,58500,59700,61700,60100,60500,61200,60100,59700,59300,57000,58100,55400,55400,61400,55000,54600,53500,53900,54300,55000,64800,67200,65200,65600,61700,66800,66000,64800,66000,66000,65200,65200,65600,58900,56200,58800,55000,57400,54300,54600,55400,37000,0,0,37000,42357,60000,95000,0,39857,37000,33200,52453,95000,36621,0,38788,59200,34031,0,47167,0,50542,0,36239,43179,0,49181,58800,0,37476,0,43101,47483,50222,51779,51947,56620,53090,61900,50603,49526,43644,33200,3100,-273000,-273000,-273000,326465,779313,19772216,337779,63,0,224,22,126,0,448,44,0,0,0,0,1640,19443,402336,702,10390,14010,244760,2199,326465,779313,19772216,337779,15475008,871480,7306676,3.30,0.00,0.00,657270,359839,12839076,333566,,,,1555200,1555200,1670400,1670400,1670400,1670400,883200,883200,0,,,,,,0,,915320,1004112,436,4931,400,1,497000,4931000,6904000,0,534,4419000,Full,726000000
1784669117.537665891,24425.74,59400,59800,60700,60000,60000,60300,61100,60300,60700,58100,58100,59300,61000,59700,59700,60500,60100,59300,58900,56200,57400,55000,55000,61000,55000,54600,53500,54300,54300,55000,62900,64800,64100,64100,61400,64800,64800,62900,64100,64500,64500,64800,64800,58900,56600,58800,55400,57400,54600,54300,55000,37000,0,0,37000,42360,60000,95000,0,39857,37000,33200,52436,95000,36621,0,38788,59600,34026,0,47154,0,50470,0,36304,43222,0,49132,59200,0,37447,0,43101,47483,50202,51544,51846,56452,52922,61100,50535,49695,43678,33200,3100,-273000,-273000,-273000,326465,779313,19772216,337779,63,0,224,22,126,0,448,44,0,0,0,0,1640,19443,402336,702,10390,14010,244760,2199,326465,779313,19772216,337779,15475008,872724,7307924,3.30,0.00,0.00,657270,359839,12839076,333566,,,,1113600,1113600,1113600,1113600,1113600,1113600,883200,883200,0,,,,,,0,,915320,1004112,436,4931,400,1,494000,4932000,6904000,0,534,4419000,Full,726000000
1784669117.834324120,24426.04,59000,59400,60000,60700,61100,60000,60000,60000,59600,58100,58100,59300,61400,60100,59700,60800,60100,58900,58900,56600,57400,55400,55400,61000,55000,54600,53100,53900,54300,55000,64800,66800,64800,65600,61700,66800,66000,64500,65600,65600,64800,65600,65600,58900,56600,58400,55000,57400,54300,53900,54600,37000,0,0,37000,42360,59200,95000,0,39857,37000,33200,52404,95000,36621,0,38788,58800,34053,0,47146,0,50461,0,36213,43166,0,49121,58800,0,37470,0,43131,47466,50171,51544,51880,56452,52989,61500,50535,49762,43543,33200,3100,-273000,-273000,-273000,326475,779313,19772480,337781,63,0,224,22,126,0,448,44,0,0,0,0,1640,19443,402336,702,10390,14010,244760,2199,326475,779313,19772480,337781,15475008,878660,7313876,3.30,0.00,0.00,657270,359839,12839208,333566,,,,1996800,1996800,1996800,1996800,1996800,1996800,883200,883200,0,,,,,,0,,915320,1004112,436,4931,400,1,494000,4926000,6904000,0,534,4419000,Full,726000000
1784669118.301246256,24426.50,59800,60600,60700,61500,62300,60700,61900,61500,60700,58900,58900,60100,61700,60500,60500,61200,60500,59700,59300,57000,58500,55000,55000,61700,55000,54600,53500,53900,53900,55000,64800,66800,65200,66000,61700,67200,66000,64500,66400,65600,64800,65600,65600,58900,56200,58800,55000,57700,54600,54300,55000,37000,0,0,37000,42360,59600,95000,0,39857,37000,33200,52377,95000,36621,0,38788,59600,34084,0,47110,0,50440,0,36279,43189,0,49078,61100,0,37432,0,43153,47399,50152,51342,51913,56384,52989,61900,50535,49695,43644,33200,3100,-273000,-273000,-273000,326475,779313,19772480,337781,63,0,224,22,126,0,448,44,0,0,0,0,1640,19443,402336,702,10390,14010,244760,2199,326475,779313,19772480,337781,15475008,870320,7305552,3.30,0.00,0.00,657270,359839,12839208,333566,,,,1996800,1996800,1996800,1996800,1996800,1996800,883200,883200,0,,,,,,0,,898290,1000087,436,4931,400,1,494000,4923000,6904000,0,534,4419000,Full,726000000
1784669118.576378964,24426.78,59000,60200,61500,60300,60000,60300,60300,60300,60700,58500,58100,59700,61000,60100,60100,60800,60100,59300,59300,57000,57700,55000,55000,60600,54600,55000,53100,54300,54300,55400,64100,66400,64800,64800,61400,66000,65600,64100,65200,65200,64800,64800,65200,58900,56600,58800,55000,57000,54300,54300,55000,37000,0,0,37000,42360,59600,95000,0,39857,37000,33200,52356,95000,36621,0,38788,59200,34087,0,47110,0,50371,0,36245,43172,0,49046,60300,0,37444,0,43150,47399,50127,51611,51678,56116,52989,61500,50468,49695,43711,33200,3100,-273000,-273000,-273000,326475,779313,19772480,337781,63,0,224,22,126,0,448,44,0,0,0,0,1640,19443,402336,702,10390,14010,244760,2199,326475,779313,19772480,337781,15475008,870972,7306240,3.24,0.00,0.00,657270,359839,12839208,333566,,,,1996800,1996800,1996800,1996800,1996800,1996800,883200,883200,0,,,,,,0,,898290,1000087,436,4931,400,1,494000,4927000,6904000,0,534,4419000,Full,726000000
1784669118.854850943,24427.06,59400,59400,60700,60700,61100,59600,59200,60300,60000,58100,58100,58900,61000,59300,59700,60500,59700,59300,58900,56200,57400,55000,55000,61000,55000,54600,53100,53900,54300,55000,64800,66800,65200,65600,61700,66800,66000,64500,66000,65600,64500,65200,65200,58900,56600,58000,55000,57400,54300,54300,54600,37000,0,0,37000,42368,58800,95000,0,39857,37000,33200,52324,95000,36621,0,38788,59200,34087,0,47089,0,50363,0,36287,43185,0,49008,60000,0,37443,0,43124,47373,50104,51611,51745,56586,53157,61900,50535,49191,43644,33200,3100,-273000,-273000,-273000,326475,779313,19772480,337781,63,0,224,22,126,0,448,44,0,0,0,0,1640,19443,402336,702,10390,14010,244760,2199,326475,779313,19772480,337781,15475008,873156,7308428,3.24,0.00,0.00,657270,359839,12839208,333566,,,,1996800,1996800,1996800,1996800,1996800,1996800,883200,883200,0,,,,,,0,,898290,1000087,436,4931,400,1,494000,4933000,6904000,0,534,4419000,Full,726000000
1784669119.128176932,24427.33,59800,60200,61500,60300,60000,60700,60300,60300,60000,58100,58100,59700,61000,60100,60100,60800,60100,59300,58900,56200,57400,55000,55000,61000,55000,54600,53100,53900,54300,55000,64800,67200,65200,66400,61400,67200,66000,64500,66000,65600,64500,65200,65600,58900,56200,59200,55000,57400,54300,53900,55000,37000,0,0,37000,42368,60000,95000,0,39857,37000,33200,52328,95000,36621,0,38788,58800,34084,0,47089,0,50351,0,36230,43166,0,48976,60000,0,37455,0,43172,47384,50067,51544,51745,56452,53056,61900,50468,49392,43913,33200,3100,-273000,-273000,-273000,326475,779313,19772480,337781,63,0,224,22,126,0,448,44,0,0,0,0,1640,19443,402336,702,10390,14010,244760,2199,326475,779313,19772480,337781,15475008,868888,7304160,3.24,0.00,0.00,657270,359839,12839208,333566,,,,1996800,1996800,1996800,1996800,1996800,1996800,883200,883200,0,,,,,,0,,898290,1000087,436,4931,400,1,494000,4929000,6904000,0,534,4419000,Full,726000000
1784669119.411543234,24427.61,59400,60200,60700,59600,59600,60300,61100,60000,59600,58500,58100,59700,61000,59700,60100,60500,59700,59300,59300,56200,57400,55000,55000,61000,54600,54600,53100,53900,53900,55000,64500,66800,65200,66000,61400,66800,66000,64500,65600,65600,64800,65600,65200,58900,55800,58800,55000,57400,53900,54300,54600,37000,0,0,37000,42375,60300,95000,0,39857,37000,33200,52320,95000,36621,0,38788,59200,34084,0,47069,0,50312,0,36307,43185,0,48972,60700,0,37440,0,43166,47356,50063,51476,51812,56452,52922,61500,50434,49392,43812,33200,3100,-273000,-273000,-273000,326475,779313,19772480,337781,63,0,224,22,126,0,448,44,0,0,0,0,1640,19443,402336,702,10390,14010,244760,2199,326475,779313,19772480,337781,15475008,870724,7306028,3.24,0.00,0.00,657270,359839,12839208,333566,,,,1324800,1324800,1324800,1324800,1324800,1324800,883200,883200,0,,,,,,0,,918172,1003986,436,4931,400,1,494000,4929000,6904000,0,534,4419000,Full,726000000
1784669119.687573078,24427.89,59400,60200,60700,60000,60000,60700,61900,60700,60700,58100,58100,59300,61000,59700,59300,60500,59700,59300,58500,56600,57700,55000,55000,60600,54600,54600,53100,53900,54300,55000,63700,65600,64500,64800,61400,65600,65200,64100,64800,64800,64500,65200,64800,58900,56600,58800,55000,57400,54300,53900,54600,37000,0,0,37000,42368,60300,95000,0,39857,37000,33200,52275,95000,36621,0,38788,59200,34106,0,47084,0,50325,0,36233,43175,0,48968,59200,0,37449,0,43182,47360,50038,51443,51678,56384,53056,61100,50636,49493,43879,33200,3100,-273000,-273000,-273000,326475,779313,19772480,337781,63,0,224,22,126,0,448,44,0,0,0,0,1640,19443,402336,702,10390,14010,244760,2199,326475,779313,19772480,337781,15475008,874312,7309572,3.24,0.00,0.00,657270,359839,12839208,333566,,,,1113600,1113600,1113600,1113600,1113600,1113600,883200,883200,0,,,,,,0,,918172,1003986,436,4931,400,1,491000,4927000,6904000,0,534,4419000,Full,726000000
1784669119.977344588,24428.18,59000,59800,60000,60000,60000,60000,61500,60700,61100,58100,58100,59300,61000,60100,59700,60500,59700,59700,58500,56200,57400,55000,55000,60600,54600,54600,53100,53900,53900,55000,64100,66400,64800,65200,61000,66000,65600,64100,65200,65200,64500,64800,65200,58900,56200,58400,55000,57000,54300,53900,55000,37000,0,0,37000,42372,60700,95000,0,39857,37000,33200,52256,95000,36621,0,38788,59600,34133,0,47058,0,50290,0,36213,43134,0,48930,59200,0,37455,0,43199,47332,50013,51207,51745,56250,53023,61100,50468,49762,43846,33200,3100,-273000,-273000,-273000,326475,779313,19772480,337781,63,0,224,22,126,0,448,44,0,0,0,0,1640,19443,402336,702,10390,14010,244760,2199,326475,779313,19772480,337781,15475008,870744,7306004,3.24,0.00,0.00,657270,359839,12839208,333566,,,,1324800,1324800,1324800,1324800,1324800,1324800,883200,883200,0,,,,,,0,,918172,1003986,436,4931,400,1,494000,4928000,6904000,0,534,4419000,Full,726000000
1784669120.274164380,24428.48,59800,59800,61100,61100,61900,60000,59600,61500,61500,58500,58500,59700,61700,60100,60100,60800,60100,59300,58900,56200,57400,55000,55000,61400,55000,54600,53100,53900,53900,55000,64500,66800,64800,65600,61700,66400,65600,64500,66000,65200,64800,65200,65600,58900,56200,58400,55000,57400,53900,53900,55000,37000,0,0,37000,42368,59600,95000,0,39857,37000,33300,52243,95000,36621,0,38788,59600,34106,0,47065,0,50270,0,36242,43189,0,48906,59600,0,37432,0,43182,47313,50017,51409,51678,56014,52989,61500,50569,49964,43947,33300,3100,-273000,-273000,-273000,326475,779313,19772480,337781,63,0,224,22,126,0,448,44,0,0,0,0,1640,19443,402336,702,10390,14010,244760,2199,326475,779313,19772480,337781,15475008,870636,7305896,3.24,0.00,0.00,657270,359839,12839208,333566,,,,1555200,1555200,1555200,1555200,1555200,1555200,883200,883200,0,,,,,,0,,910534,1004016,436,4931,400,1,494000,4929000,6902000,0,525,4418000,Full,726000000
1784669120.561779588,24428.76,59400,60600,61500,60000,60000,61100,61900,60700,61900,58900,58900,59700,61000,60500,60100,60800,60500,59300,59300,57400,58500,55400,55000,60600,54600,54600,53100,53900,54300,55000,64500,66400,64800,65600,61400,66000,65600,64100,65200,65200,64500,64800,65600,58900,56200,58400,55400,57400,54300,53900,54600,37000,0,0,37000,42375,59200,95000,0,39857,37000,33300,52216,95000,36621,0,38788,60000,34139,0,47058,0,50266,0,36242,43175,0,48891,59200,0,37429,0,43150,47324,49980,51275,51745,56183,52922,61100,50502,49325,43879,33300,3100,-273000,-273000,-273000,326475,779313,19772480,337781,63,0,224,22,126,0,448,44,0,0,0,0,1640,19443,402336,702,10390,14010,244760,2199,326475,779313,19772480,337781,15475008,870188,7305340,3.20,0.00,0.00,657270,359839,12839208,333566,,,,1324800,1324800,1324800,1324800,1324800,1324800,883200,883200,0,,,,,,0,,0,0,436,4931,400,1,494000,4929000,6902000,0,525,4418000,Full,726000000
1784669120.854625473,24429.06,59000,59800,61900,60000,59600,60300,60300,60000,60700,58100,58100,59300,61000,60100,59700,60800,59700,59300,58900,56200,57400,55000,55000,60600,54600,54600,53100,53900,53900,55400,64800,66800,65200,66000,61400,67200,66000,64500,66000,65600,64800,65200,65600,58900,56200,57600,55400,57000,53900,54300,55000,37000,0,0,37000,42372,58800,95000,0,39857,37000,33300,52222,95000,36621,0,38788,58800,34133,0,47028,0,50227,0,36264,43179,0,48896,58800,0,37443,0,43218,47309,49974,51207,51544,56384,53056,61900,50468,49460,43812,33300,3100,-273000,-273000,-273000,326475,779313,19772480,337781,63,0,224,22,126,0,448,44,0,0,0,0,1640,19443,402336,702,10390,14010,244760,2199,326475,779313,19772480,337781,15475008,869596,7304700,3.20,0.00,0.00,657270,359839,12839208,333566,,,,1996800,1996800,1996800,1996800,1996800,1996800,883200,883200,0,,,,,,0,,0,0,525,4927,390,1,494000,4928000,6902000,0,525,4418000,Full,726000000
1784669121.330735369,24429.53,59800,60200,60700,60300,60300,60300,61500,60700,61500,58900,58500,60100,61400,60500,60500,61200,60800,59700,59700,57000,58100,55000,55000,61000,55000,54600,53500,53900,53900,55000,64500,66000,64500,65200,61700,66000,65600,64100,65600,65200,64500,65200,65200,58500,56200,58400,55000,57000,54300,54300,55000,37000,0,0,37000,42372,60300,95000,0,39857,37000,33300,52161,95000,36621,0,38788,59600,34136,0,47028,0,50179,0,36245,43189,0,48853,59600,0,37408,0,43208,47296,49941,51342,51678,56216,52821,61500,50266,49695,43980,33300,3100,-273000,-273000,-273000,326475,779313,19772480,337781,63,0,224,22,126,0,448,44,0,0,0,0,1640,19443,402336,702,10390,14010,244760,2199,326475,779313,19772480,337781,15475008,868300,7303488,3.20,0.00,0.00,657270,359839,12839208,333566,,,,1324800,1324800,1324800,1324800,1324800,1324800,883200,883200,0,,,,,,0,,916361,1004146,525,4927,390,1,494000,4927000,6902000,0,525,4418000,Full,726000000
1784669121.616885629,24429.82,59400,59800,60700,60700,61100,60000,60700,60300,60700,58100,57700,59300,61700,60100,60100,60500,59700,59700,58900,56200,57400,55000,55000,61400,55000,54600,53100,53900,53900,55000,64800,66800,65200,66000,61400,66800,66000,64500,66000,65600,64800,65600,65600,58500,56200,58400,55400,57400,54300,54300,55000,37000,0,0,37000,42380,59600,95000,0,39857,37000,33300,52169,95000,36621,0,38788,59200,34150,0,47031,0,50202,0,36239,43179,0,48844,59200,0,37443,0,43237,47260,49916,51308,51544,56384,52720,61100,50334,49392,43947,33300,3100,-273000,-273000,-273000,326475,779313,19772480,337781,63,0,224,22,126,0,448,44,0,0,0,0,1640,19443,402336,702,10390,14010,244760,2199,326475,779313,19772480,337781,15475008,871888,7307048,3.20,0.00,0.00,657270,359839,12839208,333566,,,,1785600,1785600,1785600,1785600,1785600,1785600,883200,883200,0,,,,,,0,,916361,1004146,525,4927,390,1,494000,4932000,6902000,0,525,4418000,Full,726000000
1784669121.894506983,24430.10,58700,59800,60300,60300,60000,60000,59600,60300,59600,58100,58500,59300,61400,59700,59700,60500,60100,59300,58900,56600,57400,55000,54600,61000,55000,54600,53100,54300,53900,55400,64800,67200,65600,66000,61400,67200,66000,64800,66000,65600,64800,65200,65200,58900,56200,57600,55000,57400,54300,54300,55000,37000,0,0,37000,42375,58400,95000,0,39857,37000,33300,52161,95000,36621,0,38788,58800,34175,0,47015,0,50159,0,36273,43163,0,48838,58400,0,37456,0,43225,47231,49922,51544,51678,56418,52888,61900,50535,49257,43778,33300,3100,-273000,-273000,-273000,326475,779313,19772480,337781,63,0,224,22,126,0,448,44,0,0,0,0,1640,19443,402336,702,10390,14010,244760,2199,326475,779313,19772480,337781,15475008,867868,7303028,3.20,0.00,0.00,657270,359839,12839208,333566,,,,1440000,1440000,1440000,1440000,1440000,1440000,883200,883200,0,,,,,,0,,916361,1004146,525,4927,390,1,494000,4924000,6902000,0,525,4418000,Full,726000000
1784669122.173027035,24430.37,58700,59400,60700,60700,61500,60000,60700,60700,60300,58100,58100,59700,61000,59700,59700,60500,59700,59300,58900,56600,57700,55000,55000,61000,55000,54300,53100,53900,53900,55000,64500,66400,65200,65600,61700,66400,65600,64100,65600,65600,64800,64800,65200,58900,56200,58400,54600,57000,54300,54300,55000,37000,0,0,37000,42383,59600,95000,0,39747,37000,33300,52145,95000,36894,0,38788,58400,34161,0,47011,0,50146,0,36204,43156,0,48809,58400,0,37421,0,43244,47231,49910,51241,51577,56149,52754,61900,50367,49291,43879,33300,3100,-273000,-273000,-273000,326475,779313,19772480,337781,63,0,224,22,126,0,448,44,0,0,0,0,1640,19443,402336,702,10390,14010,244760,2199,326475,779313,19772480,337781,15475008,883260,7318484,3.20,0.00,0.00,657270,359839,12839208,333566,,,,1996800,1996800,1996800,1996800,1996800,1996800,883200,883200,0,,,,,,0,,916361,1004146,525,4927,390,1,494000,4928000,6902000,0,525,4418000,Full,726000000
1784669122.449015421,24430.65,59400,59400,60300,60700,61500,60300,61100,60700,60700,57700,58100,59700,61000,59700,59700,60800,59700,59300,58900,56600,57400,55000,55400,61000,55000,54300,53100,53500,53900,55400,64100,65600,64500,64800,61400,65600,65200,63300,64800,64500,64500,64800,65200,58900,56200,58400,54600,57000,53900,53900,55000,37000,0,0,37000,42398,59200,95000,0,39747,37000,33300,52106,95000,36894,0,38788,59200,34169,0,46997,0,50159,0,36222,43199,0,48785,59200,0,37441,0,43232,47238,49900,51443,51577,56014,52888,61100,50434,49090,43812,33300,3100,-273000,-273000,-273000,326475,779313,19772480,337781,63,0,224,22,126,0,448,44,0,0,0,0,1640,19443,402336,702,10390,14010,244760,2199,326475,779313,19772480,337781,15475008,886380,7321576,3.20,0.00,0.00,657270,359839,12839208,333566,,,,1113600,1113600,1113600,1113600,1113600,1113600,883200,883200,0,,,,,,0,,916408,1004162,525,4927,390,1,494000,4931000,6902000,0,525,4418000,Full,726000000
1784669122.736089379,24430.94,59000,59800,60300,60300,60000,59600,59200,60300,60300,57700,58100,59300,61000,59700,59700,60500,59700,59300,58900,56200,57000,54600,55000,61000,55000,54300,53100,53500,53900,55000,64500,66800,65600,65600,61400,66800,66000,64100,65600,65600,64800,65200,65200,58500,56200,58400,55000,57000,54300,54300,54600,37000,0,0,37000,42380,59200,95000,0,39747,37000,33300,52118,95000,36894,0,38788,58800,34197,0,47008,0,50135,0,36242,43166,0,48771,60300,0,37455,0,43232,47238,49883,51476,51645,56116,52754,62300,50502,49627,44081,33300,3100,-273000,-273000,-273000,326475,779313,19772480,337781,63,0,224,22,126,0,448,44,0,0,0,0,1640,19443,402336,702,10390,14010,244760,2199,326475,779313,19772480,337781,15475008,889180,7324348,3.16,0.00,0.00,657270,359839,12839208,333566,,,,1670400,1670400,1670400,1670400,1670400,1670400,883200,883200,0,,,,,,0,,916408,1004162,525,4927,390,1,491000,4931000,6902000,0,525,4418000,Full,726000000
1784669123.011075525,24431.21,59400,60200,63100,61500,62700,61100,62300,61100,60300,58100,57700,58900,61400,59700,59700,60500,59700,58900,58900,56200,57400,55000,55000,61400,55000,54600,53100,53900,53900,55000,64100,66400,64800,65200,61700,66400,65600,64100,65200,64800,64800,64800,65200,58500,56200,58400,55000,57000,54300,54300,54600,37000,0,0,37000,42390,60000,95000,0,39747,37000,33300,52096,95000,36894,0,38788,58400,34167,0,46994,0,50106,0,36207,43189,0,48760,58800,0,37405,0,43218,47182,49863,51107,51510,56116,52989,61500,50266,49796,44081,33300,3100,-273000,-273000,-273000,326479,779313,19772576,337783,63,0,224,22,126,0,448,44,0,0,0,0,1640,19443,402336,702,10390,14010,244760,2199,326479,779313,19772576,337783,15475008,886400,7321568,3.16,0.00,0.00,657270,359839,12839256,333566,,,,1324800,1324800,1324800,1324800,1324800,1324800,883200,883200,0,,,,,,0,,916408,1004162,525,4927,390,1,494000,4929000,6902000,0,525,4418000,Full,726000000
1784669123.296812973,24431.50,60600,61000,61500,61100,62300,61900,62700,61500,62300,58100,57700,59300,61400,59700,60100,60500,59700,59300,58500,56200,57400,55000,55000,61400,54600,54300,53100,53500,53900,54600,64100,66400,64500,64800,61400,66000,65200,63700,64800,64800,64100,64800,64800,58900,56200,59200,55000,57000,53900,53900,54600,37000,0,0,37000,42383,60300,95000,0,39747,37000,33300,52106,95000,36894,0,38788,59600,34197,0,46987,0,50110,0,36245,43208,0,48749,60700,0,37423,0,43257,47203,49846,51510,51577,56048,52888,61900,50132,49392,44047,33300,3100,-273000,-273000,-273000,326481,779313,19772592,337783,63,0,224,22,126,0,448,44,0,0,0,0,1640,19443,402336,702,10390,14010,244760,2199,326481,779313,19772592,337783,15475008,881552,7316720,3.16,0.00,0.00,657270,359839,12839264,333566,,,,1996800,1996800,1996800,1996800,1996800,1996800,883200,883200,0,,,,,,0,,904834,1004079,525,4927,390,1,494000,4929000,6902000,0,525,4418000,Full,726000000
1784669123.570379691,24431.77,59000,59800,60300,60300,60000,60000,60300,60000,60300,58100,58100,59300,61000,59700,59700,60800,59700,58900,58900,56600,57400,55000,55000,61000,54600,54300,53100,53900,53900,55000,64500,66800,64800,65200,61400,66400,65600,64500,65600,65200,64500,64800,65200,58900,56200,58400,55000,57000,53900,53900,55000,37000,0,0,37000,42395,59600,95000,0,39747,37000,33300,52075,95000,36894,0,38788,59200,34200,0,46987,0,50090,0,36270,43172,0,48735,58800,0,37434,0,43261,47199,49834,51174,51510,56014,52989,61500,50266,49157,44182,33300,3100,-273000,-273000,-273000,326481,779313,19772592,337783,63,0,224,22,126,0,448,44,0,0,0,0,1640,19443,402336,702,10390,14010,244760,2199,326481,779313,19772592,337783,15475008,878964,7314148,3.16,0.00,0.00,657270,359839,12839264,333566,,,,1785600,1785600,1785600,1785600,1785600,1785600,883200,883200,0,,,,,,0,,904834,1004079,525,4927,390,1,494000,4928000,6902000,0,525,4418000,Full,726000000
1784669123.849371670,24432.05,59000,59800,61500,60700,61100,60000,59200,60700,60700,58100,58100,59300,61400,59700,59700,60800,60100,59700,58900,56200,57000,54600,54600,61400,54600,54600,53100,53900,53900,55000,64500,66800,65200,65600,61700,66800,65600,64500,65600,65200,64800,65200,65600,58900,56200,57600,55000,57400,54300,53900,55000,37000,0,0,37000,42398,58000,95000,0,39747,37000,33300,52057,95000,36894,0,38788,58800,34224,0,47005,0,50073,0,36251,43182,0,48732,58800,0,37402,0,43244,47182,49813,51174,51476,56351,52619,61500,50535,49359,44047,33300,3100,-273000,-273000,-273000,326484,779313,19772616,337783,63,0,224,22,126,0,448,44,0,0,0,0,1640,19443,402336,702,10390,14010,244760,2199,326484,779313,19772616,337783,15475008,884684,7319892,3.16,0.00,0.00,657270,359839,12839276,333566,,,,1900800,1900800,1900800,1900800,1900800,1900800,883200,883200,0,,,,,,0,,904834,1004079,525,4927,390,1,494000,4935000,6902000,0,525,4418000,Full,726000000
1784669124.325160316,24432.53,59800,60600,61100,61100,62700,60700,61900,61500,61500,58900,58900,60100,61400,60500,60100,60800,60100,59300,58900,57400,58100,55000,54600,61400,54600,54300,53100,53900,53900,55000,63700,65600,64800,64500,61700,65600,65600,63300,64800,65200,64500,64800,64800,58900,56200,59200,55000,57000,54300,54300,54600,37000,0,0,37000,42390,60700,95000,0,39747,37000,33300,52032,95000,36894,0,38788,59600,34224,0,46977,0,50073,0,36287,43199,0,48681,60700,0,37417,0,43276,47159,49794,51140,51275,56116,52989,61900,50334,49157,44013,33300,3100,-273000,-273000,-273000,326484,779313,19772616,337783,63,0,224,22,126,0,448,44,0,0,0,0,1640,19443,402336,702,10390,14010,244760,2199,326484,779313,19772616,337783,15475008,874168,7309536,3.16,0.00,0.00,657270,359839,12839276,333566,,,,1555200,1670400,1670400,1670400,1670400,1670400,883200,883200,0,,,,,,0,,914177,1004009,525,4927,390,1,497000,4935000,6902000,0,525,4418000,Full,726000000
1784669124.599817555,24432.80,59800,60200,60300,60300,60300,61100,62300,61500,61500,58100,58100,59300,61000,59700,59700,60500,60100,59300,58500,56600,57700,55000,55000,60600,55000,54300,53100,53900,54300,54600,64500,66400,64800,65200,61700,66400,65600,64100,65600,65600,64500,65200,65600,58500,56200,58800,55000,57400,54300,53900,55000,37000,0,0,37000,42395,60000,95000,0,39747,37000,33300,52028,95000,36894,0,38788,60000,34227,0,46990,0,50046,0,36204,43179,0,48675,59600,0,37420,0,43293,47178,49769,51039,51577,56014,52989,61500,50266,49359,43980,33300,3100,-273000,-273000,-273000,326484,779313,19772616,337783,63,0,224,22,126,0,448,44,0,0,0,0,1640,19443,402336,702,10390,14010,244760,2199,326484,779313,19772616,337783,15475008,878716,7314088,3.13,0.00,0.00,657270,359839,12839276,333566,,,,1996800,1996800,1996800,1996800,1996800,1996800,883200,883200,0,,,,,,0,,914177,1004009,525,4927,390,1,497000,4936000,6902000,0,525,4418000,Full,726000000
1784669124.873178545,24433.07,59000,59800,60300,60000,59600,60300,60700,60000,59200,58100,58100,59300,61000,60100,60100,60500,59700,59700,58900,56600,57700,55000,54600,60600,54600,54300,53100,53900,53900,55000,64500,66800,65200,65600,61000,66800,66000,64100,65600,65600,64500,65200,65600,58900,56200,58400,55000,57000,54300,53900,54600,37000,0,0,37000,42398,59200,95000,0,39747,37000,33300,52018,95000,36894,0,38788,58800,34233,0,46953,0,50053,0,36242,43218,0,48665,59200,0,37455,0,43279,47142,49759,51241,51544,56014,52519,61500,50434,49359,44182,33300,3100,-273000,-273000,-273000,326484,779313,19772616,337783,63,0,224,22,126,0,448,44,0,0,0,0,1640,19443,402336,702,10390,14010,244760,2199,326484,779313,19772616,337783,15475008,883780,7319152,3.13,0.00,0.00,657270,359839,12839276,333566,,,,1996800,1996800,1996800,1996800,1996800,1996800,883200,883200,0,,,,,,0,,914177,1004009,525,4927,390,1,494000,4928000,6902000,0,525,4418000,Full,726000000
1784669125.156733961,24433.36,59000,59800,60000,60000,59600,60000,61100,60000,60000,57700,57700,59700,60600,60100,59700,60500,60100,59300,58900,56200,57400,55400,55000,60600,54600,54600,52700,53900,53500,54600,64800,66800,65200,66000,61000,66800,66000,64500,66000,65600,64800,65200,65200,58900,56200,58800,55000,57000,53900,53900,55000,37000,0,0,37000,42413,60000,95000,0,39747,37000,33300,52010,95000,36894,0,38788,58800,34249,0,46977,0,50025,0,36233,43199,0,48643,59200,0,37420,0,43319,47124,49774,51073,51577,55847,52720,61100,50266,49392,44114,33300,3100,-273000,-273000,-273000,326484,779313,19772616,337783,63,0,224,22,126,0,448,44,0,0,0,0,1640,19443,402336,702,10390,14010,244760,2199,326484,779313,19772616,337783,15475008,880992,7316368,3.13,0.00,0.00,657270,359839,12839276,333566,,,,1555200,1555200,1555200,1555200,1555200,1555200,883200,883200,0,,,,,,0,,908579,1000121,525,4927,390,1,494000,4933000,6902000,0,533,4421000,Full,726000000
1784669125.518543180,24433.72,58700,59400,60300,59600,59600,60000,60300,60000,60300,57700,57700,59300,60600,59700,59700,60500,59700,59300,58900,56200,57400,55000,55000,60600,54600,54300,53100,53500,53500,55000,63700,65600,64500,64500,60600,65600,65200,63300,64800,64800,64100,64800,64800,58500,56200,58000,54600,57000,54300,53900,54600,37000,0,0,37000,42407,58800,95000,0,39747,37000,33400,51994,95000,36894,0,38788,58400,34243,0,46967,0,49984,0,36216,43211,0,48650,58800,0,37411,0,43312,47124,49749,51174,51342,56014,52619,61100,50400,49695,44316,33400,3100,-273000,-273000,-273000,326484,779313,19772616,337783,63,0,224,22,126,0,448,44,0,0,0,0,1640,19443,402336,702,10390,14010,244760,2199,326484,779313,19772616,337783,15475008,876632,7312008,3.13,0.00,0.00,657270,359839,12839276,333566,,,,1555200,1555200,1555200,1555200,1555200,1555200,883200,883200,0,,,,,,0,,908579,1000121,525,4927,390,1,497000,4933000,6902000,0,523,4421000,Full,726000000
1784669125.827085367,24434.03,58700,58700,60700,60000,60300,59600,60000,59600,59200,58100,57700,58900,60600,59700,59700,60500,59700,59300,58900,55800,57000,55000,55000,60200,54600,54300,53100,53900,53900,54600,64500,66000,64500,64800,60600,66000,65200,63700,64800,64800,64500,64800,64800,58900,56200,57600,55000,57400,54300,53900,54600,37000,0,0,37000,42410,58800,95000,0,39747,37000,33400,51973,95000,36894,0,38788,58000,34260,0,46954,0,49982,0,36266,43206,0,48659,58800,0,37414,0,43297,47109,49732,51275,51443,55947,52821,61100,50266,49191,44047,33400,3100,-273000,-273000,-273000,326484,779313,19772616,337783,63,0,224,22,126,0,448,44,0,0,0,0,1640,19443,402336,702,10390,14010,244760,2199,326484,779313,19772616,337783,15475008,882588,7317736,3.13,0.00,0.00,657270,359839,12839276,333566,,,,1555200,1555200,1555200,1555200,1555200,1555200,883200,883200,0,,,,,,0,,0,0,525,4927,390,1,494000,4927000,6902000,0,523,4421000,Full,726000000
1784669126.115025992,24434.32,59000,59800,60000,60000,59600,60300,61100,60300,61500,57700,58100,58900,60200,59700,59300,60500,59300,58900,58900,56200,57400,55000,55000,60600,55000,54300,53100,53900,53500,55000,64500,66800,64800,65200,61000,66400,65600,64100,65200,65200,64500,65200,65200,58500,55800,58800,55000,57400,53900,53900,54600,37000,0,0,37000,42402,59600,95000,0,39747,37000,33400,51981,95000,36894,0,38788,58400,34285,0,46938,0,49957,0,36237,43184,0,48641,59200,0,37437,0,43310,47091,49732,51241,51611,55746,52989,60700,50367,49022,44013,33400,3100,-273000,-273000,-273000,326484,779313,19772616,337783,63,0,224,22,126,0,448,44,0,0,0,0,1640,19443,402336,702,10390,14010,244760,2199,326484,779313,19772616,337783,15475008,889788,7324936,3.13,0.00,0.00,657270,359839,12839276,333566,,,,1996800,1996800,1996800,1996800,1996800,1996800,883200,883200,0,,,,,,0,,0,0,525,4927,390,1,494000,4927000,6902000,0,523,4421000,Full,726000000
1784669126.400678284,24434.60,58700,59000,60700,59200,59200,59600,59600,59600,60000,57700,57700,58500,60200,59300,59300,60100,59300,58900,58500,56200,57000,55000,55000,60200,54600,54300,53100,53500,53900,54600,63700,65600,64100,64800,61000,65200,65200,63300,65200,64500,64100,64500,64500,58500,56200,57600,54600,57000,53900,53500,54300,37000,0,0,37000,42410,58800,95000,0,39747,37000,33400,51947,95000,36894,0,38788,58400,34266,0,46931,0,49945,0,36248,43173,0,48641,58400,0,37440,0,43307,47098,49720,51308,51510,55913,52653,61100,50199,49560,44182,33400,3100,-273000,-273000,-273000,326486,779313,19772640,337784,63,0,224,22,126,0,448,44,0,0,0,0,1640,19443,402336,702,10390,14010,244760,2199,326486,779313,19772640,337784,15475008,883016,7318168,3.13,0.00,0.00,657270,359839,12839288,333566,,,,1785600,1785600,1785600,1785600,1785600,1785600,883200,883200,0,,,,,,0,,913961,1004014,525,4927,390,1,497000,4928000,6902000,0,523,4421000,Full,726000000
1784669126.683176825,24434.88,61700,62500,62700,62300,64200,62300,63100,63500,63500,58900,59300,59700,62100,60500,60500,61200,60500,59700,59300,58100,58900,54600,54600,62500,54600,54300,52700,53500,53500,54600,64500,66400,64800,65200,62500,66000,65200,64500,65600,65200,64500,64800,65200,58900,55800,60700,55000,57000,54300,53900,54600,37000,0,0,37000,42407,62300,95000,0,39747,37000,33400,51935,95000,36894,0,38788,61100,34282,0,46931,0,49945,0,36225,43206,0,48612,62700,0,37403,0,43300,47082,49723,51275,51510,55712,53191,63500,50400,49056,43980,33400,3100,-273000,-273000,-273000,326486,779313,19772640,337784,63,0,224,22,126,0,448,44,0,0,0,0,1640,19443,402336,702,10390,14010,244760,2199,326486,779313,19772640,337784,15475008,830036,7265364,3.11,0.00,0.00,657270,359839,12839288,333566,,,,1996800,1996800,1996800,1996800,1996800,1996800,883200,883200,0,,,,,,0,,913961,1004014,525,4927,390,1,494000,4927000,6902000,0,523,4421000,Full,726000000
1784669126.956902502,24435.16,59400,59800,62300,60700,61100,60000,60000,60300,59600,58500,58500,59700,61000,60100,60100,60800,59700,59300,58900,57000,57700,55000,55000,61000,55000,54300,53500,53500,53900,54600,64500,66800,64800,65200,61400,66400,65600,64500,65600,65200,64500,64800,65200,58500,55800,58000,55000,57000,53900,53900,54600,37000,0,0,37000,42407,58400,95000,0,39856,37000,33400,51887,95000,37005,0,38788,58800,34291,0,46957,0,49945,0,36216,43173,0,48595,60000,0,37419,0,43329,47094,49690,51207,51376,55880,52854,62300,50266,49257,44148,33400,3100,-273000,-273000,-273000,326486,779313,19772640,337784,63,0,224,22,126,0,448,44,0,0,0,0,1640,19443,402336,702,10390,14010,244760,2199,326486,779313,19772640,337784,15475008,879204,7314548,3.11,0.00,0.00,657270,359839,12839288,333566,,,,1785600,1785600,1785600,1785600,1785600,1785600,1382400,1382400,0,,,,,,0,,0,0,525,4927,390,1,494000,4932000,6902000,0,523,4421000,Full,726000000
1784669127.451149533,24435.65,59000,59400,60300,61100,61500,60000,60300,60300,60000,58500,58500,59700,61400,60100,60100,61200,60100,59700,58900,57000,58100,55000,55000,61000,55000,54300,53100,53900,53900,55000,64500,66800,64800,65600,61400,66800,65600,64500,65600,65200,64500,65200,65200,58500,56200,58400,54600,57400,54300,54300,54600,37000,0,0,37000,42413,60000,95000,0,39856,37000,33400,51923,95000,37005,0,38788,59200,34288,0,46934,0,49937,0,36191,43213,0,48588,59200,0,37410,0,43332,47067,49695,51107,51443,55981,52821,61500,50334,49392,44249,33400,3100,-273000,-273000,-273000,326486,779313,19772640,337784,63,0,224,22,126,0,448,44,0,0,0,0,1640,19443,402336,702,10390,14010,244760,2199,326486,779313,19772640,337784,15475008,883648,7318996,3.11,0.00,0.00,657270,359839,12839288,333566,,,,1785600,1785600,1785600,1785600,1785600,1785600,883200,883200,0,,,,,,0,,902446,1000046,525,4927,390,1,497000,4931000,6902000,0,523,4421000,Full,726000000
1784669127.727071356,24435.93,59000,59800,60300,60000,60000,60000,60700,60300,61100,58100,58100,59300,61400,59700,59700,60500,59700,59300,58500,56200,57400,54600,54600,61000,55000,54300,53100,53900,53900,55000,63700,65600,64500,64800,61400,65600,65200,63300,64800,65200,64500,64800,64800,58900,56200,58400,55000,57400,54300,53900,55000,37000,0,0,37000,42417,59600,95000,0,39856,37000,33400,51908,95000,37005,0,38788,59200,34310,0,46924,0,49905,0,36242,43203,0,48561,60300,0,37381,0,43313,47071,49679,51073,51443,55847,53124,61100,50300,49661,44216,33400,3100,-273000,-273000,-273000,326486,779313,19772640,337784,63,0,224,22,126,0,448,44,0,0,0,0,1640,19443,402336,702,10390,14010,244760,2199,326486,779313,19772640,337784,15475008,885776,7320960,3.11,0.00,0.00,657270,359839,12839288,333566,,,,1113600,1113600,1113600,1113600,1113600,1113600,883200,883200,0,,,,,,0,,902446,1000046,525,4927,390,1,494000,4935000,6902000,0,523,4421000,Full,726000000
1784669128.028133439,24436.23,59000,59400,61500,60300,60300,60000,60300,60300,59600,58100,58100,59300,61000,59700,59700,60800,59700,59300,58900,56600,57400,55000,54600,60600,54600,54300,52700,53500,53900,55000,64100,66400,64800,65200,61400,66000,65600,64100,65600,65200,64500,64800,65200,58500,56200,57600,55000,57000,54300,53900,54600,37000,0,0,37000,42422,58800,95000,0,39856,37000,33400,51875,95000,37005,0,38788,58400,34307,0,46911,0,49887,0,36216,43196,0,48553,59600,0,37425,0,43336,47064,49667,51174,51207,55813,52989,61900,50266,49224,44316,33400,3100,-273000,-273000,-273000,326491,779313,19772736,337785,63,0,224,22,126,0,448,44,0,0,0,0,1640,19443,402336,702,10390,14010,244760,2199,326491,779313,19772736,337785,15475008,882252,7317428,3.11,0.00,0.00,657270,359839,12839336,333566,,,,1555200,1555200,1555200,1555200,1555200,1555200,883200,883200,0,,,,,,0,,902446,1000046,525,4927,390,1,494000,4936000,6902000,0,523,4421000,Full,726000000
1784669128.313795471,24436.51,59000,59800,60000,60300,60000,59600,60300,60000,59600,58100,58100,59300,61000,59700,59700,60500,59700,58900,58900,56200,57000,55000,54600,60600,55000,54300,53100,53900,53900,55000,64800,66800,65200,66000,61400,67200,66000,64500,66000,65600,64500,65200,65600,58900,56200,58000,55000,57000,53900,53900,54600,37000,0,0,37000,42428,59200,95000,0,39856,37000,33400,51887,95000,37005,0,38788,58400,34321,0,46945,0,49916,0,36219,43177,0,48546,58800,0,37416,0,43329,47060,49667,51107,51476,55611,52989,61100,50334,49392,44216,33400,3100,-273000,-273000,-273000,326491,779313,19772736,337785,63,0,224,22,126,0,448,44,0,0,0,0,1640,19443,402336,702,10390,14010,244760,2199,326491,779313,19772736,337785,15475008,876004,7311212,3.11,0.00,0.00,657270,359839,12839336,333566,,,,1555200,1555200,1555200,1555200,1555200,1555200,883200,883200,0,,,,,,0,,913174,1004167,525,4927,390,1,494000,4933000,6902000,0,523,4421000,Full,726000000
1784669128.594801773,24436.80,58700,59400,60300,59600,59600,60000,60000,60000,60300,58100,57700,59300,60600,59700,59700,60500,59700,59300,58900,56200,57700,54600,54600,60600,54600,54300,53100,53900,54300,55000,64500,66400,64800,65200,61000,66400,65600,63700,65600,65200,64500,65200,65200,58900,56200,58000,54600,57000,54300,53900,54600,37000,0,0,37000,42413,58800,95000,0,39856,37000,33400,51903,95000,37005,0,38788,58400,34334,0,46931,0,49896,0,36279,43206,0,48557,58800,0,37396,0,43353,47060,49663,50972,51409,55847,52922,61500,50300,49191,44282,33400,3100,-273000,-273000,-273000,326491,779313,19772736,337785,63,0,224,22,126,0,448,44,0,0,0,0,1640,19443,402336,702,10390,14010,244760,2199,326491,779313,19772736,337785,15475008,876716,7312052,2.90,0.00,0.00,657270,359839,12839336,333566,,,,1440000,1440000,1440000,1440000,1440000,1440000,883200,883200,0,,,,,,0,,913174,1004167,525,4927,390,1,494000,4932000,6902000,0,523,4421000,Full,726000000
1784669128.878484741,24437.08,58700,59400,61500,60000,59600,60000,60300,60000,60000,58100,58100,58900,60600,59700,59700,60500,59700,59300,58900,56200,57000,55000,54600,60600,54600,54300,52700,53900,53900,55000,64100,66400,64800,65600,61400,66800,66000,64500,65600,65200,64800,64800,65600,58500,56200,57600,55000,57400,53900,53900,54600,37000,0,0,37000,42422,58800,95000,0,39856,37000,33400,51869,95000,37005,0,38788,58800,34340,0,46931,0,49896,0,36197,43203,0,48540,58000,0,37432,0,43336,47033,49663,51140,51342,55913,52922,61500,50266,49325,44216,33400,3100,-273000,-273000,-273000,326491,779313,19772736,337785,63,0,224,22,126,0,448,44,0,0,0,0,1640,19443,402336,702,10390,14010,244760,2199,326491,779313,19772736,337785,15475008,878292,7313632,2.90,0.00,0.00,657270,359839,12839336,333566,,,,1228800,1228800,1228800,1228800,1228800,1228800,883200,883200,0,,,,,,0,,913174,1004167,525,4927,390,1,497000,4929000,6902000,0,523,4421000,Full,726000000
1784669129.160911408,24437.36,58700,59800,60300,60700,61100,59600,60300,60300,60700,58100,58100,59300,61400,60100,59700,60500,60100,59700,58900,56200,57400,55000,54600,61000,54600,54600,53100,53900,53900,55000,64800,66800,65200,65600,61400,66800,66000,64500,66000,65200,64800,64800,65200,58500,56200,57600,55400,57000,53900,53900,54600,37000,0,0,37000,42443,58400,95000,0,39856,37000,33400,51869,95000,37005,0,38788,58800,34328,0,46916,0,49871,0,36270,43206,0,48532,58800,0,37419,0,43349,47044,49663,51342,51476,55813,53157,61100,50300,49123,44148,33400,3100,-273000,-273000,-273000,326491,779313,19772736,337785,63,0,224,22,126,0,448,44,0,0,0,0,1640,19443,402336,702,10390,14010,244760,2199,326491,779313,19772736,337785,15475008,874524,7309900,2.90,0.00,0.00,657270,359839,12839336,333566,,,,1555200,1555200,1555200,1555200,1555200,1555200,883200,883200,0,,,,,,0,,913174,1004167,525,4927,390,1,497000,4932000,6902000,0,523,4421000,Full,726000000
1784669129.445155262,24437.65,59000,59400,60700,60000,59200,59600,59600,60000,60000,58100,58100,59300,60600,59700,60100,60500,59700,59300,58900,56600,57400,55000,55000,60600,54600,54300,53100,53500,53900,55000,64500,66800,65200,66000,61000,66800,66000,64500,66000,65600,64800,65200,65200,58900,56200,58000,55400,57000,53900,53900,54600,37000,0,0,37000,42432,59200,95000,0,39856,37000,33400,51883,95000,37005,0,38788,58800,34351,0,46924,0,49887,0,36200,43206,0,48536,58400,0,37432,0,43358,47037,49653,51241,51443,55880,52922,61500,50165,49090,44282,33400,3100,-273000,-273000,-273000,326491,779313,19772736,337785,63,0,224,22,126,0,448,44,0,0,0,0,1640,19443,402336,702,10390,14010,244760,2199,326491,779313,19772736,337785,15475008,875056,7310512,2.90,0.00,0.00,657270,359839,12839336,333566,,,,1555200,1555200,1555200,1555200,1555200,1555200,883200,883200,0,,,,,,0,,928737,1003913,525,4927,390,1,494000,4931000,6902000,0,523,4421000,Full,726000000
1784669129.728042501,24437.93,59800,60600,63500,61100,61900,61500,61900,61500,61900,58100,58100,59300,61400,59700,59700,60500,60100,59300,58900,56600,57700,55000,55000,61400,54600,54300,53100,53500,53900,54600,64500,66400,64800,65200,61400,66000,65600,64100,65600,65200,64500,64800,65200,58500,56200,58800,55000,57000,54300,53900,54600,37000,0,0,37000,42428,60000,95000,0,39856,37000,33400,51857,95000,37005,0,38788,59200,34340,0,46924,0,49887,0,36206,43228,0,48538,59200,0,37408,0,43385,46999,49659,51107,51308,55847,52989,62300,50199,49224,44148,33400,3100,-273000,-273000,-273000,326491,779313,19772736,337785,63,0,224,22,126,0,448,44,0,0,0,0,1640,19443,402336,702,10390,14010,244760,2199,326491,779313,19772736,337785,15475008,882984,7318424,2.90,0.00,0.00,657270,359839,12839336,333566,,,,1785600,1785600,1785600,1785600,1785600,1785600,1132800,1132800,0,,,,,,0,,0,0,525,4927,390,1,494000,4927000,6902000,0,523,4421000,Full,726000000
1784669130.004922553,24438.21,59000,59800,60300,60000,60000,60000,59600,60300,60300,58100,58100,59300,61000,60100,60100,60800,60100,59300,58900,56600,57400,55000,54600,60600,54600,54300,53100,53900,53900,55000,64800,67200,65200,66000,61400,67200,66400,64800,66000,66000,64800,65600,65600,58900,56200,57600,55000,57400,54300,53900,54600,37000,0,0,37000,42437,59200,95000,0,39856,37000,33400,51853,95000,37005,0,38788,58800,34361,0,46924,0,49860,0,36245,43252,0,48528,60000,0,37449,0,43378,47019,49648,50972,51476,55746,52754,61100,50199,49056,44148,33400,3100,-273000,-273000,-273000,326491,779313,19772736,337785,63,0,224,22,126,0,448,44,0,0,0,0,1640,19443,402336,702,10390,14010,244760,2199,326491,779313,19772736,337785,15475008,878396,7313840,2.90,0.00,0.00,657270,359839,12839336,333566,,,,1785600,1785600,1785600,1785600,1785600,1785600,1497600,1497600,0,,,,,,0,,0,0,525,4927,390,1,494000,4929000,6902000,0,523,4421000,Full,726000000
1784669130.510753543,24438.71,60600,61400,63100,61500,61500,61500,61100,61900,61900,58900,59300,60100,62100,60800,60500,61200,60500,60100,59700,57400,58500,55000,55000,62100,55000,54600,53500,53900,53900,55000,64500,66800,65200,66000,62500,66800,66000,64800,66400,66000,65200,65600,65600,58900,56600,59600,55000,57400,54600,54300,55400,37000,0,0,37000,42448,60700,95000,0,39856,37000,33600,51935,95000,37005,0,38788,60300,34356,0,46961,0,49850,0,36216,43213,0,48486,60300,0,37441,0,43378,47037,49620,51174,51510,55880,52989,62700,50367,48888,44350,33600,3100,-273000,-273000,-273000,326690,779313,19792912,337816,63,0,224,22,126,0,448,44,0,0,0,0,1640,19443,402336,702,10390,14010,244760,2199,326690,779313,19792912,337816,15475008,881916,7311568,2.90,0.00,0.00,657270,359840,12849424,333567,,,,1555200,1555200,1555200,1555200,1555200,1555200,883200,883200,0,,,,,,0,,916734,1003958,525,4927,390,1,494000,4931000,6900000,0,579,4417000,Full,726000000
1784669130.798413647,24439.00,60200,60600,63100,61500,61900,61900,62300,61100,61100,58900,58500,60100,61700,60500,60500,61200,60500,59700,59700,57000,58100,55000,55000,61700,55000,54300,53100,53900,54300,55400,65200,67200,65600,66400,62100,67200,66000,64800,66000,65600,65600,65600,66000,59300,56600,59200,55400,57400,54600,54300,55000,37000,0,0,37000,42463,60700,95000,0,39856,37000,33600,52089,95000,37005,0,38788,59200,34379,0,46968,0,49850,0,36245,43232,0,48502,59200,0,37412,0,43375,47022,49639,51140,51678,56116,53090,62700,50400,49123,44216,33600,3100,-273000,-273000,-273000,326692,779313,19792960,337816,63,0,224,22,126,0,448,44,0,0,0,0,1640,19443,402336,702,10390,14010,244760,2199,326692,779313,19792960,337816,15475008,878072,7307712,3.10,0.00,0.00,657270,359840,12849448,333567,,,,1670400,1670400,1670400,1670400,1670400,1670400,883200,883200,0,,,,,,0,,916734,1003958,525,4927,390,1,494000,4931000,6900000,0,579,4417000,Full,726000000
1784669131.085803907,24439.29,59400,60200,63100,60700,60700,61100,61900,61100,61500,58500,58900,59700,61400,60500,60100,61200,60500,59700,59300,57000,58100,55400,55000,61400,55000,54600,53500,53900,54300,55400,64800,67200,65200,66000,61400,66800,66400,64800,66400,66000,65200,65600,65600,59300,56200,59200,55000,57700,54300,54300,55000,37000,0,0,37000,42463,60700,95000,0,39856,37000,33600,52098,95000,37005,0,38788,60000,34386,0,46976,0,49842,0,36231,43256,0,48511,60300,0,37429,0,43372,47026,49632,51207,51510,56183,52989,62300,50535,49627,44316,33600,3100,-273000,-273000,-273000,326692,779313,19792960,337816,63,0,224,22,126,0,448,44,0,0,0,0,1640,19443,402336,702,10390,14010,244760,2199,326692,779313,19792960,337816,15475008,885056,7314696,3.10,0.00,0.00,657270,359840,12849448,333567,,,,1785600,1785600,1785600,1785600,1785600,1785600,883200,883200,0,,,,,,0,,916734,1003958,525,4927,390,1,494000,4931000,6900000,0,579,4417000,Full,726000000
1784669131.368827501,24439.57,59800,60200,61100,61100,63100,60700,61900,61900,61500,58500,58500,59700,61700,60100,60100,60800,60500,59700,59300,56600,58100,55000,55400,61400,55000,54600,53500,54300,54300,55400,64800,67200,64800,65600,62100,66800,66000,64500,66000,65600,65200,65200,65600,59300,56200,59200,55000,57400,54300,53900,55000,37000,0,0,37000,42467,60700,95000,0,39856,37000,33600,52086,95000,37005,0,38788,59600,34403,0,46979,0,49863,0,36319,43261,0,48490,59600,0,37412,0,43390,47026,49636,51207,51645,56149,52989,62700,50502,49090,44316,33600,3100,-273000,-273000,-273000,326692,779313,19792960,337816,63,0,224,22,126,0,448,44,0,0,0,0,1640,19443,402336,702,10390,14010,244760,2199,326692,779313,19792960,337816,15475008,880332,7309944,3.10,0.00,0.00,657270,359840,12849448,333567,,,,1785600,1785600,1785600,1785600,1785600,1785600,883200,883200,0,,,,,,0,,930349,1004083,525,4927,390,1,494000,4933000,6900000,0,579,4417000,Full,726000000
1784669131.645886042,24439.85,59800,59800,61100,60700,60700,60000,60000,61100,61500,58100,58100,59700,61000,60100,59700,60500,60100,59300,58900,56200,57400,55000,55000,61400,55000,54600,53500,54300,54300,55400,65200,67200,65600,66000,61400,67200,66000,64800,66000,65600,64800,65600,65600,58900,56200,58000,55400,57400,54300,54300,55000,37000,0,0,37000,42478,58800,95000,0,39856,37000,33600,52081,95000,37005,0,38788,59200,34400,0,47026,0,49850,0,36260,43216,0,48490,60700,0,37421,0,43422,47003,49651,51241,51510,56250,53325,61500,50266,49157,44148,33600,3100,-273000,-273000,-273000,326692,779313,19792960,337816,63,0,224,22,126,0,448,44,0,0,0,0,1640,19443,402336,702,10390,14010,244760,2199,326692,779313,19792960,337816,15475008,879584,7309208,3.10,0.00,0.00,657270,359840,12849448,333567,,,,1670400,1670400,1670400,1670400,1670400,1670400,1497600,1497600,0,,,,,,0,,930349,1004083,525,4927,390,1,497000,4932000,6900000,0,579,4417000,Full,726000000
1784669131.932066355,24440.13,59000,60200,61500,60300,60300,60700,61100,60300,60300,58500,58500,60100,61400,60100,60500,60800,60100,59700,59300,56600,57700,55000,55000,61400,54600,54600,53100,53900,54300,55000,64800,67200,65600,66000,61700,67200,66400,64800,66000,66000,65200,65600,65600,58900,56200,58000,55400,57400,54300,53900,55000,37000,0,0,37000,42485,59200,95000,0,39856,37000,33600,52063,95000,37005,0,38788,58800,34430,0,46999,0,49863,0,36209,43245,0,48519,60700,0,37465,0,43400,46979,49665,51207,51645,56283,53258,62700,50434,49056,44114,33600,3100,-273000,-273000,-273000,326692,779313,19792960,337816,63,0,224,22,126,0,448,44,0,0,0,0,1640,19443,402336,702,10390,14010,244760,2199,326692,779313,19792960,337816,15475008,873088,7302704,3.10,0.00,0.00,657270,359840,12849448,333567,,,,1785600,1785600,1785600,1785600,1785600,1785600,883200,883200,0,,,,,,0,,930349,1004083,525,4927,390,1,491000,4935000,6900000,0,579,4417000,Full,726000000
1784669132.209162605,24440.41,59800,60200,60700,60700,60300,61100,61900,61100,61900,58500,58500,59700,61400,60100,60100,60800,60100,59700,59300,56600,57700,55000,55400,61000,55000,54600,53500,53900,54300,55000,64800,67200,65200,66000,61400,66800,66400,64500,66000,65600,64800,65600,65600,58900,56200,59200,55400,57400,54300,54300,55000,37000,0,0,37000,42485,60300,95000,0,39986,37000,33600,52102,95000,37105,0,38788,59600,34413,0,47003,0,49860,0,36222,43264,0,48498,60000,0,37419,0,43422,47007,49661,51275,51510,56183,53224,61500,50400,49224,44114,33600,3100,-273000,-273000,-273000,326692,779313,19792960,337816,63,0,224,22,126,0,448,44,0,0,0,0,1640,19443,402336,702,10390,14010,244760,2199,326692,779313,19792960,337816,15475008,885132,7314772,3.10,0.00,0.00,657270,359840,12849448,333567,,,,1785600,1785600,1785600,1785600,1785600,1785600,883200,883200,0,,,,,,0,,930349,1004083,525,4927,390,1,494000,4933000,6900000,0,579,4417000,Full,726000000
1784669132.486453646,24440.69,59400,59800,60300,60300,61900,60700,61100,60700,61500,58500,58100,59700,61000,60100,60100,60800,60100,59300,58900,56600,57700,55000,55000,61000,55400,54600,53100,53900,53900,55000,64500,66400,64800,65600,61000,66400,66000,64100,65600,65600,64800,65200,65200,59300,56200,58800,55000,57400,54300,53900,55000,37000,0,0,37000,42482,59600,95000,0,39986,37000,33600,52073,95000,37105,0,38788,59600,34422,0,47003,0,49860,0,36219,43275,0,48478,59200,0,37396,0,43400,47003,49661,51140,51409,56216,53191,61100,50400,49056,44148,33600,3100,-273000,-273000,-273000,326692,779313,19792960,337816,63,0,224,22,126,0,448,44,0,0,0,0,1640,19443,402336,702,10390,14010,244760,2199,326692,779313,19792960,337816,15475008,883644,7313276,3.10,0.00,0.00,657270,359840,12849448,333567,,,,1113600,1113600,1113600,1113600,1113600,1113600,883200,883200,0,,,,,,0,,929207,1003854,525,4927,390,1,494000,4929000,6900000,0,579,4417000,Full,726000000
1784669132.783091146,24440.98,58700,59400,60300,60300,60300,60000,60300,60300,60300,58100,58100,59700,61000,59700,60100,60500,60100,59300,59300,56200,57400,55000,54600,61000,55000,54300,53100,53900,53900,55000,64500,66800,64800,65200,61400,66400,65600,64100,65200,65200,64500,65200,65200,58900,56200,58000,55000,57000,53900,54300,55000,37000,0,0,37000,42496,59200,95000,0,39986,37000,33600,52059,95000,37105,0,38788,58400,34425,0,46979,0,49868,0,36222,43271,0,48504,58800,0,37443,0,43432,47003,49658,51308,51510,55913,52418,61100,50199,48821,44081,33600,3100,-273000,-273000,-273000,326694,779313,19792984,337816,63,0,224,22,126,0,448,44,0,0,0,0,1640,19443,402336,702,10390,14010,244760,2199,326694,779313,19792984,337816,15475008,877904,7307556,2.90,0.00,0.00,657270,359840,12849460,333567,,,,1785600,1785600,1785600,1785600,1785600,1785600,883200,883200,0,,,,,,0,,929207,1003854,525,4927,390,1,494000,4931000,6900000,0,579,4417000,Full,726000000
1784669133.062185625,24441.26,60200,61000,61900,61900,63100,61100,61500,61900,61500,58500,58500,59300,61700,60100,59700,60800,60100,59300,59300,56600,57700,55400,55000,61700,55000,54600,53100,53500,53900,55000,64500,66400,64800,65600,62100,66400,65600,64100,65600,65200,64500,64800,65200,58900,56200,59200,55000,57400,53900,54300,55000,37000,0,0,37000,42490,60300,95000,0,39986,37000,33600,52004,95000,37105,0,38788,59600,34430,0,46992,0,49860,0,36203,43256,0,48467,60000,0,37411,0,43426,47013,49646,51342,51409,55813,52989,62700,50165,49157,44249,33600,3100,-273000,-273000,-273000,326694,779313,19792984,337816,63,0,224,22,126,0,448,44,0,0,0,0,1640,19443,402336,702,10390,14010,244760,2199,326694,779313,19792984,337816,15475008,887572,7317260,2.90,0.00,0.00,657270,359840,12849460,333567,,,,1785600,1785600,1785600,1785600,1785600,1785600,1132800,1132800,0,,,,,,0,,906418,1004149,525,4927,390,1,494000,4931000,6900000,0,579,4417000,Full,726000000
1784669133.557770885,24441.76,59000,59800,60700,60700,61500,60300,60700,60700,61100,58500,58500,59700,61400,60100,60100,60800,60100,59700,58900,56600,57700,55000,55400,61400,54600,54600,53100,53900,53900,54600,64100,66000,64500,65200,61400,66000,65200,64100,65200,64800,64500,64500,65200,59300,56200,58400,54600,57400,54300,54300,55400,37000,0,0,37000,42505,59200,95000,0,39986,37000,33600,52000,95000,37105,0,38788,58800,34443,0,46988,0,49860,0,36251,43238,0,48517,58800,0,37416,0,43410,47007,49663,50972,51443,56014,52821,61100,50434,49392,44114,33600,3100,-273000,-273000,-273000,326750,779313,19794272,337829,63,0,224,22,126,0,448,44,0,0,0,0,1640,19443,402336,702,10390,14010,244760,2199,326750,779313,19794272,337829,15475008,877540,7307048,2.90,0.00,0.00,657270,359840,12850104,333567,,,,1324800,1324800,1324800,1324800,1324800,1324800,883200,883200,0,,,,,,0,,906418,1004149,525,4927,390,1,494000,4932000,6900000,0,579,4417000,Full,726000000
1784669133.853518125,24442.05,58300,59000,60000,60700,61100,59600,60000,60700,60000,58500,58100,59300,61400,59700,59700,60800,60100,59300,58900,56200,57400,55000,55000,61000,54600,54300,53500,53500,54300,55000,64500,66800,64800,65600,61000,66400,65600,64100,65600,65200,64500,64800,65200,58900,56200,57600,55000,57000,54300,53900,55000,37000,0,0,37000,42496,58400,95000,0,39986,37000,33600,52000,95000,37105,0,38788,58400,34452,0,46988,0,49875,0,36231,43310,0,48517,59200,0,37412,0,43422,47007,49646,51107,51544,55880,52821,60700,50400,49460,44249,33600,3200,-273000,-273000,-273000,326750,779313,19794272,337829,63,0,224,22,126,0,448,44,0,0,0,0,1640,19443,402336,702,10390,14010,244760,2199,326750,779313,19794272,337829,15475008,872672,7302136,2.90,0.00,0.00,657270,359840,12850104,333567,,,,1555200,1555200,1555200,1555200,1555200,1555200,883200,883200,0,,,,,,0,,906418,1004149,525,4927,390,1,494000,4935000,6900000,0,579,4417000,Full,726000000
1784669134.140795052,24442.34,58700,59400,60700,59600,59600,60000,60700,60300,60300,58100,58100,59300,61000,59700,59700,60500,59700,59300,58500,56200,57400,55000,55000,60600,55000,54600,53100,53900,53900,55000,64500,66800,64800,65600,61000,66400,66000,64500,66000,65200,64800,65200,65600,58900,56200,58400,55000,57400,54600,53900,54600,37000,0,0,37000,42496,59200,95000,0,39986,37000,33600,51930,95000,37105,0,38788,58800,34468,0,46972,0,49868,0,36228,43261,0,48484,58800,0,37393,0,43422,47010,49671,51275,51409,56082,53023,61500,50300,48854,44081,33600,3200,-273000,-273000,-273000,326750,779313,19794272,337829,63,0,224,22,126,0,448,44,0,0,0,0,1640,19443,402336,702,10390,14010,244760,2199,326750,779313,19794272,337829,15475008,875564,7305092,2.90,0.00,0.00,657270,359840,12850104,333567,,,,1785600,1785600,1785600,1785600,1785600,1785600,883200,883200,0,,,,,,0,,0,0,525,4927,390,1,497000,4927000,6900000,0,579,4417000,Full,726000000
1784669134.411688489,24442.61,59000,59400,60300,60000,60000,60000,60000,60000,59600,58100,58100,59300,61000,59700,60100,60800,60100,59300,58900,56600,57400,55000,54600,60600,55000,54300,53100,53900,54300,55000,64500,66400,65200,65600,61000,66400,65600,64100,65600,65200,64800,65200,65200,58900,56200,58400,55400,57000,54300,53900,55000,37000,0,0,37000,42496,59600,95000,0,39986,37000,33600,51953,95000,37105,0,38788,58400,34473,0,46942,0,49856,0,36248,43325,0,48502,58400,0,37408,0,43429,47003,49655,51073,51409,55813,52989,61100,50132,49224,44182,33600,3100,-273000,-273000,-273000,326750,779313,19794272,337829,63,0,224,22,126,0,448,44,0,0,0,0,1640,19443,402336,702,10390,14010,244760,2199,326750,779313,19794272,337829,15475008,870332,7299952,2.90,0.00,0.00,657270,359840,12850104,333567,,,,1785600,1785600,1785600,1785600,1785600,1785600,883200,883200,0,,,,,,0,,906252,1004041,525,4927,390,1,494000,4928000,6900000,0,579,4417000,Full,726000000
1784669134.695563906,24442.90,59000,59400,60300,60700,61500,59600,60300,61100,60700,58100,58100,59300,61400,59700,60100,60500,59700,59700,58900,56600,57400,55000,54600,61000,54600,54300,52700,53500,53900,55000,64500,66800,64800,65200,61400,66400,65600,64500,65600,65200,64800,65200,65600,58500,56200,57600,55400,57400,54300,53900,55000,37000,0,0,37000,42511,58400,95000,0,39986,37000,33600,51914,95000,37105,0,38788,59200,34458,0,46968,0,49887,0,36257,43336,0,48509,58800,0,37434,0,43465,47033,49655,51006,51443,56116,52888,61100,50367,49191,44114,33600,3200,-273000,-273000,-273000,326750,779313,19794272,337829,63,0,224,22,126,0,448,44,0,0,0,0,1640,19443,402336,702,10390,14010,244760,2199,326750,779313,19794272,337829,15475008,872900,7302544,2.92,0.00,0.00,657270,359840,12850104,333567,,,,1670400,1670400,1670400,1670400,1670400,1670400,883200,883200,0,,,,,,0,,906252,1004041,525,4927,390,1,494000,4927000,6900000,0,579,4417000,Full,726000000
1784669134.975812135,24443.18,58700,59400,61100,59600,60000,60000,60000,59600,59200,57700,57400,59300,61000,59300,59700,60100,59700,58900,58500,56200,57000,55000,54600,60600,54600,54300,53100,53500,53500,55000,64500,66400,64500,65200,61400,66400,65600,64100,65600,64800,64800,64800,65200,58500,56200,58000,55000,57000,53900,53900,55000,37000,0,0,37000,42523,58800,95000,0,39986,37000,33600,51908,95000,37105,0,38788,58400,34485,0,47003,0,49860,0,36257,43307,0,48515,58800,0,37408,0,43454,47003,49669,51308,51342,55746,52653,61500,50266,49426,44114,33600,3200,-273000,-273000,-273000,326750,779313,19794272,337829,63,0,224,22,126,0,448,44,0,0,0,0,1640,19443,402336,702,10390,14010,244760,2199,326750,779313,19794272,337829,15475008,886192,7315812,2.92,0.00,0.00,657270,359840,12850104,333567,,,,1440000,1440000,1440000,1440000,1440000,1440000,883200,883200,0,,,,,,0,,906252,1004041,525,4927,390,1,494000,4927000,6900000,0,579,4417000,Full,726000000
1784669135.260009530,24443.46,58700,59400,61100,60300,60700,59600,60000,60300,60000,57700,57700,58900,61000,59300,59300,60500,59700,58900,58500,56200,57000,55000,54600,60600,55000,54300,53100,53500,53900,55000,64500,66400,64500,65200,61400,66000,65600,64100,65600,65200,64500,64800,64800,58900,55800,57600,55000,57400,53900,53900,54600,37000,0,0,37000,42520,58400,95000,0,39986,37000,33600,51935,95000,37105,0,38788,58000,34473,0,47037,0,49875,0,36234,43303,0,48506,58800,0,37408,0,43436,46992,49669,51107,51544,55813,52720,61100,50199,48888,44249,33600,3200,-273000,-273000,-273000,326750,779313,19794272,337829,63,0,224,22,126,0,448,44,0,0,0,0,1640,19443,402336,702,10390,14010,244760,2199,326750,779313,19794272,337829,15475008,892168,7321616,2.92,0.00,0.00,657270,359840,12850104,333567,,,,1113600,1113600,1113600,1113600,1113600,1113600,883200,883200,0,,,,,,0,,901999,1000106,525,4927,390,1,494000,4931000,6900000,0,579,4417000,Full,726000000
1784669135.554827343,24443.76,58700,59000,60700,59600,60000,60000,60000,60000,59600,57700,57700,59300,60600,59300,59700,60500,59700,59300,58500,56200,56600,55000,55000,60200,54600,54300,53500,53500,53900,54600,62100,64500,63300,63300,60600,64100,64500,62100,63300,64100,63700,63700,63700,58900,56200,57600,55000,57000,53900,53900,54600,37000,0,0,37000,42523,58800,95000,0,39986,37000,33700,51883,95000,37105,0,38788,58000,34498,0,46988,0,49905,0,36216,43313,0,48498,59200,0,37419,0,43482,47026,49663,51275,51308,55443,52619,61100,50165,49191,44249,33700,3200,-273000,-273000,-273000,326750,779313,19794272,337829,63,0,224,22,126,0,448,44,0,0,0,0,1640,19443,402336,702,10390,14010,244760,2199,326750,779313,19794272,337829,15475008,888124,7317568,2.92,0.00,0.00,657270,359840,12850104,333567,,,,1670400,1670400,1785600,1785600,1785600,1785600,883200,883200,0,,,,,,0,,901999,1000106,525,4927,390,1,494000,4928000,6898000,0,512,4419000,Full,726000000
1784669135.905665832,24444.11,59000,59400,60000,60300,60700,59600,59200,60000,59600,57400,57400,58500,60600,59300,59300,59700,59300,58900,58500,55400,56600,55000,54600,60600,54600,54600,53100,53900,53500,55000,64500,66400,64800,65600,61000,66800,65200,64100,65600,65200,64500,64800,65200,58500,55800,57600,55000,57000,53900,53900,54600,37000,0,0,37000,42531,58800,95000,0,39986,37000,33700,51844,95000,37105,0,38788,58000,34504,0,47019,0,49863,0,36234,43346,0,48506,58000,0,37387,0,43465,47010,49648,51207,51409,55611,52585,61500,50233,49257,44081,33700,3200,-273000,-273000,-273000,326750,779313,19794272,337829,63,0,224,22,126,0,448,44,0,0,0,0,1640,19443,402336,702,10390,14010,244760,2199,326750,779313,19794272,337829,15475008,882868,7312264,2.92,0.00,0.00,657270,359840,12850104,333567,,,,1670400,1670400,1670400,1670400,1670400,1670400,883200,883200,0,,,,,,0,,901999,1000106,525,4927,390,1,497000,4935000,6898000,0,512,4419000,Full,726000000
1784669136.178467916,24444.38,59800,60600,60700,61100,61900,60700,61100,61100,61500,57700,58100,58900,61400,59700,59700,60500,59700,58900,58500,56200,57400,55000,54600,61000,54600,54300,52700,53500,53900,54600,64500,66400,64800,65200,61400,66400,66000,64100,65600,65200,64800,65200,65200,58900,55800,58800,54600,57400,53900,53900,54600,37000,0,0,37000,42541,60000,95000,0,39986,37000,33700,51869,95000,37105,0,38788,59600,34522,0,47026,0,49850,0,36251,43297,0,48484,59600,0,37441,0,43454,47022,49626,51207,51241,55847,53056,61100,50367,49359,44282,33700,3200,-273000,-273000,-273000,326750,779313,19794272,337829,63,0,224,22,126,0,448,44,0,0,0,0,1640,19443,402336,702,10390,14010,244760,2199,326750,779313,19794272,337829,15475008,882128,7311512,2.92,0.00,0.00,657270,359840,12850104,333567,,,,1785600,1785600,1785600,1785600,1785600,1785600,883200,883200,0,,,,,,0,,909820,1004153,525,4927,390,1,494000,4929000,6898000,0,512,4419000,Full,726000000
1784669136.656469009,24444.86,59800,60200,60700,61500,61900,60700,61500,61900,62300,58100,58100,59700,61700,60100,59700,60800,60100,59300,58500,56200,57400,55400,55000,61400,54600,54300,53100,53900,53900,55400,63300,65200,64500,64500,61400,64800,64800,62900,64100,64800,64500,64800,64800,58900,55800,59200,55000,57000,54300,53900,55400,37000,0,0,37000,42538,60700,95000,0,39986,37000,33700,51848,95000,37105,0,38788,60000,34528,0,46996,0,49860,0,36242,43336,0,48502,59600,0,37394,0,43479,47048,49636,50972,51308,55645,52922,61900,50367,49460,44249,33700,3200,-273000,-273000,-273000,326750,779313,19794272,337829,63,0,224,22,126,0,448,44,0,0,0,0,1640,19443,402336,702,10390,14010,244760,2199,326750,779313,19794272,337829,15475008,872104,7301600,2.93,0.00,0.00,657270,359840,12850104,333567,,,,1785600,1785600,1785600,1785600,1785600,1785600,883200,883200,0,,,,,,0,,909820,1004153,525,4927,390,1,494000,4933000,6898000,0,512,4419000,Full,726000000
1784669136.945195415,24445.15,59800,60200,61500,60000,59600,60300,60000,60300,60300,58100,58100,59300,61000,59700,59700,60500,59700,59300,58500,56200,57000,55000,55000,61000,54600,54300,53100,53900,53900,55000,64800,66800,65200,66000,61400,66800,66000,64500,66000,65200,64800,64800,65600,58500,56200,58800,55000,57000,53900,53900,54600,37000,0,0,37000,42550,59600,95000,0,40101,37000,33700,51822,95000,37105,0,38788,59200,34525,0,47003,0,49860,0,36219,43339,0,48486,61100,0,37400,0,43482,47013,49636,51006,51207,55746,52754,62700,50367,49392,44282,33700,3200,-273000,-273000,-273000,326750,779313,19794272,337829,63,0,224,22,126,0,448,44,0,0,0,0,1640,19443,402336,702,10390,14010,244760,2199,326750,779313,19794272,337829,15475008,874524,7304084,2.93,0.00,0.00,657270,359840,12850104,333567,,,,1785600,1785600,1785600,1785600,1785600,1785600,1497600,1497600,0,,,,,,0,,909820,1004153,525,4927,390,1,494000,4933000,6898000,0,512,4419000,Full,726000000
1784669137.219931301,24445.42,59000,59800,60300,61100,60700,60300,60300,60700,60000,58500,58500,59300,61400,59700,59700,60800,59700,59700,58900,57000,57700,55000,54600,61400,54600,54300,53100,53500,53900,55000,64500,66800,64800,65600,61400,66400,66000,64500,65600,65600,64500,65200,65200,58900,56200,58400,55000,57400,54300,53900,54600,37000,0,0,37000,42558,59600,95000,0,40101,37000,33700,51865,95000,37105,0,38788,58400,34555,0,47013,0,49856,0,36194,43332,0,48494,59200,0,37420,0,43494,46996,49636,50938,51376,55880,52922,61100,50233,49560,44316,33700,3200,-273000,-273000,-273000,326750,779313,19794272,337829,63,0,224,22,126,0,448,44,0,0,0,0,1640,19443,402336,702,10390,14010,244760,2199,326750,779313,19794272,337829,15475008,870196,7299764,2.93,0.00,0.00,657270,359840,12850104,333567,,,,1785600,1785600,1785600,1785600,1785600,1785600,883200,883200,0,,,,,,0,,909820,1004153,525,4927,390,1,494000,4932000,6898000,0,512,4419000,Full,726000000
1784669137.504238332,24445.71,58300,59400,61100,60300,60700,60000,60000,60000,60000,58100,58500,59700,61000,59700,59700,60800,60100,59300,58900,56200,57400,55000,55000,61000,55000,54600,53100,53500,53900,55000,64100,66400,64800,65600,61400,66400,66000,64100,65600,65200,64500,65200,65200,58500,55800,57600,55400,57000,53900,53900,54600,37000,0,0,37000,42558,58000,95000,0,40101,37000,33700,51869,95000,37105,0,38788,58400,34549,0,47003,0,49834,0,36219,43336,0,48492,58400,0,37432,0,43468,46999,49634,50938,51376,55712,52922,61100,50334,49460,44249,33700,3200,-273000,-273000,-273000,326750,779313,19794272,337829,63,0,224,22,126,0,448,44,0,0,0,0,1640,19443,402336,702,10390,14010,244760,2199,326750,779313,19794272,337829,15475008,876076,7305644,2.93,0.00,0.00,657270,359840,12850104,333567,,,,1785600,1785600,1785600,1785600,1785600,1785600,883200,883200,0,,,,,,0,,918710,1000022,525,4927,390,1,497000,4931000,6898000,0,512,4419000,Full,726000000
1784669137.802174009,24446.00,59000,59400,60700,59600,59200,60000,60300,60000,60300,58100,58100,58900,60600,60100,59700,60500,59700,58900,58900,55800,57000,55000,55000,60600,54600,54300,53100,53900,53900,54600,64500,66800,64800,65600,61000,66400,66000,64100,65200,65600,64500,65200,65200,58500,56200,58400,55000,57400,53900,53900,55000,37000,0,0,37000,42573,59200,95000,0,40101,37000,33700,51830,95000,37105,0,38788,58800,34534,0,46988,0,49823,0,36248,43325,0,48496,59600,0,37416,0,43482,46999,49634,51006,51308,55847,52485,61900,50300,49191,44148,33700,3200,-273000,-273000,-273000,326750,779313,19794272,337829,63,0,224,22,126,0,448,44,0,0,0,0,1640,19443,402336,702,10390,14010,244760,2199,326750,779313,19794272,337829,15475008,880776,7310328,2.93,0.00,0.00,657270,359840,12850104,333567,,,,1440000,1440000,1440000,1440000,1440000,1440000,883200,883200,0,,,,,,0,,918710,1000022,525,4927,390,1,494000,4928000,6898000,0,512,4419000,Full,726000000
1784669138.080706092,24446.28,58700,59400,61100,59200,59200,60000,60700,59600,59200,58100,57700,59300,61000,59700,59700,60500,59700,58900,58900,56200,57000,55000,55000,60600,54600,54300,53100,53900,53900,55400,64500,66800,64800,65600,61000,66800,65600,64100,65600,65200,64500,65200,65200,58500,55800,57600,55000,57400,53900,53900,54600,37000,0,0,37000,42558,59600,95000,0,40101,37000,33700,51841,95000,37105,0,38788,58400,34534,0,46961,0,49831,0,36219,43346,0,48496,60000,0,37398,0,43501,47010,49612,50938,51376,55678,52989,61100,50233,48955,44182,33700,3200,-273000,-273000,-273000,326750,779313,19794272,337829,63,0,224,22,126,0,448,44,0,0,0,0,1640,19443,402336,702,10390,14010,244760,2199,326750,779313,19794272,337829,15475008,883056,7312544,2.93,0.00,0.00,657270,359840,12850104,333567,,,,1555200,1555200,1555200,1555200,1555200,1555200,883200,883200,0,,,,,,0,,0,0,525,4927,390,1,494000,4933000,6898000,0,512,4419000,Full,726000000
1784669138.361710206,24446.56,58700,59400,60000,60000,59600,59600,59200,59600,59200,58100,58100,59300,61000,59300,59700,60500,59700,59300,58500,56200,57000,55000,55000,60600,55000,54300,53100,53900,53900,55000,64800,66800,65200,65600,61400,66800,66000,64500,65600,66000,64800,65200,65200,58500,56200,58000,55000,57000,53900,53900,54600,37000,0,0,37000,42568,58800,95000,0,40101,37000,33700,51822,95000,37105,0,38788,58000,34552,0,46988,0,49846,0,36228,43349,0,48506,59200,0,37447,0,43507,46996,49628,51006,51308,55947,52821,61500,50300,49191,44249,33700,3200,-273000,-273000,-273000,326765,779313,19794608,337831,63,0,224,22,126,0,448,44,0,0,0,0,1640,19443,402336,702,10390,14010,244760,2199,326765,779313,19794608,337831,15475008,879496,7308988,2.93,0.00,0.00,657270,359840,12850272,333567,,,,1785600,1785600,1785600,1785600,1785600,1785600,883200,883200,0,,,,,,0,,920149,1004007,525,4927,390,1,494000,4928000,6898000,0,512,4419000,Full,726000000
1784669138.633935050,24446.84,58300,59000,59600,60300,60300,59600,60000,59600,59200,58100,58100,59300,60600,59700,59700,60100,59700,59300,58500,56200,57400,55000,55000,60600,54600,54300,53100,53500,53900,54600,63300,65200,64500,64500,61000,65200,64800,63300,64100,64800,64100,64800,64500,58500,56200,58000,54600,57000,53900,53900,54600,37000,0,0,37000,42576,59600,95000,0,40101,37000,33700,51830,95000,37105,0,38788,58400,34585,0,46965,0,49819,0,36209,43358,0,48506,59600,0,37447,0,43519,47022,49618,50972,51476,55611,52989,60700,50165,49392,44216,33700,3200,-273000,-273000,-273000,326765,779313,19794608,337831,63,0,224,22,126,0,448,44,0,0,0,0,1640,19443,402336,702,10390,14010,244760,2199,326765,779313,19794608,337831,15475008,878988,7308456,2.76,0.00,0.00,657270,359840,12850272,333567,,,,1440000,1440000,1440000,1440000,1440000,1440000,883200,883200,0,,,,,,0,,920149,1004007,525,4927,390,1,494000,4922000,6898000,0,512,4419000,Full,726000000
1784669138.920777758,24447.12,59000,59400,60300,59600,59200,60000,60000,60000,59600,57700,57700,58900,60600,59300,59300,60100,59300,58900,58500,55800,57000,55000,54600,60200,54600,54600,53100,53500,53900,54600,64500,66400,64800,65200,60600,66400,65600,64100,65200,64800,64800,64800,65200,58500,56200,57600,54600,57000,53900,53900,54600,37000,0,0,37000,42579,58800,95000,0,40101,37000,33700,51875,95000,37105,0,38788,58400,34567,0,46979,0,49806,0,36209,43358,0,48494,59200,0,37393,0,43519,46996,49632,51107,51308,55645,52585,60700,50199,48989,44182,33700,3200,-273000,-273000,-273000,326765,779313,19794608,337831,63,0,224,22,126,0,448,44,0,0,0,0,1640,19443,402336,702,10390,14010,244760,2199,326765,779313,19794608,337831,15475008,884076,7313544,2.76,0.00,0.00,657270,359840,12850272,333567,,,,1324800,1324800,1324800,1324800,1324800,1324800,883200,883200,0,,,,,,0,,920149,1004007,525,4927,390,1,494000,4926000,6898000,0,512,4419000,Full,726000000
1784669139.204256404,24447.41,58700,59000,60000,59600,59200,59600,60300,59600,59600,57700,58100,59300,60600,59300,59700,60100,59700,59300,58500,57000,58100,55000,55000,60200,54600,54300,53100,53500,53900,55000,64100,66400,64800,65200,60600,66000,65600,64100,65200,64800,64500,64800,64800,58900,55800,58400,55000,57400,53900,53900,54600,37000,0,0,37000,42583,59200,95000,0,40101,37000,33700,51830,95000,37105,0,38788,58000,34591,0,46992,0,49797,0,36203,43332,0,48498,58400,0,37408,0,43504,47003,49614,51107,51308,55746,52619,60700,50434,48619,44282,33700,3200,-273000,-273000,-273000,326765,779313,19794608,337831,63,0,224,22,126,0,448,44,0,0,0,0,1640,19443,402336,702,10390,14010,244760,2199,326765,779313,19794608,337831,15475008,879964,7309432,2.76,0.00,0.00,657270,359840,12850272,333567,,,,1785600,1785600,1785600,1785600,1785600,1785600,883200,883200,0,,,,,,0,,902431,1000038,525,4927,400,1,494000,4933000,6898000,0,512,4419000,Full,726000000
1784669139.684678018,24447.89,59400,59800,60700,60700,60700,60000,60300,61100,61100,58100,58100,59300,61400,59700,59700,60800,60100,59300,58900,56600,57400,55000,55000,61700,55000,54300,53100,53900,53900,55000,64500,66400,64800,65200,61700,66400,65200,64500,65200,65200,64500,65200,65200,58900,55800,58400,55400,57000,54300,53900,55000,37000,0,0,37000,42588,59600,95000,0,40101,37000,33700,51830,95000,37105,0,38788,59200,34585,0,46992,0,49826,0,36203,43375,0,48488,60700,0,37425,0,43523,46992,49612,50972,51342,55913,52922,61100,50266,48955,44249,33700,3200,-273000,-273000,-273000,326765,779313,19794608,337831,63,0,224,22,126,0,448,44,0,0,0,0,1640,19443,402336,702,10390,14010,244760,2199,326765,779313,19794608,337831,15475008,876264,7305868,2.76,0.00,0.00,657270,359840,12850272,333567,,,,1785600,1785600,1785600,1785600,1785600,1785600,883200,883200,0,,,,,,0,,902431,1000038,525,4927,400,1,491000,4927000,6898000,0,512,4419000,Full,726000000
1784669139.968014581,24448.17,59000,59800,60700,60300,60000,59600,60000,60300,60000,58100,58500,59700,61400,59700,60100,60800,59700,59300,59300,56600,57700,55000,55000,61000,54600,54300,53100,53900,54300,55000,64500,66800,64800,66000,61400,66800,66000,64500,66400,65600,64800,65200,65200,58900,56200,58400,55000,57400,53900,53900,55000,37000,0,0,37000,42591,59200,95000,0,40101,37000,33700,51826,95000,37105,0,38788,58400,34604,0,46972,0,49801,0,36234,43390,0,48477,59600,0,37432,0,43529,46999,49593,51006,51308,55847,52653,62300,50300,48585,44081,33700,3200,-273000,-273000,-273000,326765,779313,19794608,337831,63,0,224,22,126,0,448,44,0,0,0,0,1640,19443,402336,702,10390,14010,244760,2199,326765,779313,19794608,337831,15475008,879336,7308924,2.76,0.00,0.00,657270,359840,12850272,333567,,,,1670400,1670400,1670400,1670400,1670400,1670400,883200,883200,0,,,,,,0,,902431,1000038,525,4927,400,1,494000,4928000,6898000,0,512,4419000,Full,726000000
1784669140.245947237,24448.45,58700,59800,61500,60300,60700,60000,60300,60000,59200,58100,57700,59300,61000,60100,60100,60800,60100,59300,58900,56200,57400,55000,55000,61000,55000,54300,53100,53900,53900,55000,64500,66400,64800,65600,61400,66800,65200,64500,65600,65200,64500,64800,65200,58900,56200,57600,54600,57000,53900,53900,54600,37000,0,0,37000,42606,58400,95000,0,40101,37000,33700,51826,95000,37105,0,38788,58800,34615,0,47007,0,49846,0,36206,43346,0,48484,58800,0,37410,0,43519,46992,49618,51039,51073,55746,52788,61100,50367,48989,44182,33700,3200,-273000,-273000,-273000,326765,779313,19794608,337831,63,0,224,22,126,0,448,44,0,0,0,0,1640,19443,402336,702,10390,14010,244760,2199,326765,779313,19794608,337831,15475008,877848,7307436,2.76,0.00,0.00,657270,359840,12850272,333567,,,,1555200,1555200,1555200,1555200,1555200,1555200,883200,883200,0,,,,,,0,,920998,1004038,525,4927,400,1,494000,4932000,6898000,0,512,4419000,Full,726000000
1784669140.526117289,24448.73,59800,59800,60300,60700,61100,60300,60000,60700,60300,58100,58100,59300,61400,59700,60100,60500,59700,59300,58900,56600,57700,55000,55000,61400,54600,54300,53500,53500,53900,54600,64500,66400,65200,65600,61700,66800,66000,64500,66000,65600,64500,65200,64800,58900,56200,58400,55000,57000,53900,53900,55000,37000,0,0,37000,42603,59600,95000,0,40101,37000,33700,51822,95000,37105,0,38788,58400,34604,0,46968,0,49797,0,36222,43375,0,48454,60300,0,37411,0,43519,46992,49607,50871,51207,55746,53056,61100,50199,48922,44182,33700,3200,-273000,-273000,-273000,326765,779313,19794608,337831,63,0,224,22,126,0,448,44,0,0,0,0,1640,19443,402336,702,10390,14010,244760,2199,326765,779313,19794608,337831,15475008,877236,7306792,2.76,0.00,0.00,657270,359840,12850272,333567,,,,1440000,1440000,1440000,1440000,1440000,1440000,883200,883200,0,,,,,,0,,0,0,525,4927,400,1,494000,4931000,6896000,0,556,4419000,Full,726000000
1784669140.877467653,24449.08,59000,59000,60000,60300,60300,60000,59600,60300,60300,57700,57700,58900,61000,59300,59700,60500,59300,58900,58900,56200,57000,55000,54600,60600,54600,54300,53100,53500,53900,55000,64500,66400,64800,65200,61000,66000,65600,64100,65600,64800,64100,64800,64800,58900,56200,57600,54600,57000,54300,53900,54600,37000,0,0,37000,42614,58800,95000,0,40101,37000,33800,51801,95000,37105,0,38788,58400,34642,0,46992,0,49797,0,36237,43400,0,48471,59200,0,37414,0,43529,47013,49599,51073,51342,55913,52754,61100,50367,49224,44350,33800,3200,-273000,-273000,-273000,326765,779313,19794608,337831,63,0,224,22,126,0,448,44,0,0,0,0,1640,19443,402336,702,10390,14010,244760,2199,326765,779313,19794608,337831,15475008,879576,7309100,2.81,0.00,0.00,657270,359840,12850272,333567,,,,1324800,1324800,1324800,1324800,1324800,1324800,1382400,1382400,0,,,,,,0,,0,0,525,4927,400,1,494000,4932000,6896000,0,530,4419000,Full,726000000
1784669141.165468695,24449.37,58700,59400,60300,60000,59200,60000,60300,60000,60300,57700,58100,59300,60600,59700,59300,60500,59700,58900,58500,55800,57000,55000,54600,60600,55000,54300,52700,53500,53900,55000,64800,66800,64800,65200,61400,66400,65600,64100,65200,65200,64500,64800,64800,58500,56200,58000,54600,57000,53900,54300,54600,37000,0,0,37000,42617,58400,95000,0,40101,37000,33800,51830,95000,37105,0,38788,58800,34636,0,47003,0,49834,0,36194,43368,0,48467,58400,0,37411,0,43546,47010,49595,50972,51308,55847,52821,61100,50165,49123,44282,33800,3200,-273000,-273000,-273000,326765,779313,19794608,337831,63,0,224,22,126,0,448,44,0,0,0,0,1640,19443,402336,702,10390,14010,244760,2199,326765,779313,19794608,337831,15475008,879700,7309232,2.81,0.00,0.00,657270,359840,12850272,333567,,,,1785600,1785600,1785600,1785600,1785600,1785600,883200,883200,0,,,,,,0,,0,0,525,4927,400,1,500000,4929000,6896000,0,530,4419000,Full,726000000
1784669141.442033330,24449.64,59000,59400,61900,60300,60300,60000,59200,60000,59200,58100,57700,58900,61400,59700,59300,60500,59700,59300,58900,55800,57000,55000,55000,61000,55000,54300,53100,53500,53900,55000,64800,66800,64800,66000,61400,66800,66000,64800,66000,65600,64800,65200,65200,58900,55800,57600,55000,57400,53900,53900,54600,37000,0,0,37000,42626,58400,95000,0,40101,37000,33800,51822,95000,37105,0,38788,58800,34639,0,46996,0,49813,0,36203,43390,0,48462,58400,0,37429,0,43571,46972,49602,50838,51207,55678,53090,61900,50334,49056,44216,33800,3200,-273000,-273000,-273000,326765,779313,19794608,337831,63,0,224,22,126,0,448,44,0,0,0,0,1640,19443,402336,702,10390,14010,244760,2199,326765,779313,19794608,337831,15475008,880556,7310088,2.81,0.00,0.00,657270,359842,12850272,333569,,,,1785600,1785600,1785600,1785600,1785600,1785600,883200,883200,0,,,,,,0,,912802,1004041,525,4927,400,1,494000,4928000,6896000,0,530,4419000,Full,726000000
1784669141.711038799,24449.91,59000,59800,60300,60300,60300,60000,59600,60700,60700,57700,57700,59300,61400,59700,59700,60500,59700,59300,58500,55800,57000,55000,55000,60600,54600,54600,53100,53500,53900,54600,64100,66400,64800,65600,61000,66400,66000,64100,65200,65200,64800,64800,64800,58500,55800,58000,55000,57400,53900,53900,54600,37000,0,0,37000,42621,59600,95000,0,40101,37000,33800,51805,95000,37105,0,38788,59200,34634,0,46992,0,49834,0,36237,43426,0,48473,58800,0,37426,0,43561,46996,49602,50804,51241,55544,52720,61500,50065,48922,44350,33800,3200,-273000,-273000,-273000,326765,779313,19794608,337831,63,0,224,22,126,0,448,44,0,0,0,0,1640,19443,402336,702,10390,14010,244760,2199,326765,779313,19794608,337831,15475008,876080,7305604,2.81,0.00,0.00,657270,359842,12850272,333569,,,,1670400,1670400,1670400,1670400,1670400,1670400,883200,883200,0,,,,,,0,,912802,1004041,525,4927,400,1,494000,4931000,6896000,0,530,4419000,Full,726000000
1784669141.981531820,24450.18,59800,60200,61500,61100,61100,60700,61500,61100,60700,57700,57700,59300,61400,59700,59700,60100,59700,59300,58500,56200,57000,55000,55000,61000,54600,54600,53100,53500,53900,55000,64100,66400,64500,65200,61400,66000,65600,64100,65600,64800,64500,64800,65200,58900,56200,58000,54600,57000,53900,53900,54600,37000,0,0,37000,42629,59600,95000,0,40101,37000,33800,51814,95000,37243,0,38788,59200,34630,0,46988,0,49823,0,36237,43426,0,48473,60700,0,37417,0,43552,47003,49607,50938,51409,55813,52451,61100,50165,49291,44182,33800,3200,-273000,-273000,-273000,326765,779313,19794608,337831,63,0,224,22,126,0,448,44,0,0,0,0,1640,19443,402336,702,10390,14010,244760,2199,326765,779313,19794608,337831,15475008,870588,7300144,2.81,0.00,0.00,657270,359842,12850272,333569,,,,1785600,1785600,1785600,1785600,1785600,1785600,883200,883200,0,,,,,,0,,912802,1004041,525,4927,400,1,494000,4927000,6896000,0,530,4419000,Full,726000000
1784669142.267509372,24450.47,58300,59000,60700,60000,60300,59200,58800,59600,59600,57700,57700,58900,60600,59300,59300,60100,59300,59300,58500,55400,56600,55000,55000,60200,54300,54300,52700,53500,53500,54600,63700,65600,64100,64800,60600,65600,64800,63300,65200,64500,64100,64100,64500,58500,55800,57600,54600,57000,53900,53500,54600,37000,0,0,37000,42626,58000,95000,0,40101,37000,33800,51805,95000,37243,0,38788,58000,34660,0,46979,0,49823,0,36219,43432,0,48480,57600,0,37431,0,43552,47013,49607,51073,51342,55578,52821,61100,50165,48821,44316,33800,3200,-273000,-273000,-273000,326765,779313,19794608,337831,63,0,224,22,126,0,448,44,0,0,0,0,1640,19443,402336,702,10390,14010,244760,2199,326765,779313,19794608,337831,15475008,874236,7303828,2.81,0.00,0.00,657270,359842,12850272,333569,,,,1324800,1324800,1324800,1324800,1324800,1324800,883200,883200,0,,,,,,0,,899714,1000150,530,4931,400,1,494000,4932000,6896000,0,530,4419000,Full,726000000
1784669142.750484215,24450.95,59400,60600,62300,60000,60000,61100,61500,60300,60700,58500,58100,59300,61000,59700,60100,60800,60100,59300,58900,57400,59700,55000,55000,61000,54300,54300,52700,53500,53500,55000,64500,66400,64500,65200,61700,66000,65600,64100,65200,65200,64500,64800,64800,58500,55800,58400,54600,57000,53900,53500,54600,37000,0,0,37000,42632,59600,95000,0,40101,37000,33800,51787,95000,37243,0,38788,59200,34658,0,47013,0,49846,0,36225,43410,0,48477,60300,0,37419,0,43552,47007,49597,51073,51308,55342,52888,61900,50300,49123,44216,33800,3200,-273000,-273000,-273000,326765,779313,19794608,337831,63,0,224,22,126,0,448,44,0,0,0,0,1640,19443,402336,702,10390,14010,244760,2199,326765,779313,19794608,337831,15475008,880076,7309512,2.84,0.00,0.00,657270,359842,12850272,333569,,,,1785600,1785600,1785600,1785600,1785600,1785600,1497600,1497600,0,,,,,,0,,899714,1000150,530,4931,400,1,494000,4931000,6896000,0,530,4419000,Full,726000000
1784669143.033525830,24451.23,58700,59400,60300,60700,60300,59600,60000,60300,59600,58500,58900,59700,61400,60100,60100,60800,60100,59300,58900,57000,58500,55000,55000,61000,54600,54300,53500,53500,53900,55000,64100,66800,64800,65200,61400,66400,65600,64500,65600,65200,64500,64800,65200,58900,55800,57600,55000,57000,54300,53900,55000,37000,0,0,37000,42644,58800,95000,0,40101,37000,33800,51783,95000,37243,0,38788,58400,34663,0,46988,0,49782,0,36219,43454,0,48465,59200,0,37393,0,43571,46988,49589,51107,51376,55578,52989,61500,50300,49191,44182,33800,3200,-273000,-273000,-273000,326765,779313,19794608,337831,63,0,224,22,126,0,448,44,0,0,0,0,1640,19443,402336,702,10390,14010,244760,2199,326765,779313,19794608,337831,15475008,882004,7311440,2.84,0.00,0.00,657270,359842,12850272,333569,,,,1440000,1440000,1440000,1440000,1440000,1440000,883200,883200,0,,,,,,0,,899714,1000150,530,4931,400,1,494000,4928000,6896000,0,530,4419000,Full,726000000
1784669143.326034944,24451.53,58300,58700,60000,60000,60300,58800,59200,60000,60000,57700,57700,59300,61000,59700,59700,60100,59700,58900,58500,56200,57400,54600,55000,60200,55000,54300,53100,53900,53900,55000,63700,66000,64500,64800,61000,65600,65200,63700,64800,64800,64100,64800,64800,58500,55800,57600,55000,57000,53900,53900,54600,37000,0,0,37000,42651,58800,95000,0,40101,37000,33800,51805,95000,37243,0,38788,58400,34672,0,47003,0,49789,0,36285,43422,0,48465,58400,0,37432,0,43571,47007,49602,51006,51409,55645,52720,61100,50132,49257,44182,33800,3200,-273000,-273000,-273000,326777,779313,19794744,337833,63,0,224,22,126,0,448,44,0,0,0,0,1640,19443,402336,702,10390,14010,244760,2199,326777,779313,19794744,337833,15475008,882588,7312024,2.84,0.00,0.00,657270,359842,12850340,333569,,,,1555200,1555200,1555200,1555200,1555200,1555200,883200,883200,0,,,,,,0,,905678,1003949,530,4931,400,1,494000,4933000,6896000,0,530,4419000,Full,726000000
1784669143.611000465,24451.81,58700,59000,60000,59600,59200,60000,60000,59600,60000,57700,57700,58900,60600,59300,59700,60100,59300,58900,58500,55800,57000,55000,55000,60200,54600,54600,52700,53900,53900,55000,64100,66000,64500,64800,60600,66000,65200,63700,65200,64800,64500,64800,64800,58500,56200,58000,55000,56600,53900,54300,54600,37000,0,0,37000,42651,58800,95000,0,40101,37000,33800,51818,95000,37243,0,38788,58800,34709,0,47007,0,49834,0,36285,43426,0,48454,58400,0,37389,0,43561,47019,49595,51006,51409,55645,52720,60700,50300,48720,44114,33800,3200,-273000,-273000,-273000,326777,779313,19794744,337833,63,0,224,22,126,0,448,44,0,0,0,0,1640,19443,402336,702,10390,14010,244760,2199,326777,779313,19794744,337833,15475008,877832,7307276,2.84,0.00,0.00,657270,359842,12850340,333569,,,,1555200,1555200,1555200,1555200,1555200,1555200,883200,883200,0,,,,,,0,,905678,1003949,530,4931,400,1,494000,4931000,6896000,0,530,4419000,Full,726000000
1784669143.901184892,24452.10,58300,58700,59600,60000,60000,59200,59600,60000,59600,57700,58100,58900,60600,59300,59700,60100,59300,58900,58500,55800,57000,55000,55000,60200,54600,54300,53100,53500,53500,54600,64100,66400,64800,65200,61000,66400,65600,64100,65200,65200,64500,64500,64800,58500,55800,58000,55000,57000,54300,53900,54600,37000,0,0,37000,42647,58400,95000,0,40101,37000,33800,51775,95000,37243,0,38788,58000,34690,0,46992,0,49797,0,36219,43365,0,48478,60000,0,37400,0,43565,47037,49577,50938,51308,55746,52821,60700,50266,49493,44282,33800,3200,-273000,-273000,-273000,326785,779313,19794832,337835,63,0,224,22,126,0,448,44,0,0,0,0,1640,19443,402336,702,10390,14010,244760,2199,326785,779313,19794832,337835,15475008,879100,7308564,2.84,0.00,0.00,657270,359842,12850384,333569,,,,1785600,1785600,1785600,1785600,1785600,1785600,883200,883200,0,,,,,,0,,905678,1003949,530,4931,400,1,494000,4935000,6896000,0,530,4419000,Full,726000000
1784669144.179011975,24452.38,58700,59000,59600,60000,60300,60000,59600,60000,60000,57700,58100,59300,60600,59700,59300,60500,59300,59300,58500,56200,57400,55000,55000,60200,54600,54600,53100,53500,53900,55000,64100,66000,64100,64500,60600,65600,65200,63700,64500,64500,64100,64500,64800,58500,56200,57200,55000,57000,53900,53500,54600,37000,0,0,37000,42662,58400,95000,0,40101,37000,33800,51805,95000,37243,0,38788,58400,34702,0,46996,0,49826,0,36228,43390,0,48478,58400,0,37398,0,43604,47026,49605,51107,51241,55746,52854,60300,50199,49392,44316,33800,3200,-273000,-273000,-273000,326785,779313,19794832,337835,63,0,224,22,126,0,448,44,0,0,0,0,1640,19443,402336,702,10390,14010,244760,2199,326785,779313,19794832,337835,15475008,875072,7304536,2.84,0.00,0.00,657270,359842,12850384,333569,,,,1324800,1324800,1324800,1324800,1324800,1324800,883200,883200,0,,,,,,0,,905678,1003949,530,4931,400,1,494000,4924000,6896000,0,530,4419000,Full,726000000
1784669144.468571142,24452.67,58300,59000,61100,59600,59200,60000,60000,60000,60000,57700,57700,58900,60600,59300,59300,60100,59700,59300,58500,56200,57000,54600,54600,60600,54300,54300,53100,53500,53500,55000,64100,66400,64500,65200,60600,66000,65200,63700,65200,64800,64500,64800,64800,58500,56200,57600,55000,57000,53900,53900,54600,37000,0,0,37000,42659,58400,95000,0,40101,37000,33800,51762,95000,37243,0,38788,58400,34720,0,47010,0,49823,0,36257,43443,0,48482,60000,0,37381,0,43593,47026,49599,50938,51308,55813,52687,61500,50098,49359,44216,33800,3200,-273000,-273000,-273000,326785,779313,19794832,337835,63,0,224,22,126,0,448,44,0,0,0,0,1640,19443,402336,702,10390,14010,244760,2199,326785,779313,19794832,337835,15475008,874048,7303592,2.84,0.00,0.00,657270,359842,12850384,333569,,,,1324800,1324800,1324800,1324800,1324800,1324800,883200,883200,0,,,,,,0,,897838,1000005,530,4931,400,1,494000,4926000,6896000,0,530,4419000,Full,726000000
1784669144.757707339,24452.96,58700,59400,61100,59600,59200,59600,59600,59200,59600,57700,58100,59300,60600,59700,59700,60100,59700,58900,58500,56200,57400,55000,55000,60200,54600,54300,53100,53500,53500,54600,64100,66400,64800,65600,61000,66400,65600,64100,65600,64800,64800,64800,65200,58500,56200,58000,55000,56600,53900,53900,54600,37000,0,0,37000,42677,58800,95000,0,40101,37000,33800,51783,95000,37243,0,38788,57600,34723,0,47003,0,49786,0,36209,43439,0,48456,59200,0,37429,0,43612,47007,49616,51006,51443,55746,52350,61100,50300,49090,44216,33800,3200,-273000,-273000,-273000,326785,779313,19794832,337835,63,0,224,22,126,0,448,44,0,0,0,0,1640,19443,402336,702,10390,14010,244760,2199,326785,779313,19794832,337835,15475008,875832,7305412,2.87,0.00,0.00,657270,359842,12850384,333569,,,,1785600,1785600,1785600,1785600,1785600,1785600,883200,883200,0,,,,,,0,,897838,1000005,530,4931,400,1,494000,4927000,6896000,0,530,4419000,Full,726000000
1784669145.033354631,24453.23,58700,59400,60000,59600,60000,59600,59200,60300,60700,58100,58100,59300,60600,59700,59700,60500,59300,59300,58500,56200,57400,55000,55000,60200,54600,54300,53100,53500,53500,55000,64500,66400,64800,66000,60600,66800,65600,64500,65200,65200,64800,64800,65200,58500,55800,58000,55000,57000,53900,53900,54600,37000,0,0,37000,42670,58800,95000,0,40101,37000,33800,51779,95000,37243,0,38788,58800,34726,0,47026,0,49794,0,36237,43454,0,48467,59200,0,37450,0,43604,46999,49599,51006,51308,55746,52821,60700,50233,49157,44316,33800,3200,-273000,-273000,-273000,326785,779313,19794832,337835,63,0,224,22,126,0,448,44,0,0,0,0,1640,19443,402336,702,10390,14010,244760,2199,326785,779313,19794832,337835,15475008,876656,7306224,2.87,0.00,0.00,657270,359842,12850384,333569,,,,1228800,1228800,1228800,1228800,1228800,1228800,883200,883200,0,,,,,,0,,897838,1000005,530,4931,400,1,494000,4927000,6896000,0,530,4419000,Full,726000000
1784669145.330912547,24453.53,58300,58700,60000,59600,59200,59200,59600,59600,59600,58100,58100,59300,60200,59700,59300,60500,59700,59300,58500,55800,57000,55000,54600,60200,54600,54300,52700,53900,53500,54600,63300,65600,64100,64500,60600,65200,64500,63300,64800,64500,64100,64100,64500,58900,56200,57600,54600,57000,53900,54300,55000,37000,0,0,37000,42685,58000,95000,0,40101,37000,33800,51766,95000,37243,0,38788,58400,34741,0,47026,0,49789,0,36225,43458,0,48462,58000,0,37419,0,43616,47019,49587,50838,51308,55678,52350,60700,50031,49325,44282,33800,3200,-273000,-273000,-273000,326785,779313,19794832,337835,63,0,224,22,126,0,448,44,0,0,0,0,1640,19443,402336,702,10390,14010,244760,2199,326785,779313,19794832,337835,15475008,877564,7307136,2.87,0.00,0.00,657270,359842,12850384,333569,,,,1113600,1113600,1113600,1113600,1113600,1113600,883200,883200,0,,,,,,0,,926237,1004049,530,4931,400,1,494000,4932000,6896000,0,530,4419000,Full,726000000
1784669145.831905308,24454.03,59800,60600,61900,61500,61900,60700,60700,61500,62300,58100,58100,59300,61400,59700,60100,60100,59700,59300,58900,56200,57400,54600,55000,61400,54600,54300,53100,53500,53900,54600,63300,65200,63700,64100,61400,65200,64800,63300,64800,64500,64100,64500,64500,58500,55800,58800,55000,57000,54300,53500,54600,37000,0,0,37000,42689,60300,95000,0,40101,37000,33900,51791,95000,37243,0,38788,60000,34756,0,46992,0,49782,0,36203,43475,0,48471,60000,0,37382,0,43597,47037,49579,51073,51308,55544,52519,61500,50266,49359,44249,33900,3200,-273000,-273000,-273000,326785,779313,19794832,337835,63,0,224,22,126,0,448,44,0,0,0,0,1640,19443,402336,702,10390,14010,244760,2199,326785,779313,19794832,337835,15475008,871548,7301312,2.87,0.00,0.00,657270,359842,12850384,333569,,,,1785600,1785600,1785600,1785600,1785600,1785600,883200,883200,0,,,,,,0,,926237,1004049,530,4931,400,1,494000,4932000,6896000,0,527,4422000,Full,726000000
1784669146.124507860,24454.33,58700,59800,61500,60000,59600,60000,60000,60300,60000,58100,58100,59300,61000,59700,59700,60500,59700,59300,58500,56200,57700,54600,55000,60600,54600,54300,52700,53500,53900,54600,63300,65600,64500,64800,61400,65600,65200,63300,64800,64800,64500,64500,64800,58500,55800,57600,55000,57000,53900,53900,55000,37000,0,0,37000,42689,58800,95000,0,40101,37000,33900,51766,95000,37243,0,38788,58400,34745,0,47003,0,49789,0,36225,43475,0,48452,59200,0,37393,0,43619,47019,49581,50938,51275,55981,52619,61900,50334,49056,44081,33900,3200,-273000,-273000,-273000,326785,779313,19794832,337835,63,0,224,22,126,0,448,44,0,0,0,0,1640,19443,402336,702,10390,14010,244760,2199,326785,779313,19794832,337835,15475008,882016,7311732,2.87,0.00,0.00,657270,359842,12850384,333569,,,,1440000,1440000,1440000,1440000,1440000,1440000,1017600,1017600,0,,,,,,0,,926237,1004049,530,4931,400,1,494000,4931000,6896000,0,527,4422000,Full,726000000
1784669146.417634630,24454.62,58700,59400,60700,59600,59600,60000,60000,59600,59200,57700,57700,59300,60600,59300,59700,60500,59700,58900,58500,56200,57000,55000,55000,60200,54600,54300,52700,53500,53900,55000,64500,66800,65200,65200,61000,66400,65600,64500,65200,65200,64500,65200,64800,58500,55800,58000,55000,57000,54300,53900,54600,37000,0,0,37000,42689,58800,95000,0,40101,37000,33900,51791,95000,37243,0,38788,58400,34756,0,47026,0,49809,0,36191,43472,0,48444,58400,0,37387,0,43600,47030,49585,50905,51140,55645,52854,61900,50165,48955,44216,33900,3200,-273000,-273000,-273000,326785,779313,19794832,337835,63,0,224,22,126,0,448,44,0,0,0,0,1640,19443,402336,702,10390,14010,244760,2199,326785,779313,19794832,337835,15475008,887584,7317176,2.87,0.00,0.00,657270,359842,12850384,333569,,,,1785600,1785600,1785600,1785600,1785600,1785600,883200,883200,0,,,,,,0,,895517,1004092,530,4931,400,1,494000,4931000,6896000,0,527,4422000,Full,726000000
1784669146.694196766,24454.90,59000,59800,60000,59600,60000,59600,60700,60300,60700,58100,57700,59300,61000,59700,59700,60500,59700,59300,58900,56200,57400,55000,54600,61000,54600,54600,53100,53500,53900,55000,62500,64500,63700,63300,61000,64100,64500,62500,64100,64500,63700,64500,64100,58900,55800,58000,55000,57000,54300,53900,54600,37000,0,0,37000,42700,60000,95000,0,40101,37000,33900,51798,95000,37243,0,38788,59200,34768,0,47026,0,49797,0,36260,43465,0,48460,59600,0,37410,0,43622,47030,49585,51174,51409,55578,52754,60700,50199,49157,44383,33900,3200,-273000,-273000,-273000,326785,779313,19794832,337835,63,0,224,22,126,0,448,44,0,0,0,0,1640,19443,402336,702,10390,14010,244760,2199,326785,779313,19794832,337835,15475008,882540,7312136,2.89,0.00,0.00,657270,359842,12850384,333569,,,,1324800,1324800,1324800,1324800,1324800,1324800,883200,883200,0,,,,,,0,,895517,1004092,530,4931,400,1,494000,4931000,6896000,0,527,4422000,Full,726000000
1784669146.985559370,24455.19,58300,59000,60000,60000,59600,59200,58800,60000,59200,57700,57700,58900,60600,59300,59700,60100,59300,58900,58500,56200,57000,55000,55000,60600,54600,54300,53100,53900,53900,54600,64500,66400,64800,65600,61400,66800,66000,64100,65600,65600,64500,65200,65200,58500,55800,57600,55000,57000,53900,53900,54600,37000,0,0,37000,42708,58800,95000,0,40101,37000,33900,51740,95000,37316,0,38788,58400,34774,0,47044,0,49801,0,36219,43482,0,48456,59600,0,37387,0,43626,47048,49571,50737,51241,55443,52619,61100,50165,49123,44350,33900,3200,-273000,-273000,-273000,326785,779313,19794832,337835,63,0,224,22,126,0,448,44,0,0,0,0,1640,19443,402336,702,10390,14010,244760,2199,326785,779313,19794832,337835,15475008,877476,7307072,2.89,0.00,0.00,657270,359842,12850384,333569,,,,1785600,1785600,1785600,1785600,1785600,1785600,883200,883200,0,,,,,,0,,895517,1004092,530,4931,400,1,494000,4929000,6896000,0,527,4422000,Full,726000000
1784669147.268246036,24455.47,59000,59400,60000,59600,59200,59600,60700,60300,60000,57700,57700,58900,60600,59300,59700,60100,59300,58900,58500,56200,57400,55000,54600,60200,54600,54300,52700,53500,54300,54600,63700,65600,64100,64800,61000,65600,65200,63300,64800,64500,64100,64500,64800,58500,56200,58000,54600,57000,53900,53500,54600,37000,0,0,37000,42712,59200,95000,0,40101,37000,33900,51752,95000,37316,0,38788,58800,34786,0,47022,0,49801,0,36191,43475,0,48467,59200,0,37391,0,43636,47013,49616,50938,51409,55578,52720,60700,50300,48787,44148,33900,3200,-273000,-273000,-273000,326785,779313,19794832,337835,63,0,224,22,126,0,448,44,0,0,0,0,1640,19443,402336,702,10390,14010,244760,2199,326785,779313,19794832,337835,15475008,872368,7301996,2.89,0.00,0.00,657270,359842,12850384,333569,,,,1324800,1324800,1324800,1324800,1324800,1324800,883200,883200,0,,,,,,0,,896824,1004117,530,4931,400,1,494000,4926000,6896000,0,527,4422000,Full,726000000
1784669147.561808276,24455.76,59000,59800,61500,59600,59200,60000,60300,59600,60300,57700,57700,59300,60600,59300,59700,60100,59700,59300,58900,56200,57000,55000,55000,60200,54600,54300,53100,53500,53900,55000,64100,66000,64500,64800,61000,66000,65200,63700,65200,64800,64100,64500,64800,58500,55800,58000,55400,57000,53500,53900,54600,37000,0,0,37000,42727,58400,95000,0,40101,37000,33900,51740,95000,37316,0,38788,58400,34780,0,47022,0,49797,0,36228,43490,0,48477,58800,0,37417,0,43629,47048,49609,50972,51308,55578,52585,61100,50199,48653,44249,33900,3200,-273000,-273000,-273000,326785,779313,19794832,337835,63,0,224,22,126,0,448,44,0,0,0,0,1640,19443,402336,702,10390,14010,244760,2199,326785,779313,19794832,337835,15475008,873512,7303156,2.89,0.00,0.00,657270,359842,12850384,333569,,,,1555200,1555200,1555200,1555200,1555200,1555200,1132800,1132800,0,,,,,,0,,896824,1004117,530,4931,400,1,494000,4923000,6896000,0,527,4422000,Full,726000000
1784669147.858399421,24456.06,58700,59000,60700,60300,60700,59200,59200,60300,60000,57400,57700,58900,60600,59300,59300,60100,59700,58900,58500,56200,57000,54600,54600,60600,54300,54300,53100,53900,53900,54600,64100,66000,64500,65200,61000,66400,65200,63700,65200,64500,64100,64500,64500,58500,56200,57200,55000,57000,54300,53500,54600,37000,0,0,37000,42718,58000,95000,0,40101,37000,33900,51720,95000,37316,0,38788,58400,34777,0,47037,0,49813,0,36203,43487,0,48488,58000,0,37385,0,43648,47013,49609,50972,51308,55947,52720,61900,50199,49325,44081,33900,3200,-273000,-273000,-273000,326785,779313,19794832,337835,63,0,224,22,126,0,448,44,0,0,0,0,1640,19443,402336,702,10390,14010,244760,2199,326785,779313,19794832,337835,15475008,879880,7309564,2.89,0.00,0.00,657270,359842,12850384,333569,,,,1324800,1324800,1324800,1324800,1324800,1324800,883200,883200,0,,,,,,0,,896824,1004117,530,4931,400,1,494000,4923000,6896000,0,527,4422000,Full,726000000
1784669148.132791817,24456.33,58700,59400,61100,60000,60700,60000,60300,60000,60000,57700,58100,59300,60600,59700,59300,60100,59700,59300,58900,55800,57400,54600,54600,60600,54600,53900,53100,53500,53900,54600,63700,66000,64500,65200,61400,65600,65200,63300,64800,65200,64100,64500,64500,58500,55800,58000,55000,56600,53900,53900,54600,37000,0,0,37000,42723,58400,95000,0,40101,37000,33900,51752,95000,37316,0,38788,58000,34804,0,47037,0,49794,0,36234,43494,0,48463,58000,0,37369,0,43648,47030,49595,50838,51409,55712,52854,61900,50367,48955,44249,33900,3200,-273000,-273000,-273000,326785,779313,19794832,337835,63,0,224,22,126,0,448,44,0,0,0,0,1640,19443,402336,702,10390,14010,244760,2199,326785,779313,19794832,337835,15475008,879912,7309564,2.89,0.00,0.00,657270,359842,12850384,333569,,,,1324800,1324800,1324800,1324800,1324800,1324800,883200,883200,0,,,,,,0,,896824,1004117,530,4931,400,1,494000,4932000,6896000,0,527,4422000,Full,726000000
1784669148.416454734,24456.62,58700,59800,61900,60700,61900,60000,60000,61100,61500,57400,57400,58500,61400,58900,59300,59700,59300,58500,58100,55400,57000,55000,54600,61000,54600,54300,53100,53900,53900,55000,64100,66000,64500,64800,61000,65600,65200,63700,64800,64800,63700,64500,64800,58500,55800,58400,54600,57000,53500,53500,54300,37000,0,0,37000,42735,59200,95000,0,40101,37000,33900,51771,95000,37316,0,38788,58000,34826,0,47026,0,49806,0,36248,43479,0,48467,58400,0,37394,0,43636,47026,49587,51073,51376,55712,52788,60700,50233,49191,44216,33900,3200,-273000,-273000,-273000,326785,779313,19794832,337835,63,0,224,22,126,0,448,44,0,0,0,0,1640,19443,402336,702,10390,14010,244760,2199,326785,779313,19794832,337835,15475008,880200,7309820,2.89,0.00,0.00,657270,359842,12850384,333569,,,,1785600,1785600,1785600,1785600,1785600,1785600,883200,883200,0,,,,,,0,,897473,1004030,530,4931,400,1,494000,4929000,6896000,0,527,4422000,Full,726000000
1784669148.921609890,24457.12,59000,59400,61500,59600,59200,60000,60000,60000,60300,57700,58100,58900,60600,59700,59700,60100,59700,58900,58900,56200,56600,54600,55000,60200,54600,54300,53100,53500,53500,54600,64500,66000,64500,65200,61000,66400,65600,63700,65200,65200,64500,64800,64800,58500,55800,58400,54600,56600,53900,53900,54600,37000,0,0,37000,42745,60000,95000,0,40101,37000,33900,51752,95000,37316,0,38788,58400,34820,0,47040,0,49806,0,36234,43519,0,48463,58400,0,37416,0,43676,47026,49591,50838,51207,55544,52519,61500,50199,49291,44182,33900,3200,-273000,-273000,-273000,326801,779313,19794984,337837,63,0,224,22,126,0,448,44,0,0,0,0,1640,19443,402336,702,10390,14010,244760,2199,326801,779313,19794984,337837,15475008,875568,7305144,2.91,0.00,0.00,657270,359842,12850460,333569,,,,1785600,1785600,1785600,1785600,1785600,1785600,883200,883200,0,,,,,,0,,897473,1004030,530,4931,400,1,494000,4929000,6896000,0,527,4422000,Full,726000000
1784669149.212606504,24457.41,60200,61000,62700,61100,61500,61100,60700,61900,62300,58100,58100,59300,61400,59700,59700,60500,59700,59300,59300,57000,57700,54600,54600,61400,54300,54300,52700,53500,53900,54600,63700,66000,64100,64800,61700,65600,64800,63700,65200,64800,63700,64500,64500,58100,55800,59200,54600,57000,53900,53500,54600,37000,0,0,37000,42756,60000,95000,0,40101,37000,33900,51748,95000,37316,0,38788,60000,34810,0,47037,0,49797,0,36200,43529,0,48467,61500,0,37423,0,43665,47026,49579,50905,51207,55578,52989,62300,50098,49022,44182,33900,3200,-273000,-273000,-273000,326801,779313,19794984,337837,63,0,224,22,126,0,448,44,0,0,0,0,1640,19443,402336,702,10390,14010,244760,2199,326801,779313,19794984,337837,15475008,874956,7304564,2.91,0.00,0.00,657270,359842,12850460,333569,,,,1555200,1555200,1555200,1555200,1555200,1555200,883200,883200,0,,,,,,0,,897473,1004030,530,4931,400,1,494000,4928000,6896000,0,527,4422000,Full,726000000
1784669149.492874004,24457.69,59400,60200,61500,60000,59600,59600,59600,60300,60300,57700,57400,58900,61000,59300,59700,60100,59700,59300,58500,56200,57000,54600,54600,61000,54300,53900,53100,53500,53500,54600,64100,66800,64500,65600,61400,66800,65600,64100,65600,65200,64500,64800,65200,58500,55800,58800,55000,57000,53900,53900,54300,37000,0,0,37000,42756,59600,95000,0,40101,37000,33900,51720,95000,37316,0,38788,59200,34835,0,47048,0,49786,0,36251,43558,0,48482,60300,0,37378,0,43636,47013,49595,50905,51409,55746,52888,61900,50199,49022,44282,33900,3200,-273000,-273000,-273000,326801,779313,19794984,337837,63,0,224,22,126,0,448,44,0,0,0,0,1640,19443,402336,702,10390,14010,244760,2199,326801,779313,19794984,337837,15475008,872804,7302464,2.91,0.00,0.00,657270,359842,12850460,333569,,,,1785600,1785600,1785600,1785600,1785600,1785600,883200,883200,0,,,,,,0,,874605,1000000,530,4931,400,1,494000,4928000,6896000,0,527,4422000,Full,726000000
1784669149.769586921,24457.97,59000,59800,60300,59600,59600,60700,61500,60300,60700,58100,58100,59300,60600,59700,59700,60500,59700,59300,58900,56200,57000,54600,54600,60600,54600,54300,53100,53500,53900,54600,64500,66400,64500,65200,61000,66000,65600,63700,64800,64800,64500,64800,64800,58500,56200,58400,54600,57000,54300,53900,54600,37000,0,0,37000,42753,60300,95000,0,40101,37000,33900,51748,95000,37316,0,38788,59200,34829,0,47053,0,49819,0,36257,43519,0,48471,58400,0,37419,0,43654,47056,49595,50972,51476,55611,52552,60700,50132,48585,44282,33900,3200,-273000,-273000,-273000,326801,779313,19794984,337837,63,0,224,22,126,0,448,44,0,0,0,0,1640,19443,402336,702,10390,14010,244760,2199,326801,779313,19794984,337837,15475008,875324,7305000,2.91,0.00,0.00,657270,359842,12850460,333569,,,,1785600,1785600,1785600,1785600,1785600,1785600,883200,883200,0,,,,,,0,,874605,1000000,530,4931,400,1,491000,4928000,6896000,0,527,4422000,Full,726000000
1784669150.055045046,24458.26,58700,59400,60000,59600,59600,59600,59600,60300,60300,57400,57400,58500,60600,58900,59300,60100,59300,58900,58500,55800,57000,54600,54600,60200,54600,53900,53100,53500,53500,55000,64100,66400,64500,65200,60600,66400,65600,64100,65600,65200,64500,64500,64800,58500,55800,58400,54600,56600,53900,53900,54600,37000,0,0,37000,42753,59200,95000,0,40101,37000,33900,51762,95000,37316,0,38788,58400,34820,0,47040,0,49801,0,36248,43526,0,48471,60000,0,37420,0,43676,47007,49591,51107,51409,55578,52619,60700,50031,49661,44350,33900,3200,-273000,-273000,-273000,326801,779313,19794984,337837,63,0,224,22,126,0,448,44,0,0,0,0,1640,19443,402336,702,10390,14010,244760,2199,326801,779313,19794984,337837,15475008,878228,7307904,2.91,0.00,0.00,657270,359842,12850460,333569,,,,1113600,1113600,1113600,1113600,1113600,1113600,883200,883200,0,,,,,,0,,874605,1000000,530,4931,400,1,494000,4928000,6896000,0,527,4422000,Full,726000000
1784669150.367237546,24458.57,58700,58700,60000,59200,59200,59600,59600,60000,59600,57700,57400,59300,60600,59300,59300,60100,59700,59300,58900,55800,57000,55000,54600,59800,54600,54300,52700,53500,53900,54600,63700,66000,64500,64500,60600,65600,65200,63700,64500,64800,64100,64800,64500,58500,56200,57600,55000,57000,53900,53900,54300,37000,0,0,37000,42756,58800,95000,0,40101,37000,33900,51727,95000,37316,0,38788,58400,34848,0,47067,0,49801,0,36228,43543,0,48475,59200,0,37407,0,43651,47037,49587,50737,51207,55544,52821,60300,50266,48653,44350,33900,3200,-273000,-273000,-273000,326801,779313,19794984,337837,63,0,224,22,126,0,448,44,0,0,0,0,1640,19443,402336,702,10390,14010,244760,2199,326801,779313,19794984,337837,15475008,878588,7308264,2.91,0.00,0.00,657270,359842,12850460,333569,,,,1324800,1324800,1324800,1324800,1324800,1324800,883200,883200,0,,,,,,0,,908651,1000024,530,4931,400,1,494000,4932000,6896000,0,527,4422000,Full,726000000
1784669150.674238066,24458.88,58300,59000,60000,59200,59200,59600,60000,59600,59600,57700,57700,58900,60200,59300,59300,60500,59300,58900,58500,55800,57000,54600,54600,60200,54300,54300,52700,53900,53900,55000,62500,64500,63300,62900,60600,64100,64500,62100,63300,63700,63300,63700,63700,58500,56200,58000,54600,56600,53900,53900,54600,37000,0,0,37000,42771,59600,95000,0,40101,37000,33900,51705,95000,37316,0,38788,58400,34873,0,47060,0,49823,0,36254,43546,0,48465,58400,0,37407,0,43697,47026,49573,50737,51275,55712,52585,60700,50199,48687,44249,33900,3200,-273000,-273000,-273000,326801,779313,19794984,337837,63,0,224,22,126,0,448,44,0,0,0,0,1640,19443,402336,702,10390,14010,244760,2199,326801,779313,19794984,337837,15475008,880220,7309788,3.11,0.00,0.00,657270,359842,12850460,333569,,,,1785600,1785600,1785600,1785600,1785600,1785600,883200,883200,0,,,,,,0,,908651,1000024,530,4931,400,1,494000,4926000,6896000,0,527,4422000,Full,726000000
1784669150.958003847,24459.16,58700,59000,59600,60000,60000,58800,58800,60000,59600,57400,57700,58900,60600,58900,59300,60100,59700,58900,58500,55800,57000,55000,54600,61000,54600,53900,53100,53500,53900,54600,63700,66000,64500,65200,61000,66000,65200,64100,65200,64800,64100,64500,64800,58500,56200,57200,55000,57400,53900,53500,54600,37000,0,0,37000,42776,58400,95000,0,40101,37000,34100,51727,95000,37316,0,38788,58800,34854,0,47074,0,49786,0,36200,43539,0,48465,59200,0,37400,0,43661,47060,49587,50938,51241,55578,52922,60700,50199,48687,44282,34100,3200,-273000,-273000,-273000,326801,779313,19794984,337837,63,0,224,22,126,0,448,44,0,0,0,0,1640,19443,402336,702,10390,14010,244760,2199,326801,779313,19794984,337837,15475008,876168,7305740,3.11,0.00,0.00,657270,359842,12850460,333569,,,,1785600,1785600,1785600,1785600,1785600,1785600,883200,883200,0,,,,,,0,,908651,1000024,530,4931,400,1,494000,4927000,6894000,0,508,4421000,Full,726000000
1784669151.248139108,24459.45,58300,59000,60000,59600,58800,59600,60000,59600,59600,57700,57700,58900,60600,59300,59700,60100,59300,58900,58500,55800,56600,54600,54600,59800,54600,54300,53100,53500,53500,55000,64500,66400,64500,65200,60600,66000,65200,64100,65200,64800,64500,64800,64800,58900,55800,58000,54600,57000,54300,53500,54600,37000,0,0,37000,42768,58800,95000,0,40101,37000,34100,51752,95000,37316,0,38788,58400,34857,0,47060,0,49797,0,36237,43561,0,48478,58000,0,37394,0,43704,47033,49599,51107,51376,55746,52754,60300,50165,48922,44282,34100,3200,-273000,-273000,-273000,326801,779313,19794984,337837,63,0,224,22,126,0,448,44,0,0,0,0,1640,19443,402336,702,10390,14010,244760,2199,326801,779313,19794984,337837,15475008,876616,7306188,3.11,0.00,0.00,657270,359842,12850460,333569,,,,1785600,1785600,1785600,1785600,1785600,1785600,883200,883200,0,,,,,,0,,908651,1000024,530,4931,400,1,494000,4928000,6894000,0,508,4421000,Full,726000000
1784669151.529704316,24459.73,58300,59000,60700,59600,59200,59600,59200,59600,59600,58100,57700,59300,61000,59700,59700,60100,59700,59300,58500,56200,57400,54600,54600,60200,55000,54300,53100,53500,53900,55000,64100,66800,64800,65200,61000,66400,65200,64100,65600,65200,64500,64800,64800,58500,55800,57600,55000,57000,53900,53500,54600,37000,0,0,37000,42779,58800,95000,0,40101,37000,34100,51752,95000,37316,0,38788,57600,34866,0,47026,0,49782,0,36248,43526,0,48458,58000,0,37412,0,43665,47033,49583,51073,51207,55544,52350,61500,50165,48922,44316,34100,3200,-273000,-273000,-273000,326801,779313,19794984,337837,63,0,224,22,126,0,448,44,0,0,0,0,1640,19443,402336,702,10390,14010,244760,2199,326801,779313,19794984,337837,15475008,882896,7312472,3.11,0.00,0.00,657270,359842,12850460,333569,,,,1785600,1785600,1785600,1785600,1785600,1785600,883200,883200,0,,,,,,0,,908446,1003980,530,4931,400,1,494000,4929000,6894000,0,508,4421000,Full,726000000
1784669152.029749784,24460.23,59000,59400,60000,60000,59600,60000,59600,60000,59600,58500,58100,59700,60600,59700,59700,60500,59700,58900,58500,56600,57700,55000,55000,60600,54600,53900,53100,53500,53900,54600,64500,66800,64800,65600,61000,66800,66000,64100,65600,64800,64500,64800,65200,58100,55800,57600,55000,56600,53500,53900,54600,37000,0,0,37000,42791,58400,95000,0,40282,37000,34100,51752,95000,37409,0,38834,58800,34869,0,47037,0,49813,0,36213,43558,0,48471,59600,0,37389,0,43668,47033,49595,51006,51409,55746,52720,61100,50300,49392,44383,34100,3200,-273000,-273000,-273000,326801,779313,19794984,337837,63,0,224,22,126,0,448,44,0,0,0,0,1640,19443,402336,702,10390,14010,244760,2199,326801,779313,19794984,337837,15475008,870000,7299604,3.11,0.00,0.00,657270,359842,12850460,333569,,,,1785600,1785600,1785600,1785600,1785600,1785600,883200,883200,0,,,,,,0,,908446,1003980,530,4931,400,1,494000,4927000,6894000,0,508,4421000,Full,726000000
1784669152.304076659,24460.51,59800,60600,61500,61100,61900,60300,60300,60300,60000,57700,58100,58900,61400,59700,59700,60100,59700,59300,58900,56200,57400,55000,55000,61400,54600,54300,52700,53900,53900,55000,64500,66400,64800,65600,61400,66000,65600,64500,65200,65200,64500,64800,64800,58500,55800,59200,54600,57000,53900,53500,54600,37000,0,0,37000,42791,60000,95000,0,40282,37000,34100,51736,95000,37409,0,38834,58800,34891,0,47071,0,49797,0,36248,43561,0,48465,60000,0,37423,0,43712,47056,49587,51006,51207,55645,52854,61500,50266,49123,44282,34100,3200,-273000,-273000,-273000,326801,779313,19794984,337837,63,0,224,22,126,0,448,44,0,0,0,0,1640,19443,402336,702,10390,14010,244760,2199,326801,779313,19794984,337837,15475008,863572,7293336,3.11,0.00,0.00,657270,359842,12850460,333569,,,,1785600,1785600,1785600,1785600,1785600,1785600,883200,883200,0,,,,,,0,,902204,1004115,530,4931,400,1,494000,4932000,6894000,0,508,4421000,Full,726000000
1784669152.576252909,24460.78,59400,59800,60700,60300,60000,60000,59200,60000,59600,58500,58500,59700,61400,60500,60100,61200,60500,59700,59300,57000,58100,55000,55000,61400,54600,54300,52700,53500,53500,55000,64800,66400,64800,65200,61700,66400,65600,64500,65600,65200,64500,64800,65200,58100,55400,58400,54600,57000,53900,53500,54600,37000,0,0,37000,42791,59200,95000,0,40282,37000,34100,51727,95000,37409,0,38834,58800,34916,0,47078,0,49809,0,36276,43558,0,48462,60000,0,37394,0,43700,47040,49591,51073,51207,55678,52619,61100,50199,49022,44316,34100,3200,-273000,-273000,-273000,326801,779313,19794984,337837,63,0,224,22,126,0,448,44,0,0,0,0,1640,19443,402336,702,10390,14010,244760,2199,326801,779313,19794984,337837,15475008,878452,7308248,3.11,0.00,0.00,657270,359842,12850460,333569,,,,1785600,1785600,1785600,1785600,1785600,1785600,883200,883200,0,,,,,,0,,0,0,530,4931,400,1,494000,4932000,6894000,0,508,4421000,Full,726000000
1784669152.853474680,24461.05,59000,59400,60000,60000,60000,60000,60300,60300,60700,58100,57700,59300,61400,59700,59700,60500,59300,58900,58500,56200,57400,55000,54600,61000,54600,54300,53100,53500,53900,54600,64100,66800,64800,65600,61000,66400,65600,64100,65600,65200,64500,64800,65200,58900,56200,58000,54600,57000,54300,53900,54600,37000,0,0,37000,42806,59600,95000,0,40282,37000,34100,51740,95000,37409,0,38834,58800,34894,0,47082,0,49789,0,36194,43597,0,48462,58800,0,37360,0,43704,47048,49577,50905,51308,55443,52519,60700,50300,48787,44451,34100,3200,-273000,-273000,-273000,326801,779313,19794984,337837,63,0,224,22,126,0,448,44,0,0,0,0,1640,19443,402336,702,10390,14010,244760,2199,326801,779313,19794984,337837,15475008,874664,7304444,3.09,0.00,0.00,657270,359842,12850460,333569,,,,1785600,1785600,1785600,1785600,1785600,1785600,883200,883200,0,,,,,,0,,0,0,530,4931,400,1,494000,4928000,6894000,0,508,4421000,Full,726000000
1784669153.138524524,24461.34,58700,59400,61100,59600,60000,59600,60300,60000,60300,57700,58100,58900,60600,59300,59300,60100,59300,58900,58500,56200,57000,54600,55000,60600,55000,54300,53100,53500,53500,54600,64100,66000,64500,64800,61000,66000,65200,64100,65200,65200,64100,64500,64800,58500,55800,58000,54600,57000,53900,53900,55000,37000,0,0,37000,42802,59600,95000,0,40282,37000,34100,51740,95000,37409,0,38834,58000,34910,0,47087,0,49794,0,36222,43571,0,48511,58800,0,37410,0,43712,47048,49612,50871,51241,55645,52989,61100,50199,49022,44182,34100,3200,-273000,-273000,-273000,326801,779313,19794984,337837,63,0,224,22,126,0,448,44,0,0,0,0,1640,19443,402336,702,10390,14010,244760,2199,326801,779313,19794984,337837,15475008,881008,7310692,3.09,0.00,0.00,657270,359842,12850460,333569,,,,1555200,1555200,1555200,1555200,1555200,1555200,883200,883200,0,,,,,,0,,0,0,530,4931,400,1,494000,4926000,6894000,0,508,4421000,Full,726000000
1784669153.418175669,24461.62,59000,59400,61500,60300,60000,60000,59600,60300,60300,58100,58100,59300,61000,59700,59700,60500,59700,58900,58500,57000,57400,54600,55000,61000,54600,54300,52700,53500,53900,54600,64500,66400,64800,65600,61700,66800,65600,64100,65600,65200,64800,65200,65200,58500,55800,58000,54600,57000,53900,53900,54600,37000,0,0,37000,42812,59600,95000,0,40282,37000,34100,51732,95000,37409,0,38834,58800,34922,0,47082,0,49823,0,36219,43597,0,48486,58800,0,37394,0,43712,47060,49616,51174,51308,55645,52720,61100,50300,49157,44114,34100,3200,-273000,-273000,-273000,326801,779313,19794984,337837,63,0,224,22,126,0,448,44,0,0,0,0,1640,19443,402336,702,10390,14010,244760,2199,326801,779313,19794984,337837,15475008,885172,7314840,3.09,0.00,0.00,657270,359842,12850460,333569,,,,1670400,1670400,1670400,1670400,1670400,1670400,883200,883200,0,,,,,,0,,904735,1004087,530,4931,400,1,491000,4927000,6894000,0,508,4421000,Full,726000000
1784669153.697070825,24461.90,59400,59800,61900,60300,61900,60300,60000,60700,61100,57700,57700,59300,61000,59300,59700,60100,59700,59300,58900,56200,57000,54600,55000,60600,55000,54300,53100,53500,54300,55000,64100,66000,64500,64800,61000,66400,65200,64100,64800,64800,64100,64800,64800,58900,55800,58400,55000,57000,53900,53500,54600,37000,0,0,37000,42809,58800,95000,0,40282,37000,34100,51779,95000,37409,0,38834,58400,34930,0,47071,0,49757,0,36213,43575,0,48500,58400,0,37426,0,43722,47044,49624,51174,51174,55544,52989,61500,50266,49325,44249,34100,3200,-273000,-273000,-273000,326805,779313,19795080,337838,63,0,224,22,126,0,448,44,0,0,0,0,1640,19443,402336,702,10390,14010,244760,2199,326805,779313,19795080,337838,15475008,882208,7311804,3.09,0.00,0.00,657270,359842,12850508,333569,,,,1785600,1785600,1785600,1785600,1785600,1785600,883200,883200,0,,,,,,0,,904735,1004087,530,4931,400,1,494000,4928000,6894000,0,508,4421000,Full,726000000
1784669153.967123950,24462.17,59000,59400,60300,60700,61100,59600,60000,60700,60700,57700,58100,59300,61400,59700,59700,60500,59700,59300,58900,56200,57000,55000,55000,61000,54600,54300,53100,53500,53900,55000,64100,66000,64800,65200,61400,66000,65600,63700,65200,64800,64500,64800,64800,58500,56200,58000,54600,57000,53900,53900,54600,37000,0,0,37000,42820,58800,95000,0,40282,37000,34100,51775,95000,37409,0,38834,58400,34933,0,47067,0,49809,0,36298,43593,0,48478,60000,0,37407,0,43704,47071,49595,50972,51308,55746,52720,61900,50199,49493,44182,34100,3200,-273000,-273000,-273000,326805,779313,19795080,337838,63,0,224,22,126,0,448,44,0,0,0,0,1640,19443,402336,702,10390,14010,244760,2199,326805,779313,19795080,337838,15475008,878888,7308484,3.09,0.00,0.00,657270,359842,12850508,333569,,,,1785600,1785600,1785600,1785600,1785600,1785600,883200,883200,0,,,,,,0,,904735,1004087,530,4931,400,1,491000,4929000,6894000,0,508,4421000,Full,726000000
1784669154.245270669,24462.45,58700,59800,60700,59200,59200,60700,60700,60000,59600,58100,57700,58900,60600,59300,59300,60500,59700,59300,58500,55800,57000,55000,54600,60200,54600,54600,53100,53500,53900,55000,64500,66400,64800,65600,61000,66400,65200,64100,65600,64800,64100,64800,64800,58900,56200,58400,55000,57000,54300,53900,54600,37000,0,0,37000,42820,60000,95000,0,40282,37000,34100,51787,95000,37409,0,38834,58400,34939,0,47094,0,49809,0,36260,43593,0,48465,58400,0,37420,0,43722,47053,49607,50972,51308,55880,52552,61100,50266,49090,44216,34100,3200,-273000,-273000,-273000,326805,779313,19795080,337838,63,0,224,22,126,0,448,44,0,0,0,0,1640,19443,402336,702,10390,14010,244760,2199,326805,779313,19795080,337838,15475008,875572,7305172,3.09,0.00,0.00,657270,359842,12850508,333569,,,,1785600,1785600,1785600,1785600,1785600,1785600,883200,883200,0,,,,,,0,,904735,1004087,530,4931,400,1,494000,4931000,6894000,0,508,4421000,Full,726000000
1784669154.527433638,24462.73,58700,59400,60700,60700,61100,59600,60700,60300,60300,58100,58500,59700,61000,60100,59700,60500,60100,59300,58900,56600,57700,54600,55000,60600,55000,54300,53100,53900,53900,54600,64100,66400,64800,65200,61400,66000,65600,64100,65200,64800,64800,64800,64800,58500,56200,57200,55000,57400,53900,53900,54600,37000,0,0,37000,42824,58000,95000,0,40282,37000,34100,51766,95000,37409,0,38834,58400,34961,0,47091,0,49813,0,36209,43568,0,48502,58800,0,37410,0,43725,47078,49620,51006,51207,55645,52720,60700,50266,48518,44216,34100,3200,-273000,-273000,-273000,326805,779313,19795080,337838,63,0,224,22,126,0,448,44,0,0,0,0,1640,19443,402336,702,10390,14010,244760,2199,326805,779313,19795080,337838,15475008,869512,7299128,3.09,0.00,0.00,657270,359842,12850508,333569,,,,1785600,1785600,1785600,1785600,1785600,1785600,883200,883200,0,,,,,,0,,917422,1000240,530,4931,400,1,484000,4929000,6894000,0,508,4421000,Full,726000000
1784669155.031192804,24463.23,59000,59400,60000,60000,59600,60000,60000,60000,60000,58100,58100,59300,60600,60100,59700,60800,60100,59300,58500,56600,57400,54600,55000,60600,54600,54300,53100,53500,53900,54600,62500,64100,64100,63300,60600,64500,64500,62500,63700,64100,63700,64500,64100,58500,56200,58000,55000,57000,54300,54300,54600,37000,0,0,37000,42827,58800,95000,0,40282,37000,34100,51801,95000,37409,0,38834,58800,34961,0,47082,0,49782,0,36242,43612,0,48496,59600,0,37407,0,43751,47060,49609,51107,51207,55510,52451,61100,50199,49661,44383,34100,3200,-273000,-273000,-273000,326805,779313,19795080,337838,63,0,224,22,126,0,448,44,0,0,0,0,1640,19443,402336,702,10390,14010,244760,2199,326805,779313,19795080,337838,15475008,874068,7303736,2.89,0.00,0.00,657270,359842,12850508,333569,,,,1113600,1113600,1113600,1113600,1113600,1113600,883200,883200,0,,,,,,0,,917422,1000240,530,4931,400,1,494000,4932000,6894000,0,508,4421000,Full,726000000
1784669155.325251971,24463.53,58700,59800,60000,59600,59600,60000,60000,59600,58800,58100,58100,59300,61000,59700,59700,60500,59700,58900,58500,56200,57000,55000,54600,60600,54600,54600,53100,53900,53900,55000,64500,66400,64800,65600,61400,66800,65600,64500,66000,65600,64800,64800,65200,58500,56200,57600,55000,57400,53900,53900,54600,37000,0,0,37000,42835,58800,95000,0,40282,37000,34100,51805,95000,37409,0,38834,58400,34945,0,47074,0,49806,0,36257,43604,0,48486,59600,0,37407,0,43744,47071,49616,51039,51275,55746,52619,61100,50132,48753,44316,34100,3200,-273000,-273000,-273000,326805,779313,19795080,337838,63,0,224,22,126,0,448,44,0,0,0,0,1640,19443,402336,702,10390,14010,244760,2199,326805,779313,19795080,337838,15475008,868056,7297756,2.89,0.00,0.00,657270,359842,12850508,333569,,,,1670400,1670400,1670400,1670400,1670400,1670400,883200,883200,0,,,,,,0,,908724,1004114,530,4931,400,1,494000,4932000,6894000,0,508,4421000,Full,726000000
1784669155.604524314,24463.81,59800,61000,63100,61100,61900,61500,61900,60700,60300,58100,58500,59300,61400,60500,60100,60500,60100,59300,58900,56600,57700,55000,55000,61400,54600,54300,53100,53900,53900,55000,64500,66400,64800,65600,61700,66400,65600,64100,65600,65200,64500,64800,65200,58500,56200,58800,55000,57400,53900,53900,54300,37000,0,0,37000,42839,60300,95000,0,40282,37000,34100,51801,95000,37409,0,38834,59600,34970,0,47071,0,49834,0,36245,43571,0,48504,59200,0,37412,0,43732,47091,49620,50905,51342,55746,52821,61900,50300,49157,44182,34100,3200,-273000,-273000,-273000,326805,779313,19795080,337838,63,0,224,22,126,0,448,44,0,0,0,0,1640,19443,402336,702,10390,14010,244760,2199,326805,779313,19795080,337838,15475008,873876,7303628,2.89,0.00,0.00,657270,359842,12850508,333569,,,,1785600,1785600,1785600,1785600,1785600,1785600,883200,883200,0,,,,,,0,,908724,1004114,530,4931,400,1,494000,4929000,6894000,0,508,4421000,Full,726000000
1784669155.879713220,24464.08,59400,59800,60700,60000,59600,60300,59600,60300,60300,58500,58900,59300,61000,60500,60100,60800,60100,59300,58900,57400,58100,55000,55000,61000,55000,54300,53100,53500,53900,55000,64500,66800,64800,65600,61400,66800,65600,64100,65600,65200,64800,65200,65600,58900,56200,58400,55000,57000,54300,53900,55000,37000,0,0,37000,42847,58800,95000,0,40282,37000,34100,51830,95000,37409,0,38834,59200,34981,0,47098,0,49834,0,36225,43587,0,48500,58800,0,37398,0,43754,47071,49642,51006,51409,55544,52922,61100,50300,48922,44182,34100,3200,-273000,-273000,-273000,326805,779313,19795080,337838,63,0,224,22,126,0,448,44,0,0,0,0,1640,19443,402336,702,10390,14010,244760,2199,326805,779313,19795080,337838,15475008,872268,7302004,2.89,0.00,0.00,657270,359842,12850508,333569,,,,1228800,1228800,1228800,1228800,1228800,1228800,883200,883200,0,,,,,,0,,908724,1004114,530,4931,400,1,494000,4929000,6892000,0,536,4416000,Full,726000000
1784669156.234655043,24464.44,59000,59800,61100,60000,59600,60300,60700,59600,59600,58100,58100,59300,60600,60100,59700,60500,59700,59300,58500,56200,57400,55000,54600,60600,54600,54300,52700,53900,53900,55000,64500,66400,64500,65200,61000,66000,65200,64100,65200,64800,64800,64800,65200,58900,55800,58400,55000,57000,53900,53900,54600,37000,0,0,37000,42847,60000,95000,0,40282,37000,34200,51830,95000,37409,0,38834,58800,34989,0,47105,0,49826,0,36225,43593,0,48500,58800,0,37405,0,43764,47094,49626,50972,51308,55813,52888,61100,50199,49157,44316,34200,3200,-273000,-273000,-273000,326805,779313,19795080,337838,63,0,224,22,126,0,448,44,0,0,0,0,1640,19443,402336,702,10390,14010,244760,2199,326805,779313,19795080,337838,15475008,872652,7302340,2.89,0.00,0.00,657270,359842,12850508,333569,,,,1555200,1555200,1555200,1555200,1555200,1555200,883200,883200,0,,,,,,0,,908724,1004114,530,4931,400,1,503000,4924000,6892000,0,536,4416000,Full,726000000
1784669156.522230304,24464.72,59000,59400,62300,61100,61500,60300,60000,60300,60300,58100,58100,59300,61000,59700,59700,60500,59700,59300,58500,56200,57400,55000,55000,61000,55000,54300,53100,53900,53900,55000,63700,66000,64500,64800,61400,65600,65200,64100,64800,65200,64500,64800,65200,58500,56200,57600,55000,57000,54300,53900,54600,37000,0,0,37000,42853,58400,95000,0,40282,37000,34200,51830,95000,37409,0,38834,58800,34979,0,47112,0,49823,0,36231,43593,0,48504,60700,0,37385,0,43772,47071,49626,51107,51376,55746,52922,61500,50199,49157,44182,34200,3200,-273000,-273000,-273000,326805,779313,19795080,337838,63,0,224,22,126,0,448,44,0,0,0,0,1640,19443,402336,702,10390,14010,244760,2199,326805,779313,19795080,337838,15475008,875512,7305204,2.89,0.00,0.00,657270,359842,12850508,333569,,,,1113600,1113600,1113600,1113600,1113600,1113600,883200,883200,0,,,,,,0,,910811,1000019,530,4931,400,1,494000,4931000,6892000,0,536,4416000,Full,726000000
1784669156.818869158,24465.02,59400,59400,60300,60300,61500,60000,60000,60700,59600,57700,58100,59300,61000,59700,59700,60100,59700,59300,58500,56200,57400,55400,55000,61000,55000,54300,53100,53900,54300,55000,64100,66000,64800,64800,61400,66000,65600,63700,65600,65200,64500,64500,64800,58500,56200,58400,55000,57400,53900,53900,54600,37000,0,0,37000,42862,59600,95000,0,40282,37000,34200,51844,95000,37409,0,38834,59200,34998,0,47105,0,49834,0,36228,43636,0,48500,60000,0,37398,0,43757,47082,49638,51174,51275,55611,52788,61100,50300,49325,44249,34200,3200,-273000,-273000,-273000,326805,779313,19795080,337838,63,0,224,22,126,0,448,44,0,0,0,0,1640,19443,402336,702,10390,14010,244760,2199,326805,779313,19795080,337838,15475008,873404,7303068,2.91,0.00,0.00,657270,359842,12850508,333569,,,,1440000,1440000,1440000,1440000,1440000,1440000,883200,883200,0,,,,,,0,,910811,1000019,530,4931,400,1,494000,4931000,6892000,0,536,4416000,Full,726000000
1784669157.104981449,24465.31,59000,59800,60700,61100,61500,60300,60000,60300,60000,58500,58900,59700,61400,60100,60100,60800,60100,59700,58900,56600,57700,55000,55000,61000,54600,54600,53100,53900,54300,55000,64500,66800,65200,65600,61700,66800,66000,64500,65600,65600,64800,64800,65600,58500,55800,58000,54600,57000,53900,53900,54600,37000,0,0,37000,42865,58800,95000,0,40424,37000,34200,51826,95000,37409,0,38904,58400,35010,0,47101,0,49868,0,36209,43622,0,48515,60000,0,37417,0,43757,47105,49638,51107,51443,55813,52788,62300,50434,48653,44182,34200,3200,-273000,-273000,-273000,326805,779313,19795080,337838,63,0,224,22,126,0,448,44,0,0,0,0,1640,19443,402336,702,10390,14010,244760,2199,326805,779313,19795080,337838,15475008,876280,7306012,2.91,0.00,0.00,657270,359842,12850508,333569,,,,1670400,1670400,1670400,1670400,1670400,1670400,883200,883200,0,,,,,,0,,910811,1000019,530,4931,400,1,494000,4928000,6892000,0,536,4416000,Full,726000000
1784669157.381102699,24465.58,59000,59800,61500,60300,60000,59600,59200,60000,59200,58100,58100,59300,61000,59700,59700,60500,59700,59300,58500,56600,57700,55000,54600,61000,54600,54300,53500,53900,54300,55000,64500,66400,64800,65600,61400,66000,66000,64100,65200,65200,64500,64800,64800,58900,56200,58000,55000,57400,54300,54300,55000,37000,0,0,37000,42873,59200,95000,0,40424,37000,34200,51826,95000,37409,0,38904,58400,35010,0,47141,0,49831,0,36209,43616,0,48515,58800,0,37428,0,43776,47082,49646,50871,51308,55645,52854,61500,50266,49056,44114,34200,3200,-273000,-273000,-273000,326805,779313,19795080,337838,63,0,224,22,126,0,448,44,0,0,0,0,1640,19443,402336,702,10390,14010,244760,2199,326805,779313,19795080,337838,15475008,870472,7300204,2.91,0.00,0.00,657270,359842,12850508,333569,,,,1228800,1228800,1228800,1228800,1228800,1228800,1017600,1017600,0,,,,,,0,,917596,1003957,530,4931,400,1,494000,4933000,6892000,0,536,4416000,Full,726000000
1784669157.663736866,24465.86,59800,60600,60700,61100,61100,60700,61500,61100,61100,58100,58500,59300,61400,59700,59700,60500,59700,59300,58900,56600,57400,54600,55000,61400,54600,54600,53500,53900,53900,55000,64100,66800,64800,65200,61400,66000,65600,64100,65600,65200,64500,64800,64800,58900,56200,58800,55000,57400,53900,53900,55000,37000,0,0,37000,42888,60000,95000,0,40424,37000,34200,51853,95000,37409,0,38904,59200,35014,0,47098,0,49846,0,36245,43629,0,48515,58800,0,37408,0,43764,47094,49653,51207,51376,55544,52922,61100,50233,49257,44081,34200,3200,-273000,-273000,-273000,326805,779313,19795080,337838,63,0,224,22,126,0,448,44,0,0,0,0,1640,19443,402336,702,10390,14010,244760,2199,326805,779313,19795080,337838,15475008,890268,7320012,2.91,0.00,0.00,657270,359842,12850508,333569,,,,1785600,1785600,1785600,1785600,1785600,1785600,883200,883200,0,,,,,,0,,917596,1003957,530,4931,400,1,494000,4927000,6892000,0,536,4416000,Full,726000000
1784669158.148115928,24466.35,59000,59800,60000,60000,59200,60300,60300,60000,60300,57700,57700,59300,60600,59700,59700,60500,59700,59300,58900,56200,57400,55000,55000,60200,54600,54600,53100,53900,54300,55000,63300,64800,64100,63700,61000,64800,64800,62900,64100,64500,64500,64800,64500,58500,56200,58400,55000,57400,54300,53900,55000,37000,0,0,37000,42885,59600,95000,0,40424,37000,34200,51865,95000,37409,0,38904,58800,35042,0,47144,0,49871,0,36245,43632,0,48548,60000,0,37423,0,43786,47094,49661,51308,51342,55544,52687,61500,50400,48989,44182,34200,3200,-273000,-273000,-273000,326805,779313,19795080,337838,63,0,224,22,126,0,448,44,0,0,0,0,1640,19443,402336,702,10390,14010,244760,2199,326805,779313,19795080,337838,15475008,896740,7326540,2.91,0.00,0.00,657270,359842,12850508,333569,,,,1785600,1785600,1785600,1785600,1785600,1785600,883200,883200,0,,,,,,0,,917596,1003957,530,4931,400,1,494000,4929000,6892000,0,536,4416000,Full,726000000
1784669158.431573376,24466.63,59000,59400,60000,60000,59600,60000,60300,60000,60300,58500,58100,59700,60600,59700,59700,60500,59700,59700,58900,56200,57400,55000,55000,60200,54600,54300,53100,53900,53900,55000,64100,66000,64500,65200,60600,66000,65200,64100,65200,64500,64500,64800,65200,58500,56200,58400,55400,57000,54300,54300,55000,37000,0,0,37000,42894,60000,95000,0,40424,37000,34200,51865,95000,37409,0,38904,58800,35042,0,47161,0,49871,0,36242,43700,0,48526,58800,0,37378,0,43800,47126,49658,51241,51342,55544,53023,60700,50199,49123,44148,34200,3200,-273000,-273000,-273000,326805,779313,19795080,337838,63,0,224,22,126,0,448,44,0,0,0,0,1640,19443,402336,702,10390,14010,244760,2199,326805,779313,19795080,337838,15475008,897136,7326936,2.91,0.00,0.00,657270,359842,12850508,333569,,,,1555200,1555200,1555200,1555200,1555200,1555200,883200,883200,0,,,,,,0,,917277,1003847,530,4931,400,1,494000,4929000,6892000,0,536,4416000,Full,726000000
1784669158.722735876,24466.92,58700,59400,60300,60300,60000,60000,60700,60300,60300,58100,57700,59300,60600,60100,59700,60800,59700,59300,58900,55800,57000,55000,55000,60600,54600,54600,53100,53900,53900,55400,64500,66400,64800,65200,61000,66000,65600,64100,65200,65200,64800,64800,64800,58500,56200,58000,55000,57000,54300,53900,54600,37000,0,0,37000,42911,60000,95000,0,40424,37000,34200,51869,95000,37409,0,38904,59200,35032,0,47177,0,49860,0,36222,43636,0,48538,58800,0,37391,0,43768,47116,49681,51207,51611,55678,52619,61100,50300,48787,44216,34200,3200,-273000,-273000,-273000,326815,779313,19795272,337841,63,0,224,22,126,0,448,44,0,0,0,0,1640,19443,402336,702,10390,14010,244760,2199,326815,779313,19795272,337841,15475008,900280,7330084,2.92,0.00,0.00,657270,359842,12850604,333569,,,,1555200,1555200,1555200,1555200,1555200,1555200,883200,883200,0,,,,,,0,,917277,1003847,530,4931,400,1,494000,4931000,6892000,0,536,4416000,Full,726000000
1784669159.013191084,24467.21,59800,60600,61900,60700,60700,60700,60300,61100,60000,58100,58100,59700,61400,60100,59700,60800,59700,59300,59300,56600,57700,55000,55000,61000,54600,54600,52700,53900,53900,55000,64500,66400,64500,65600,61700,66400,65600,64100,65600,64800,64500,64800,65200,58900,56200,59200,55400,57400,54300,53900,55000,37000,0,0,37000,42906,60000,95000,0,40424,37000,34200,51879,95000,37409,0,38904,60000,35038,0,47189,0,49863,0,36260,43690,0,48538,61100,0,37393,0,43808,47112,49685,50972,51308,55746,52821,62700,50400,49359,44114,34200,3200,-273000,-273000,-273000,326815,779313,19795272,337841,63,0,224,22,126,0,448,44,0,0,0,0,1640,19443,402336,702,10390,14010,244760,2199,326815,779313,19795272,337841,15475008,897696,7327452,2.92,0.00,0.00,657270,359842,12850604,333569,,,,1785600,1785600,1785600,1785600,1785600,1785600,883200,883200,0,,,,,,0,,917277,1003847,530,4931,400,1,494000,4931000,6892000,0,536,4416000,Full,726000000
1784669159.298774365,24467.50,58700,59400,60000,60300,60700,60000,60300,60300,60700,58900,58900,60100,60600,60500,60500,60800,60100,59300,59300,57400,58500,55000,55000,60600,54600,54300,53100,53900,53900,55000,64100,66000,64800,65200,61000,66000,65600,64100,65200,65200,64500,65200,64800,58500,56200,58400,55000,57400,54300,54300,55000,37000,0,0,37000,42926,59600,95000,0,40424,37000,34200,51869,95000,37409,0,38904,58800,35045,0,47212,0,49887,0,36228,43690,0,48548,58800,0,37387,0,43821,47116,49688,50972,51376,55746,53090,61100,50400,49090,44114,34200,3200,-273000,-273000,-273000,326815,779313,19795272,337841,63,0,224,22,126,0,448,44,0,0,0,0,1640,19443,402336,702,10390,14010,244760,2199,326815,779313,19795272,337841,15475008,890620,7320408,2.92,0.00,0.00,657270,359842,12850604,333569,,,,1670400,1670400,1670400,1670400,1670400,1670400,883200,883200,0,,,,,,0,,910693,1004077,530,4931,400,1,494000,4932000,6892000,0,536,4416000,Full,726000000
1784669159.592381605,24467.79,59000,59400,60300,60000,59600,60000,60300,60000,60300,58100,58100,59300,60600,59700,59700,60500,59700,59300,58900,56600,57000,55000,55400,60600,54600,54300,53500,53900,54300,55400,64500,66000,64800,64800,61000,66000,65600,64100,65200,65200,64500,64800,64800,58900,56200,58400,55000,57000,53900,53900,55000,37000,0,0,37000,42921,60000,95000,0,40424,37000,34200,51883,95000,37409,0,38904,58800,35073,0,47205,0,49863,0,36237,43665,0,48538,59200,0,37376,0,43818,47130,49665,51006,51275,55913,52922,61100,50334,49056,44216,34200,3200,-273000,-273000,-273000,326815,779313,19795272,337841,63,0,224,22,126,0,448,44,0,0,0,0,1640,19443,402336,702,10390,14010,244760,2199,326815,779313,19795272,337841,15475008,894344,7324204,2.92,0.00,0.00,657270,359842,12850604,333569,,,,1785600,1785600,1785600,1785600,1785600,1785600,883200,883200,0,,,,,,0,,0,0,530,4931,400,1,491000,4937000,6892000,0,536,4416000,Full,726000000
1784669159.876189365,24468.08,59000,59400,60300,60000,60000,59600,59600,60000,59200,58100,58100,59300,61000,59700,59700,60500,59700,59300,58900,56200,57400,55400,55000,60600,55000,54600,53100,53900,53900,55000,64500,66800,64800,65200,61000,66400,66000,64100,65200,65200,64800,65200,65200,58900,56200,58400,55400,57400,54300,53900,55000,37000,0,0,37000,42929,59200,95000,0,40424,37000,34200,51869,95000,37409,0,38904,58400,35060,0,47229,0,49879,0,36257,43690,0,48542,59600,0,37366,0,43814,47112,49698,51073,51241,55913,52989,61100,50367,48821,44216,34200,3200,-273000,-273000,-273000,326815,779313,19795272,337841,63,0,224,22,126,0,448,44,0,0,0,0,1640,19443,402336,702,10390,14010,244760,2199,326815,779313,19795272,337841,15475008,899016,7328860,2.92,0.00,0.00,657270,359842,12850604,333569,,,,1555200,1555200,1555200,1555200,1555200,1555200,883200,883200,0,,,,,,0,,0,0,530,4931,400,1,494000,4928000,6892000,0,536,4416000,Full,726000000
1784669160.155056083,24468.36,59000,59400,60000,60300,60700,60000,60300,60300,60300,58100,58500,59300,61000,60100,59700,60800,59700,59700,58900,56600,57700,55000,55000,60600,54600,54600,53100,53900,54300,55000,64500,66800,64500,65200,61400,66400,65600,64100,65200,65200,64500,64800,65200,58900,56200,58000,55000,57400,54300,54600,54600,37000,0,0,37000,42926,58800,95000,0,40424,37000,34200,51891,95000,37409,0,38904,58400,35066,0,47252,0,49856,0,36266,43697,0,48548,60000,0,37420,0,43818,47112,49688,50972,51443,55880,52754,60700,50468,48922,44282,34200,3200,-273000,-273000,-273000,326815,779313,19795272,337841,63,0,224,22,126,0,448,44,0,0,0,0,1640,19443,402336,702,10390,14010,244760,2199,326815,779313,19795272,337841,15475008,896244,7326088,2.92,0.00,0.00,657270,359842,12850604,333569,,,,1324800,1324800,1324800,1324800,1324800,1324800,883200,883200,0,,,,,,0,,0,0,530,4931,400,1,494000,4933000,6892000,0,536,4416000,Full,726000000
1784669160.441105198,24468.64,58700,59000,60300,60000,59600,59600,60000,60000,60300,57700,58100,58900,61000,59700,59700,60800,60100,59300,58900,56600,57000,55000,55000,60600,54600,54600,53100,53900,53900,55000,64100,66400,64800,65200,61000,66000,66000,63700,65200,65200,64800,65200,65200,58900,56600,58000,55400,57400,54300,54300,54600,37000,0,0,37000,42940,59200,95000,0,40424,37000,34200,51923,95000,37409,0,38904,58800,35057,0,47236,0,49908,0,36219,43704,0,48551,60300,0,37417,0,43825,47165,49710,51241,51476,55746,52754,61100,50367,49257,44114,34200,3200,-273000,-273000,-273000,326815,779313,19795272,337841,63,0,224,22,126,0,448,44,0,0,0,0,1640,19443,402336,702,10390,14010,244760,2199,326815,779313,19795272,337841,15475008,888964,7318808,2.92,0.00,0.00,657270,359842,12850604,333569,,,,1785600,1785600,1785600,1785600,1785600,1785600,883200,883200,0,,,,,,0,,922307,1003944,530,4931,400,1,494000,4928000,6892000,0,536,4416000,Full,726000000
1784669160.719481708,24468.92,58700,59000,60000,60700,61100,60000,60000,60700,60700,58500,58100,59300,61000,60100,59700,60500,60100,59300,58900,56200,57000,55000,55000,60600,54600,54600,53100,53900,54300,55000,64500,66400,64800,65200,61400,66400,65600,64500,65200,65200,64800,64800,65200,58900,56200,57600,55400,57000,54300,54300,55000,37000,0,0,37000,42940,58400,95000,0,40424,37000,34200,51908,95000,37409,0,38904,58400,35073,0,47232,0,49920,0,36219,43725,0,48566,58800,0,37423,0,43840,47165,49702,51241,51510,55746,53090,61100,50569,49661,44013,34200,3200,-273000,-273000,-273000,326815,779313,19795272,337841,63,0,224,22,126,0,448,44,0,0,0,0,1640,19443,402336,702,10390,14010,244760,2199,326815,779313,19795272,337841,15475008,891464,7321348,2.94,0.00,0.00,657270,359842,12850604,333569,,,,1785600,1785600,1785600,1785600,1785600,1785600,883200,883200,0,,,,,,0,,922307,1003944,530,4931,400,1,494000,4931000,6892000,0,536,4416000,Full,726000000
1784669161.202906135,24469.40,59400,59800,60700,60300,60300,59600,60000,60700,60000,58100,58500,59300,61400,60100,59700,60800,60100,59700,59300,56600,57700,55000,55000,61000,54600,54600,53100,53900,54300,55000,64500,66800,65200,66000,61700,66800,66000,64500,65600,65600,64800,65200,65600,58900,56200,58400,55000,57400,54300,54300,55000,37000,0,0,37000,42952,59600,95000,0,40424,37000,34300,51896,95000,37409,0,38904,59200,35110,0,47208,0,49920,0,36219,43761,0,48584,60300,0,37399,0,43840,47157,49706,50972,51544,55813,52989,61500,50367,49426,44182,34300,3200,-273000,-273000,-273000,326815,779313,19795272,337841,63,0,224,22,126,0,448,44,0,0,0,0,1640,19443,402336,702,10390,14010,244760,2199,326815,779313,19795272,337841,15475008,907500,7337304,2.94,0.00,0.00,657270,359842,12850604,333569,,,,1785600,1785600,1785600,1785600,1785600,1785600,883200,883200,0,,,,,,0,,922307,1003944,530,4931,400,1,494000,4933000,6890000,0,545,4420000,Full,726000000
1784669161.501978635,24469.70,59000,59400,60000,60000,59600,59600,59600,60300,60700,58100,58500,59300,61000,60100,59700,60800,60100,59300,58900,56600,58100,55400,55000,61000,54600,54300,53100,53900,53900,55000,64800,66800,65200,66000,61000,67200,66000,64500,66000,65600,64500,65600,65600,58900,56200,58400,55000,57400,54300,54300,55000,37000,0,0,37000,42952,59600,95000,0,40424,37000,34300,51908,95000,37409,0,38904,58800,35082,0,47236,0,49896,0,36219,43693,0,48580,58800,0,37414,0,43840,47144,49723,51107,51476,55813,52922,60700,50300,49224,44182,34300,3200,-273000,-273000,-273000,326815,779313,19795272,337841,63,0,224,22,126,0,448,44,0,0,0,0,1640,19443,402336,702,10390,14010,244760,2199,326815,779313,19795272,337841,15475008,901212,7331016,2.94,0.00,0.00,657270,359842,12850604,333569,,,,1555200,1555200,1555200,1555200,1555200,1555200,883200,883200,0,,,,,,0,,915188,1004081,530,4931,400,1,494000,4928000,6890000,0,545,4420000,Full,726000000
1784669161.811965666,24470.01,58700,59400,60300,59600,59200,59600,59200,60300,60300,58100,58100,59300,60600,59700,59700,60500,59700,59300,58900,56600,57400,55000,55000,60200,55000,54600,53100,53900,53900,55000,64500,66400,64800,65600,61000,66400,66000,64500,65200,65200,64500,64800,64800,58900,56200,57600,55000,57400,54300,54300,55000,37000,0,0,37000,42967,58800,95000,0,40424,37000,34300,51935,95000,37409,0,38904,58800,35119,0,47240,0,49930,0,36237,43736,0,48578,60300,0,37428,0,43857,47173,49733,50838,51544,55510,52821,61100,50367,49191,44182,34300,3200,-273000,-273000,-273000,326815,779313,19795272,337841,63,0,224,22,126,0,448,44,0,0,0,0,1640,19443,402336,702,10390,14010,244760,2199,326815,779313,19795272,337841,15475008,905260,7335016,2.94,0.00,0.00,657270,359842,12850604,333569,,,,1440000,1440000,1440000,1440000,1440000,1440000,883200,883200,0,,,,,,0,,915188,1004081,530,4931,400,1,494000,4931000,6890000,0,545,4420000,Full,726000000
1784669162.111638687,24470.31,59000,59800,60700,60700,60300,60000,59600,60700,59600,58100,58100,59300,61000,59700,59700,60500,59700,59300,58900,56600,57400,55000,55000,61000,55000,54600,53500,53900,53900,55000,64500,66800,64800,65600,61400,66400,65600,64100,65600,65200,64800,64800,65200,58500,56200,58000,55000,57000,54300,53900,54600,37000,0,0,37000,42967,59200,95000,0,40514,37000,34300,51891,95000,37560,0,38904,58000,35107,0,47236,0,49920,0,36248,43722,0,48586,58400,0,37428,0,43878,47177,49718,51174,51376,56116,52821,61900,50300,48821,44081,34300,3200,-273000,-273000,-273000,326815,779313,19795272,337841,63,0,224,22,126,0,448,44,0,0,0,0,1640,19443,402336,702,10390,14010,244760,2199,326815,779313,19795272,337841,15475008,900212,7329968,2.94,0.00,0.00,657270,359842,12850604,333569,,,,1785600,1785600,1785600,1785600,1785600,1785600,883200,883200,0,,,,,,0,,915188,1004081,530,4931,400,1,494000,4926000,6890000,0,545,4420000,Full,726000000
1784669162.384316239,24470.59,60200,60200,61100,61900,63100,61100,61900,61900,62300,58100,58100,59300,61700,59700,59700,60500,60100,58900,58900,56600,57700,55000,55000,61700,55000,54300,53100,53500,53900,55400,63700,66000,64100,64800,61700,66000,64800,63700,65200,64800,64100,64500,64800,58900,56200,59200,55000,57000,54300,53900,55000,37000,0,0,37000,42981,60700,95000,0,40514,37000,34300,51900,95000,37560,0,38904,60000,35138,0,47248,0,49953,0,36228,43729,0,48597,61100,0,37438,0,43857,47165,49749,50972,51476,55678,53090,62300,50300,49426,44013,34300,3200,-273000,-273000,-273000,326815,779313,19795272,337841,63,0,224,22,126,0,448,44,0,0,0,0,1640,19443,402336,702,10390,14010,244760,2199,326815,779313,19795272,337841,15475008,894976,7324756,2.94,0.00,0.00,657270,359842,12850604,333569,,,,1785600,1785600,1785600,1785600,1785600,1785600,883200,883200,0,,,,,,0,,884644,1000075,530,4931,400,1,494000,4929000,6890000,0,545,4420000,Full,726000000
1784669162.669070041,24470.87,59000,59800,61100,60300,60000,60300,61100,60300,60000,57700,58100,59300,60600,59700,59700,60500,59700,59300,58500,55800,57400,55000,55000,60600,54600,54600,53100,53500,53900,55000,64100,65600,64100,64800,61000,65600,64800,63700,65200,64800,64100,64500,64800,58500,55800,58800,55000,57000,53900,54300,55000,37000,0,0,37000,42976,59600,95000,0,40514,37000,34300,51914,95000,37560,0,38904,58400,35119,0,47236,0,49908,0,36231,43732,0,48597,58000,0,37434,0,43860,47165,49741,50972,51376,55746,52619,61100,50502,49359,44249,34300,3200,-273000,-273000,-273000,326815,779313,19795272,337841,63,0,224,22,126,0,448,44,0,0,0,0,1640,19443,402336,702,10390,14010,244760,2199,326815,779313,19795272,337841,15475008,896840,7326524,2.95,0.00,0.00,657270,359842,12850604,333569,,,,1555200,1555200,1555200,1555200,1555200,1555200,883200,883200,0,,,,,,0,,884644,1000075,530,4931,400,1,494000,4926000,6890000,0,545,4420000,Full,726000000
1784669162.966518374,24471.17,59000,59400,60300,60000,59600,60000,61100,60300,60700,58100,58100,59300,61000,59700,59700,60500,59700,59300,58900,56200,57000,55000,55000,60600,55000,54300,53500,53500,54300,55000,64500,66800,64800,65200,61000,66400,65600,64100,65600,65200,64500,65200,65200,58900,56200,58400,55000,57000,54300,54300,55000,37000,0,0,37000,42993,60300,95000,0,40514,37000,34300,51918,95000,37560,0,38904,58800,35147,0,47248,0,49937,0,36197,43768,0,48593,58800,0,37403,0,43863,47189,49733,51107,51577,55847,53090,61100,50300,49359,44216,34300,3200,-273000,-273000,-273000,326815,779313,19795272,337841,63,0,224,22,126,0,448,44,0,0,0,0,1640,19443,402336,702,10390,14010,244760,2199,326815,779313,19795272,337841,15475008,894276,7323960,2.95,0.00,0.00,657270,359842,12850604,333569,,,,1785600,1785600,1785600,1785600,1785600,1785600,883200,883200,0,,,,,,0,,884644,1000075,530,4931,400,1,494000,4929000,6890000,0,545,4420000,Full,726000000
1784669163.246203322,24471.45,58700,59000,60000,59600,59200,59200,60000,59600,60000,58100,57700,58900,61000,59700,59300,60500,59700,59300,58900,56200,57000,55000,54600,60600,55000,54300,53100,53900,53900,55000,63700,65600,64800,64800,61000,65200,65600,63700,64500,64800,64800,64800,64800,58900,56200,58000,54600,57400,54300,53900,55000,37000,0,0,37000,42988,59200,95000,0,40514,37000,34300,51918,95000,37560,0,38904,58800,35129,0,47232,0,49908,0,36288,43779,0,48601,58400,0,37416,0,43875,47189,49733,50972,51544,55813,52922,61500,50199,48955,44148,34300,3200,-273000,-273000,-273000,326815,779313,19795272,337841,63,0,224,22,126,0,448,44,0,0,0,0,1640,19443,402336,702,10390,14010,244760,2199,326815,779313,19795272,337841,15475008,898184,7327868,2.95,0.00,0.00,657270,359842,12850604,333569,,,,1785600,1785600,1785600,1785600,1785600,1785600,883200,883200,0,,,,,,0,,884644,1000075,530,4931,400,1,497000,4933000,6890000,0,545,4420000,Full,726000000
1784669163.534606082,24471.74,58700,59400,61100,59600,59200,60000,60300,59600,60300,58100,57700,59300,60600,59700,59700,60500,59700,58900,58500,56600,57400,55000,55000,60600,55000,54300,53500,53900,53900,55000,64100,66000,64500,64800,61000,65600,65200,63700,64800,64800,64100,64800,64500,58900,55800,58000,55000,57000,54300,53900,54600,37000,0,0,37000,42996,58400,95000,0,40514,37000,34300,51887,95000,37560,0,38904,58800,35154,0,47248,0,49912,0,36245,43754,0,48601,58400,0,37441,0,43888,47201,49733,51174,51409,55813,52788,61100,50502,49157,44081,34300,3200,-273000,-273000,-273000,326815,779313,19795272,337841,63,0,224,22,126,0,448,44,0,0,0,0,1640,19443,402336,702,10390,14010,244760,2199,326815,779313,19795272,337841,15475008,912772,7342460,2.95,0.00,0.00,657270,359842,12850604,333569,,,,1324800,1324800,1324800,1324800,1324800,1324800,883200,883200,0,,,,,,0,,903956,1000149,530,4931,400,1,494000,4932000,6890000,0,545,4420000,Full,726000000
1784669163.833798895,24472.03,59000,59400,60300,60000,59600,60000,60300,60000,60000,58100,58100,59300,61000,60100,60100,60800,60100,59300,59300,56200,57400,55000,54600,60600,54600,54300,53100,53900,53900,55000,64100,66000,64500,64500,61000,66000,64500,63700,64800,64800,63700,64500,64500,58500,56200,58000,55000,57000,53900,54300,54600,37000,0,0,37000,42999,59200,95000,0,40514,37000,34300,51939,95000,37560,0,38904,58400,35138,0,47240,0,49970,0,36228,43768,0,48620,58400,0,37405,0,43904,47169,49764,51207,51409,55611,52687,60700,50400,49056,44148,34300,3200,-273000,-273000,-273000,326839,779313,19795760,337847,63,0,224,22,126,0,448,44,0,0,0,0,1640,19443,402336,702,10390,14010,244760,2199,326839,779313,19795760,337847,15475008,908136,7337812,2.95,0.00,0.00,657270,359842,12850848,333569,,,,1785600,1785600,1785600,1785600,1785600,1785600,883200,883200,0,,,,,,0,,903956,1000149,530,4931,400,1,494000,4929000,6890000,0,545,4420000,Full,726000000
1784669164.341978790,24472.54,59400,59400,61100,60000,60000,60000,59600,60300,60000,58500,58500,59700,61000,60500,60100,60800,60100,59700,58900,56600,57700,55000,55000,60600,55000,54300,53100,53900,54300,55000,64800,66800,64800,65600,61400,66800,66000,64500,66000,65200,64800,65200,65600,58900,56200,58000,55000,57000,54600,54300,55000,37000,0,0,37000,43026,58800,95000,0,40514,37000,34300,51935,95000,37560,0,38904,58800,35166,0,47264,0,49930,0,36228,43783,0,48620,59200,0,37434,0,43892,47189,49764,51107,51510,55880,53224,61900,50535,49325,44081,34300,3200,-273000,-273000,-273000,326839,779313,19795760,337847,63,0,224,22,126,0,448,44,0,0,0,0,1640,19443,402336,702,10390,14010,244760,2199,326839,779313,19795760,337847,15475008,901120,7330796,2.95,0.00,0.00,657270,359842,12850848,333569,,,,1670400,1670400,1670400,1670400,1670400,1670400,883200,883200,0,,,,,,0,,913030,1004107,530,4931,400,1,491000,4931000,6890000,0,545,4420000,Full,726000000
1784669164.620132592,24472.82,59400,59800,60300,60300,59600,60300,60700,60000,60300,58500,58500,59700,61000,60500,60100,60800,60100,59700,59700,57400,59700,55000,55400,60600,55000,54300,53100,53900,53900,55000,64100,66000,64800,64800,61400,66400,65600,64100,65200,65600,64800,65200,65200,58900,56600,58400,55000,57400,54300,54300,55000,37000,0,0,37000,43023,59200,95000,0,40514,37000,34300,51935,95000,37560,0,38904,58800,35175,0,47252,0,49933,0,36185,43786,0,48633,58800,0,37405,0,43904,47201,49764,51140,51376,55847,52821,61500,50300,49056,44081,34300,3200,-273000,-273000,-273000,326839,779313,19795760,337847,63,0,224,22,126,0,448,44,0,0,0,0,1640,19443,402336,702,10390,14010,244760,2199,326839,779313,19795760,337847,15475008,901300,7331092,2.96,0.00,0.00,657270,359842,12850848,333569,,,,1555200,1555200,1555200,1555200,1555200,1555200,883200,883200,0,,,,,,0,,913030,1004107,530,4931,400,1,494000,4929000,6890000,0,545,4420000,Full,726000000
1784669164.912365665,24473.11,59000,59400,60300,60000,60000,60000,60000,60300,60700,58100,58500,59700,61000,60100,60500,60800,60100,59300,59300,56600,57700,55400,55400,61000,55000,54600,53100,53900,53900,55000,64100,66000,64800,65200,61400,66400,66000,64100,65200,65200,64800,65200,65200,58900,56200,58400,55000,57400,54600,54300,55000,37000,0,0,37000,43023,59600,95000,0,40514,37000,34300,51947,95000,37560,0,38904,59200,35166,0,47283,0,49978,0,36188,43808,0,48654,60700,0,37431,0,43872,47189,49789,51308,51443,55847,52989,61100,50502,49695,44148,34300,3200,-273000,-273000,-273000,326839,779313,19795760,337847,63,0,224,22,126,0,448,44,0,0,0,0,1640,19443,402336,702,10390,14010,244760,2199,326839,779313,19795760,337847,15475008,903452,7333252,2.96,0.00,0.00,657270,359842,12850848,333569,,,,998400,998400,998400,998400,998400,998400,883200,883200,0,,,,,,0,,913030,1004107,530,4931,400,1,494000,4928000,6890000,0,545,4420000,Full,726000000
1784669165.214867696,24473.42,59400,59400,60300,60000,59600,60300,60300,60000,60300,58100,58500,59700,60600,60100,60100,60500,59700,59300,59300,56600,57400,55400,55000,61000,55000,54600,53100,53900,53900,55400,63700,66000,65200,65200,61400,66000,65600,63700,64800,65200,64800,64800,64800,58900,56200,58400,55000,57000,54300,54300,55000,37000,0,0,37000,43026,59600,95000,0,40514,37000,34300,51965,95000,37560,0,38904,59200,35175,0,47279,0,49982,0,36257,43796,0,48643,60300,0,37405,0,43945,47212,49786,50972,51308,55813,53191,60700,50434,48687,44047,34300,3200,-273000,-273000,-273000,326839,779313,19795760,337847,63,0,224,22,126,0,448,44,0,0,0,0,1640,19443,402336,702,10390,14010,244760,2199,326839,779313,19795760,337847,15475008,898680,7328480,2.96,0.00,0.00,657270,359842,12850848,333569,,,,1670400,1670400,1670400,1670400,1670400,1670400,883200,883200,0,,,,,,0,,913030,1004107,530,4931,400,1,494000,4929000,6890000,0,545,4420000,Full,726000000
1784669165.499556967,24473.70,59800,60600,62700,61500,62300,61900,61500,61900,61500,57700,58500,59300,61700,60100,59700,60800,60100,59700,58900,56200,57400,55000,55000,61700,54600,54600,53100,54300,54300,55000,64500,66800,64800,65200,61700,66400,66000,64500,65200,65600,64500,65200,65200,58900,56600,59200,55400,57400,54300,53900,55000,37000,0,0,37000,43050,60000,95000,0,40514,37000,34300,51942,95000,37560,0,38904,59200,35191,0,47304,0,49970,0,36237,43796,0,48650,59600,0,37396,0,43888,47212,49789,51174,51510,55813,53325,61500,50535,49090,44148,34300,3200,-273000,-273000,-273000,326839,779313,19795760,337847,63,0,224,22,126,0,448,44,0,0,0,0,1640,19443,402336,702,10390,14010,244760,2199,326839,779313,19795760,337847,15475008,897640,7327504,2.96,0.00,0.00,657270,359842,12850848,333569,,,,1785600,1785600,1785600,1785600,1785600,1785600,883200,883200,0,,,,,,0,,909855,1000047,530,4931,400,1,494000,4927000,6890000,0,545,4420000,Full,726000000
1784669165.774719831,24473.98,59400,59800,61100,60700,60700,60300,60300,60700,60000,58900,58900,60100,61400,60500,60500,60800,60500,59300,59300,57000,58500,55000,55000,61400,54600,54600,53100,53900,53900,55000,64800,67200,65200,66000,61700,66800,66000,64500,66000,65600,64800,65200,65600,58900,56200,58400,55400,57000,54300,54300,55400,37000,0,0,37000,43038,59200,95000,0,40514,37000,34300,51973,95000,37560,0,38904,58800,35191,0,47296,0,49961,0,36248,43818,0,48655,60000,0,37447,0,43924,47189,49769,51073,51611,56183,53090,61500,50569,49359,44047,34300,3200,-273000,-273000,-273000,326839,779313,19795760,337847,63,0,224,22,126,0,448,44,0,0,0,0,1640,19443,402336,702,10390,14010,244760,2199,326839,779313,19795760,337847,15475008,900108,7329988,2.96,0.00,0.00,657270,359842,12850848,333569,,,,1785600,1785600,1785600,1785600,1785600,1785600,883200,883200,0,,,,,,0,,909855,1000047,530,4931,400,1,412000,4927000,6890000,0,545,4420000,Full,726000000
1784669166.051241185,24474.25,59400,59400,61500,60700,60300,60300,60700,60700,60300,58500,58900,59300,61000,60100,59700,60800,60100,59300,58900,57000,57700,55000,55000,61000,54600,54600,53100,53900,54300,55000,64100,66400,64800,65600,61400,66400,66000,64500,65600,65200,65200,65200,65200,58900,56600,58400,55000,57400,54300,53900,55000,37000,0,0,37000,43045,59600,95000,0,40514,37000,34300,51957,95000,37560,0,38904,59200,35194,0,47283,0,50015,0,36181,43796,0,48648,60700,0,37400,0,43917,47232,49806,51241,51611,55813,53090,61500,50434,49325,44114,34300,3200,-273000,-273000,-273000,326839,779313,19795760,337847,63,0,224,22,126,0,448,44,0,0,0,0,1640,19443,402336,702,10390,14010,244760,2199,326839,779313,19795760,337847,15475008,899224,7329088,2.96,0.00,0.00,657270,359842,12850848,333569,,,,1670400,1670400,1670400,1670400,1670400,1670400,883200,883200,0,,,,,,0,,0,0,530,4931,400,1,494000,4931000,6890000,0,545,4420000,Full,726000000
1784669166.341234258,24474.54,59000,59400,60300,60300,60300,59600,59600,60300,60700,58100,58100,59700,61000,59700,59700,60800,60100,59700,58900,56200,57400,55400,55000,60600,54600,54600,53100,53900,54300,55000,64100,66800,65200,65600,61400,66800,66000,64500,65200,65200,64500,65200,65600,58900,56200,58000,55400,57400,54300,54300,55000,37000,0,0,37000,43050,58800,95000,0,40514,37000,34400,51969,95000,37560,0,38904,58400,35219,0,47307,0,49970,0,36257,43821,0,48652,59200,0,37423,0,43932,47219,49792,51039,51409,55981,53090,61500,50400,49526,44081,34400,3200,-273000,-273000,-273000,326839,779313,19795760,337847,63,0,224,22,126,0,448,44,0,0,0,0,1640,19443,402336,702,10390,14010,244760,2199,326839,779313,19795760,337847,15475008,897224,7327092,2.96,0.00,0.00,657270,359842,12850848,333569,,,,1440000,1440000,1440000,1440000,1440000,1440000,883200,883200,0,,,,,,0,,923928,1003968,530,4931,400,1,494000,4929000,6890000,0,536,4418000,Full,726000000
1784669166.621974466,24474.82,58700,59400,60700,60300,60700,60000,60700,61100,60300,58100,58100,58900,61000,59700,59300,60500,59700,59300,58900,56600,57400,55400,55000,61000,55000,54600,53100,53900,54300,55000,64100,66000,64500,65200,61400,66000,65200,63700,65200,64800,64500,64800,64800,58900,56600,58400,55000,57400,54300,53900,55000,37000,0,0,37000,43050,60000,95000,0,40514,37000,34400,51953,95000,37560,0,38904,58800,35210,0,47300,0,50003,0,36225,43828,0,48671,58400,0,37429,0,43939,47225,49784,51409,51409,55746,52888,61100,50502,49257,44114,34400,3200,-273000,-273000,-273000,326839,779313,19795760,337847,63,0,224,22,126,0,448,44,0,0,0,0,1640,19443,402336,702,10390,14010,244760,2199,326839,779313,19795760,337847,15475008,896552,7326408,2.96,0.00,0.00,657270,359842,12850848,333569,,,,1324800,1324800,1324800,1324800,1324800,1324800,1497600,1497600,0,,,,,,0,,923928,1003968,530,4931,400,1,494000,4933000,6890000,0,536,4418000,Full,726000000
1784669166.930877123,24475.13,58700,59000,60000,60300,60300,59600,60000,60000,60000,57700,57700,59300,60600,59700,59700,60800,60100,59300,58900,56200,57400,55400,55000,60600,54600,54600,53100,53900,54300,55000,64500,66400,64800,65200,61000,66400,66000,64100,65200,64800,64500,64800,64800,58900,56200,58000,55000,57400,54300,54300,54600,37000,0,0,37000,43066,58800,95000,0,40514,37000,34400,51985,95000,37560,0,38904,58800,35231,0,47311,0,49986,0,36213,43860,0,48654,58400,0,37416,0,43936,47255,49796,51073,51779,55712,53124,61100,50400,49056,44114,34400,3200,-273000,-273000,-273000,326839,779313,19795760,337847,63,0,224,22,126,0,448,44,0,0,0,0,1640,19443,402336,702,10390,14010,244760,2199,326839,779313,19795760,337847,15475008,899240,7329080,2.96,0.00,0.00,657270,359842,12850848,333569,,,,1555200,1555200,1555200,1555200,1555200,1555200,883200,883200,0,,,,,,0,,923928,1003968,530,4931,400,1,494000,4931000,6890000,0,536,4418000,Full,726000000
1784669167.426385404,24475.63,59000,59400,61500,60000,60000,60300,61100,60300,60300,58500,58900,59700,61400,60500,60100,61200,60100,59300,59300,57000,58100,55000,55000,60600,54600,54600,53100,53900,54300,55400,64500,66800,65200,65200,61400,66400,65600,64500,65600,65200,64800,65200,65200,58500,56200,58400,55000,57000,54300,54300,55000,37000,0,0,37000,43078,60300,95000,0,40514,37000,34400,51985,95000,37626,0,38904,58800,35228,0,47307,0,50023,0,36219,43832,0,48665,60300,0,37370,0,43949,47248,49807,51308,51544,56116,52989,61900,50603,49661,44081,34400,3200,-273000,-273000,-273000,326839,779313,19795760,337847,63,0,224,22,126,0,448,44,0,0,0,0,1640,19443,402336,702,10390,14010,244760,2199,326839,779313,19795760,337847,15475008,897200,7327040,2.96,0.00,0.00,657270,359842,12850848,333569,,,,1324800,1324800,1324800,1324800,1324800,1324800,883200,883200,0,,,,,,0,,911735,1004020,530,4931,400,1,494000,4927000,6890000,0,536,4418000,Full,726000000
1784669167.715602903,24475.92,59000,59400,60300,60000,59600,60000,60000,60000,59200,58100,58100,59700,61000,60100,60100,60800,60100,59700,58900,57000,57700,55000,55400,60600,55000,55000,53500,54300,54300,55400,64800,67200,65200,65600,61400,66800,66000,64800,65600,65600,64800,64800,65600,58900,56600,58400,55000,57400,54300,53900,55000,37000,0,0,37000,43081,59200,95000,0,40514,37000,34400,51996,95000,37626,0,38904,58800,35256,0,47326,0,49998,0,36257,43840,0,48681,60000,0,37429,0,43964,47260,49824,51275,51443,55913,52922,61100,50603,49191,44081,34400,3200,-273000,-273000,-273000,326839,779313,19795760,337847,63,0,224,22,126,0,448,44,0,0,0,0,1640,19443,402336,702,10390,14010,244760,2199,326839,779313,19795760,337847,15475008,894204,7324032,2.96,0.00,0.00,657270,359842,12850848,333569,,,,1785600,1785600,1785600,1785600,1785600,1785600,883200,883200,0,,,,,,0,,911735,1004020,530,4931,400,1,494000,4931000,6890000,0,536,4418000,Full,726000000
1784669167.991509518,24476.19,59400,59800,60300,60300,60300,60000,60000,60300,59600,58100,58100,59300,61000,60100,59700,60800,60100,59700,58900,56200,57700,55400,55000,61000,55000,54300,53100,54300,54300,55000,64800,66800,65200,65600,61400,66800,66000,64500,66000,65600,64800,64800,65600,58900,56200,58400,54600,57000,54300,53900,54600,37000,0,0,37000,43088,59200,95000,0,40514,37000,34400,52000,95000,37626,0,38904,58800,35234,0,47323,0,50007,0,36219,43860,0,48707,58800,0,37403,0,43971,47248,49817,51107,51510,56116,52922,61900,50603,49762,44081,34400,3200,-273000,-273000,-273000,326839,779313,19795760,337847,63,0,224,22,126,0,448,44,0,0,0,0,1640,19443,402336,702,10390,14010,244760,2199,326839,779313,19795760,337847,15475008,895416,7325248,2.96,0.00,0.00,657270,359842,12850848,333569,,,,1785600,1785600,1785600,1785600,1785600,1785600,883200,883200,0,,,,,,0,,911735,1004020,530,4931,400,1,494000,4929000,6890000,0,536,4418000,Full,726000000
1784669168.266187799,24476.47,59000,59400,61500,60700,60700,60300,60700,60300,59600,58500,58100,59700,61400,60100,59700,60800,60100,59700,58900,56200,57400,55000,55000,61400,54600,54600,53500,53900,54600,55000,64500,66400,64800,65600,61400,66400,65600,64100,65200,65200,64800,65200,65600,58500,56600,58000,55400,57400,54300,54300,55400,37000,0,0,37000,43105,58800,95000,0,40514,37000,34400,51978,95000,37626,0,38904,58800,35259,0,47307,0,49982,0,36237,43860,0,48703,59600,0,37410,0,43977,47236,49834,51443,51443,55813,52989,62300,50569,49560,44148,34400,3200,-273000,-273000,-273000,326839,779313,19795760,337847,63,0,224,22,126,0,448,44,0,0,0,0,1640,19443,402336,702,10390,14010,244760,2199,326839,779313,19795760,337847,15475008,891396,7321228,2.96,0.00,0.00,657270,359842,12850848,333569,,,,1670400,1670400,1670400,1670400,1670400,1670400,883200,883200,0,,,,,,0,,911735,1004020,530,4931,400,1,494000,4928000,6890000,0,536,4418000,Full,726000000
1784669168.561259205,24476.76,59800,60200,60700,60300,60700,60000,60000,60300,59600,58100,58100,59300,61000,60100,60100,60500,60100,58900,58900,56600,57700,55000,55000,61000,55000,54600,53500,54300,54300,55000,64500,66800,64800,66000,61400,66400,65600,64500,65600,65600,64500,65200,65200,58900,56600,58400,55000,57400,54300,54300,55000,37000,0,0,37000,43097,59600,95000,0,40514,37000,34400,52012,95000,37626,0,38904,58800,35259,0,47307,0,50018,0,36197,43882,0,48695,60000,0,37407,0,43955,47248,49831,51376,51476,56014,52989,62300,50569,49022,44081,34400,3200,-273000,-273000,-273000,326839,779313,19795760,337847,63,0,224,22,126,0,448,44,0,0,0,0,1640,19443,402336,702,10390,14010,244760,2199,326839,779313,19795760,337847,15475008,894616,7324432,2.96,0.00,0.00,657270,359842,12850848,333569,,,,1228800,1228800,1228800,1228800,1228800,1228800,883200,883200,0,,,,,,0,,910209,1004102,530,4931,400,1,494000,4931000,6890000,0,536,4418000,Full,726000000
1784669168.839867747,24477.04,59800,60600,62700,61500,61900,61100,61500,61100,60700,58500,58500,59700,61400,60100,60100,60800,60100,59300,59300,56200,57700,55400,55000,61400,54600,54600,53100,53900,54300,55000,64500,66400,64800,65200,61700,66000,66000,64100,65600,65200,64800,65200,65200,58900,56200,58800,55000,57700,54300,54300,55000,37000,0,0,37000,43108,60300,95000,0,40514,37000,34400,52004,95000,37626,0,38904,58800,35256,0,47315,0,50040,0,36197,43863,0,48732,58800,0,37447,0,43977,47268,49861,51107,51544,55746,53090,61900,50636,49325,43947,34400,3200,-273000,-273000,-273000,326839,779313,19795760,337847,63,0,224,22,126,0,448,44,0,0,0,0,1640,19443,402336,702,10390,14010,244760,2199,326839,779313,19795760,337847,15475008,895988,7325804,2.97,0.00,0.00,657270,359842,12850848,333569,,,,1785600,1785600,1785600,1785600,1785600,1785600,883200,883200,0,,,,,,0,,910209,1004102,530,4931,400,1,494000,4932000,6890000,0,536,4418000,Full,726000000
1784669169.119112278,24477.32,59400,60200,61100,60700,60300,60700,61100,60700,61100,58900,58900,60100,61400,60500,60100,60800,60500,59700,59300,57400,58100,55000,55000,61400,55000,55000,53100,53900,54300,55400,64500,66800,64800,65600,61700,66400,65600,64500,66000,65600,64800,65200,65200,58500,56600,58800,55400,57400,54300,54300,55400,37000,0,0,37000,43108,60000,95000,0,40514,37000,34400,52034,95000,37626,0,38904,59600,35280,0,47367,0,50023,0,36228,43904,0,48715,59200,0,37438,0,44003,47236,49866,51241,51510,56014,52821,61900,50569,49863,43980,34400,3200,-273000,-273000,-273000,326850,779313,19795872,337849,63,0,224,22,126,0,448,44,0,0,0,0,1640,19443,402336,702,10390,14010,244760,2199,326850,779313,19795872,337849,15475008,894424,7324224,2.97,0.00,0.00,657270,359842,12850904,333569,,,,1555200,1555200,1555200,1555200,1555200,1555200,883200,883200,0,,,,,,0,,910209,1004102,530,4931,400,1,494000,4928000,6890000,0,536,4418000,Full,726000000
1784669169.399899986,24477.60,59400,60200,60700,60700,60700,60300,60000,60700,60000,58100,58100,59300,61400,60100,59700,60800,59700,59300,58900,56200,57400,55000,55000,61400,55000,54600,53500,54300,54300,55400,65200,66800,65200,66400,61700,67200,66000,65200,66400,65600,64800,65200,65600,59300,56600,58800,55400,57400,54300,54300,55400,37000,0,0,37000,43120,59600,95000,0,40514,37000,34400,52000,95000,37626,0,38904,59200,35286,0,47323,0,50044,0,36260,43872,0,48707,59600,0,37458,0,43987,47264,49861,51207,51678,56116,53090,61500,50603,49325,43879,34400,3200,-273000,-273000,-273000,326850,779313,19795872,337849,63,0,224,22,126,0,448,44,0,0,0,0,1640,19443,402336,702,10390,14010,244760,2199,326850,779313,19795872,337849,15475008,889280,7319112,2.97,0.00,0.00,657270,359842,12850904,333569,,,,1670400,1670400,1785600,1785600,1785600,1785600,883200,883200,0,,,,,,0,,922008,1003807,530,4931,400,1,497000,4928000,6890000,0,536,4418000,Full,726000000
1784669169.678720403,24477.88,59800,60600,63100,60700,60700,61500,62300,61100,60300,58100,58100,59300,61700,60100,60100,60800,60100,59700,58900,56600,57400,55000,55400,61400,55000,54600,53500,53900,54300,55400,64800,67200,65200,65600,62100,66400,66000,64500,66000,65600,64800,65200,65600,58900,56600,58800,55000,57400,54300,54300,54600,37000,0,0,37000,43136,60300,95000,0,40514,37000,34400,52024,95000,37626,0,38904,60000,35275,0,47351,0,50018,0,36209,43927,0,48721,59600,0,37446,0,43984,47279,49834,51107,51510,56116,53124,61900,50468,49695,44148,34400,3200,-273000,-273000,-273000,326850,779313,19795872,337849,63,0,224,22,126,0,448,44,0,0,0,0,1640,19443,402336,702,10390,14010,244760,2199,326850,779313,19795872,337849,15475008,881844,7311780,2.97,0.00,0.00,657270,359842,12850904,333569,,,,1324800,1555200,1555200,1555200,1555200,1555200,883200,883200,0,,,,,,0,,922008,1003807,530,4931,400,1,494000,4929000,6890000,0,536,4418000,Full,726000000
1784669169.963924517,24478.17,59400,60600,61900,60300,60300,60700,61100,60300,60000,58500,58100,59700,61400,59700,60100,60800,59700,59700,59300,56600,57700,55400,55000,61400,55000,54600,53100,53900,54300,55000,64100,66800,65200,65200,61700,66400,66000,64100,65200,65200,64800,65600,65200,59300,56200,59200,55400,57000,54300,54300,54600,37000,0,0,37000,43127,60300,95000,0,40514,37000,34400,52043,95000,37626,0,38904,59200,35286,0,47371,0,50040,0,36194,43907,0,48721,59600,0,37417,0,44003,47300,49856,51207,51645,55847,52922,61900,50569,49056,44114,34400,3200,-273000,-273000,-273000,326850,779313,19795872,337849,63,0,224,22,126,0,448,44,0,0,0,0,1640,19443,402336,702,10390,14010,244760,2199,326850,779313,19795872,337849,15475008,885148,7315228,2.97,0.00,0.00,657270,359842,12850904,333569,,,,1785600,1785600,1785600,1785600,1785600,1785600,883200,883200,0,,,,,,0,,922008,1003807,530,4931,400,1,494000,4931000,6890000,0,536,4418000,Full,726000000
1784669170.457140507,24478.66,61000,61700,62300,62300,62700,61900,61900,62700,62700,58900,58500,59700,62100,60100,60100,61200,60500,60100,59300,57000,58100,55000,55400,61700,55000,54600,53100,53900,54300,55000,64800,66800,64800,66000,62100,66400,66000,64500,66000,65600,64800,65200,65600,58900,56600,60000,55400,57400,54300,54300,55400,37000,0,0,37000,43139,61500,95000,0,40514,37000,34400,52089,95000,37626,0,38904,60000,35297,0,47382,0,50055,0,36225,43900,0,48732,60300,0,37431,0,43971,47290,49868,51073,51611,55913,53594,63100,50569,49762,44148,34400,3200,-273000,-273000,-273000,326850,779313,19795872,337849,63,0,224,22,126,0,448,44,0,0,0,0,1640,19443,402336,702,10390,14010,244760,2199,326850,779313,19795872,337849,15475008,897572,7327528,2.97,0.00,0.00,657270,359842,12850904,333569,,,,1785600,1785600,1785600,1785600,1785600,1785600,1267200,1267200,0,,,,,,0,,921388,1003974,530,4931,400,1,494000,4932000,6890000,0,536,4418000,Full,726000000
1784669170.748464569,24478.95,59400,59800,61100,60300,60300,60000,60700,60700,60700,58500,58500,59700,61700,60500,60500,61200,60500,59700,59700,57000,57700,55400,55400,61000,55400,54600,53100,54300,54300,55400,64500,66800,65200,65600,61700,66400,66000,64500,65600,65600,65200,65600,65600,59300,56600,58400,55400,57400,54600,54300,55400,37000,0,0,37000,43155,59600,95000,0,40514,37000,34400,52059,95000,37626,0,38904,59200,35325,0,47382,0,50051,0,36185,43917,0,48728,60700,0,37417,0,44006,47304,49879,51207,51678,55947,53325,62300,50603,48955,44081,34400,3200,-273000,-273000,-273000,326850,779313,19795872,337849,63,0,224,22,126,0,448,44,0,0,0,0,1640,19443,402336,702,10390,14010,244760,2199,326850,779313,19795872,337849,15475008,889976,7319900,2.97,0.00,0.00,657270,359842,12850904,333569,,,,1440000,1440000,1440000,1440000,1440000,1440000,883200,883200,0,,,,,,0,,0,0,530,4931,400,1,494000,4928000,6890000,0,536,4418000,Full,726000000
1784669171.031386913,24479.23,59000,60200,61500,60300,60300,60700,61100,60300,60700,58500,58900,59300,61000,60100,60100,60500,60100,59700,59300,56600,57400,55400,55400,61000,55000,55000,53500,53900,54300,55400,64500,66400,64800,65600,61700,66000,65600,64500,65600,65600,64500,65200,65200,59300,56600,58800,55400,57400,54300,54300,55400,37000,0,0,37000,43151,59600,95000,0,40514,37000,34400,52077,95000,37626,0,38904,58400,35311,0,47358,0,50071,0,36228,43904,0,48749,58400,0,37402,0,44027,47307,49905,51207,51577,55880,53292,61500,50669,49392,44047,34400,3200,-273000,-273000,-273000,326850,779313,19795872,337849,63,0,224,22,126,0,448,44,0,0,0,0,1640,19443,402336,702,10390,14010,244760,2199,326850,779313,19795872,337849,15475008,885632,7315560,2.97,0.00,0.00,657270,359842,12850904,333569,,,,1555200,1670400,1670400,1670400,1670400,1670400,883200,883200,0,,,,,,0,,0,0,530,4931,400,1,494000,4929000,6890000,0,536,4418000,Full,726000000
1784669171.314342433,24479.52,59000,59800,60300,60300,60000,60000,59600,60000,60000,58500,58500,59700,61400,60100,60100,60800,60100,59700,58900,56200,57700,55000,55400,61000,55000,55000,53500,53900,54300,55400,65200,66800,65200,66000,61700,67200,66800,64500,66400,66000,65200,65200,65600,58900,56200,58400,55400,57700,54300,54300,55000,37000,0,0,37000,43163,59200,95000,0,40514,37000,34400,52004,95000,37626,0,38904,59200,35333,0,47375,0,50092,0,36251,43913,0,48757,59600,0,37411,0,44031,47307,49887,51409,51645,55947,53124,61100,50703,49224,43980,34400,3200,-273000,-273000,-273000,326850,779313,19795872,337849,63,0,224,22,126,0,448,44,0,0,0,0,1640,19443,402336,702,10390,14010,244760,2199,326850,779313,19795872,337849,15475008,879500,7309432,2.97,0.00,0.00,657270,359842,12850904,333569,,,,1785600,1785600,1785600,1785600,1785600,1785600,883200,883200,0,,,,,,0,,0,0,530,4931,400,1,494000,4928000,6888000,0,548,4419000,Full,726000000
1784669171.622736808,24479.82,58700,59400,61500,60000,60000,60000,60300,60000,60000,58900,58500,59700,61400,60100,60500,60800,60100,59700,59300,56600,57700,55400,55400,61000,55000,54600,53500,54300,54300,55400,64800,66800,65200,66000,61700,66800,66000,64500,65600,65200,64800,65200,65600,59300,56200,58000,55400,57400,54300,54300,55400,37000,0,0,37000,43163,58400,95000,0,40514,37000,34500,52086,95000,37626,0,38904,58400,35333,0,47382,0,50125,0,36200,43924,0,48764,58400,0,37426,0,43996,47332,49896,51308,51476,56116,53023,61900,50603,49526,43913,34500,3200,-273000,-273000,-273000,326850,779313,19795872,337849,63,0,224,22,126,0,448,44,0,0,0,0,1640,19443,402336,702,10390,14010,244760,2199,326850,779313,19795872,337849,15475008,883376,7313344,2.97,0.00,0.00,657270,359842,12850904,333569,,,,1670400,1670400,1670400,1670400,1670400,1670400,883200,883200,0,,,,,,0,,907147,1003990,530,4931,400,1,494000,4924000,6888000,0,540,4419000,Full,726000000
1784669171.910089725,24480.11,59400,60200,60700,60000,60000,60300,60300,60300,60300,58500,58900,60100,61400,60100,60500,60800,60100,59700,58900,56600,57700,55400,55000,60600,55000,55000,53100,53900,54300,55000,64800,67200,65200,66000,61700,67200,66000,64500,66000,65200,65200,65200,65600,58900,56600,59200,55400,57400,54600,54600,55000,37000,0,0,37000,43166,60000,95000,0,40514,37000,34500,52073,95000,37626,0,38904,58800,35345,0,47403,0,50092,0,36231,43942,0,48764,58800,0,37434,0,44027,47287,49912,51207,51645,55913,53258,61100,50569,49426,44182,34500,3200,-273000,-273000,-273000,326850,779313,19795872,337849,63,0,224,22,126,0,448,44,0,0,0,0,1640,19443,402336,702,10390,14010,244760,2199,326850,779313,19795872,337849,15475008,899004,7328892,2.97,0.00,0.00,657270,359842,12850904,333569,,,,1670400,1670400,1670400,1670400,1670400,1670400,883200,883200,0,,,,,,0,,907147,1003990,530,4931,400,1,494000,4931000,6888000,0,540,4419000,Full,726000000
1784669172.188941131,24480.39,60200,61000,61500,60300,60300,61500,62300,60300,60300,58900,58900,60100,61000,60500,60100,60800,60100,59700,59300,57400,58500,55400,55400,61400,55000,54600,53500,53900,54600,55400,65200,67200,65600,66000,61700,66800,66000,64800,66000,65600,64800,65600,65200,59300,57000,59600,55400,57700,54300,54300,55000,37000,0,0,37000,43182,61100,95000,0,40623,37000,34500,52093,95000,37703,0,39073,58800,35352,0,47407,0,50092,0,36270,43955,0,48785,60700,0,37443,0,44045,47339,49920,51443,51645,55813,53292,62300,50468,49695,43846,34500,3200,-273000,-273000,-273000,326850,779313,19795872,337849,63,0,224,22,126,0,448,44,0,0,0,0,1640,19443,402336,702,10390,14010,244760,2199,326850,779313,19795872,337849,15475008,891964,7321852,2.97,0.00,0.00,657270,359842,12850904,333569,,,,1785600,1785600,1785600,1785600,1785600,1785600,883200,883200,0,,,,,,0,,907147,1003990,530,4931,400,1,494000,4927000,6888000,0,540,4419000,Full,726000000
1784669172.467742641,24480.67,59400,60200,60700,60700,60300,60700,61500,61100,61500,58900,58500,60100,61400,60500,60500,61200,60500,60100,59700,57000,58100,55400,55400,61400,55000,55000,53500,53900,54600,55400,64800,67200,65200,66000,61700,66800,66400,64800,66000,65600,65200,65600,66000,59300,56600,58800,55400,57700,54600,53900,55000,37000,0,0,37000,43191,60000,95000,0,40623,37000,34500,52098,95000,37703,0,39073,59200,35330,0,47417,0,50118,0,36225,43920,0,48757,60000,0,37480,0,44055,47343,49905,51409,51712,56082,53359,61500,50636,49460,43980,34500,3200,-273000,-273000,-273000,326850,779313,19795872,337849,63,0,224,22,126,0,448,44,0,0,0,0,1640,19443,402336,702,10390,14010,244760,2199,326850,779313,19795872,337849,15475008,891876,7321768,2.97,0.00,0.00,657270,359842,12850904,333569,,,,1785600,1785600,1785600,1785600,1785600,1785600,883200,883200,0,,,,,,0,,919794,1004166,530,4931,400,1,494000,4931000,6888000,0,540,4419000,Full,726000000
1784669172.753775141,24480.96,59000,59400,60300,61100,61500,60000,60700,60700,60300,58500,58500,59700,61400,60100,60100,60800,60500,60100,59300,57000,57700,55400,55400,61400,55000,54600,53500,54300,54300,55400,64800,66800,65200,66000,61400,66800,65600,64500,65600,65600,65200,65200,65600,58900,56600,58400,55400,57400,54300,54300,55000,37000,0,0,37000,43191,59200,95000,0,40623,37000,34500,52102,95000,37703,0,39073,58800,35367,0,47414,0,50133,0,36273,43949,0,48762,60000,0,37428,0,44082,47332,49941,51107,51645,56048,53056,61100,50636,49460,43913,34500,3200,-273000,-273000,-273000,326850,779313,19795872,337849,63,0,224,22,126,0,448,44,0,0,0,0,1640,19443,402336,702,10390,14010,244760,2199,326850,779313,19795872,337849,15475008,890824,7320704,2.98,0.00,0.00,657270,359842,12850904,333569,,,,998400,998400,998400,998400,998400,998400,883200,883200,0,,,,,,0,,919794,1004166,530,4931,400,1,494000,4931000,6888000,0,540,4419000,Full,726000000
1784669173.037875662,24481.24,59400,59800,60300,60300,60300,60300,61100,60700,61100,58100,58100,59700,61000,60100,59700,60800,60100,59700,59300,56600,57400,55400,55400,61000,55000,54600,53500,53900,54300,55400,63300,65200,64800,64500,61700,65200,65200,63300,64500,65200,64800,64800,64500,59300,56200,58400,55400,57700,54600,54300,55000,37000,0,0,37000,43194,60000,95000,0,40623,37000,34500,52073,95000,37703,0,39073,59200,35361,0,47461,0,50108,0,36245,43945,0,48802,60300,0,37416,0,44031,47347,49930,51376,51678,55947,53191,61100,50669,49627,44013,34500,3200,-273000,-273000,-273000,326850,779313,19795872,337849,63,0,224,22,126,0,448,44,0,0,0,0,1640,19443,402336,702,10390,14010,244760,2199,326850,779313,19795872,337849,15475008,890624,7320488,2.98,0.00,0.00,657270,359842,12850904,333569,,,,1785600,1785600,1785600,1785600,1785600,1785600,883200,883200,0,,,,,,0,,919794,1004166,530,4931,400,1,494000,4931000,6888000,0,540,4419000,Full,726000000
1784669173.542936912,24481.74,59800,60600,61100,61100,61900,60700,61500,61100,60700,58900,58900,60100,61700,60500,60500,61200,60500,59700,59700,57000,58100,55400,55000,61700,55400,54600,53500,54300,54300,55400,64800,66800,65200,66000,62100,66800,66000,64500,66000,65600,65200,65200,65600,58900,56600,58800,55400,57700,54600,54300,55400,37000,0,0,37000,43201,60000,95000,0,40623,37000,34500,52077,95000,37703,0,39073,59600,35358,0,47438,0,50141,0,36225,43942,0,48785,61500,0,37412,0,44082,47354,49930,51510,51645,56082,53224,61900,50636,49224,44013,34500,3200,-273000,-273000,-273000,326850,779313,19795872,337849,63,0,224,22,126,0,448,44,0,0,0,0,1640,19443,402336,702,10390,14010,244760,2199,326850,779313,19795872,337849,15475008,883352,7313236,2.98,0.00,0.00,657270,359842,12850904,333569,,,,1555200,1555200,1555200,1555200,1555200,1555200,883200,883200,0,,,,,,0,,906556,1004055,530,4931,400,1,494000,4932000,6888000,0,540,4419000,Full,726000000
1784669173.823785922,24482.02,59800,60200,62700,60000,60300,60700,61500,60700,61100,58100,58500,59300,61000,59700,60100,60800,60100,59700,59300,56600,57400,55400,55000,61000,55000,55000,53500,53900,54300,55400,63300,64800,64100,64500,61700,65200,64800,62900,64500,64800,64500,64800,64800,59700,56600,58800,55400,57700,54300,54300,55000,37000,0,0,37000,43222,60700,95000,0,40623,37000,34500,52120,95000,37703,0,39073,59600,35386,0,47449,0,50133,0,36225,43987,0,48789,60000,0,37390,0,44085,47375,49941,51443,51510,56048,53628,61500,50603,49090,44081,34500,3200,-273000,-273000,-273000,326850,779313,19795872,337849,63,0,224,22,126,0,448,44,0,0,0,0,1640,19443,402336,702,10390,14010,244760,2199,326850,779313,19795872,337849,15475008,893320,7323188,2.98,0.00,0.00,657270,359842,12850904,333569,,,,1785600,1785600,1785600,1785600,1785600,1785600,883200,883200,0,,,,,,0,,0,0,530,4931,400,1,494000,4927000,6888000,0,540,4419000,Full,726000000
1784669174.115664880,24482.32,59000,59800,61900,60700,60700,60300,60700,60700,60300,58500,58500,59300,61000,59700,59700,60800,60100,59300,58900,56600,57700,55000,55000,60600,55000,54600,53100,54300,53900,55000,64500,66800,65200,65200,61400,66800,65600,64100,65600,64800,64500,65200,65200,58900,56600,58400,55000,57400,54300,54300,55000,37000,0,0,37000,43206,59200,95000,0,40623,37000,34500,52102,95000,37703,0,39073,58800,35408,0,47438,0,50133,0,36251,43968,0,48789,59200,0,37399,0,44089,47382,49955,51006,51611,56149,53124,61500,50569,49661,43846,34500,3200,-273000,-273000,-273000,326864,779313,19796208,337852,63,0,224,22,126,0,448,44,0,0,0,0,1640,19443,402336,702,10390,14010,244760,2199,326864,779313,19796208,337852,15475008,895828,7325696,2.98,0.00,0.00,657270,359842,12851072,333569,,,,1785600,1785600,1785600,1785600,1785600,1785600,883200,883200,0,,,,,,0,,0,0,530,4931,400,1,494000,4933000,6888000,0,540,4419000,Full,726000000
1784669174.391707380,24482.59,59400,59400,60000,60000,59600,60000,60000,60300,60000,58100,58100,59300,60600,59700,59700,60800,60100,59700,58900,56200,57400,55000,55000,60600,55000,55000,53500,53900,54300,55400,64500,66400,64800,65200,61400,66000,65600,64100,65600,65200,64500,64800,65200,58900,56200,58400,55000,57400,54600,54300,55000,37000,0,0,37000,43222,58800,95000,0,40623,37000,34500,52155,95000,37703,0,39073,58800,35408,0,47453,0,50136,0,36251,44038,0,48806,60300,0,37431,0,44105,47375,49974,51207,51678,55981,53090,61900,50502,48989,44114,34500,3200,-273000,-273000,-273000,326864,779313,19796208,337852,63,0,224,22,126,0,448,44,0,0,0,0,1640,19443,402336,702,10390,14010,244760,2199,326864,779313,19796208,337852,15475008,901756,7331624,2.98,0.00,0.00,657270,359842,12851072,333569,,,,1785600,1785600,1785600,1785600,1785600,1785600,883200,883200,0,,,,,,0,,900292,1000000,530,4931,400,1,494000,4929000,6888000,0,540,4419000,Full,726000000
1784669174.678607432,24482.88,59000,59800,61500,60000,59600,60300,60700,60300,60700,58100,58100,59300,61000,59700,60100,60500,59700,59300,58900,56200,57400,55000,55000,60200,55000,54600,53100,53900,54300,55000,63300,65600,64500,64500,61000,65200,65200,63300,64500,65200,64800,64800,64500,58500,56600,58400,55400,57400,54600,53900,55000,37000,0,0,37000,43228,59600,95000,0,40623,37000,34500,52128,95000,37703,0,39073,58800,35398,0,47449,0,50158,0,36231,44013,0,48821,59200,0,37432,0,44098,47351,49982,51140,51678,55813,53090,60700,50669,49359,43812,34500,3200,-273000,-273000,-273000,326864,779313,19796208,337852,63,0,224,22,126,0,448,44,0,0,0,0,1640,19443,402336,702,10390,14010,244760,2199,326864,779313,19796208,337852,15475008,898724,7328532,2.98,0.00,0.00,657270,359842,12851072,333569,,,,1324800,1440000,1440000,1440000,1440000,1440000,883200,883200,0,,,,,,0,,0,0,530,4931,400,1,494000,4923000,6888000,0,540,4419000,Full,726000000
1784669174.987777744,24483.19,59000,59800,60000,60000,59600,60000,60300,60000,60000,58100,58100,59300,60600,59700,59300,60500,59700,59300,58900,55800,57400,55000,55000,60600,55000,54600,53100,54300,54300,55400,63700,65600,64500,64500,61000,65200,64800,63700,64500,64800,64500,64500,64800,58900,56200,58400,55400,57400,54300,54300,55000,37000,0,0,37000,43237,59600,95000,0,40623,37000,34500,52140,95000,37703,0,39073,58800,35426,0,47453,0,50162,0,36294,43955,0,48829,60000,0,37417,0,44082,47367,49982,51140,51611,55813,53157,61100,50603,49460,43812,34500,3200,-273000,-273000,-273000,326864,779313,19796208,337852,63,0,224,22,126,0,448,44,0,0,0,0,1640,19443,402336,702,10390,14010,244760,2199,326864,779313,19796208,337852,15475008,893636,7323444,2.98,0.00,0.00,657270,359842,12851072,333569,,,,1324800,1324800,1324800,1324800,1324800,1324800,883200,883200,0,,,,,,0,,0,0,530,4931,400,1,494000,4927000,6888000,0,540,4419000,Full,726000000
1784669175.300134099,24483.50,59000,59400,60300,59600,59600,60000,60300,60000,60000,58100,58100,59300,60600,59700,59700,60500,59300,59300,58900,56600,57700,55000,55000,60200,54600,54600,53500,53900,54300,55000,64100,66000,64800,65200,61000,66000,65200,63700,65200,65200,64500,64800,65200,58900,56600,58000,55000,57400,54300,54300,55000,37000,0,0,37000,43245,60000,95000,0,40623,37000,34500,52120,95000,37703,0,39073,58800,35433,0,47473,0,50166,0,36206,43996,0,48825,60300,0,37443,0,44085,47358,49970,51577,51712,56116,52821,61100,50703,49661,43711,34500,3200,-273000,-273000,-273000,326864,779313,19796208,337852,63,0,224,22,126,0,448,44,0,0,0,0,1640,19443,402336,702,10390,14010,244760,2199,326864,779313,19796208,337852,15475008,892300,7322108,2.98,0.00,0.00,657270,359842,12851072,333569,,,,1670400,1670400,1670400,1670400,1670400,1670400,1132800,1132800,0,,,,,,0,,0,0,530,4931,400,1,494000,4927000,6888000,0,540,4419000,Full,726000000
1784669175.591079723,24483.79,60600,61000,62700,61900,63100,61500,61500,62300,61900,58500,58500,59700,61700,59700,59700,60800,60100,59700,58500,56600,57700,55000,55000,61700,54600,54600,53100,53900,54300,55000,64100,65600,64500,64800,62100,66000,65200,64100,65200,64800,64100,64500,64800,58900,56200,59200,55000,57400,54300,54300,55000,37000,0,0,37000,43252,60300,95000,0,40623,37000,34500,52089,95000,37703,0,39073,60300,35417,0,47468,0,50169,0,36228,44019,0,48815,60300,0,37391,0,44105,47379,49943,51174,51678,55813,53393,62700,50669,49695,44114,34500,3200,-273000,-273000,-273000,326864,779313,19796208,337852,63,0,224,22,126,0,448,44,0,0,0,0,1640,19443,402336,702,10390,14010,244760,2199,326864,779313,19796208,337852,15475008,896916,7326808,2.98,0.00,0.00,657270,359842,12851072,333569,,,,1785600,1785600,1785600,1785600,1785600,1785600,1132800,1132800,0,,,,,,0,,900237,1004012,530,4931,400,1,494000,4933000,6888000,0,540,4419000,Full,726000000
1784669175.868178317,24484.07,59800,60200,61100,60700,61900,61100,61500,60700,60000,58900,58900,60100,61000,60500,60500,60800,60500,60100,58900,57400,58100,55000,55000,61000,54600,55000,53500,54300,54300,55400,64500,66800,65200,65600,61400,66800,66000,64500,66000,65200,64800,65200,65200,58900,56600,58800,55400,57400,54600,54300,55000,37000,0,0,37000,43261,59200,95000,0,40623,37000,34500,52116,95000,37703,0,39073,59200,35453,0,47503,0,50150,0,36191,44009,0,48827,59200,0,37441,0,44108,47379,49947,51241,51544,55847,53056,61900,50669,49594,44081,34500,3200,-273000,-273000,-273000,326864,779313,19796208,337852,63,0,224,22,126,0,448,44,0,0,0,0,1640,19443,402336,702,10390,14010,244760,2199,326864,779313,19796208,337852,15475008,892768,7322680,2.98,0.00,0.00,657270,359842,12851072,333569,,,,1440000,1440000,1440000,1440000,1440000,1440000,883200,883200,0,,,,,,0,,900237,1004012,530,4931,400,1,494000,4932000,6888000,0,540,4419000,Full,726000000
1784669176.145578629,24484.35,59400,59800,60300,60000,60000,60000,60000,60700,60700,58100,58500,59300,60600,60100,60100,60500,60100,59700,58900,56600,57700,55400,55400,60600,55000,55000,53100,53900,53900,55400,64100,66400,65200,65200,61400,66400,65600,63700,65600,65200,64800,65200,65200,58900,56600,58400,55000,57400,54300,54300,55000,37000,0,0,37000,43256,60000,95000,0,40623,37000,34500,52112,95000,37703,0,39073,59200,35428,0,47481,0,50141,0,36231,43999,0,48819,61100,0,37378,0,44101,47393,49947,51107,51476,56048,53393,61500,50400,49796,43980,34500,3200,-273000,-273000,-273000,326864,779313,19796208,337852,63,0,224,22,126,0,448,44,0,0,0,0,1640,19443,402336,702,10390,14010,244760,2199,326864,779313,19796208,337852,15475008,891004,7320916,2.98,0.00,0.00,657270,359842,12851072,333569,,,,1785600,1785600,1785600,1785600,1785600,1785600,883200,883200,0,,,,,,0,,900237,1004012,530,4931,400,1,494000,4929000,6886000,0,529,4420000,Full,726000000
1784669176.711918369,24484.91,59000,59400,60300,60000,60000,60000,59600,60300,60300,58100,58500,59700,61400,60500,60100,60800,60100,59300,58900,56600,57700,55400,55000,60600,55400,54600,53500,53900,54300,55400,64800,67200,65200,66000,61000,66800,66400,64800,66000,66000,65200,65200,65600,58900,56200,58000,55400,57400,54300,54300,55000,37000,0,0,37000,43276,58800,95000,0,40623,37000,34700,52116,95000,37703,0,39073,58400,35456,0,47488,0,50166,0,36203,44016,0,48847,59200,0,37440,0,44122,47425,49976,51510,51443,56116,52989,61100,50737,49460,43980,34700,3200,-273000,-273000,-273000,326864,779313,19796208,337852,63,0,224,22,126,0,448,44,0,0,0,0,1640,19443,402336,702,10390,14010,244760,2199,326864,779313,19796208,337852,15475008,894736,7324652,2.98,0.00,0.00,657270,359842,12851072,333569,,,,1555200,1555200,1555200,1555200,1555200,1555200,883200,883200,0,,,,,,0,,907894,1004000,530,4931,400,1,494000,4928000,6886000,0,537,4420000,Full,726000000
1784669177.003267483,24485.20,59800,59800,60700,60700,61100,60300,61500,60700,60700,58100,58100,59300,61000,60100,60100,61200,60100,59300,58900,56600,57700,55400,55400,61000,55000,54600,53500,53900,54300,55400,64800,66800,65600,66000,61400,66400,66000,64500,66000,65600,64800,65600,65600,58900,56600,58800,55400,57400,54300,54600,55000,37000,0,0,37000,43279,59600,95000,0,40800,37000,34700,52140,95000,37823,0,39231,58800,35447,0,47496,0,50162,0,36219,44013,0,48847,58800,0,37428,0,44138,47425,49986,51409,51611,56216,53157,61500,50400,49022,43913,34700,3200,-273000,-273000,-273000,326864,779313,19796208,337852,63,0,224,22,126,0,448,44,0,0,0,0,1640,19443,402336,702,10390,14010,244760,2199,326864,779313,19796208,337852,15475008,897528,7327432,2.98,0.00,0.00,657270,359842,12851072,333569,,,,1670400,1670400,1670400,1670400,1670400,1670400,883200,883200,0,,,,,,0,,907894,1004000,530,4931,400,1,494000,4928000,6886000,0,537,4420000,Full,726000000
1784669177.282705452,24485.48,59000,59800,60300,60700,60300,59600,59600,60700,60300,58100,58100,59700,61000,60100,59700,60500,60100,59700,58900,56200,57400,55400,55400,61400,55000,54600,53500,53900,54300,55400,64500,66800,65200,65600,61700,66800,66000,64500,66000,65600,65200,65600,65600,58900,56600,58400,55000,57700,54600,54300,55000,37000,0,0,37000,43283,58800,95000,0,40800,37000,34700,52136,95000,37823,0,39231,58800,35450,0,47485,0,50192,0,36213,44041,0,48863,59600,0,37396,0,44141,47397,49986,51308,51611,55880,52989,61500,50603,49661,43879,34700,3200,-273000,-273000,-273000,326864,779313,19796208,337852,63,0,224,22,126,0,448,44,0,0,0,0,1640,19443,402336,702,10390,14010,244760,2199,326864,779313,19796208,337852,15475008,897744,7327632,2.98,0.00,0.00,657270,359842,12851072,333569,,,,1324800,1324800,1324800,1324800,1324800,1324800,883200,883200,0,,,,,,0,,907894,1004000,530,4931,400,1,494000,4926000,6886000,0,537,4420000,Full,726000000
1784669177.563173941,24485.76,59000,59400,60300,60300,60700,60000,60000,60000,60000,58500,58500,59700,61000,59700,60100,61200,60100,59300,58900,56600,57700,55000,55000,61000,55000,54600,53500,54300,54300,55000,64100,66000,64500,64800,61400,65600,65600,63700,64800,64800,64500,64800,64800,59300,56600,58000,55400,57400,54300,54300,55000,37000,0,0,37000,43283,59600,95000,0,40800,37000,34700,52120,95000,37823,0,39231,58800,35481,0,47499,0,50192,0,36251,44009,0,48853,58800,0,37421,0,44152,47403,49986,51443,51712,56014,52989,61100,50535,49325,43846,34700,3200,-273000,-273000,-273000,326864,779313,19796208,337852,63,0,224,22,126,0,448,44,0,0,0,0,1640,19443,402336,702,10390,14010,244760,2199,326864,779313,19796208,337852,15475008,896248,7326136,2.98,0.00,0.00,657270,359842,12851072,333569,,,,1440000,1440000,1440000,1440000,1440000,1440000,883200,883200,0,,,,,,0,,920947,1003843,530,4931,400,1,494000,4933000,6886000,0,537,4420000,Full,726000000
1784669177.855347535,24486.06,58700,59400,61100,60300,60000,60000,60000,60000,60000,57700,57700,59300,60600,59700,60100,60500,59700,59300,58900,56200,57000,55000,55400,60600,54600,55000,53500,53900,54300,55000,64800,66800,65200,65600,61000,66800,65600,64500,66000,65200,64800,65200,65200,58900,56600,57600,55400,57400,54300,54300,55000,37000,0,0,37000,43291,59200,95000,0,40800,37000,34700,52136,95000,37823,0,39231,59200,35472,0,47477,0,50195,0,36248,44027,0,48876,58400,0,37432,0,44152,47414,50001,51241,51645,56216,53090,61500,50535,49594,43947,34700,3200,-273000,-273000,-273000,326864,779313,19796208,337852,63,0,224,22,126,0,448,44,0,0,0,0,1640,19443,402336,702,10390,14010,244760,2199,326864,779313,19796208,337852,15475008,890608,7320484,2.98,0.00,0.00,657270,359842,12851072,333569,,,,1228800,1228800,1228800,1228800,1228800,1228800,883200,883200,0,,,,,,0,,920947,1003843,530,4931,400,1,494000,4932000,6886000,0,537,4420000,Full,726000000
1784669178.137038889,24486.34,59000,59400,61500,60300,60000,60000,59200,60000,59200,58100,58500,59300,61400,60100,60100,60500,60100,59300,58900,56600,57400,55000,55400,61000,54600,54300,53500,53900,54300,55400,65200,66800,65200,66000,61700,67200,66000,64800,66400,65600,64800,65200,65600,58900,56600,58000,55400,57400,54300,54300,55400,37000,0,0,37000,43303,59200,95000,0,40800,37000,34700,52132,95000,37823,0,39231,58800,35481,0,47520,0,50177,0,36237,44064,0,48861,60300,0,37412,0,44175,47438,49982,51275,51812,56216,53157,61500,50603,49661,43947,34700,3200,-273000,-273000,-273000,326864,779313,19796208,337852,63,0,224,22,126,0,448,44,0,0,0,0,1640,19443,402336,702,10390,14010,244760,2199,326864,779313,19796208,337852,15475008,884644,7314664,2.98,0.00,0.00,657270,359842,12851072,333569,,,,1785600,1785600,1785600,1785600,1785600,1785600,883200,883200,0,,,,,,0,,920947,1003843,530,4931,400,1,494000,4932000,6886000,0,537,4420000,Full,726000000
1784669178.419806806,24486.62,59000,59400,61500,60300,60300,59600,59600,60300,60300,58100,58500,59700,61000,60100,60100,60500,60500,59700,58900,56600,57700,55400,55400,61000,55000,54600,53500,54300,54300,55400,64500,66400,65200,65600,61400,66800,66000,64500,66000,65600,64800,65200,65200,58900,56600,58400,55400,57400,54300,54300,55000,37000,0,0,37000,43303,58800,95000,0,40800,37000,34700,52140,95000,37823,0,39231,58800,35505,0,47516,0,50192,0,36209,44055,0,48870,59200,0,37435,0,44148,47433,49995,51476,51645,55847,53090,61500,50636,49426,43947,34700,3200,-273000,-273000,-273000,326864,779313,19796208,337852,63,0,224,22,126,0,448,44,0,0,0,0,1640,19443,402336,702,10390,14010,244760,2199,326864,779313,19796208,337852,15475008,893756,7323780,2.98,0.00,0.00,657270,359842,12851072,333569,,,,1670400,1670400,1670400,1670400,1670400,1670400,883200,883200,0,,,,,,0,,914173,1004038,530,4931,400,1,497000,4926000,6886000,0,537,4420000,Full,726000000
1784669178.704121181,24486.91,60200,61000,61100,60000,60300,61100,61100,61100,61900,58500,58500,59700,61400,60500,60100,61200,60100,59700,59700,57700,59700,55400,55000,61000,55000,55000,53500,53900,54300,55400,64100,66400,65200,65200,61400,66400,66000,63700,65600,65200,64800,65200,65600,59300,56600,59600,55000,57400,54600,53900,55400,37000,0,0,37000,43322,60300,95000,0,40800,37000,34700,52185,95000,37823,0,39231,60300,35494,0,47492,0,50192,0,36209,44061,0,48906,61500,0,37438,0,44171,47453,50021,51376,51712,55981,53056,61900,50669,49460,43913,34700,3200,-273000,-273000,-273000,326864,779313,19796208,337852,63,0,224,22,126,0,448,44,0,0,0,0,1640,19443,402336,702,10390,14010,244760,2199,326864,779313,19796208,337852,15475008,893912,7323872,2.80,0.00,0.00,657270,359842,12851072,333569,,,,1785600,1785600,1785600,1785600,1785600,1785600,883200,883200,0,,,,,,0,,914173,1004038,530,4931,400,1,494000,4927000,6886000,0,537,4420000,Full,726000000
1784669178.988755712,24487.19,59800,60200,61100,61100,62700,60700,61500,61500,61500,58900,58900,59700,62100,60500,60100,61200,60500,59700,59300,57400,58500,55400,55000,61700,55000,54600,53500,53900,54300,55400,64800,66800,65200,66000,61700,66800,66000,64800,66000,65600,64800,65600,65600,59300,56600,58400,55400,57400,54600,54600,55000,37000,0,0,37000,43315,59600,95000,0,40800,37000,34700,52171,95000,37823,0,39231,59200,35508,0,47520,0,50192,0,36242,44064,0,48870,59600,0,37426,0,44175,47429,50017,51275,51779,56216,53224,61900,50636,49426,43913,34700,3200,-273000,-273000,-273000,326864,779313,19796208,337852,63,0,224,22,126,0,448,44,0,0,0,0,1640,19443,402336,702,10390,14010,244760,2199,326864,779313,19796208,337852,15475008,889580,7319540,2.80,0.00,0.00,657270,359842,12851072,333569,,,,1785600,1785600,1785600,1785600,1785600,1785600,883200,883200,0,,,,,,0,,914173,1004038,530,4931,400,1,494000,4929000,6886000,0,537,4420000,Full,726000000
1784669179.267436545,24487.47,59000,59800,61500,61500,61500,60000,59600,60700,60000,58500,58100,60100,61700,60100,60100,60800,60500,59700,59300,57000,58100,55000,55400,61400,55000,55000,53500,53900,54600,55400,65200,67200,65600,66400,61700,67200,66400,65200,66400,66000,64800,65600,65600,58900,56600,58000,55000,57400,54600,54300,55400,37000,0,0,37000,43322,58800,95000,0,40800,37000,34700,52167,95000,37823,0,39231,59200,35519,0,47524,0,50200,0,36263,44055,0,48906,60000,0,37446,0,44197,47457,50025,51140,51880,56317,53157,61500,50703,49627,43812,34700,3200,-273000,-273000,-273000,326869,779313,19796296,337853,63,0,224,22,126,0,448,44,0,0,0,0,1640,19443,402336,702,10390,14010,244760,2199,326869,779313,19796296,337853,15475008,892400,7322328,2.80,0.00,0.00,657270,359842,12851116,333569,,,,1785600,1785600,1785600,1785600,1785600,1785600,883200,883200,0,,,,,,0,,924822,1003993,530,4931,400,1,494000,4926000,6886000,0,537,4420000,Full,726000000
1784669179.766168420,24487.97,59400,59800,61900,60700,60000,60300,60300,60700,60300,58500,58100,60100,61700,60500,60100,61200,60500,59700,59300,57000,57700,55400,55400,61000,55000,54600,53900,54300,54600,55400,65200,66800,65200,66000,61700,66800,66400,64800,66000,65600,65200,65600,66000,59300,56600,58400,55400,57700,54600,54300,55400,37000,0,0,37000,43349,59600,95000,0,40800,37000,34700,52197,95000,37823,0,39231,59600,35533,0,47524,0,50216,0,36228,44055,0,48889,59600,0,37421,0,44185,47464,49998,51678,51745,56116,53359,62700,50737,49191,43879,34700,3200,-273000,-273000,-273000,326869,779313,19796296,337853,63,0,224,22,126,0,448,44,0,0,0,0,1640,19443,402336,702,10390,14010,244760,2199,326869,779313,19796296,337853,15475008,885472,7315424,2.80,0.00,0.00,657270,359842,12851116,333569,,,,1785600,1785600,1785600,1785600,1785600,1785600,883200,883200,0,,,,,,0,,924822,1003993,530,4931,400,1,494000,4931000,6886000,0,537,4420000,Full,726000000
1784669180.048975399,24488.25,59800,60200,60300,60300,60300,60000,61100,60700,61500,58500,58500,59700,61000,60100,60500,60800,60100,59700,59300,56600,57700,55400,55400,61000,55400,54600,53500,53900,54600,55400,64500,66400,65200,65200,61400,66000,66000,63700,65200,65600,64800,64800,65200,59300,56600,58400,55400,57700,54600,54300,55000,37000,0,0,37000,43337,60300,95000,0,40800,37000,34700,52217,95000,37823,0,39231,59600,35536,0,47574,0,50216,0,36219,44085,0,48880,59200,0,37425,0,44194,47461,50030,51376,51712,55981,53056,61100,50770,49493,43846,34700,3200,-273000,-273000,-273000,326869,779313,19796296,337853,63,0,224,22,126,0,448,44,0,0,0,0,1640,19443,402336,702,10390,14010,244760,2199,326869,779313,19796296,337853,15475008,880204,7310236,2.80,0.00,0.00,657270,359842,12851116,333569,,,,1555200,1555200,1555200,1555200,1555200,1555200,883200,883200,0,,,,,,0,,924822,1003993,530,4931,400,1,497000,4935000,6886000,0,537,4420000,Full,726000000
1784669180.353550815,24488.55,59400,59800,60700,60000,59600,60000,60700,60300,61100,58500,58100,59700,61400,60100,60100,61200,60500,59700,59300,56600,57700,55800,55000,61000,55400,54600,53100,54300,54300,55400,63700,66000,64800,65200,61400,66000,65600,63300,64800,64800,65200,65200,64800,58900,57000,58800,55400,57700,54600,54600,55400,37000,0,0,37000,43346,60300,95000,0,40800,37000,34700,52224,95000,37823,0,39231,59200,35552,0,47555,0,50211,0,36197,44111,0,48876,60000,0,37426,0,44208,47438,50038,51376,51678,56283,53090,61900,50603,49829,43879,34700,3200,-273000,-273000,-273000,326869,779313,19796296,337853,63,0,224,22,126,0,448,44,0,0,0,0,1640,19443,402336,702,10390,14010,244760,2199,326869,779313,19796296,337853,15475008,896740,7326788,2.80,0.00,0.00,657270,359842,12851116,333569,,,,1555200,1555200,1555200,1555200,1555200,1555200,883200,883200,0,,,,,,0,,913454,1000011,530,4931,400,1,494000,4928000,6886000,0,537,4420000,Full,726000000
1784669180.645789461,24488.85,59000,59400,60300,60000,59600,60000,60000,60300,60700,58500,58500,59700,61000,60100,60100,60500,60100,59700,59300,56600,57700,55400,55400,61000,55000,54600,53900,54300,54300,55400,64800,67200,65200,66400,61400,66800,66000,64500,66000,66000,64800,65600,65600,59300,56600,58400,55400,57700,54300,54300,55000,37000,0,0,37000,43346,59200,95000,0,40800,37000,34700,52232,95000,37823,0,39231,58800,35543,0,47544,0,50246,0,36248,44111,0,48930,60300,0,37423,0,44215,47461,50046,51476,51645,56014,53157,62300,50636,49762,43879,34700,3200,-273000,-273000,-273000,326869,779313,19796296,337853,63,0,224,22,126,0,448,44,0,0,0,0,1640,19443,402336,702,10390,14010,244760,2199,326869,779313,19796296,337853,15475008,896796,7326812,2.84,0.00,0.00,657270,359842,12851116,333569,,,,1785600,1785600,1785600,1785600,1785600,1785600,883200,883200,0,,,,,,0,,913454,1000011,530,4931,400,1,494000,4931000,6886000,0,537,4420000,Full,726000000
1784669180.926983211,24489.13,59000,59400,60300,60000,59600,60300,60700,60300,60300,58500,58500,59700,61000,60100,60100,60800,60500,59700,59300,56600,57700,55400,55400,60600,55400,55000,53500,54300,54300,55400,63700,65200,64800,64500,61400,65200,65200,63300,64500,65200,64500,65200,64800,59300,56200,58400,55400,57700,54600,54600,55400,37000,0,0,37000,43358,60000,95000,0,40800,37000,34700,52224,95000,37823,0,39231,58800,35533,0,47555,0,50254,0,36237,44085,0,48916,60700,0,37407,0,44234,47481,50061,51409,51779,56014,53090,61500,50770,49695,43745,34700,3200,-273000,-273000,-273000,326869,779313,19796296,337853,63,0,224,22,126,0,448,44,0,0,0,0,1640,19443,402336,702,10390,14010,244760,2199,326869,779313,19796296,337853,15475008,892708,7322732,2.84,0.00,0.00,657270,359842,12851116,333569,,,,1785600,1785600,1785600,1785600,1785600,1785600,883200,883200,0,,,,,,0,,913454,1000011,530,4931,400,1,497000,4924000,6886000,0,537,4420000,Full,726000000
1784669181.207267742,24489.41,59000,59400,60300,60000,59600,60300,61100,60300,60700,58500,58500,59300,61000,59700,59700,60500,60100,59700,59300,56600,57700,55400,55400,60600,55000,54600,53500,54300,54600,55000,63700,66000,64500,64800,61400,65600,65600,63700,64800,65200,64500,64800,64800,59300,57000,58400,55400,57700,54600,54600,55400,37000,0,0,37000,43365,60000,95000,0,40800,37000,34700,52253,95000,37823,0,39231,59200,35540,0,47544,0,50268,0,36263,44131,0,48916,60700,0,37410,0,44208,47524,50078,51510,51745,56216,53359,61100,50838,49460,43745,34700,3200,-273000,-273000,-273000,326869,779313,19796296,337853,63,0,224,22,126,0,448,44,0,0,0,0,1640,19443,402336,702,10390,14010,244760,2199,326869,779313,19796296,337853,15475008,895980,7326004,2.84,0.00,0.00,657270,359842,12851116,333569,,,,1555200,1555200,1555200,1555200,1555200,1555200,883200,883200,0,,,,,,0,,913454,1000011,530,4931,400,1,494000,4923000,6886000,0,537,4420000,Full,726000000
1784669181.502385971,24489.70,58700,59400,61100,60000,60000,60000,60000,60000,60000,58500,58100,59700,61000,60100,60500,60500,59700,59700,58900,56600,57400,55400,55400,61000,55000,54600,53500,54300,54300,55400,64800,66800,65200,65600,61000,66800,66000,64500,65600,65600,64800,65600,65600,59300,56600,58400,55400,57400,54600,54300,55400,37000,0,0,37000,43368,58800,95000,0,40800,37000,34700,52217,95000,37823,0,39231,58800,35564,0,47551,0,50219,0,36219,44134,0,48919,59200,0,37437,0,44221,47496,50067,51577,51712,55913,52989,61900,50636,49257,43846,34700,3200,-273000,-273000,-273000,326869,779313,19796296,337853,63,0,224,22,126,0,448,44,0,0,0,0,1640,19443,402336,702,10390,14010,244760,2199,326869,779313,19796296,337853,15475008,891156,7321180,2.84,0.00,0.00,657270,359842,12851116,333569,,,,1440000,1440000,1440000,1440000,1440000,1440000,883200,883200,0,,,,,,0,,908119,1004038,530,4931,400,1,494000,4931000,6884000,0,514,4418000,Full,726000000
1784669181.828362429,24490.03,59400,61000,63500,61100,60700,61500,61900,61100,61500,58500,58100,59700,61400,60100,60100,60800,59700,59700,58900,56600,57700,55400,55400,61400,55000,54600,53500,54300,54600,55400,64800,66800,64800,66000,61700,66400,66000,64500,65600,65200,64500,65200,65200,59300,56200,58800,55000,57400,54300,54300,55000,37000,0,0,37000,43373,61100,95000,0,40800,37000,34800,52217,95000,37823,0,39231,59200,35574,0,47587,0,50272,0,36266,44181,0,48934,59600,0,37414,0,44208,47488,50067,51342,51880,56014,53191,62300,50669,49257,43778,34800,3200,-273000,-273000,-273000,326869,779313,19796296,337853,63,0,224,22,126,0,448,44,0,0,0,0,1640,19443,402336,702,10390,14010,244760,2199,326869,779313,19796296,337853,15475008,887676,7317700,2.84,0.00,0.00,657270,359842,12851116,333569,,,,1670400,1670400,1670400,1670400,1670400,1670400,883200,883200,0,,,,,,0,,908119,1004038,530,4931,400,1,494000,4935000,6884000,0,514,4418000,Full,726000000
1784669182.111305450,24490.31,60600,61000,62700,61500,61900,61500,61100,61900,60700,58500,58500,60100,62100,60500,60100,60800,60500,59700,59700,57400,58500,55400,55000,62100,55000,55000,53500,54300,54600,55400,64500,66400,64500,65200,62500,66400,65600,64100,65600,64800,64800,64800,65200,59300,56600,60000,55400,57700,54300,54300,55400,37000,0,0,37000,43383,61100,95000,0,40920,37000,34800,52193,95000,37902,0,39334,59600,35571,0,47587,0,50276,0,36178,44155,0,48927,60000,0,37402,0,44230,47524,50086,51275,51712,55913,53191,62300,50838,49493,43778,34800,3200,-273000,-273000,-273000,326869,779313,19796296,337853,63,0,224,22,126,0,448,44,0,0,0,0,1640,19443,402336,702,10390,14010,244760,2199,326869,779313,19796296,337853,15475008,889092,7319084,2.84,0.00,0.00,657270,359842,12851116,333569,,,,1785600,1785600,1785600,1785600,1785600,1785600,1132800,1132800,0,,,,,,0,,908119,1004038,530,4931,400,1,494000,4933000,6884000,0,514,4418000,Full,726000000
1784669182.390428731,24490.59,59800,60200,60700,60300,60300,60000,60300,60300,60300,58900,59300,60100,61000,60800,60500,61200,60800,60100,60100,57700,58500,55400,55000,61000,55000,54600,53500,54300,54300,55800,64800,66800,65200,66000,61700,66800,66000,64500,66000,66000,65200,65200,65600,59300,56600,58400,55400,57700,54600,54300,55400,37000,0,0,37000,43392,59200,95000,0,40920,37000,34800,52232,95000,37902,0,39334,59600,35577,0,47615,0,50288,0,36209,44155,0,48963,59200,0,37434,0,44241,47509,50073,51510,51678,56014,53527,61500,50905,49526,43846,34800,3200,-273000,-273000,-273000,326869,779313,19796296,337853,63,0,224,22,126,0,448,44,0,0,0,0,1640,19443,402336,702,10390,14010,244760,2199,326869,779313,19796296,337853,15475008,882016,7312016,2.84,0.00,0.00,657270,359842,12851116,333569,,,,1555200,1555200,1555200,1555200,1555200,1555200,883200,883200,0,,,,,,0,,910028,1004033,514,4936,400,1,494000,4933000,6884000,0,514,4418000,Full,726000000
1784669182.880686075,24491.08,59800,60200,60700,60300,60300,60300,61500,60700,61500,59300,58900,60100,61400,60800,60500,61600,60800,60100,59300,57400,58500,55400,55400,61000,55400,55000,53500,54300,54600,55800,64500,66400,64500,65200,61700,66000,66000,64500,65200,65600,64800,65200,65200,59700,56600,58800,55800,57400,54600,54300,55400,37000,0,0,37000,43395,60000,95000,0,40920,37000,34800,52236,95000,37902,0,39334,59600,35582,0,47591,0,50276,0,36219,44178,0,48923,61100,0,37440,0,44260,47509,50069,51140,51779,56048,53325,61900,50804,49460,43980,34800,3200,-273000,-273000,-273000,326869,779313,19796296,337853,63,0,224,22,126,0,448,44,0,0,0,0,1640,19443,402336,702,10390,14010,244760,2199,326869,779313,19796296,337853,15475008,893472,7323424,2.87,0.00,0.00,657270,359842,12851116,333569,,,,1113600,1113600,1113600,1113600,1113600,1113600,883200,883200,0,,,,,,0,,910028,1004033,514,4936,400,1,497000,4932000,6884000,0,514,4418000,Full,726000000
1784669183.181872585,24491.38,59000,59800,60700,61100,61100,59600,59600,60300,60000,58500,58500,59700,61400,59700,60500,60800,60100,59700,58900,56600,57700,55400,55400,61000,55000,54600,53900,54300,54300,55400,65200,67200,65600,66000,61700,67200,66400,64800,66000,66000,64800,65600,65600,59300,57000,58400,55400,57700,54600,54300,55400,37000,0,0,37000,43392,59200,95000,0,40920,37000,34800,52217,95000,37902,0,39334,58800,35582,0,47609,0,50264,0,36228,44160,0,48950,58800,0,37431,0,44267,47520,50086,51476,51645,56250,53258,62300,50636,49728,43778,34800,3200,-273000,-273000,-273000,326869,779313,19796296,337853,63,0,224,22,126,0,448,44,0,0,0,0,1640,19443,402336,702,10390,14010,244760,2199,326869,779313,19796296,337853,15475008,889648,7319600,2.87,0.00,0.00,657270,359842,12851116,333569,,,,1785600,1785600,1785600,1785600,1785600,1785600,883200,883200,0,,,,,,0,,910028,1004033,514,4936,400,1,494000,4929000,6884000,0,514,4418000,Full,726000000
1784669183.461734616,24491.66,59400,59800,60700,60700,61100,60300,60700,61100,60300,58900,58900,60100,61700,60100,60100,60800,60100,59300,59300,56600,58100,55000,55400,61400,55000,55000,53500,54300,54600,55400,64800,66800,65200,66000,61400,66400,66400,64500,66000,65600,64800,65600,65600,59300,56600,58400,55400,57700,54600,54600,55400,37000,0,0,37000,43400,59200,95000,0,40920,37000,34800,52217,95000,37902,0,39334,59200,35619,0,47609,0,50306,0,36237,44167,0,48950,59200,0,37443,0,44288,47527,50092,51443,51812,56014,53191,61900,50770,49594,43812,34800,3200,-273000,-273000,-273000,326869,779313,19796296,337853,63,0,224,22,126,0,448,44,0,0,0,0,1640,19443,402336,702,10390,14010,244760,2199,326869,779313,19796296,337853,15475008,884292,7314244,2.87,0.00,0.00,657270,359842,12851116,333569,,,,1440000,1440000,1440000,1440000,1440000,1440000,883200,883200,0,,,,,,0,,914679,1003822,514,4936,400,1,494000,4936000,6884000,0,514,4418000,Full,726000000
1784669183.749153210,24491.95,59400,60200,62700,61500,61900,61500,61500,61100,60000,58500,58500,59700,61700,60100,60100,60800,60100,59700,58900,56600,57700,55400,55400,61400,55000,55000,53500,53900,54300,55400,64800,66800,65200,66000,61700,66800,66000,64500,65600,65600,65200,65600,65600,58900,56600,59200,55400,57700,54600,54300,55400,37000,0,0,37000,43407,60000,95000,0,40920,37000,34800,52232,95000,37902,0,39334,58800,35607,0,47615,0,50296,0,36216,44164,0,48957,59600,0,37414,0,44270,47531,50096,51342,51678,56216,53157,61900,50804,49526,43980,34800,3200,-273000,-273000,-273000,326872,779313,19796320,337853,63,0,224,22,126,0,448,44,0,0,0,0,1640,19443,402336,702,10390,14010,244760,2199,326872,779313,19796320,337853,15475008,891516,7321448,2.87,0.00,0.00,657270,359842,12851128,333569,,,,1785600,1785600,1785600,1785600,1785600,1785600,883200,883200,0,,,,,,0,,914679,1003822,514,4936,400,1,494000,4932000,6884000,0,514,4418000,Full,726000000
1784669184.027963887,24492.23,60600,61400,62700,62300,62700,61900,61900,61900,61500,59300,59300,60500,62100,60800,60800,61600,60800,60500,60100,57700,58500,55400,55400,62500,55000,54600,53100,53900,54600,55400,64800,66800,65200,66000,62100,66800,66000,64800,66000,65600,64800,65600,66000,58900,56600,59200,55400,57700,54600,54300,55400,37000,0,0,37000,43419,60300,95000,0,40920,37000,34800,52294,95000,37902,0,39334,59600,35610,0,47626,0,50293,0,36222,44175,0,48972,59600,0,37423,0,44274,47567,50121,51308,51645,56116,53594,62700,51073,49594,43778,34800,3200,-273000,-273000,-273000,326872,779313,19796320,337853,63,0,224,22,126,0,448,44,0,0,0,0,1640,19443,402336,702,10390,14010,244760,2199,326872,779313,19796320,337853,15475008,875024,7304944,2.87,0.00,0.00,657270,359842,12851128,333569,,,,1440000,1440000,1440000,1440000,1440000,1440000,883200,883200,0,,,,,,0,,0,0,514,4936,400,1,494000,4933000,6884000,0,514,4418000,Full,726000000
1784669184.316113158,24492.52,60200,61000,62700,60700,60300,61500,61900,61100,61900,58900,59300,60100,61400,60500,60500,61200,60100,59700,59300,57700,59700,55400,55400,61700,55400,54600,53500,54300,54300,55400,64800,66800,65600,65600,62100,67200,66400,64800,66400,66000,65600,65600,65600,59300,56600,59600,55400,57700,55000,54300,55400,37000,0,0,37000,43431,61500,95000,0,40920,37000,34800,52294,95000,37902,0,39334,59600,35656,0,47637,0,50323,0,36276,44201,0,48998,59600,0,37432,0,44297,47563,50123,51207,51947,55847,53292,62300,50669,49426,43812,34800,3200,-273000,-273000,-273000,326878,779313,19796416,337855,63,0,224,22,126,0,448,44,0,0,0,0,1640,19443,402336,702,10390,14010,244760,2199,326878,779313,19796416,337855,15475008,872404,7302340,2.87,0.00,0.00,657270,359842,12851176,333569,,,,1555200,1555200,1555200,1555200,1555200,1555200,883200,883200,0,,,,,,0,,0,0,514,4936,400,1,491000,4927000,6884000,0,514,4418000,Full,726000000
1784669184.607529928,24492.81,59800,60600,62300,60300,60300,61500,61500,60300,60000,58500,58500,60100,61700,60500,60100,60800,60500,59700,59300,57000,57700,55400,55400,61400,55400,55000,53900,54600,54300,55800,65200,67500,66000,66000,62100,67200,66400,65200,66400,66400,65200,65600,66000,59300,56600,59200,55400,57700,54600,54300,55000,37000,0,0,37000,43435,60700,95000,0,40920,37000,34800,52294,95000,37902,0,39334,59600,35640,0,47626,0,50288,0,36185,44211,0,48982,60700,0,37444,0,44297,47559,50139,51476,51712,56216,53292,63100,51107,49493,43778,34800,3200,-273000,-273000,-273000,326878,779313,19796416,337855,63,0,224,22,126,0,448,44,0,0,0,0,1640,19443,402336,702,10390,14010,244760,2199,326878,779313,19796416,337855,15475008,867640,7297640,2.87,0.00,0.00,657270,359842,12851176,333569,,,,1785600,1785600,1785600,1785600,1785600,1785600,883200,883200,0,,,,,,0,,917858,1003995,514,4936,400,1,497000,4924000,6884000,0,514,4418000,Full,726000000
1784669184.883909772,24493.08,60200,60600,61900,61100,62300,60700,61100,60700,61500,58500,58500,59700,61700,60100,60100,60800,60100,59700,59300,56600,57700,55400,55400,61700,55000,55000,53500,54300,54600,55400,64500,66400,65600,65600,61700,66400,66000,64500,65600,66000,64800,65200,65200,59300,56600,58800,55800,57700,54300,54600,55400,37000,0,0,37000,43435,60300,95000,0,40920,37000,34800,52277,95000,37902,0,39334,59600,35632,0,47633,0,50365,0,36219,44185,0,48995,61100,0,37429,0,44318,47563,50131,51409,51846,56283,53393,62300,50737,49560,43745,34800,3300,-273000,-273000,-273000,326878,779313,19796416,337855,63,0,224,22,126,0,448,44,0,0,0,0,1640,19443,402336,702,10390,14010,244760,2199,326878,779313,19796416,337855,15475008,862656,7292772,2.71,0.00,0.00,657270,359842,12851176,333569,,,,1670400,1670400,1670400,1670400,1670400,1670400,883200,883200,0,,,,,,0,,917858,1003995,514,4936,400,1,494000,4928000,6884000,0,514,4418000,Full,726000000
1784669185.163501907,24493.36,59400,59800,61500,60700,60300,60300,61100,60700,60300,58500,58900,59700,61000,60100,60100,61200,60100,59700,59300,57400,58100,55400,55400,61000,55000,55000,53900,53900,54600,55800,64500,66400,64800,65600,61700,66400,66000,64500,65600,65200,65200,65200,65600,59300,56600,58800,55400,57700,54600,54300,55000,37000,0,0,37000,43450,60300,95000,0,40920,37000,34800,52305,95000,37902,0,39334,59600,35651,0,47672,0,50303,0,36228,44188,0,49002,59600,0,37435,0,44303,47527,50152,51409,51846,56216,53325,61500,50905,49560,43711,34800,3300,-273000,-273000,-273000,326878,779313,19796416,337855,63,0,224,22,126,0,448,44,0,0,0,0,1640,19443,402336,702,10390,14010,244760,2199,326878,779313,19796416,337855,15475008,874304,7304392,2.71,0.00,0.00,657270,359842,12851176,333569,,,,1785600,1785600,1785600,1785600,1785600,1785600,883200,883200,0,,,,,,0,,917858,1003995,514,4936,400,1,494000,4924000,6884000,0,514,4418000,Full,726000000
1784669185.440429928,24493.64,61000,61400,62700,61500,61900,61500,61500,62300,63100,59300,59300,60800,62100,60800,60800,61600,61200,60800,62000,58500,60500,55800,55800,62100,55400,55000,53500,54300,54300,55000,64800,66800,65600,65600,62100,66800,66000,64500,66000,65600,65200,65600,66000,59300,56200,60300,55800,57400,54600,54300,55400,37000,0,0,37000,43461,61100,95000,0,40920,37000,34800,52326,95000,37902,0,39334,60300,35640,0,47645,0,50306,0,36248,44230,0,48998,60000,0,37440,0,44330,47570,50129,51342,51880,56183,53561,62700,50972,49863,43846,34800,3300,-273000,-273000,-273000,326878,779313,19796416,337855,63,0,224,22,126,0,448,44,0,0,0,0,1640,19443,402336,702,10390,14010,244760,2199,326878,779313,19796416,337855,15475008,865996,7296084,2.71,0.00,0.00,657270,359842,12851176,333569,,,,1785600,1785600,1785600,1555200,1555200,1555200,883200,883200,0,,,,,,0,,920431,1003836,514,4936,400,1,494000,4932000,6884000,0,514,4418000,Full,726000000
1784669185.921535449,24494.12,59800,60200,60700,60300,60000,61100,61900,60700,61900,58900,59300,60500,61400,60500,60800,61600,60800,60100,59300,57700,58500,55400,55400,61000,55000,55000,53900,54300,54600,55800,62900,64800,64500,63700,61400,64500,64800,62900,64100,64500,64500,64800,64500,59300,56600,59200,55800,57700,54600,54300,55400,37000,0,0,37000,43458,61100,95000,0,40920,37000,34800,52309,95000,37902,0,39334,59600,35651,0,47669,0,50327,0,36228,44248,0,49023,59200,0,37440,0,44307,47567,50148,51308,51779,55913,53393,61100,50770,49157,43846,34800,3300,-273000,-273000,-273000,326878,779313,19796416,337855,63,0,224,22,126,0,448,44,0,0,0,0,1640,19443,402336,702,10390,14010,244760,2199,326878,779313,19796416,337855,15475008,871176,7301232,2.71,0.00,0.00,657270,359842,12851176,333569,,,,1324800,1324800,1324800,1324800,1324800,1324800,883200,883200,0,,,,,,0,,920431,1003836,514,4936,400,1,497000,4932000,6884000,0,514,4418000,Full,726000000
1784669186.218108053,24494.42,59800,60200,60700,60300,60000,60300,60300,60300,59600,58900,58500,60100,61400,60500,60500,61200,60500,59700,59300,57000,58100,55400,55400,61000,55000,54600,53900,53900,54600,55400,64800,67200,65600,66400,61700,67200,66400,64800,66000,66000,65200,65600,65600,58900,56200,59200,55400,57400,54600,54300,55800,37000,0,0,37000,43461,60000,95000,0,40920,37000,34800,52289,95000,37902,0,39334,58800,35659,0,47657,0,50349,0,36237,44230,0,49004,59600,0,37411,0,44363,47579,50136,51409,51678,56216,53594,61900,50871,49829,43778,34800,3300,-273000,-273000,-273000,326878,779313,19796416,337855,63,0,224,22,126,0,448,44,0,0,0,0,1640,19443,402336,702,10390,14010,244760,2199,326878,779313,19796416,337855,15475008,875420,7305492,2.71,0.00,0.00,657270,359842,12851176,333569,,,,1228800,1228800,1228800,1228800,1228800,1228800,883200,883200,0,,,,,,0,,920431,1003836,514,4936,400,1,494000,4935000,6884000,0,514,4418000,Full,726000000
1784669186.503106073,24494.70,59800,60200,60700,60300,60000,60300,61100,60700,61500,58900,58500,60100,61000,60500,60100,60800,60500,59700,59700,57000,57700,55400,55800,61000,55400,54600,53500,54600,54600,55800,63700,65200,64800,64500,61700,65600,65600,63300,64800,65600,64800,64800,64800,59300,56200,58800,55400,57400,54300,54600,55000,37000,0,0,37000,43476,60300,95000,0,40920,37000,34800,52321,95000,37902,0,39334,59600,35656,0,47672,0,50369,0,36203,44245,0,49018,59600,0,37446,0,44307,47609,50146,51510,51913,56216,53292,61500,51073,49359,43778,34800,3300,-273000,-273000,-273000,326878,779313,19796416,337855,63,0,224,22,126,0,448,44,0,0,0,0,1640,19443,402336,702,10390,14010,244760,2199,326878,779313,19796416,337855,15475008,874640,7304780,2.71,0.00,0.00,657270,359842,12851176,333569,,,,1555200,1555200,1555200,1555200,1555200,1555200,883200,883200,0,,,,,,0,,901573,1004103,514,4936,400,1,494000,4935000,6884000,0,514,4418000,Full,726000000
1784669186.800887792,24495.00,59400,59800,61900,60700,60000,60300,60000,60000,59600,58900,58500,59700,61000,60100,60500,61200,60500,59700,59700,57000,57700,55400,55400,61000,55400,54600,53900,54300,54300,55400,65200,67200,65600,66400,61700,67200,66800,64800,66400,66000,65200,65600,65600,59300,56600,58400,55400,57700,54600,54600,55000,37000,0,0,37000,43485,58800,95000,0,40920,37000,34900,52309,95000,37902,0,39334,59200,35678,0,47700,0,50349,0,36251,44221,0,49018,58800,0,37449,0,44327,47598,50169,51645,51880,56485,53191,61500,50770,49426,43711,34900,3300,-273000,-273000,-273000,326878,779313,19796416,337855,63,0,224,22,126,0,448,44,0,0,0,0,1640,19443,402336,702,10390,14010,244760,2199,326878,779313,19796416,337855,15475008,872796,7302940,2.76,0.00,0.00,657270,359842,12851176,333569,,,,1785600,1785600,1785600,1785600,1785600,1785600,883200,883200,0,,,,,,0,,901573,1004103,514,4936,400,1,494000,4935000,6884000,0,516,4416000,Full,726000000
1784669187.105685240,24495.31,59400,59800,62300,61100,61500,60700,61100,60700,60000,58500,58500,59700,61400,59700,60100,60500,60100,59700,59300,56600,57400,55400,55400,61400,55000,54600,53900,54300,54300,55400,64800,67200,65200,66000,61700,66800,66000,64500,66000,65600,65200,65600,65600,59300,56600,58000,55800,57400,54600,54600,55000,37000,0,0,37000,43489,58800,95000,0,41010,37000,34900,52317,95000,37902,0,39411,58800,35692,0,47728,0,50361,0,36234,44255,0,49018,58800,0,37458,0,44336,47595,50158,51577,52149,56216,53628,62700,50972,49526,43577,34900,3300,-273000,-273000,-273000,326878,779313,19796416,337855,63,0,224,22,126,0,448,44,0,0,0,0,1640,19443,402336,702,10390,14010,244760,2199,326878,779313,19796416,337855,15475008,876924,7307088,2.76,0.00,0.00,657270,359878,12851176,333605,,,,1228800,1228800,1228800,1228800,1228800,1228800,883200,883200,0,,,,,,0,,901573,1004103,514,4936,400,1,494000,4933000,6884000,0,516,4416000,Full,726000000
1784669187.387378313,24495.59,59400,60200,61500,60700,60000,60700,60300,60300,60000,58500,58100,59700,61400,60500,60500,60800,60100,59700,59300,56600,57700,55000,55400,61000,55000,55000,53500,54300,54300,55400,64500,66800,64800,65600,61700,66400,66000,64100,65600,65600,64800,65200,65200,59300,56600,58400,55800,57700,54600,54600,55400,37000,0,0,37000,43489,59600,95000,0,41010,37000,34900,52321,95000,37902,0,39411,58800,35687,0,47720,0,50411,0,36219,44270,0,49020,59200,0,37399,0,44384,47615,50166,51476,51880,56116,53090,61500,50871,49661,43678,34900,3300,-273000,-273000,-273000,326889,779313,19796624,337857,63,0,224,22,126,0,448,44,0,0,0,0,1640,19443,402336,702,10390,14010,244760,2199,326889,779313,19796624,337857,15475008,886044,7316184,2.76,0.00,0.00,657270,359878,12851280,333605,,,,1555200,1555200,1555200,1555200,1555200,1555200,883200,883200,0,,,,,,0,,901381,1000062,514,4936,400,1,494000,4937000,6884000,0,516,4416000,Full,726000000
1784669187.672550917,24495.87,59800,60200,62300,60700,60700,60700,60000,61500,61900,58500,58500,59700,61700,59700,60100,60800,60100,59700,59300,56200,57700,55800,55400,61400,55400,55000,53500,53900,54600,55400,63700,65600,64800,64800,61700,65600,65600,63700,64800,65200,64800,65200,65200,59300,56600,58800,55400,57400,54600,54300,55000,37000,0,0,37000,43495,60000,95000,0,41010,37000,34900,52345,95000,37902,0,39411,59600,35692,0,47724,0,50369,0,36228,44260,0,49044,61500,0,37416,0,44363,47609,50169,51476,52048,56216,53393,62300,50737,49796,43778,34900,3300,-273000,-273000,-273000,326889,779313,19796624,337857,63,0,224,22,126,0,448,44,0,0,0,0,1640,19443,402336,702,10390,14010,244760,2199,326889,779313,19796624,337857,15475008,889548,7319596,2.76,0.00,0.00,657270,359878,12851280,333605,,,,1113600,1113600,1113600,1113600,1113600,1113600,883200,883200,0,,,,,,0,,901381,1000062,514,4936,400,1,497000,4931000,6884000,0,516,4416000,Full,726000000
1784669187.968350708,24496.17,60200,60600,61100,60700,60300,61100,60700,61500,61100,58500,58500,59700,61700,59700,60500,60800,60100,59300,58900,57000,57700,55400,55400,61400,55000,54600,53900,54300,54300,55400,64500,66800,65200,65600,61700,66800,66000,64500,65600,65600,64800,65200,65600,59300,56200,59600,55800,57400,54600,54300,55000,37000,0,0,37000,43512,60300,95000,0,41010,37000,34900,52317,95000,37902,0,39411,59200,35711,0,47696,0,50341,0,36254,44264,0,49036,59200,0,37428,0,44360,47602,50181,51678,51779,56082,53292,61900,50972,49661,43846,34900,3300,-273000,-273000,-273000,326889,779313,19796624,337857,63,0,224,22,126,0,448,44,0,0,0,0,1640,19443,402336,702,10390,14010,244760,2199,326889,779313,19796624,337857,15475008,885224,7315272,2.76,0.00,0.00,657270,359878,12851280,333605,,,,1785600,1785600,1785600,1785600,1785600,1785600,883200,883200,0,,,,,,0,,901381,1000062,514,4936,400,1,497000,4937000,6884000,0,516,4416000,Full,726000000
1784669188.244936646,24496.45,59800,60200,61900,60700,60700,60700,60000,61100,61100,58100,58100,59700,61400,59700,60100,60500,60100,59300,58900,56200,57400,55400,55000,61000,55000,54600,53900,54300,54600,55400,64800,67200,65600,66400,61700,67200,66000,64800,66400,66000,64800,65600,65600,58900,56600,58800,55400,57700,54300,54300,55000,37000,0,0,37000,43516,60700,95000,0,41010,37000,34900,52338,95000,37902,0,39411,58800,35684,0,47732,0,50369,0,36242,44288,0,49066,60700,0,37458,0,44351,47602,50197,51443,51745,56351,53023,62300,50838,49392,43745,34900,3300,-273000,-273000,-273000,326889,779313,19796624,337857,63,0,224,22,126,0,448,44,0,0,0,0,1640,19443,402336,702,10390,14010,244760,2199,326889,779313,19796624,337857,15475008,884324,7314276,2.76,0.00,0.00,657270,359878,12851280,333605,,,,1785600,1785600,1785600,1785600,1785600,1785600,883200,883200,0,,,,,,0,,901381,1000062,514,4936,400,1,494000,4927000,6884000,0,516,4416000,Full,726000000
1784669188.525755864,24496.73,59000,60200,62300,61100,60700,60700,61100,60700,60700,58100,58100,59300,61400,60100,60100,60800,60100,59700,59300,56200,57700,55400,55400,61400,55000,55000,53500,54300,54300,55400,64800,66800,65600,65600,61700,66800,66000,64800,66400,66000,65200,66000,65600,58900,56600,58800,55400,57400,54300,54600,55000,37000,0,0,37000,43529,60300,95000,0,41010,37000,34900,52354,95000,37902,0,39411,59200,35697,0,47732,0,50383,0,36233,44276,0,49046,59200,0,37447,0,44382,47603,50214,51342,51880,56519,53325,61500,50669,49661,43577,34900,3300,-273000,-273000,-273000,326889,779313,19796624,337857,63,0,224,22,126,0,448,44,0,0,0,0,1640,19443,402336,702,10390,14010,244760,2199,326889,779313,19796624,337857,15475008,879776,7309728,2.76,0.00,0.00,657270,359878,12851280,333605,,,,1785600,1785600,1785600,1785600,1785600,1785600,1267200,1267200,0,,,,,,0,,916023,1000036,514,4936,410,1,497000,4931000,6884000,0,516,4416000,Full,726000000
1784669189.018765812,24497.22,59800,60200,60300,60300,60000,60700,61500,61100,61500,59700,59700,60500,61400,61200,60800,62000,60800,60100,60100,58100,59300,55400,55400,61400,55000,55000,53900,54300,54300,55400,63700,65600,64800,64500,61400,65600,65600,63300,64800,65200,64800,64800,64800,59300,56600,58800,55800,57400,54600,54600,55400,37000,0,0,37000,43526,60000,95000,0,41010,37000,34900,52313,95000,37902,0,39411,59600,35708,0,47732,0,50397,0,36239,44253,0,49082,60000,0,37412,0,44382,47626,50193,51510,51981,56048,53325,62700,50938,49796,43678,34900,3300,-273000,-273000,-273000,326889,779313,19796624,337857,63,0,224,22,126,0,448,44,0,0,0,0,1640,19443,402336,702,10390,14010,244760,2199,326889,779313,19796624,337857,15475008,893996,7323964,2.80,0.00,0.00,657270,359878,12851280,333605,,,,1785600,1785600,1785600,1785600,1785600,1785600,883200,883200,0,,,,,,0,,916023,1000036,514,4936,410,1,491000,4932000,6884000,0,516,4416000,Full,726000000
1784669189.297751333,24497.50,59400,59800,60700,60300,60300,60300,60700,60300,61100,58900,58500,59700,61000,60500,60100,60800,60100,59300,59300,57000,58100,55400,55400,61000,55000,54600,53500,53900,54300,55400,64500,66400,65200,65200,61400,66400,66000,63700,65200,65600,64800,65200,65200,59300,57000,58800,55400,57700,54600,54600,55000,37000,0,0,37000,43538,60300,95000,0,41010,37000,34900,52324,95000,37902,0,39411,59600,35730,0,47732,0,50391,0,36249,44286,0,49074,61100,0,37431,0,44393,47619,50202,51544,51880,56183,53493,61500,50871,49863,43711,34900,3300,-273000,-273000,-273000,326889,779313,19796624,337857,63,0,224,22,126,0,448,44,0,0,0,0,1640,19443,402336,702,10390,14010,244760,2199,326889,779313,19796624,337857,15475008,892056,7322024,2.80,0.00,0.00,657270,359878,12851280,333605,,,,1785600,1785600,1785600,1785600,1785600,1785600,883200,883200,0,,,,,,0,,916023,1000036,514,4936,410,1,494000,4933000,6884000,0,516,4416000,Full,726000000
1784669189.587927062,24497.79,59000,59800,61100,60000,60000,60000,60700,60300,60000,58900,58500,59700,61700,60100,60100,60800,60100,59700,58900,56600,57700,55400,55400,61000,55000,54600,53900,54300,54300,55400,64800,67200,65200,65600,61700,66800,66000,64500,66000,65600,65200,65200,65600,59300,56600,58800,55400,57700,54600,54600,55400,37000,0,0,37000,43538,59200,95000,0,41010,37000,34900,52324,95000,37902,0,39411,58800,35724,0,47728,0,50391,0,36216,44319,0,49066,59200,0,37459,0,44378,47643,50202,51376,51913,56116,53124,61100,51039,49997,43879,34900,3300,-273000,-273000,-273000,326910,779313,19796872,337860,63,0,224,22,126,0,448,44,0,0,0,0,1640,19443,402336,702,10390,14010,244760,2199,326910,779313,19796872,337860,15475008,894308,7324264,2.80,0.00,0.00,657270,359878,12851404,333605,,,,1670400,1670400,1670400,1670400,1670400,1670400,883200,883200,0,,,,,,0,,889898,1004058,514,4936,410,1,494000,4935000,6884000,0,516,4416000,Full,726000000
1784669189.873794874,24498.07,59000,59800,61900,60000,59600,60300,60700,60000,60300,58900,58500,60100,61400,60100,60500,60800,60100,59700,59300,57000,58100,55400,55400,61000,55400,55000,53900,54300,54600,55400,64800,66800,65600,66000,61700,66800,66400,64800,66400,66000,65200,65600,65600,59700,56600,58400,55400,57400,54600,54300,55400,37000,0,0,37000,43541,59600,95000,0,41010,37000,34900,52354,95000,37902,0,39411,58800,35721,0,47760,0,50387,0,36195,44309,0,49086,59200,0,37420,0,44382,47631,50189,51476,51981,56317,53662,61500,50838,49661,43678,34900,3300,-273000,-273000,-273000,326910,779313,19796872,337860,63,0,224,22,126,0,448,44,0,0,0,0,1640,19443,402336,702,10390,14010,244760,2199,326910,779313,19796872,337860,15475008,895108,7325032,2.80,0.00,0.00,657270,359878,12851404,333605,,,,1555200,1555200,1555200,1555200,1555200,1555200,883200,883200,0,,,,,,0,,889898,1004058,514,4936,410,1,494000,4931000,6884000,0,516,4416000,Full,726000000
1784669190.161519926,24498.36,59400,59800,61500,60300,60000,60300,60700,60700,60700,58500,58500,59700,61400,60100,60500,60800,60100,59700,58900,56600,57700,55800,55400,61000,55400,55000,53500,54300,54600,55400,64800,67200,65600,66000,61700,67200,66400,64500,66000,66000,65200,66000,65600,58900,56600,58000,55400,57700,54600,54600,55400,37000,0,0,37000,43553,59200,95000,0,41010,37000,34900,52409,95000,37902,0,39411,58800,35755,0,47748,0,50397,0,36207,44297,0,49089,59600,0,37435,0,44408,47635,50226,51544,51913,56283,53393,62300,51006,49325,43711,34900,3300,-273000,-273000,-273000,326910,779313,19796872,337860,63,0,224,22,126,0,448,44,0,0,0,0,1640,19443,402336,702,10390,14010,244760,2199,326910,779313,19796872,337860,15475008,891264,7321188,2.80,0.00,0.00,657270,359878,12851404,333605,,,,1785600,1785600,1785600,1785600,1785600,1785600,883200,883200,0,,,,,,0,,889898,1004058,514,4936,410,1,425000,4927000,6884000,0,516,4416000,Full,726000000
1784669190.443966332,24498.65,59400,60200,61500,60300,60000,60300,60700,60300,60000,58900,58500,59700,61000,60500,60800,61200,60800,59700,59300,57000,58100,55400,55400,60600,55000,55000,53500,54300,54300,55800,64500,66400,65600,65200,61700,66800,66000,64500,65600,66000,64800,65600,65600,59300,57000,58400,55400,57400,54600,54300,55000,37000,0,0,37000,43560,59600,95000,0,41010,37000,34900,52354,95000,37902,0,39411,59200,35743,0,47744,0,50409,0,36213,44293,0,49082,60700,0,37417,0,44419,47626,50240,51510,52014,56283,53460,62700,50905,49493,43577,34900,3300,-273000,-273000,-273000,326916,779313,19796920,337860,63,0,224,22,126,0,448,44,0,0,0,0,1640,19443,402336,702,10390,14010,244760,2199,326916,779313,19796920,337860,15475008,892364,7322260,2.80,0.00,0.00,657270,359878,12851428,333605,,,,1670400,1670400,1670400,1670400,1670400,1670400,883200,883200,0,,,,,,0,,928457,1004009,514,4936,410,1,494000,4932000,6884000,0,516,4416000,Full,726000000
1784669190.732193728,24498.93,59000,59400,60300,61100,61500,60300,60300,61100,61100,58500,58100,59700,61700,60100,60500,60800,60500,59700,59300,56600,57700,55400,55800,61400,55400,55000,53900,54300,54600,55800,64800,67200,65200,66000,61400,67200,66400,64800,66000,66000,65200,65600,66000,59700,56600,58000,55400,57700,54600,54300,55400,37000,0,0,37000,43571,58800,95000,0,41010,37000,34900,52368,95000,37902,0,39411,59200,35749,0,47748,0,50405,0,36224,44330,0,49089,59200,0,37432,0,44408,47639,50218,51342,52182,56586,53561,61100,50838,49594,43577,34900,3300,-273000,-273000,-273000,326916,779313,19796920,337860,63,0,224,22,126,0,448,44,0,0,0,0,1640,19443,402336,702,10390,14010,244760,2199,326916,779313,19796920,337860,15475008,894700,7324544,2.66,0.00,0.00,657270,359878,12851428,333605,,,,1785600,1785600,1785600,1785600,1785600,1785600,883200,883200,0,,,,,,0,,928457,1004009,514,4936,410,1,494000,4931000,6884000,0,516,4416000,Full,726000000
1784669191.011238415,24499.21,59400,60200,61500,60300,60000,60300,60300,60700,60700,58500,58100,59700,61400,60100,60100,60800,60500,59700,59300,56600,57700,55800,55400,61000,55000,55000,53900,54300,54300,55400,65200,67200,65600,66000,61700,67200,66000,64500,66000,66000,65200,65600,65600,59300,56600,58800,55800,57700,54600,54600,55000,37000,0,0,37000,43571,59600,95000,0,41010,37000,34900,52373,95000,37902,0,39411,58800,35755,0,47783,0,50379,0,36278,44319,0,49097,58800,0,37464,0,44396,47650,50240,51443,51981,56452,53728,61900,50905,49796,43644,34900,3300,-273000,-273000,-273000,326916,779313,19796920,337860,63,0,224,22,126,0,448,44,0,0,0,0,1640,19443,402336,702,10390,14010,244760,2199,326916,779313,19796920,337860,15475008,895868,7325648,2.66,0.00,0.00,657270,359878,12851428,333605,,,,1785600,1785600,1785600,1785600,1785600,1785600,883200,883200,0,,,,,,0,,928457,1004009,514,4936,410,1,494000,4933000,6884000,0,516,4416000,Full,726000000
1784669191.285550551,24499.49,59400,60600,61100,60700,60700,60700,60300,60700,59600,58500,58500,60100,61700,60500,60100,60800,60100,59700,59300,57000,57700,55800,55400,61400,55400,55000,53900,54300,54600,55400,64800,67200,65600,66000,61700,67200,66400,64800,66000,65600,65200,65600,66000,59300,57000,59200,55800,57700,54600,54300,55400,37000,0,0,37000,43580,60300,95000,0,41010,37000,34900,52377,95000,37902,0,39411,58800,35763,0,47752,0,50417,0,36245,44339,0,49118,58800,0,37455,0,44411,47671,50234,51510,52149,56418,53157,62300,50838,49863,43711,34900,3300,-273000,-273000,-273000,326916,779313,19796920,337860,63,0,224,22,126,0,448,44,0,0,0,0,1640,19443,402336,702,10390,14010,244760,2199,326916,779313,19796920,337860,15475008,893996,7323776,2.66,0.00,0.00,657270,359878,12851428,333605,,,,998400,998400,998400,998400,998400,998400,883200,883200,0,,,,,,0,,0,0,514,4936,410,1,491000,4931000,6884000,0,516,4416000,Full,726000000
1784669191.577197582,24499.78,59800,60200,62300,60700,60300,61500,61500,60700,61900,58500,58100,59700,61400,60100,60100,61200,60500,59700,59300,56600,57700,55800,55400,61400,55400,55000,53900,54300,54600,55800,64800,66800,65600,66000,61700,66800,66000,64500,66000,65600,65200,65600,66000,59300,56600,58800,55800,57700,54600,54600,55400,37000,0,0,37000,43584,59200,95000,0,41010,37000,34900,52381,95000,37902,0,39411,60000,35757,0,47783,0,50401,0,36227,44352,0,49104,59200,0,37467,0,44419,47671,50226,51678,52048,56519,53728,62300,50770,49896,43678,34900,3300,-273000,-273000,-273000,326916,779313,19796920,337860,63,0,224,22,126,0,448,44,0,0,0,0,1640,19443,402336,702,10390,14010,244760,2199,326916,779313,19796920,337860,15475008,895296,7325072,2.66,0.00,0.00,657270,359878,12851428,333605,,,,1785600,1785600,1785600,1785600,1785600,1785600,883200,883200,0,,,,,,0,,919020,1003992,514,4936,410,1,494000,4929000,6882000,0,532,4416000,Full,726000000
1784669192.102176332,24500.30,61000,61400,61900,61500,61900,61500,60700,61500,60700,59300,59700,60500,62500,60800,60800,61600,60800,60100,59700,57700,58500,55800,55800,62500,55400,55000,53500,54300,54600,55800,64800,67500,65600,66400,62900,67500,66800,65600,66400,66000,65200,65600,66400,59700,56600,59600,55800,57400,54600,54300,55400,37000,0,0,37000,43604,60300,95000,0,41010,37000,35000,52381,95000,38064,0,39411,60300,35776,0,47815,0,50421,0,36258,44363,0,49116,60300,0,37435,0,44438,47702,50226,51812,52115,56418,53796,63100,51107,49796,43644,35000,3300,-273000,-273000,-273000,326916,779313,19796920,337860,63,0,224,22,126,0,448,44,0,0,0,0,1640,19443,402336,702,10390,14010,244760,2199,326916,779313,19796920,337860,15475008,887896,7317684,2.66,0.00,0.00,657270,359878,12851428,333605,,,,1113600,1113600,1113600,1324800,1324800,1324800,883200,883200,0,,,,,,0,,919020,1003992,514,4936,410,1,494000,4932000,6882000,0,539,4416000,Full,726000000
1784669192.381369873,24500.58,60200,61000,61900,61100,60700,61100,60700,61100,61100,58500,58900,60100,62100,60500,60500,61200,60500,60100,59700,57000,57700,55800,55400,61700,55400,54600,53900,54300,55000,55400,64800,67200,65600,66000,62100,66800,66800,64800,66400,66000,65200,65600,65600,59300,57000,59600,55800,57700,55000,54300,55400,37000,0,0,37000,43587,60300,95000,0,41010,37000,35000,52462,95000,38064,0,39411,59600,35771,0,47830,0,50464,0,36255,44349,0,49116,61100,0,37420,0,44448,47678,50246,51577,52081,56687,53662,62700,51006,49460,43644,35000,3300,-273000,-273000,-273000,326916,779313,19796920,337860,63,0,224,22,126,0,448,44,0,0,0,0,1640,19443,402336,702,10390,14010,244760,2199,326916,779313,19796920,337860,15475008,882000,7311932,2.66,0.00,0.00,657270,359878,12851428,333605,,,,1113600,1113600,1113600,1113600,1113600,1113600,883200,883200,0,,,,,,0,,926347,1004005,514,4936,410,1,494000,4931000,6882000,0,539,4416000,Full,726000000
1784669192.676503675,24500.88,60600,61000,61100,62300,62700,61100,61100,61900,61100,58500,58900,59700,62100,60500,60500,61200,60500,59700,59300,57000,58100,55400,55400,62100,55400,55000,53900,54600,54600,55400,65600,67200,65600,66400,62100,67500,66400,64800,66800,66000,65200,65600,66000,59700,57000,58800,55800,57700,54600,54600,55800,37000,0,0,37000,43611,60000,95000,0,41010,37000,35000,52398,95000,38064,0,39411,60000,35787,0,47811,0,50435,0,36230,44330,0,49136,60300,0,37435,0,44462,47657,50250,52014,52081,56283,53561,61900,50838,49695,43543,35000,3300,-273000,-273000,-273000,326916,779313,19796920,337860,63,0,224,22,126,0,448,44,0,0,0,0,1640,19443,402336,702,10390,14010,244760,2199,326916,779313,19796920,337860,15475008,883560,7313524,2.72,0.00,0.00,657270,359878,12851428,333605,,,,1670400,1670400,1670400,1670400,1670400,1670400,883200,883200,0,,,,,,0,,0,0,514,4936,410,1,494000,4936000,6882000,0,539,4416000,Full,726000000
1784669192.953929873,24501.15,59800,60600,62700,60700,60700,60700,60700,60700,60300,58900,58900,60100,61400,60800,60500,61600,60500,60100,59700,57000,58100,55800,55800,61400,55800,55000,53500,54300,54600,55400,64800,66400,64800,65600,61700,66400,65600,64500,66000,65600,64800,65200,65600,59700,56600,59600,55800,57400,54600,54300,55400,37000,0,0,37000,43619,60300,95000,0,41010,37000,35000,52417,95000,38064,0,39411,59200,35782,0,47837,0,50467,0,36236,44360,0,49132,59200,0,37461,0,44481,47678,50268,51745,52149,56418,53931,62700,51039,49257,43644,35000,3300,-273000,-273000,-273000,326916,779313,19796920,337860,63,0,224,22,126,0,448,44,0,0,0,0,1640,19443,402336,702,10390,14010,244760,2199,326916,779313,19796920,337860,15475008,885032,7314952,2.72,0.00,0.00,657270,359878,12851428,333605,,,,1228800,1228800,1228800,1228800,1228800,1228800,883200,883200,0,,,,,,0,,0,0,514,4936,410,1,494000,4933000,6882000,0,539,4416000,Full,726000000
1784669193.234383154,24501.44,59800,60600,61900,60300,60700,60700,61100,61100,61100,58900,58500,59700,61700,60500,60500,61200,60500,59700,59700,57000,57700,55800,55400,61400,55400,55000,53500,54300,54600,55400,64500,66800,65600,65600,62100,66800,66400,64500,66000,66000,65200,66000,65600,59300,56600,58800,55800,57700,54600,54600,55400,37000,0,0,37000,43614,60300,95000,0,41010,37000,35000,52413,95000,38064,0,39411,59600,35798,0,47807,0,50456,0,36216,44363,0,49131,61100,0,37431,0,44444,47728,50282,51678,52048,56418,53561,63100,51107,49560,43610,35000,3300,-273000,-273000,-273000,326916,779313,19796920,337860,63,0,224,22,126,0,448,44,0,0,0,0,1640,19443,402336,702,10390,14010,244760,2199,326916,779313,19796920,337860,15475008,903716,7333540,2.72,0.00,0.00,657270,359878,12851428,333605,,,,1785600,1785600,1785600,1785600,1785600,1785600,883200,883200,0,,,,,,0,,0,0,514,4936,410,1,494000,4929000,6882000,0,539,4416000,Full,726000000
1784669193.510180914,24501.71,59800,59800,62300,60300,60000,60700,61100,60700,61100,58900,58900,60100,61000,60500,60500,60800,60100,60100,59700,56600,57700,55400,55400,61000,55400,55000,53900,54600,54600,55800,65200,66800,65600,65600,61400,66800,66000,64800,66000,65600,65200,65200,65600,59300,56600,58800,55400,57400,54600,54600,55400,37000,0,0,37000,43622,60000,95000,0,41010,37000,35000,52422,95000,38064,0,39411,59600,35795,0,47811,0,50505,0,36242,44378,0,49165,59600,0,37440,0,44462,47696,50294,51812,52081,56418,53796,62300,50938,50098,43745,35000,3300,-273000,-273000,-273000,326916,779313,19796920,337860,63,0,224,22,126,0,448,44,0,0,0,0,1640,19443,402336,702,10390,14010,244760,2199,326916,779313,19796920,337860,15475008,898928,7328752,2.72,0.00,0.00,657270,359878,12851428,333605,,,,1785600,1785600,1785600,1785600,1785600,1785600,1132800,1132800,0,,,,,,0,,919674,1004073,514,4936,410,1,494000,4932000,6882000,0,539,4416000,Full,726000000
1784669193.795284039,24502.00,59800,60600,61100,60700,60000,61100,61500,60300,60000,59300,59300,60100,61400,60800,60500,61600,60800,60100,59700,57700,58500,55800,55400,61000,55400,55000,53500,54600,54600,55800,64800,67200,65600,66400,61700,66800,66400,64800,66400,66400,65600,65600,66000,59300,56600,59200,55800,57700,54600,54600,55400,37000,0,0,37000,43629,60300,95000,0,41010,37000,35000,52457,95000,38064,0,39411,59200,35809,0,47846,0,50467,0,36227,44378,0,49153,61100,0,37428,0,44481,47702,50301,51678,52081,56250,53762,61900,50938,49896,43644,35000,3300,-273000,-273000,-273000,326916,779313,19796920,337860,63,0,224,22,126,0,448,44,0,0,0,0,1640,19443,402336,702,10390,14010,244760,2199,326916,779313,19796920,337860,15475008,896400,7326228,2.72,0.00,0.00,657270,359878,12851428,333605,,,,1324800,1324800,1324800,1324800,1324800,1324800,1132800,1132800,0,,,,,,0,,919674,1004073,514,4936,410,1,494000,4929000,6882000,0,539,4416000,Full,726000000
1784669194.103237216,24502.30,59400,59400,61100,60300,60000,60000,59600,60700,60700,59300,58900,60100,61400,60800,60800,61600,60800,60100,59700,57400,58500,55400,55400,61000,55800,55000,53900,54600,54600,55800,65200,67200,65600,66400,61700,67200,66400,64800,66400,66000,65200,65600,65600,59700,56600,58400,55800,57700,55000,54600,55400,37000,0,0,37000,43634,59600,95000,0,41010,37000,35000,52453,95000,38064,0,39411,59200,35822,0,47807,0,50481,0,36252,44419,0,49155,60700,0,37449,0,44491,47710,50288,51577,52014,56721,53561,61900,50972,49627,43509,35000,3300,-273000,-273000,-273000,326916,779313,19796920,337860,63,0,224,22,126,0,448,44,0,0,0,0,1640,19443,402336,702,10390,14010,244760,2199,326916,779313,19796920,337860,15475008,891852,7321680,2.72,0.00,0.00,657270,359878,12851428,333605,,,,1324800,1324800,1324800,1324800,1324800,1324800,883200,883200,0,,,,,,0,,919674,1004073,514,4936,410,1,494000,4929000,6882000,0,539,4416000,Full,726000000
1784669194.406267997,24502.61,59400,59800,61900,60000,60000,60300,60000,60300,61100,58500,58500,59700,61000,60100,59700,60500,60500,59700,58900,57000,57700,55400,55400,60600,55400,55400,53900,54600,54600,55400,64500,66400,64800,65200,61400,66000,65200,64100,65200,65200,64500,65200,65200,59300,57000,58800,55400,57700,55000,54300,55400,37000,0,0,37000,43641,60300,95000,0,41010,37000,35000,52449,95000,38064,0,39411,59600,35828,0,47830,0,50494,0,36270,44393,0,49175,59200,0,37497,0,44488,47728,50312,51712,52081,56149,53325,61100,50972,49460,43509,35000,3300,-273000,-273000,-273000,326916,779313,19796920,337860,63,0,224,22,126,0,448,44,0,0,0,0,1640,19443,402336,702,10390,14010,244760,2199,326916,779313,19796920,337860,15475008,889156,7319004,2.72,0.00,0.00,657270,359878,12851428,333605,,,,1670400,1670400,1670400,1670400,1670400,1670400,1132800,1132800,0,,,,,,0,,910788,1003951,514,4936,410,1,494000,4929000,6882000,0,539,4416000,Full,726000000
1784669194.692322789,24502.90,59800,60200,60700,60300,60000,60000,60000,61100,60700,58900,58900,59700,61000,60500,60500,61200,60500,60100,59300,57000,57700,55800,55400,61000,55800,55000,53900,54300,54300,55400,65200,67500,65200,66000,61700,67200,66400,64800,66000,65600,65200,65600,65600,59300,56600,58400,55800,57700,55000,54300,55400,37000,0,0,37000,43653,59200,95000,0,41010,37000,35000,52449,95000,38064,0,39411,59200,35825,0,47837,0,50512,0,36249,44419,0,49171,58800,0,37491,0,44518,47706,50309,51981,52350,56452,53561,61900,50905,49526,43644,35000,3300,-273000,-273000,-273000,326966,779313,19797392,337866,63,0,224,22,126,0,448,44,0,0,0,0,1640,19443,402336,702,10390,14010,244760,2199,326966,779313,19797392,337866,15475008,888608,7318456,2.77,0.00,0.00,657270,359878,12851664,333605,,,,1440000,1440000,1440000,1440000,1440000,1440000,883200,883200,0,,,,,,0,,910788,1003951,514,4936,410,1,494000,4932000,6882000,0,539,4416000,Full,726000000
1784669195.200144351,24503.40,61000,61400,63500,61900,62700,61900,61900,62300,61500,59300,59300,60500,61700,60800,60800,61600,60800,60500,59700,57400,58900,55800,55800,61700,55800,55000,53900,54300,54600,55800,65200,66800,65600,66000,62500,67200,66400,64800,66000,65600,65200,65200,66000,59700,57000,60300,55800,58100,55000,54600,55800,37000,0,0,37000,43665,61100,95000,0,41010,37000,35000,52479,95000,38064,0,39411,60300,35831,0,47850,0,50497,0,36252,44441,0,49195,60300,0,37491,0,44524,47748,50343,51577,52149,56653,53728,63500,51073,49526,43509,35000,3300,-273000,-273000,-273000,326966,779313,19797392,337866,63,0,224,22,126,0,448,44,0,0,0,0,1640,19443,402336,702,10390,14010,244760,2199,326966,779313,19797392,337866,15475008,898500,7328288,2.77,0.00,0.00,657270,359878,12851664,333605,,,,1785600,1785600,1785600,1785600,1785600,1785600,883200,883200,0,,,,,,0,,910788,1003951,514,4936,410,1,494000,4929000,6882000,0,539,4416000,Full,726000000
1784669195.479487268,24503.68,59800,60600,60700,61100,60700,60700,60700,61100,61100,59300,59300,60500,61700,60800,61200,61200,60800,60100,59700,57700,58100,55800,55800,61400,55800,55000,53900,54300,54600,55800,65200,67500,65600,66400,61700,67200,66400,64800,66400,66000,65200,65600,66000,59300,57000,59200,55800,58100,55000,55000,55800,37000,0,0,37000,43665,59600,95000,0,41010,37000,35000,52475,95000,38064,0,39411,59200,35856,0,47846,0,50497,0,36151,44419,0,49198,59600,0,37488,0,44524,47732,50333,51812,51981,56721,53426,61900,51039,49728,43644,35000,3300,-273000,-273000,-273000,326966,779313,19797392,337866,63,0,224,22,126,0,448,44,0,0,0,0,1640,19443,402336,702,10390,14010,244760,2199,326966,779313,19797392,337866,15475008,889168,7318972,2.77,0.00,0.00,657270,359878,12851664,333605,,,,1324800,1324800,1324800,1324800,1324800,1324800,883200,883200,0,,,,,,0,,925053,1004176,514,4936,410,1,491000,4927000,6882000,0,539,4416000,Full,726000000
1784669195.758680757,24503.96,59800,60200,60700,60700,60300,60300,60000,61100,61500,58900,58900,60100,61700,60500,60800,61200,60500,60100,59700,57400,58100,55800,55800,61400,55400,55000,53500,54600,54600,55800,65200,67200,65600,66400,62100,67200,66400,64800,66400,66400,65200,65600,66000,59300,57000,58800,55800,57700,54600,54600,55800,37000,0,0,37000,43668,59200,95000,0,41010,37000,35000,52475,95000,38064,0,39411,59600,35850,0,47861,0,50544,0,36182,44422,0,49220,60700,0,37465,0,44524,47756,50351,51678,52081,56687,53594,61900,50972,49896,43442,35000,3300,-273000,-273000,-273000,326966,779313,19797392,337866,63,0,224,22,126,0,448,44,0,0,0,0,1640,19443,402336,702,10390,14010,244760,2199,326966,779313,19797392,337866,15475008,883516,7313468,2.77,0.00,0.00,657270,359878,12851664,333605,,,,1324800,1324800,1324800,1324800,1324800,1324800,883200,883200,0,,,,,,0,,925053,1004176,514,4936,410,1,494000,4931000,6882000,0,539,4416000,Full,726000000
1784669196.038529455,24504.24,59800,60200,60700,61100,60300,60700,60700,60700,60700,58900,58900,60100,61700,60100,60500,61200,60500,59700,59300,57400,58100,55400,55400,61400,55400,55000,53900,54600,54600,55800,63700,65600,64800,64500,61700,65200,65600,63300,64500,65200,64500,65200,65200,59700,57000,59200,55800,57700,55000,54600,55800,37000,0,0,37000,43680,60300,95000,0,41010,37000,35000,52475,95000,38064,0,39411,59600,35837,0,47872,0,50544,0,36236,44448,0,49191,60700,0,37461,0,44536,47760,50357,51476,52115,56317,53796,61900,50938,50300,43543,35000,3300,-273000,-273000,-273000,326966,779313,19797392,337866,63,0,224,22,126,0,448,44,0,0,0,0,1640,19443,402336,702,10390,14010,244760,2199,326966,779313,19797392,337866,15475008,893240,7323224,2.77,0.00,0.00,657270,359878,12851664,333605,,,,1324800,1324800,1324800,1324800,1324800,1324800,883200,883200,0,,,,,,0,,925053,1004176,514,4936,410,1,494000,4933000,6882000,0,539,4416000,Full,726000000
1784669196.337493726,24504.54,59000,60200,62300,61100,61100,60700,61100,60300,59600,58900,58900,60100,61700,60500,60100,61200,60500,60100,59700,57000,58500,55400,55800,61400,55400,55400,53900,54300,54600,55400,65200,67200,65200,66000,61700,66800,66000,64800,66400,66000,65200,65200,66000,59300,57000,58800,55400,57700,55000,54600,55800,37000,0,0,37000,43688,60000,95000,0,41010,37000,35000,52493,95000,38064,0,39411,58800,35859,0,47889,0,50562,0,36204,44429,0,49214,58800,0,37429,0,44528,47756,50349,51981,52014,56351,53561,62300,51140,49997,43577,35000,3300,-273000,-273000,-273000,326966,779313,19797392,337866,63,0,224,22,126,0,448,44,0,0,0,0,1640,19443,402336,702,10390,14010,244760,2199,326966,779313,19797392,337866,15475008,893260,7323232,2.77,0.00,0.00,657270,359878,12851664,333605,,,,1555200,1555200,1555200,1555200,1555200,1555200,883200,883200,0,,,,,,0,,925053,1004176,514,4936,410,1,494000,4931000,6882000,0,539,4416000,Full,726000000
1784669196.622975288,24504.82,59800,60200,61500,60700,60300,60300,60000,61100,61100,58900,58900,60100,61700,60500,60500,61600,60800,60100,59700,57400,58100,55400,55800,61700,55400,55000,53900,54600,54600,55800,64800,66800,65600,66000,61700,66800,66000,64800,66400,65600,64800,65600,65600,59300,57000,58400,55800,58100,54600,54600,55800,37000,0,0,37000,43692,59200,95000,0,41010,37000,35000,52498,95000,38064,0,39411,58800,35868,0,47892,0,50516,0,36239,44452,0,49240,60000,0,37417,0,44531,47748,50379,51880,52014,56687,53662,61500,51039,49896,43711,35000,3300,-273000,-273000,-273000,326966,779313,19797392,337866,63,0,224,22,126,0,448,44,0,0,0,0,1640,19443,402336,702,10390,14010,244760,2199,326966,779313,19797392,337866,15475008,888752,7318724,2.77,0.00,0.00,657270,359878,12851664,333605,,,,1785600,1785600,1785600,1785600,1785600,1785600,883200,883200,0,,,,,,0,,910218,1004160,514,4936,410,1,494000,4931000,6882000,0,539,4416000,Full,726000000
1784669196.897989559,24505.10,59800,60200,61100,60300,60000,60300,60300,60000,60000,58900,58900,60100,61700,60500,60500,61600,60500,59700,59700,57000,58100,55400,55800,61400,55400,55000,53900,54300,54300,55800,64800,66800,65600,66000,61700,66800,66000,64800,66000,65600,64800,65600,65600,59700,56600,58800,55800,58100,54600,54600,55400,37000,0,0,37000,43695,60000,95000,0,41010,37000,35000,52493,95000,38064,0,39411,59200,35888,0,47872,0,50550,0,36230,44452,0,49240,60300,0,37446,0,44561,47752,50383,51678,52014,56317,53561,61900,51308,49627,43442,35000,3300,-273000,-273000,-273000,326966,779313,19797392,337866,63,0,224,22,126,0,448,44,0,0,0,0,1640,19443,402336,702,10390,14010,244760,2199,326966,779313,19797392,337866,15475008,884396,7314372,2.81,0.00,0.00,657270,359878,12851664,333605,,,,1228800,1228800,1228800,1228800,1228800,1228800,883200,883200,0,,,,,,0,,0,0,514,4936,410,1,494000,4935000,6880000,0,519,4423000,Full,726000000
1784669197.232462319,24505.44,60600,61000,61100,61100,61500,61100,61900,61500,61100,58900,58900,60100,61700,60800,60800,61600,60800,60100,60500,57000,57700,55800,55800,61400,55400,55000,53500,54300,54600,55400,64800,66800,65600,66000,61700,67200,66000,64500,66000,65600,65200,65600,65600,59700,57000,59200,55800,57700,54600,54600,55400,37000,0,0,37000,43707,60000,95000,0,41010,37000,35100,52493,95000,38064,0,39411,60000,35907,0,47927,0,50540,0,36207,44471,0,49210,60700,0,37440,0,44531,47772,50367,51947,51981,56620,53762,61900,50905,49829,43610,35100,3300,-273000,-273000,-273000,326966,779313,19797392,337866,63,0,224,22,126,0,448,44,0,0,0,0,1640,19443,402336,702,10390,14010,244760,2199,326966,779313,19797392,337866,15475008,875524,7305564,2.81,0.00,0.00,657270,359878,12851664,333605,,,,1555200,1555200,1555200,1555200,1555200,1555200,883200,883200,0,,,,,,0,,0,0,514,4936,410,1,494000,4932000,6880000,0,508,4423000,Full,726000000
1784669197.515529455,24505.72,59800,60200,61900,60300,60300,60300,60300,60700,60700,58900,58900,60100,61700,60800,60500,61200,60800,60100,59700,57000,58100,55400,55400,61400,55400,55000,53900,54600,54600,55800,65600,67500,65600,66800,61700,67500,66800,65200,66400,66000,65600,65600,66000,59300,56600,59200,55800,57400,54600,54600,55400,37000,0,0,37000,43707,60000,95000,0,41010,37000,35100,52529,95000,38064,0,39411,60000,35888,0,47885,0,50578,0,36201,44471,0,49240,61100,0,37456,0,44580,47767,50367,51981,52081,56519,53393,62300,50838,49896,43610,35100,3300,-273000,-273000,-273000,326966,779313,19797392,337866,63,0,224,22,126,0,448,44,0,0,0,0,1640,19443,402336,702,10390,14010,244760,2199,326966,779313,19797392,337866,15475008,875580,7305636,2.81,0.00,0.00,657270,359878,12851664,333605,,,,1324800,1324800,1324800,1324800,1324800,1324800,883200,883200,0,,,,,,0,,912199,1004139,514,4936,410,1,494000,4933000,6880000,0,508,4423000,Full,726000000
1784669197.797531538,24506.00,59000,59800,60700,60300,60000,60000,60300,60000,59600,58500,58900,60100,61400,60500,60500,61200,60500,59700,59700,56600,57700,55800,55400,61000,55400,55000,53900,54300,54600,55400,65200,67200,65600,66400,61700,67200,66400,64800,66000,66000,64800,66000,65600,59300,56600,58400,55800,58100,54600,54600,55400,37000,0,0,37000,43715,58800,95000,0,41010,37000,35100,52479,95000,38064,0,39411,59200,35907,0,47896,0,50550,0,36249,44459,0,49248,60300,0,37447,0,44580,47795,50371,51712,52081,56519,53662,62300,50838,49325,43678,35100,3300,-273000,-273000,-273000,326966,779313,19797392,337866,63,0,224,22,126,0,448,44,0,0,0,0,1640,19443,402336,702,10390,14010,244760,2199,326966,779313,19797392,337866,15475008,883796,7313876,2.81,0.00,0.00,657270,359878,12851664,333605,,,,1440000,1440000,1440000,1440000,1440000,1440000,883200,883200,0,,,,,,0,,912199,1004139,514,4936,410,1,494000,4929000,6880000,0,508,4423000,Full,726000000
1784669198.303375288,24506.50,60200,60600,60700,61500,61100,61100,60700,61100,60700,59300,58900,60500,62100,60800,60800,61200,60500,60100,59700,57400,58500,55800,55400,61700,55400,55000,53500,54600,54600,55800,64800,67200,65600,66400,62100,67200,66400,64800,66400,65600,65200,65600,66000,59300,57000,59200,55800,57700,55000,54600,55400,37000,0,0,37000,43725,59600,95000,0,41010,37000,35100,52493,95000,38064,0,39411,59600,35916,0,47907,0,50562,0,36230,44471,0,49244,60000,0,37446,0,44569,47802,50397,51577,51981,56384,53628,61900,51006,49661,43577,35100,3300,-273000,-273000,-273000,326966,779313,19797392,337866,63,0,224,22,126,0,448,44,0,0,0,0,1640,19443,402336,702,10390,14010,244760,2199,326966,779313,19797392,337866,15475008,890120,7320060,2.81,0.00,0.00,657270,359878,12851664,333605,,,,1785600,1785600,1785600,1785600,1785600,1785600,883200,883200,0,,,,,,0,,0,0,514,4936,410,1,494000,4931000,6880000,0,508,4423000,Full,726000000
1784669198.580239819,24506.78,61400,61400,61900,61100,61100,61500,62300,62300,62300,58900,59300,60500,62500,60800,60500,61200,60500,60100,59700,58100,58900,55800,55400,61700,55400,55400,53500,54300,54600,55800,65200,67500,65200,66000,62500,67200,66400,65200,66400,66000,65200,65600,65600,59700,57000,60000,55800,57700,54600,54600,55400,37000,0,0,37000,43730,61100,95000,0,41010,37000,35100,52519,95000,38064,0,39411,60300,35900,0,47917,0,50578,0,36249,44491,0,49250,60700,0,37468,0,44573,47787,50413,51544,52081,56317,53460,63100,51039,49863,43577,35100,3300,-273000,-273000,-273000,326966,779313,19797392,337866,63,0,224,22,126,0,448,44,0,0,0,0,1640,19443,402336,702,10390,14010,244760,2199,326966,779313,19797392,337866,15475008,879596,7309572,2.81,0.00,0.00,657270,359878,12851664,333605,,,,1785600,1785600,1785600,1785600,1785600,1785600,883200,883200,0,,,,,,0,,912579,1004139,514,4936,410,1,494000,4933000,6880000,0,508,4423000,Full,726000000
1784669198.869948465,24507.07,59800,60200,60700,60700,60000,60300,60700,60700,60700,59300,58900,60100,61400,60800,60500,61200,60800,60100,59700,57400,58100,55800,55800,61400,55400,55400,53900,54600,54600,55800,64800,66800,65600,66000,62100,66800,66000,64800,66000,66000,65200,65600,66000,59700,57000,59200,55800,57700,55000,55000,55800,37000,0,0,37000,43734,59600,95000,0,41010,37000,35100,52565,95000,38064,0,39411,59600,35922,0,47924,0,50554,0,36267,44459,0,49258,60300,0,37459,0,44590,47791,50401,51678,52081,56317,53964,61900,51107,49863,43610,35100,3300,-273000,-273000,-273000,326966,779313,19797392,337866,63,0,224,22,126,0,448,44,0,0,0,0,1640,19443,402336,702,10390,14010,244760,2199,326966,779313,19797392,337866,15475008,878748,7308756,2.66,0.00,0.00,657270,359878,12851664,333605,,,,1785600,1785600,1785600,1785600,1785600,1785600,883200,883200,0,,,,,,0,,912579,1004139,514,4936,410,1,494000,4931000,6880000,0,508,4423000,Full,726000000
1784669199.165413360,24507.37,59800,60200,60700,60300,60700,60700,60700,61500,61500,58500,58500,60100,61400,60100,60100,60800,60500,59700,59300,57000,57700,55800,55400,61400,55400,55400,53900,54600,54600,55400,65200,67200,65600,66000,61700,66800,66400,64500,66400,65600,65200,65600,65600,59700,56600,59200,55800,57700,55000,54600,55400,37000,0,0,37000,43746,60300,95000,0,41010,37000,35100,52533,95000,38064,0,39411,59600,35925,0,47952,0,50570,0,36236,44514,0,49263,59200,0,37455,0,44573,47823,50395,51712,52115,56485,53662,61900,51174,49863,43509,35100,3300,-273000,-273000,-273000,326966,779313,19797392,337866,63,0,224,22,126,0,448,44,0,0,0,0,1640,19443,402336,702,10390,14010,244760,2199,326966,779313,19797392,337866,15475008,882744,7312752,2.66,0.00,0.00,657270,359878,12851664,333605,,,,1555200,1555200,1555200,1555200,1555200,1555200,883200,883200,0,,,,,,0,,912579,1004139,514,4936,410,1,494000,4929000,6880000,0,508,4423000,Full,726000000
1784669199.451384454,24507.65,59400,59800,60700,60700,60000,60300,61100,60300,60700,58900,58500,60100,61400,60500,60500,60800,60500,60100,59300,57400,57700,55800,55800,61000,55400,55400,53900,54300,54600,55400,64500,66400,65600,65600,61400,66400,66000,64100,65600,65600,65200,66000,65600,59300,57000,58800,55800,57400,54600,54600,55400,37000,0,0,37000,43740,60300,95000,0,41010,37000,35100,52538,95000,38064,0,39411,59600,35900,0,47924,0,50578,0,36252,44518,0,49293,60700,0,37455,0,44630,47783,50421,51981,52149,56384,53796,61900,51107,49728,43509,35100,3300,-273000,-273000,-273000,326966,779313,19797392,337866,63,0,224,22,126,0,448,44,0,0,0,0,1640,19443,402336,702,10390,14010,244760,2199,326966,779313,19797392,337866,15475008,890628,7320624,2.66,0.00,0.00,657270,359878,12851664,333605,,,,1324800,1440000,1440000,1440000,1440000,1440000,883200,883200,0,,,,,,0,,909149,1003965,514,4936,410,1,494000,4927000,6880000,0,508,4423000,Full,726000000
1784669199.736284558,24507.94,59800,60200,62300,60700,60300,61100,61900,60300,60300,58900,58900,60500,61400,60800,60500,61200,60800,60100,59700,57000,58100,55800,55400,61400,55400,55400,53900,54300,54600,55800,65200,66800,65600,66000,62100,66800,65600,64800,65600,66000,65200,65600,66000,59700,56600,59600,55400,57700,54600,54600,55400,37000,0,0,37000,43757,60700,95000,0,41010,37000,35100,52546,95000,38064,0,39411,60000,35922,0,47966,0,50612,0,36267,44488,0,49289,59200,0,37458,0,44630,47802,50403,51745,52216,56485,53830,61900,51107,50334,43442,35100,3300,-273000,-273000,-273000,326971,779313,19797496,337867,63,0,224,22,126,0,448,44,0,0,0,0,1640,19443,402336,702,10390,14010,244760,2199,326971,779313,19797496,337867,15475008,887352,7317352,2.66,0.00,0.00,657270,359878,12851716,333605,,,,1113600,1113600,1113600,1113600,1113600,1113600,883200,883200,0,,,,,,0,,909149,1003965,514,4936,410,1,494000,4928000,6880000,0,508,4423000,Full,726000000
1784669200.034008360,24508.24,59400,60200,61900,60300,60300,60700,61100,60000,59200,58500,58500,59700,61400,60500,60100,61200,60500,60100,59300,57400,57700,55800,55800,61400,55400,55800,53900,54600,54600,55800,65600,67500,66000,66400,61700,67500,66400,65200,66400,66000,65200,66000,66000,59700,56600,58000,55400,57700,55000,54600,55400,37000,0,0,37000,43764,59600,95000,0,41010,37000,35100,52515,95000,38064,0,39411,58400,35964,0,47959,0,50604,0,36245,44498,0,49281,60300,0,37467,0,44616,47833,50459,51645,52115,56485,53762,61900,51039,50031,43476,35100,3300,-273000,-273000,-273000,326971,779313,19797496,337867,63,0,224,22,126,0,448,44,0,0,0,0,1640,19443,402336,702,10390,14010,244760,2199,326971,779313,19797496,337867,15475008,887776,7317776,2.66,0.00,0.00,657270,359878,12851716,333605,,,,1785600,1785600,1785600,1785600,1785600,1785600,883200,883200,0,,,,,,0,,909149,1003965,514,4936,410,1,494000,4929000,6880000,0,508,4423000,Full,726000000
1784669200.318654818,24508.52,59000,59800,60300,60700,60700,60000,60700,60700,60700,58500,58900,60100,61700,60800,60500,61200,60500,60100,59700,57000,58100,55800,55400,61400,55800,55000,53500,54300,54600,55400,64800,66800,65200,65600,61400,66400,66000,64500,65600,65600,64800,65200,65600,59700,56600,58400,55800,57700,55000,55000,55400,37000,0,0,37000,43772,59200,95000,0,41010,37000,35100,52569,95000,38064,0,39411,58800,35974,0,47917,0,50592,0,36201,44540,0,49277,59200,0,37435,0,44613,47833,50433,51645,52115,56351,53561,61100,51107,50031,43375,35100,3300,-273000,-273000,-273000,326971,779313,19797496,337867,63,0,224,22,126,0,448,44,0,0,0,0,1640,19443,402336,702,10390,14010,244760,2199,326971,779313,19797496,337867,15475008,891148,7321132,2.66,0.00,0.00,657270,359878,12851716,333605,,,,1670400,1670400,1670400,1670400,1670400,1670400,883200,883200,0,,,,,,0,,909149,1003965,514,4936,410,1,494000,4926000,6880000,0,508,4423000,Full,726000000
1784669200.612165808,24508.81,59400,60200,60700,60700,60300,60700,61100,61100,60700,58500,58100,60100,61700,60100,60100,61200,60100,59700,59300,56600,57700,55800,55400,61400,55400,55400,53900,54600,54600,55400,65200,67200,65600,66000,61700,66800,66400,64800,66000,66000,65200,66000,65600,59700,56600,58800,55400,57700,54600,54600,55400,37000,0,0,37000,43772,60000,95000,0,41010,37000,35100,52569,95000,38064,0,39411,59600,35964,0,47935,0,50608,0,36230,44544,0,49301,59600,0,37426,0,44627,47846,50433,51981,52216,56418,53493,61500,51275,49594,43442,35100,3300,-273000,-273000,-273000,326971,779313,19797496,337867,63,0,224,22,126,0,448,44,0,0,0,0,1640,19443,402336,702,10390,14010,244760,2199,326971,779313,19797496,337867,15475008,891480,7321448,2.66,0.00,0.00,657270,359878,12851716,333605,,,,1440000,1440000,1440000,1440000,1440000,1440000,883200,883200,0,,,,,,0,,903204,1000109,514,4936,410,1,494000,4931000,6880000,0,508,4423000,Full,726000000
1784669200.900265130,24509.10,59800,59800,60700,61100,61500,60000,60700,60700,60700,58900,58900,60100,61400,60800,60500,61200,60800,60100,59700,57400,58100,55800,55400,61400,55800,55000,53900,54600,54600,55800,64500,66400,65600,65200,61400,66400,66000,63700,65600,65600,65200,65600,65200,59700,56600,58400,55800,58100,54600,54600,55400,37000,0,0,37000,43776,59600,95000,0,41010,37000,35100,52569,95000,38064,0,39411,59200,35986,0,47970,0,50664,0,36264,44550,0,49311,58800,0,37477,0,44609,47861,50451,51577,52216,56452,53527,61900,51241,50367,43409,35100,3300,-273000,-273000,-273000,326971,779313,19797496,337867,63,0,224,22,126,0,448,44,0,0,0,0,1640,19443,402336,702,10390,14010,244760,2199,326971,779313,19797496,337867,15475008,892848,7322820,2.72,0.00,0.00,657270,359878,12851716,333605,,,,1785600,1785600,1785600,1785600,1785600,1785600,883200,883200,0,,,,,,0,,903204,1000109,514,4936,410,1,494000,4931000,6880000,0,508,4423000,Full,726000000
1784669201.402229714,24509.60,60200,61000,63500,61100,60700,61500,62300,61500,61900,59300,59700,60500,61700,60800,60500,61600,60800,60100,59700,57700,58900,55800,55800,61700,55800,55000,53900,54300,54600,55800,65200,67500,65600,66400,62500,67200,66400,65200,66000,66000,65600,65600,66000,59300,56600,59200,55800,58100,55000,54600,55800,37000,0,0,37000,43788,60000,95000,0,41010,37000,35100,52591,95000,38064,0,39411,60000,35974,0,47939,0,50630,0,36221,44554,0,49311,60300,0,37458,0,44635,47872,50451,51880,52081,56620,54031,63100,51241,50065,43577,35100,3300,-273000,-273000,-273000,326971,779313,19797496,337867,63,0,224,22,126,0,448,44,0,0,0,0,1640,19443,402336,702,10390,14010,244760,2199,326971,779313,19797496,337867,15475008,890896,7320820,2.72,0.00,0.00,657270,359878,12851716,333605,,,,1228800,1228800,1228800,1228800,1228800,1228800,883200,883200,0,,,,,,0,,903204,1000109,514,4936,410,1,494000,4931000,6880000,0,508,4423000,Full,726000000
1784669201.681716276,24509.88,60200,60600,60700,61100,61500,60300,60300,61900,61100,59300,59300,60500,62100,60800,60500,62000,60800,60500,59700,57400,58100,55800,55400,62100,55800,55400,53900,54600,54600,55400,65200,67500,66000,66400,62100,67500,66800,65200,66400,66000,65600,65600,66400,59700,56600,58800,55800,57700,55000,55000,55800,37000,0,0,37000,43791,60300,95000,0,41010,37000,35100,52555,95000,38064,0,39411,60000,35986,0,47948,0,50664,0,36221,44540,0,49323,61500,0,37480,0,44630,47850,50464,52048,52283,56653,53594,62300,51107,50132,43610,35100,3300,-273000,-273000,-273000,326971,779313,19797496,337867,63,0,224,22,126,0,448,44,0,0,0,0,1640,19443,402336,702,10390,14010,244760,2199,326971,779313,19797496,337867,15475008,890292,7320204,2.72,0.00,0.00,657270,359878,12851716,333605,,,,1785600,1785600,1785600,1785600,1785600,1785600,883200,883200,0,,,,,,0,,927218,1003964,514,4936,410,1,494000,4928000,6880000,0,508,4423000,Full,726000000
1784669201.960595911,24510.16,61000,61400,63500,61500,61500,61500,61100,61900,61500,59700,59300,60500,62100,61200,61200,62000,61200,60500,60100,57400,58900,55800,55800,62100,55800,55400,53900,54600,54600,55800,65200,66800,65200,66000,62500,67200,66400,65200,66400,66400,65200,65600,66000,59700,56600,59600,55800,57700,54600,54600,55400,37000,0,0,37000,43794,60000,95000,0,41125,37000,35100,52582,95000,38191,0,39546,60300,36008,0,47983,0,50638,0,36281,44573,0,49311,61900,0,37449,0,44671,47872,50456,51779,52149,56418,53830,63500,51275,49728,43509,35100,3300,-273000,-273000,-273000,326971,779313,19797496,337867,63,0,224,22,126,0,448,44,0,0,0,0,1640,19443,402336,702,10390,14010,244760,2199,326971,779313,19797496,337867,15475008,887100,7316996,2.72,0.00,0.00,657270,359878,12851716,333605,,,,1785600,1785600,1785600,1785600,1785600,1785600,883200,883200,0,,,,,,0,,927218,1003964,514,4936,410,1,494000,4928000,6878000,0,547,4419000,Full,726000000
1784669202.313008307,24510.51,59800,60200,61100,61100,60700,60300,61100,60700,60700,58900,58500,60100,61700,60500,60500,61600,60800,60100,59700,57400,58100,55800,55400,61400,55400,55400,53900,54600,54600,55800,65600,67200,65600,66400,62500,67200,66400,64800,66400,66000,65200,65600,66000,59300,57000,59200,55800,57700,54600,54600,55800,37000,0,0,37000,43806,60000,95000,0,41125,37000,35200,52595,95000,38191,0,39546,59600,35999,0,47966,0,50654,0,36239,44557,0,49334,60300,0,37420,0,44671,47892,50464,51880,52149,56418,53695,61900,51308,50266,43442,35200,3300,-273000,-273000,-273000,326971,779313,19797496,337867,63,0,224,22,126,0,448,44,0,0,0,0,1640,19443,402336,702,10390,14010,244760,2199,326971,779313,19797496,337867,15475008,888952,7318852,2.72,0.00,0.00,657270,359878,12851716,333605,,,,1785600,1785600,1785600,1785600,1785600,1785600,883200,883200,0,,,,,,0,,927218,1003964,514,4936,410,1,494000,4928000,6878000,0,551,4419000,Full,726000000
1784669202.600926692,24510.80,60200,60600,62300,61100,60700,60700,60700,61500,60700,58900,58100,59700,62100,60100,60500,60800,60100,60100,59700,56600,57700,55800,55400,61700,55400,55000,53900,54600,54600,55800,65200,67200,65600,66400,62500,67200,66400,65200,66400,66000,65600,65600,66000,59700,57000,59200,55800,58100,55000,54600,55800,37000,0,0,37000,43806,60000,95000,0,41125,37000,35200,52610,95000,38191,0,39546,60000,36002,0,47994,0,50630,0,36201,44561,0,49311,59200,0,37449,0,44668,47882,50467,51779,52216,56620,53897,62700,51207,49997,43409,35200,3300,-273000,-273000,-273000,326971,779313,19797496,337867,63,0,224,22,126,0,448,44,0,0,0,0,1640,19443,402336,702,10390,14010,244760,2199,326971,779313,19797496,337867,15475008,895924,7325812,2.72,0.00,0.00,657270,359878,12851716,333605,,,,1555200,1555200,1555200,1555200,1555200,1555200,883200,883200,0,,,,,,0,,924610,1004168,514,4936,410,1,494000,4929000,6878000,0,551,4419000,Full,726000000
1784669202.883327265,24511.08,60200,61000,63500,61900,61900,61500,61500,61900,61900,58900,58500,59700,62100,60100,60100,60800,60500,60100,59300,57000,57700,55800,55800,61700,55400,55400,53900,54600,54600,55800,65200,67200,65600,66000,62100,66800,66400,64800,66400,66000,65200,65600,65600,59700,57000,59600,55800,58100,54600,54600,55400,37000,0,0,37000,43818,60000,95000,0,41125,37000,35200,52582,95000,38191,0,39546,59200,36017,0,47986,0,50684,0,36239,44573,0,49338,59200,0,37455,0,44682,47882,50489,51712,52250,56283,53997,62700,51107,50266,43509,35200,3300,-273000,-273000,-273000,326971,779313,19797496,337867,63,0,224,22,126,0,448,44,0,0,0,0,1640,19443,402336,702,10390,14010,244760,2199,326971,779313,19797496,337867,15475008,896600,7326472,2.77,0.00,0.00,657270,359878,12851716,333605,,,,1785600,1785600,1785600,1785600,1785600,1785600,883200,883200,0,,,,,,0,,924610,1004168,514,4936,410,1,494000,4928000,6878000,0,551,4419000,Full,726000000
1784669203.173341015,24511.37,59800,60200,62300,61100,61900,60700,61500,61100,61100,58900,59300,60100,61700,60500,60500,61200,60500,60100,59700,57000,58100,55800,55400,61400,55800,55400,53900,54600,54600,55800,65200,67200,65600,66000,62100,66800,66400,64800,66400,66000,65200,65600,66000,59300,57000,59200,55800,57700,54600,54600,55400,37000,0,0,37000,43826,60700,95000,0,41125,37000,35200,52610,95000,38191,0,39546,60000,35983,0,47994,0,50672,0,36213,44597,0,49356,61100,0,37455,0,44663,47882,50502,51981,52317,56620,53493,62700,51039,49291,43308,35200,3300,-273000,-273000,-273000,326971,779313,19797496,337867,63,0,224,22,126,0,448,44,0,0,0,0,1640,19443,402336,702,10390,14010,244760,2199,326971,779313,19797496,337867,15475008,893576,7323448,2.77,0.00,0.00,657270,359878,12851716,333605,,,,1440000,1440000,1440000,1440000,1440000,1440000,883200,883200,0,,,,,,0,,924610,1004168,514,4936,410,1,494000,4927000,6878000,0,551,4419000,Full,726000000
1784669203.458883411,24511.66,59800,60200,60700,60000,60300,60700,61500,61100,61900,58500,58100,59700,61400,60100,60100,60800,60500,60100,59300,56600,57700,55800,55400,61000,55800,55400,53900,54600,54600,55800,64500,66400,64800,65200,61400,66000,66000,64100,65600,65200,64500,65200,65200,59300,57000,58800,55400,57700,55000,54600,55400,37000,0,0,37000,43830,60700,95000,0,41125,37000,35200,52605,95000,38191,0,39546,59600,36008,0,47966,0,50654,0,36264,44580,0,49356,58800,0,37473,0,44675,47885,50494,51913,52115,56384,53258,61500,51073,50065,43409,35200,3300,-273000,-273000,-273000,326971,779313,19797496,337867,63,0,224,22,126,0,448,44,0,0,0,0,1640,19443,402336,702,10390,14010,244760,2199,326971,779313,19797496,337867,15475008,891816,7321688,2.77,0.00,0.00,657270,359878,12851716,333605,,,,1555200,1555200,1555200,1555200,1555200,1555200,883200,883200,0,,,,,,0,,907567,1004048,514,4936,410,1,494000,4928000,6878000,0,551,4419000,Full,726000000
1784669203.752407838,24511.95,59000,59800,60700,61500,61500,60000,60000,60700,60700,59300,58900,60100,61700,60500,60800,61600,60500,60100,59300,57400,58100,55800,55400,61400,55800,55000,53900,54300,54300,55800,65600,67500,66000,66400,62100,67500,66800,64800,66400,66000,65200,65600,66000,59700,57000,59200,55800,57700,54600,54300,55400,37000,0,0,37000,43842,60000,95000,0,41125,37000,35200,52582,95000,38191,0,39546,58800,36025,0,47977,0,50658,0,36182,44573,0,49364,59600,0,37461,0,44692,47872,50481,51846,52283,56754,53662,61500,51241,49930,43442,35200,3300,-273000,-273000,-273000,326974,779313,19797584,337868,63,0,224,22,126,0,448,44,0,0,0,0,1640,19443,402336,702,10390,14010,244760,2199,326974,779313,19797584,337868,15475008,889544,7319504,2.77,0.00,0.00,657270,359878,12851760,333605,,,,1785600,1785600,1785600,1785600,1785600,1785600,883200,883200,0,,,,,,0,,907567,1004048,514,4936,410,1,494000,4920000,6878000,0,551,4419000,Full,726000000
1784669204.056225129,24512.26,59400,60200,61100,60300,60300,60300,60300,60700,60300,58500,58900,60100,61000,60500,60500,60800,60800,60100,59700,57000,58100,55800,55800,61000,55400,55400,53900,54300,54600,55800,65200,67200,65200,66400,61700,66800,66400,64800,66000,65600,65200,65600,65600,59300,56600,58800,55800,57700,54600,54600,55400,37000,0,0,37000,43842,59600,95000,0,41125,37000,35200,52610,95000,38191,0,39546,59200,36025,0,47990,0,50668,0,36210,44583,0,49376,60000,0,37455,0,44708,47907,50528,51812,52216,56788,53728,61500,51207,49627,43308,35200,3300,-273000,-273000,-273000,326974,779313,19797584,337868,63,0,224,22,126,0,448,44,0,0,0,0,1640,19443,402336,702,10390,14010,244760,2199,326974,779313,19797584,337868,15475008,883032,7313088,2.77,0.00,0.00,657270,359878,12851760,333605,,,,1785600,1785600,1785600,1785600,1785600,1785600,883200,883200,0,,,,,,0,,907567,1004048,508,4929,410,1,494000,4923000,6878000,0,551,4419000,Full,726000000
1784669204.552265962,24512.75,59800,60600,61500,60700,60300,60700,60300,60700,60700,58900,59300,60100,61700,60800,60500,61200,60500,60100,59700,57700,58500,55800,55400,61700,55800,55000,53900,54600,55000,55800,65200,67200,65600,66400,62100,67500,66800,64800,66800,66400,65200,65600,66400,59700,56600,59200,55800,57700,55000,54600,55400,37000,0,0,37000,43852,60000,95000,0,41125,37000,35200,52646,95000,38191,0,39546,59600,36059,0,48013,0,50664,0,36267,44594,0,49385,61100,0,37495,0,44695,47889,50505,51745,52317,56687,53762,62700,51073,50165,43274,35200,3300,-273000,-273000,-273000,326974,779313,19797584,337868,63,0,224,22,126,0,448,44,0,0,0,0,1640,19443,402336,702,10390,14010,244760,2199,326974,779313,19797584,337868,15475008,894696,7324800,2.77,0.00,0.00,657270,359878,12851760,333605,,,,1670400,1785600,1785600,1785600,1785600,1785600,883200,883200,0,,,,,,0,,909842,1000116,508,4929,410,1,494000,4924000,6878000,0,551,4419000,Full,726000000
1784669204.828980077,24513.03,59800,60600,61500,61100,61500,61100,61100,61100,61100,59300,58900,60100,61700,60800,60800,61200,60800,60100,59700,57400,58100,55800,55800,61700,55800,55000,53900,54600,54600,55800,65200,67200,66000,66000,62100,67200,66400,64800,66400,66000,65200,65600,66000,59300,57000,58400,55800,58100,55000,54600,55400,37000,0,0,37000,43863,59200,95000,0,41125,37000,35200,52639,95000,38191,0,39546,59200,36040,0,48029,0,50676,0,36245,44606,0,49378,59600,0,37444,0,44695,47927,50496,51880,52149,56519,54031,61900,51241,49661,43509,35200,3300,-273000,-273000,-273000,326985,779313,19797752,337870,63,0,224,22,126,0,448,44,0,0,0,0,1640,19443,402336,702,10390,14010,244760,2199,326985,779313,19797752,337870,15475008,895928,7326120,2.63,0.00,0.00,657270,359878,12851844,333605,,,,1555200,1555200,1555200,1555200,1555200,1555200,883200,883200,0,,,,,,0,,909842,1000116,508,4929,410,1,494000,4933000,6878000,0,551,4419000,Full,726000000
1784669205.116295858,24513.32,61000,61700,63500,62300,61900,61900,61500,62300,61500,58900,58900,60100,62500,60500,60500,61600,60500,60100,59700,57400,58100,55800,55800,62500,55400,55400,53900,54600,54600,55800,65200,67500,66000,66400,62900,67200,66800,65200,66400,66400,65600,66000,66000,59700,57000,59200,55800,57700,55000,54600,55400,37000,0,0,37000,43875,60000,95000,0,41125,37000,35200,52650,95000,38191,0,39546,60300,36074,0,48005,0,50702,0,36210,44627,0,49362,60700,0,37456,0,44708,47931,50500,51745,52350,56821,54132,63100,51174,49829,43476,35200,3300,-273000,-273000,-273000,326985,779313,19797752,337870,63,0,224,22,126,0,448,44,0,0,0,0,1640,19443,402336,702,10390,14010,244760,2199,326985,779313,19797752,337870,15475008,897212,7327372,2.63,0.00,0.00,657270,359878,12851844,333605,,,,1785600,1785600,1785600,1785600,1785600,1785600,883200,883200,0,,,,,,0,,909842,1000116,508,4929,410,1,497000,4928000,6878000,0,551,4419000,Full,726000000
1784669205.399807681,24513.60,59800,60600,61500,60700,60700,60700,61100,61100,60700,59300,59700,60100,62100,61200,60800,62000,60800,60500,60100,57700,58500,55800,55400,61400,55800,55000,53900,54600,55000,55800,65200,67200,66000,66000,62100,67200,66400,65200,66400,66000,65600,65600,66000,59700,57000,59200,55800,58100,55000,54600,55800,37000,0,0,37000,43868,60300,95000,0,41125,37000,35200,52650,95000,38191,0,39546,59600,36074,0,48009,0,50726,0,36249,44616,0,49387,59200,0,37412,0,44747,47924,50508,51812,52350,56485,54098,62300,51107,49896,43409,35200,3300,-273000,-273000,-273000,326985,779313,19797752,337870,63,0,224,22,126,0,448,44,0,0,0,0,1640,19443,402336,702,10390,14010,244760,2199,326985,779313,19797752,337870,15475008,889600,7319764,2.63,0.00,0.00,657270,359878,12851844,333605,,,,1785600,1785600,1785600,1785600,1785600,1785600,883200,883200,0,,,,,,0,,909842,1000116,508,4929,410,1,494000,4935000,6878000,0,551,4419000,Full,726000000
1784669205.683931639,24513.88,59800,60600,61900,60700,60300,60700,61500,60700,60300,58900,58900,60500,61700,60800,60800,61200,60800,60100,60100,57000,58100,55800,55800,61400,55400,55000,53900,54300,54600,55800,65200,67500,65600,66400,62100,67200,66400,65200,66000,66000,65200,66000,66400,59300,57000,58800,56200,58100,55000,54600,55800,37000,0,0,37000,43884,60000,95000,0,41125,37000,35200,52662,95000,38191,0,39546,59600,36071,0,48018,0,50714,0,36267,44627,0,49387,60300,0,37464,0,44766,47920,50521,51745,52317,56754,53762,63100,51140,49594,43509,35200,3300,-273000,-273000,-273000,326985,779313,19797752,337870,63,0,224,22,126,0,448,44,0,0,0,0,1640,19443,402336,702,10390,14010,244760,2199,326985,779313,19797752,337870,15475008,884988,7315076,2.63,0.00,0.00,657270,359878,12851844,333605,,,,1113600,1324800,1324800,1324800,1324800,1324800,883200,883200,0,,,,,,0,,922592,1004060,508,4929,410,1,494000,4935000,6878000,0,551,4419000,Full,726000000
1784669205.971517003,24514.17,59400,60200,61900,61100,61100,60700,60300,60700,60300,58900,59300,60100,61700,60500,60500,61200,60500,60100,59700,57400,58500,55800,55800,61400,55400,55000,54300,54600,55000,55800,65200,66800,65600,66000,61700,66800,66400,64800,66000,66000,65600,65600,65600,59700,57000,58800,55800,57700,55000,54600,55800,37000,0,0,37000,43884,59600,95000,0,41125,37000,35200,52662,95000,38191,0,39546,59200,36094,0,48021,0,50702,0,36198,44630,0,49397,60300,0,37461,0,44761,47942,50520,51947,52216,56586,53527,61500,51140,49695,43509,35200,3300,-273000,-273000,-273000,326985,779313,19797752,337870,63,0,224,22,126,0,448,44,0,0,0,0,1640,19443,402336,702,10390,14010,244760,2199,326985,779313,19797752,337870,15475008,888920,7318976,2.63,0.00,0.00,657270,359878,12851844,333605,,,,1785600,1785600,1785600,1785600,1785600,1785600,883200,883200,0,,,,,,0,,922592,1004060,508,4929,410,1,494000,4929000,6878000,0,551,4419000,Full,726000000
1784669206.259281691,24514.46,59800,60600,60700,60700,60300,60700,61900,61100,61100,58500,58500,59700,61400,60500,60500,61200,60500,60100,59700,56600,57700,55800,55400,61400,55800,55000,53900,54600,54600,55800,64100,66800,65200,65200,61700,66400,66000,64500,65600,65200,64800,65600,65600,59300,57000,59200,55800,57700,54600,54600,55800,37000,0,0,37000,43887,60700,95000,0,41125,37000,35200,52686,95000,38191,0,39546,59600,36068,0,48021,0,50734,0,36176,44689,0,49378,60300,0,37416,0,44737,47917,50532,51913,52250,56552,53762,61900,51207,50199,43375,35200,3300,-273000,-273000,-273000,326985,779313,19797752,337870,63,0,224,22,126,0,448,44,0,0,0,0,1640,19443,402336,702,10390,14010,244760,2199,326985,779313,19797752,337870,15475008,892988,7323012,2.63,0.00,0.00,657270,359878,12851844,333605,,,,1113600,1113600,1113600,1113600,1113600,1113600,883200,883200,0,,,,,,0,,922592,1004060,508,4929,410,1,491000,4927000,6878000,0,551,4419000,Full,726000000
1784669206.559812524,24514.76,59400,59800,61500,60700,61500,60300,60000,60700,60300,58500,58500,59700,61700,60100,60500,61200,60500,60100,59700,57000,58100,56200,55400,61400,55400,55400,53900,54300,55000,55800,65200,66800,65600,66000,62100,66800,66400,64800,66000,66000,65200,66000,66000,60100,57400,58400,55800,57700,55000,54600,55400,37000,0,0,37000,43899,59200,95000,0,41125,37000,35200,52675,95000,38191,0,39546,59200,36103,0,48040,0,50722,0,36227,44639,0,49393,60000,0,37441,0,44754,47939,50524,51947,52216,56519,53931,61900,51073,49863,43442,35200,3300,-273000,-273000,-273000,326985,779313,19797752,337870,63,0,224,22,126,0,448,44,0,0,0,0,1640,19443,402336,702,10390,14010,244760,2199,326985,779313,19797752,337870,15475008,891016,7321032,2.63,0.00,0.00,657270,359878,12851844,333605,,,,1785600,1785600,1785600,1785600,1785600,1785600,883200,883200,0,,,,,,0,,910466,1003953,508,4929,410,1,494000,4929000,6878000,0,551,4419000,Full,726000000
1784669206.858326170,24515.06,59400,59800,60700,61100,60700,60300,60700,61100,61100,58500,58900,59700,61700,60500,60500,61200,60800,60100,59700,56600,58100,55800,55800,61700,55400,55000,53900,54600,54600,55400,65200,67500,65600,66400,62100,67200,66400,64800,66000,66000,65600,65600,65600,59700,57000,58400,56200,57700,55000,54600,55800,37000,0,0,37000,43902,59200,95000,0,41125,37000,35200,52650,95000,38191,0,39546,59600,36094,0,48044,0,50748,0,36242,44645,0,49432,59200,0,37473,0,44770,47955,50564,51880,52451,56889,53762,61500,51006,50334,43308,35200,3300,-273000,-273000,-273000,326985,779313,19797752,337870,63,0,224,22,126,0,448,44,0,0,0,0,1640,19443,402336,702,10390,14010,244760,2199,326985,779313,19797752,337870,15475008,890028,7320044,2.52,0.00,0.00,657270,359878,12851844,333605,,,,1324800,1324800,1324800,1324800,1324800,1324800,883200,883200,0,,,,,,0,,910466,1003953,508,4929,410,1,494000,4926000,6878000,0,551,4419000,Full,726000000
1784669207.149309399,24515.35,59400,59800,61900,60700,60300,60700,60700,60700,61100,58900,58500,60100,61700,60500,60500,61200,60800,60100,59300,57000,58100,55800,55800,61400,55400,55000,53900,54600,54600,55800,64800,67200,65600,66000,61700,67200,66400,64800,66000,66000,65600,65600,66000,59300,57000,58400,55800,58100,55000,54600,55400,37000,0,0,37000,43902,59200,95000,0,41212,37000,35200,52679,95000,38250,0,39630,59600,36088,0,48029,0,50740,0,36198,44671,0,49436,60700,0,37467,0,44747,47962,50560,52048,52317,56418,53931,62300,51376,50400,43240,35200,3300,-273000,-273000,-273000,326985,779313,19797752,337870,63,0,224,22,126,0,448,44,0,0,0,0,1640,19443,402336,702,10390,14010,244760,2199,326985,779313,19797752,337870,15475008,889344,7319328,2.52,0.00,0.00,657270,359878,12851844,333605,,,,1785600,1785600,1785600,1785600,1785600,1785600,883200,883200,0,,,,,,0,,910466,1003953,508,4929,410,1,494000,4929000,6878000,0,518,4418000,Full,726000000
1784669207.660160128,24515.86,59800,60200,60700,60700,60300,60700,61100,60700,61100,59700,59300,60800,61700,60800,61200,61600,60800,60500,59700,57700,58900,56200,55800,61400,55400,55400,53900,54300,54600,55800,64800,67200,65600,66000,61700,67200,66400,65200,66400,66000,65600,66000,66000,59700,57000,58800,55800,58100,55000,54600,55800,37000,0,0,37000,43905,59600,95000,0,41212,37000,35400,52690,95000,38250,0,39630,59600,36136,0,48106,0,50718,0,36239,44671,0,49440,59200,0,37507,0,44770,47924,50564,51880,52317,56519,53628,61900,51174,50334,43409,35400,3300,-273000,-273000,-273000,326985,779313,19797752,337870,63,0,224,22,126,0,448,44,0,0,0,0,1640,19443,402336,702,10390,14010,244760,2199,326985,779313,19797752,337870,15475008,884356,7314340,2.52,0.00,0.00,657270,359878,12851844,333605,,,,1440000,1440000,1440000,1440000,1440000,1440000,883200,883200,0,,,,,,0,,907919,1003970,508,4929,410,1,494000,4924000,6878000,0,518,4418000,Full,726000000
1784669207.944440076,24516.15,59800,60200,60700,61100,61900,60300,60700,61100,60700,58900,58500,59700,61700,60500,60100,60800,60500,60100,59700,57000,57700,55400,55800,61700,55400,55000,53900,54600,54600,55400,65200,66800,66000,66000,62100,67200,66800,65200,66400,66000,65600,66000,66000,59700,57000,58800,55800,58100,55000,55000,55800,37000,0,0,37000,43920,59600,95000,0,41212,37000,35400,52690,95000,38250,0,39630,59600,36116,0,48047,0,50764,0,36198,44682,0,49424,60700,0,37462,0,44761,47983,50548,51745,52216,56721,53662,61900,51174,50031,43207,35400,3300,-273000,-273000,-273000,326985,779313,19797752,337870,63,0,224,22,126,0,448,44,0,0,0,0,1640,19443,402336,702,10390,14010,244760,2199,326985,779313,19797752,337870,15475008,885456,7315528,2.52,0.00,0.00,657270,359878,12851844,333605,,,,1785600,1785600,1785600,1785600,1785600,1785600,883200,883200,0,,,,,,0,,907919,1003970,508,4929,410,1,497000,4928000,6878000,0,518,4418000,Full,726000000
1784669208.235791742,24516.44,59400,60200,61900,60300,60300,60700,61500,60300,60700,58900,58900,59700,61400,60500,60500,60800,60500,59700,59300,56600,57700,56200,55800,61400,55400,55400,53900,54600,54600,55800,64800,67200,65200,65600,61700,66800,66000,64800,66000,66000,65200,65200,65600,59300,57000,58800,55800,57700,55400,55000,55800,37000,0,0,37000,43917,59600,95000,0,41212,37000,35400,52711,95000,38250,0,39630,58800,36110,0,48053,0,50744,0,36239,44692,0,49446,58800,0,37459,0,44780,47977,50576,51947,52283,56721,53796,61900,51140,50031,43375,35400,3300,-273000,-273000,-273000,326985,779313,19797752,337870,63,0,224,22,126,0,448,44,0,0,0,0,1640,19443,402336,702,10390,14010,244760,2199,326985,779313,19797752,337870,15475008,885852,7315908,2.52,0.00,0.00,657270,359878,12851844,333605,,,,1785600,1785600,1785600,1785600,1785600,1785600,883200,883200,0,,,,,,0,,907919,1003970,508,4929,410,1,494000,4931000,6878000,0,518,4418000,Full,726000000
1784669208.525357523,24516.73,60200,61000,63500,61100,61900,61500,61500,61900,62300,58500,58900,59700,61700,60500,60500,61600,60800,60100,59300,57400,58500,55800,55800,61700,55400,55400,54300,54600,54600,55800,64100,66000,65200,65200,61700,66000,66000,64100,65200,65600,64800,65200,65200,59300,56600,59600,55800,57700,54600,54600,55800,37000,0,0,37000,43926,61100,95000,0,41212,37000,35400,52675,95000,38250,0,39630,60300,36131,0,48067,0,50756,0,36210,44671,0,49440,61900,0,37473,0,44809,47966,50572,51779,52384,56519,53662,62700,51275,50065,43341,35400,3300,-273000,-273000,-273000,326985,779313,19797752,337870,63,0,224,22,126,0,448,44,0,0,0,0,1640,19443,402336,702,10390,14010,244760,2199,326985,779313,19797752,337870,15475008,888452,7318492,2.52,0.00,0.00,657270,359878,12851844,333605,,,,1785600,1785600,1785600,1785600,1785600,1785600,1497600,1497600,0,,,,,,0,,899261,1004182,508,4929,410,1,494000,4928000,6878000,0,518,4418000,Full,726000000
1784669208.805989867,24517.01,59800,60200,61100,60700,60000,61100,61500,60700,60700,59300,59300,60500,61400,60800,60500,61600,60800,60500,59700,57400,58500,55800,55800,61400,55400,55000,53900,54300,54600,55800,64100,66000,65200,64800,62100,66000,66400,63700,65200,65200,64800,65600,65200,59300,57000,59600,55400,57700,55000,54600,55800,37000,0,0,37000,43937,60300,95000,0,41212,37000,35400,52695,95000,38250,0,39630,59600,36145,0,48087,0,50768,0,36249,44682,0,49464,60000,0,37462,0,44816,47990,50584,51880,52350,56452,53762,61900,51140,49930,43476,35400,3300,-273000,-273000,-273000,326985,779313,19797752,337870,63,0,224,22,126,0,448,44,0,0,0,0,1640,19443,402336,702,10390,14010,244760,2199,326985,779313,19797752,337870,15475008,896052,7325996,2.60,0.00,0.00,657270,359878,12851844,333605,,,,1555200,1555200,1555200,1555200,1555200,1555200,883200,883200,0,,,,,,0,,899261,1004182,508,4929,410,1,494000,4927000,6878000,0,518,4418000,Full,726000000
1784669209.109566534,24517.31,59800,60200,60700,60700,60300,60300,60700,60700,60700,58900,58900,59700,61400,60500,60500,61200,60500,59700,59700,57400,58100,55800,55800,61400,55400,55000,53900,54300,55000,55800,64500,66800,65200,65600,61400,66400,66000,64100,65600,65600,64800,65200,65600,59300,57000,58800,55800,57700,55000,54600,55400,37000,0,0,37000,43944,59600,95000,0,41212,37000,35400,52675,95000,38250,0,39630,59200,36154,0,48064,0,50764,0,36249,44692,0,49464,59200,0,37446,0,44813,47966,50570,52048,52250,56452,53863,61500,51107,50367,43509,35400,3300,-273000,-273000,-273000,326985,779313,19797752,337870,63,0,224,22,126,0,448,44,0,0,0,0,1640,19443,402336,702,10390,14010,244760,2199,326985,779313,19797752,337870,15475008,897864,7327796,2.60,0.00,0.00,657270,359878,12851844,333605,,,,1670400,1670400,1670400,1670400,1670400,1670400,883200,883200,0,,,,,,0,,899261,1004182,508,4929,410,1,494000,4929000,6878000,0,518,4418000,Full,726000000
1784669209.393118929,24517.59,59400,59400,59600,59200,58800,59600,59200,59600,58800,58500,58100,59300,59800,59700,59300,59700,59300,59300,58900,56600,57700,55000,55400,59800,55000,54300,53900,54300,54600,55400,60200,60600,60600,59400,59800,60200,61000,59800,61000,61400,61400,61400,61400,59300,57000,58400,55800,57700,54600,54600,55400,37000,0,0,37000,43944,59200,95000,0,41212,37000,35400,52666,95000,38250,0,39630,59200,36160,0,48087,0,50752,0,36249,44715,0,49460,59200,0,37462,0,44835,48005,50570,51779,52283,55477,53460,60000,51006,50165,43409,35400,3300,-273000,-273000,-273000,326985,779313,19797752,337870,63,0,224,22,126,0,448,44,0,0,0,0,1640,19443,402336,702,10390,14010,244760,2199,326985,779313,19797752,337870,15475008,946896,8966016,2.60,0.00,0.00,657270,359878,12851844,333605,,,,1670400,1670400,1670400,1670400,1670400,1670400,883200,883200,0,,,,,,0,,0,0,508,4929,410,1,494000,4929000,6878000,0,518,4418000,Full,726000000
