step,token_id,token_text,wall_us,n_kv_cells,rss_kb,log_prob,nll,evicted_this_step
0,26155," fleet",117386424,9737,554504,-2.428002,2.428002,0
1,574," was",117470272,9738,534876,-0.633811,0.633811,0
2,6319," designed",117510025,9739,534868,-0.852161,0.852161,0
3,311," to",117543270,9740,534868,-0.008945,0.008945,0
4,387," be",117573659,9741,534756,-0.097204,0.097204,0
5,13171," capable",117603562,9742,534856,-0.885369,0.885369,0
6,315," of",117631401,9743,534976,-0.001738,0.001738,0
7,11039," fighting",117660596,9744,534976,-2.439848,2.439848,0
8,264," a",117690504,9745,534976,-0.742028,0.742028,0
9,1403," two",117720163,9746,534976,-1.077948,1.077948,0
10,12,"-",117749768,9747,534976,-1.379106,1.379106,0
11,5383,"ship",117779595,9748,534976,-0.867278,0.867278,0
12,8209," battle",117809755,9749,534976,-0.108282,0.108282,0
13,304," in",117839393,9750,534976,-0.878558,0.878558,0
14,11002," Japanese",117869898,9751,534976,-0.465341,0.465341,0
15,21160," waters",117899229,9752,534976,-0.007874,0.007874,0
16,323," and",117927262,9753,534960,-1.423204,1.423204,0
17,1053," would",117954845,9754,534976,-1.002629,1.002629,0
18,617," have",117982699,9755,534976,-1.794657,1.794657,0
19,1027," been",118010202,9756,534976,-0.546031,0.546031,0
20,279," the",118036764,9757,534976,-0.994048,0.994048,0
21,7928," largest",118064426,9758,534976,-0.432500,0.432500,0
22,26155," fleet",118093825,9759,534976,-0.638363,0.638363,0
23,3596," ever",118122296,9760,534976,-1.028198,1.028198,0
24,5918," built",118151260,9761,534972,-0.978862,0.978862,0
25,520," at",118180332,9762,534972,-0.806159,0.806159,0
26,430," that",118207907,9763,534972,-2.217206,2.217206,0
27,892," time",118235763,9764,534972,-0.003632,0.003632,0
28,662," .",118263132,9765,534972,-0.022989,0.022989,0
29,578," The",118290965,9766,534972,-0.235988,0.235988,0
30,2955," design",118317980,9767,534928,-0.931941,0.931941,0
31,315," of",118344658,9768,534928,-0.115176,0.115176,0
32,279," the",118370996,9769,534928,-0.008260,0.008260,0
33,25572," battles",118398848,9770,534928,-0.191092,0.191092,0
34,34322,"hips",118427025,9771,534928,-0.059972,0.059972,0
35,574," was",118455378,9772,534928,-0.182237,0.182237,0
36,28160," influenced",118484146,9773,534928,-0.487516,0.487516,0
37,555," by",118512892,9774,534928,-0.011978,0.011978,0
38,279," the",118541621,9775,534928,-0.055427,0.055427,0
39,11002," Japanese",118570255,9776,534928,-1.386695,1.386695,0
40,19574," Navy",118599136,9777,534928,-0.927800,0.927800,0
41,596,"'s",118627593,9778,534928,-0.118320,0.118320,0
42,12876," desire",118656120,9779,534928,-0.783699,0.783699,0
43,311," to",118683939,9780,534928,-0.010406,0.010406,0
44,10519," maintain",118710826,9781,534928,-0.432347,0.432347,0
45,264," a",118737149,9782,534928,-0.070058,0.070058,0
46,26155," fleet",118765120,9783,534928,-0.096841,0.096841,0
47,449," with",118792760,9784,534928,-2.397961,2.397961,0
48,520," at",118819839,9785,534928,-2.274772,2.274772,0
49,3325," least",118847824,9786,534920,-0.000026,0.000026,0
50,220," ",118876052,9787,534920,-0.003310,0.003310,0
51,2031,"70",118903498,9788,534920,-0.037495,0.037495,0
52,1034," %",118929826,9789,534920,-0.165144,0.165144,0
53,439," as",118956040,9790,534920,-0.054918,0.054918,0
54,1690," many",118984135,9791,534920,-0.000292,0.000292,0
55,6864," capital",119011388,9792,534920,-0.000643,0.000643,0
56,18198," ships",119037931,9793,534820,-0.001342,0.001342,0
57,439," as",119064479,9794,534760,-0.000749,0.000749,0
58,279," the",119092240,9795,534816,-0.001014,0.001014,0
59,2326," US",119119463,9796,534916,-0.000770,0.000770,0
60,19574," Navy",119146070,9797,534916,-0.001311,0.001311,0
61,662," .",119174126,9798,534976,-0.166897,0.166897,0
62,578," The",119200756,9799,534976,-0.280335,0.280335,0
63,358," I",119227213,9800,534976,-1.270235,1.270235,0
64,41,"J",119255183,9801,534976,-0.285124,0.285124,0
65,45,"N",119283094,9802,534976,-0.030679,0.030679,0
66,364," '",119310771,9803,534976,-0.328733,0.328733,0
67,82,"s",119340212,9804,534976,-0.000041,0.000041,0
68,26155," fleet",119367478,9805,534976,-0.128637,0.128637,0
69,574," was",119396427,9806,534976,-2.269762,2.269762,0
70,6319," designed",119424642,9807,534976,-1.092409,1.092409,0
71,311," to",119451677,9808,534976,-0.045487,0.045487,0
72,387," be",119479103,9809,534976,-0.021227,0.021227,0
73,13171," capable",119505723,9810,534872,-0.312937,0.312937,0
74,315," of",119532795,9811,534872,-0.000129,0.000129,0
75,11039," fighting",119559330,9812,534996,-0.009679,0.009679,0
76,264," a",119587496,9813,534996,-0.005051,0.005051,0
77,1403," two",119616368,9814,534996,-0.003337,0.003337,0
78,12,"-",119643964,9815,534996,-0.002587,0.002587,0
79,5383,"ship",119671939,9816,534996,-0.021466,0.021466,0
80,8209," battle",119700876,9817,534996,-0.001661,0.001661,0
81,304," in",119729631,9818,534996,-0.000915,0.000915,0
82,11002," Japanese",119758625,9819,534996,-0.000328,0.000328,0
83,21160," waters",119787186,9820,534996,-0.000149,0.000149,0
84,323," and",119816073,9821,534948,-0.007728,0.007728,0
85,1053," would",119843252,9822,534948,-0.035735,0.035735,0
86,617," have",119870551,9823,534948,-0.002366,0.002366,0
87,1027," been",119896998,9824,534948,-0.000352,0.000352,0
88,279," the",119924520,9825,534948,-0.000156,0.000156,0
89,7928," largest",119951271,9826,534948,-0.000155,0.000155,0
90,26155," fleet",119979374,9827,534948,-0.000495,0.000495,0
91,3596," ever",120007325,9828,534948,-0.000221,0.000221,0
92,5918," built",120035645,9829,534948,-0.000619,0.000619,0
93,520," at",120064455,9830,534948,-0.000226,0.000226,0
94,430," that",120093908,9831,534948,-0.000577,0.000577,0
95,892," time",120122548,9832,534948,-0.000015,0.000015,0
96,662," .",120151183,9833,534948,-0.014928,0.014928,0
97,578," The",120179034,9834,534948,-0.012533,0.012533,0
98,2955," design",120207090,9835,534948,-0.001225,0.001225,0
99,315," of",120235862,9836,534948,-0.003933,0.003933,0
100,279," the",120262986,9837,534948,-0.000071,0.000071,0
101,25572," battles",120290000,9838,534948,-0.005236,0.005236,0
102,34322,"hips",120316352,9839,534948,-0.005812,0.005812,0
103,574," was",120342773,9840,534948,-0.001987,0.001987,0
104,28160," influenced",120369418,9841,534948,-0.000323,0.000323,0
105,555," by",120397888,9842,534948,-0.000067,0.000067,0
106,279," the",120426552,9843,534948,-0.000094,0.000094,0
107,11002," Japanese",120455452,9844,534948,-0.000142,0.000142,0
108,19574," Navy",120484550,9845,534948,-0.001225,0.001225,0
109,596,"'s",120512350,9846,534948,-0.008516,0.008516,0
110,12876," desire",120540731,9847,534948,-0.000213,0.000213,0
111,311," to",120569166,9848,534948,-0.000065,0.000065,0
112,10519," maintain",120597425,9849,534996,-0.000741,0.000741,0
113,264," a",120625812,9850,534996,-0.000083,0.000083,0
114,26155," fleet",120653849,9851,534996,-0.000105,0.000105,0
115,449," with",120682123,9852,534996,-0.000201,0.000201,0
116,520," at",120709575,9853,534996,-0.001357,0.001357,0
117,3325," least",120737121,9854,534996,-0.000023,0.000023,0
118,220," ",120766229,9855,534996,-0.000023,0.000023,0
119,2031,"70",120796072,9856,534996,-0.000245,0.000245,0
120,1034," %",120824815,9857,534996,-0.026016,0.026016,0
121,439," as",120853805,9858,534996,-0.000024,0.000024,0
122,1690," many",120883960,9859,534996,-0.000029,0.000029,0
123,6864," capital",120912799,9860,534996,-0.000009,0.000009,0
124,18198," ships",120942471,9861,534996,-0.000374,0.000374,0
125,439," as",120972225,9862,534996,-0.000012,0.000012,0
126,279," the",121000373,9863,534996,-0.000004,0.000004,0
127,2326," US",121028059,9864,534996,-0.000058,0.000058,0
128,19574," Navy",121054448,9865,534996,-0.000237,0.000237,0
129,662," .",121080841,9866,534996,-0.015119,0.015119,0
130,578," The",121108027,9867,534996,-0.008584,0.008584,0
131,358," I",121136236,9868,534996,-0.165535,0.165535,0
132,41,"J",121164964,9869,534996,-0.001684,0.001684,0
133,45,"N",121194423,9870,534996,-0.001362,0.001362,0
134,364," '",121223191,9871,534996,-0.015181,0.015181,0
135,82,"s",121251999,9872,534996,-0.000009,0.000009,0
136,26155," fleet",121281653,9873,534996,-0.002208,0.002208,0
137,574," was",121311461,9874,534996,-0.006907,0.006907,0
138,6319," designed",121341745,9875,534996,-0.000876,0.000876,0
139,311," to",121370940,9876,534996,-0.000305,0.000305,0
140,387," be",121400117,9877,534932,-0.000103,0.000103,0
141,13171," capable",121428551,9878,534896,-0.002296,0.002296,0
142,315," of",121456972,9879,534932,-0.000047,0.000047,0
143,11039," fighting",121485913,9880,534932,-0.000106,0.000106,0
144,264," a",121514077,9881,534932,-0.000384,0.000384,0
145,1403," two",121541930,9882,534932,-0.000152,0.000152,0
146,12,"-",121571684,9883,534932,-0.000409,0.000409,0
147,5383,"ship",121601662,9884,534932,-0.012381,0.012381,0
148,8209," battle",121631785,9885,534996,-0.000491,0.000491,0
149,304," in",121661591,9886,534996,-0.000041,0.000041,0
150,11002," Japanese",121691398,9887,534996,-0.000048,0.000048,0
151,21160," waters",121721609,9888,534996,-0.000126,0.000126,0
152,323," and",121751318,9889,534996,-0.000193,0.000193,0
153,1053," would",121780390,9890,534996,-0.001711,0.001711,0
154,617," have",121808346,9891,534996,-0.000282,0.000282,0
155,1027," been",121837177,9892,534996,-0.000044,0.000044,0
156,279," the",121864951,9893,534992,-0.000025,0.000025,0
157,7928," largest",121892827,9894,534992,-0.000056,0.000056,0
158,26155," fleet",121920584,9895,534996,-0.000156,0.000156,0
159,3596," ever",121949954,9896,534996,-0.000075,0.000075,0
160,5918," built",121979931,9897,534996,-0.000320,0.000320,0
161,520," at",122009594,9898,534996,-0.000038,0.000038,0
162,430," that",122038844,9899,534996,-0.000095,0.000095,0
163,892," time",122067964,9900,534996,-0.000011,0.000011,0
164,662," .",122096627,9901,534996,-0.031674,0.031674,0
165,578," The",122126081,9902,534996,-0.005164,0.005164,0
166,2955," design",122153914,9903,534996,-0.009405,0.009405,0
167,315," of",122181041,9904,534940,-0.001222,0.001222,0
168,279," the",122207588,9905,534940,-0.000067,0.000067,0
169,25572," battles",122233845,9906,534940,-0.004524,0.004524,0
170,34322,"hips",122261128,9907,534940,-0.005379,0.005379,0
171,574," was",122287680,9908,534940,-0.001076,0.001076,0
172,28160," influenced",122315790,9909,534940,-0.000377,0.000377,0
173,555," by",122343218,9910,534996,-0.000060,0.000060,0
174,279," the",122371380,9911,534996,-0.000095,0.000095,0
175,11002," Japanese",122398580,9912,534940,-0.000139,0.000139,0
176,19574," Navy",122425019,9913,534848,-0.000491,0.000491,0
177,596,"'s",122451502,9914,534904,-0.001251,0.001251,0
178,12876," desire",122477856,9915,534904,-0.000132,0.000132,0
179,311," to",122506390,9916,534904,-0.000068,0.000068,0
180,10519," maintain",122532819,9917,534904,-0.000507,0.000507,0
181,264," a",122560884,9918,534996,-0.000079,0.000079,0
182,26155," fleet",122593144,9919,534996,-0.000064,0.000064,0
183,449," with",122620728,9920,534996,-0.000212,0.000212,0
184,520," at",122652596,9921,534996,-0.001287,0.001287,0
185,3325," least",122682494,9922,534996,-0.000028,0.000028,0
186,220," ",122712234,9923,534996,-0.000016,0.000016,0
187,2031,"70",122742038,9924,534996,-0.000147,0.000147,0
188,1034," %",122772443,9925,534996,-0.036116,0.036116,0
189,439," as",122802159,9926,534996,-0.000030,0.000030,0
190,1690," many",122832015,9927,534996,-0.000033,0.000033,0
191,6864," capital",122861744,9928,534996,-0.000013,0.000013,0
192,18198," ships",122891127,9929,534996,-0.000341,0.000341,0
193,439," as",122919277,9930,534992,-0.000008,0.000008,0
194,279," the",122947215,9931,534992,-0.000007,0.000007,0
195,2326," US",122974909,9932,534992,-0.000053,0.000053,0
196,19574," Navy",123002810,9933,534992,-0.000200,0.000200,0
197,662," .",123030494,9934,534996,-0.037030,0.037030,0
198,578," The",123056683,9935,534996,-0.004678,0.004678,0
199,358," I",123084371,9936,534996,-0.117529,0.117529,0
200,41,"J",123112745,9937,534996,-0.000726,0.000726,0
201,45,"N",123141869,9938,534896,-0.000864,0.000864,0
202,364," '",123168147,9939,534996,-0.010651,0.010651,0
203,82,"s",123199112,9940,534996,-0.000012,0.000012,0
204,26155," fleet",123229908,9941,534996,-0.000662,0.000662,0
205,574," was",123257688,9942,534996,-0.002100,0.002100,0
206,6319," designed",123283748,9943,534996,-0.000866,0.000866,0
207,311," to",123310063,9944,534996,-0.000213,0.000213,0
208,387," be",123338080,9945,534996,-0.000049,0.000049,0
209,13171," capable",123366913,9946,534996,-0.001571,0.001571,0
210,315," of",123394898,9947,534996,-0.000070,0.000070,0
211,11039," fighting",123423269,9948,534996,-0.000061,0.000061,0
212,264," a",123451667,9949,534996,-0.000343,0.000343,0
213,1403," two",123480867,9950,534952,-0.000078,0.000078,0
214,12,"-",123509813,9951,534952,-0.000095,0.000095,0
215,5383,"ship",123537629,9952,534996,-0.009573,0.009573,0
216,8209," battle",123566015,9953,534996,-0.000339,0.000339,0
217,304," in",123593089,9954,534996,-0.000027,0.000027,0
218,11002," Japanese",123620008,9955,534996,-0.000061,0.000061,0
219,21160," waters",123646376,9956,534996,-0.000116,0.000116,0
220,323," and",123673633,9957,534996,-0.000119,0.000119,0
221,1053," would",123700601,9958,534996,-0.000842,0.000842,0
222,617," have",123728656,9959,534996,-0.000177,0.000177,0
223,1027," been",123757061,9960,534996,-0.000024,0.000024,0
224,279," the",123785385,9961,534996,-0.000012,0.000012,0
225,7928," largest",123813841,9962,534996,-0.000036,0.000036,0
226,26155," fleet",123842611,9963,534996,-0.000122,0.000122,0
227,3596," ever",123872116,9964,534996,-0.000058,0.000058,0
228,5918," built",123902357,9965,534976,-0.000309,0.000309,0
229,520," at",123931639,9966,534976,-0.000025,0.000025,0
230,430," that",123961018,9967,534976,-0.000061,0.000061,0
231,892," time",123989629,9968,534976,-0.000009,0.000009,0
232,662," .",124017510,9969,534976,-0.055692,0.055692,0
233,578," The",124045137,9970,534976,-0.007028,0.007028,0
234,2955," design",124073415,9971,534968,-0.004096,0.004096,0
235,315," of",124102402,9972,534968,-0.000485,0.000485,0
236,279," the",124132211,9973,534988,-0.000021,0.000021,0
237,25572," battles",124161999,9974,534988,-0.001570,0.001570,0
238,34322,"hips",124191877,9975,534988,-0.004275,0.004275,0
239,574," was",124222358,9976,534988,-0.000632,0.000632,0
240,28160," influenced",124252375,9977,534988,-0.000223,0.000223,0
241,555," by",124281399,9978,534988,-0.000038,0.000038,0
242,279," the",124310900,9979,534988,-0.000031,0.000031,0
243,11002," Japanese",124340927,9980,534996,-0.000106,0.000106,0
244,19574," Navy",124368770,9981,534996,-0.000199,0.000199,0
245,596,"'s",124396646,9982,534996,-0.000609,0.000609,0
246,12876," desire",124424321,9983,534996,-0.000096,0.000096,0
247,311," to",124451866,9984,534996,-0.000036,0.000036,0
248,10519," maintain",124480477,9985,534996,-0.000233,0.000233,0
249,264," a",124510684,9986,534996,-0.000054,0.000054,0
250,26155," fleet",124540256,9987,534996,-0.000038,0.000038,0
251,449," with",124568925,9988,534996,-0.000100,0.000100,0
252,520," at",124598492,9989,534996,-0.000520,0.000520,0
253,3325," least",124628203,9990,534996,-0.000029,0.000029,0
254,220," ",124657030,9991,534996,-0.000013,0.000013,0
255,2031,"70",124685888,9992,534996,-0.000130,0.000130,0
256,1034," %",124714453,9993,534996,-0.011479,0.011479,0
257,439," as",124742195,9994,534984,-0.000020,0.000020,0
258,1690," many",124769729,9995,534996,-0.000029,0.000029,0
259,6864," capital",124797541,9996,534992,-0.000016,0.000016,0
260,18198," ships",124825566,9997,534992,-0.000274,0.000274,0
261,439," as",124854922,9998,534992,-0.000007,0.000007,0
262,279," the",124884818,9999,534996,-0.000008,0.000008,0
263,2326," US",124914838,10000,534996,-0.000052,0.000052,0
264,19574," Navy",124944061,10001,534996,-0.000224,0.000224,0
265,662," .",124973701,10002,534996,-0.041060,0.041060,0
266,578," The",125003597,10003,534996,-0.003687,0.003687,0
267,358," I",125032939,10004,534996,-0.029772,0.029772,0
268,41,"J",125062811,10005,534996,-0.000463,0.000463,0
269,45,"N",125091373,10006,534996,-0.000824,0.000824,0
270,364," '",125117869,10007,534996,-0.002830,0.002830,0
271,82,"s",125143949,10008,534996,-0.000014,0.000014,0
272,26155," fleet",125171285,10009,534996,-0.000284,0.000284,0
273,574," was",125198131,10010,534996,-0.000940,0.000940,0
274,6319," designed",125227492,10011,534996,-0.000561,0.000561,0
275,311," to",125256263,10012,534996,-0.000126,0.000126,0
276,387," be",125284993,10013,534996,-0.000030,0.000030,0
277,13171," capable",125313864,10014,534996,-0.001089,0.001089,0
278,315," of",125342624,10015,534996,-0.000082,0.000082,0
279,11039," fighting",125371443,10016,534996,-0.000044,0.000044,0
280,264," a",125400316,10017,534996,-0.000285,0.000285,0
281,1403," two",125429824,10018,534996,-0.000069,0.000069,0
282,12,"-",125459594,10019,534996,-0.000045,0.000045,0
283,5383,"ship",125488039,10020,534996,-0.007147,0.007147,0
284,8209," battle",125516276,10021,534996,-0.000255,0.000255,0
285,304," in",125543778,10022,534996,-0.000021,0.000021,0
286,11002," Japanese",125570674,10023,534992,-0.000067,0.000067,0
287,21160," waters",125597657,10024,534992,-0.000108,0.000108,0
288,323," and",125623945,10025,534992,-0.000090,0.000090,0
289,1053," would",125650202,10026,534992,-0.000524,0.000524,0
290,617," have",125676436,10027,534992,-0.000145,0.000145,0
291,1027," been",125707091,10028,534992,-0.000020,0.000020,0
292,279," the",125735814,10029,534968,-0.000012,0.000012,0
293,7928," largest",125769692,10030,534968,-0.000031,0.000031,0
294,26155," fleet",125798582,10031,534968,-0.000115,0.000115,0
295,3596," ever",125828088,10032,534968,-0.000067,0.000067,0
296,5918," built",125857303,10033,534968,-0.000372,0.000372,0
297,520," at",125884987,10034,534968,-0.000020,0.000020,0
298,430," that",125914927,10035,534932,-0.000053,0.000053,0
299,892," time",125942409,10036,534844,-0.000014,0.000014,0
300,662," .",125973328,10037,534880,-0.071245,0.071245,0
301,578," The",126002482,10038,534880,-0.009141,0.009141,0
302,2955," design",126031425,10039,534996,-0.002108,0.002108,0
303,315," of",126060465,10040,534996,-0.000305,0.000305,0
304,279," the",126089829,10041,534996,-0.000021,0.000021,0
305,25572," battles",126119602,10042,534996,-0.001151,0.001151,0
306,34322,"hips",126149697,10043,534996,-0.003867,0.003867,0
307,574," was",126179105,10044,534956,-0.000454,0.000454,0
308,28160," influenced",126208591,10045,534996,-0.000254,0.000254,0
309,555," by",126237326,10046,534996,-0.000040,0.000040,0
310,279," the",126265778,10047,534996,-0.000023,0.000023,0
311,11002," Japanese",126293416,10048,534996,-0.000117,0.000117,0
312,19574," Navy",126320886,10049,534996,-0.000171,0.000171,0
313,596,"'s",126348213,10050,534996,-0.000362,0.000362,0
314,12876," desire",126376378,10051,534996,-0.000106,0.000106,0
315,311," to",126404892,10052,534996,-0.000037,0.000037,0
316,10519," maintain",126433477,10053,534996,-0.000204,0.000204,0
317,264," a",126462580,10054,534996,-0.000047,0.000047,0
318,26155," fleet",126491658,10055,534996,-0.000033,0.000033,0
319,449," with",126520292,10056,534996,-0.000075,0.000075,0
320,520," at",126548629,10057,534996,-0.000300,0.000300,0
321,3325," least",126577042,10058,534996,-0.000029,0.000029,0
322,220," ",126605137,10059,534996,-0.000009,0.000009,0
323,2031,"70",126633047,10060,534996,-0.000138,0.000138,0
324,1034," %",126660830,10061,534996,-0.008785,0.008785,0
325,439," as",126688548,10062,534996,-0.000023,0.000023,0
326,1690," many",126717895,10063,534996,-0.000039,0.000039,0
327,6864," capital",126748909,10064,534996,-0.000015,0.000015,0
328,18198," ships",126778005,10065,534996,-0.000266,0.000266,0
329,439," as",126806247,10066,534996,-0.000008,0.000008,0
330,279," the",126833613,10067,534996,-0.000009,0.000009,0
331,2326," US",126862747,10068,534996,-0.000056,0.000056,0
332,19574," Navy",126891877,10069,534996,-0.000226,0.000226,0
333,662," .",126920593,10070,534996,-0.053711,0.053711,0
334,578," The",126949570,10071,534996,-0.003584,0.003584,0
335,358," I",126977431,10072,534996,-0.019079,0.019079,0
336,41,"J",127006327,10073,534996,-0.000374,0.000374,0
337,45,"N",127034607,10074,534996,-0.000844,0.000844,0
338,364," '",127062047,10075,534912,-0.002724,0.002724,0
339,82,"s",127088702,10076,534912,-0.000014,0.000014,0
340,26155," fleet",127115355,10077,534912,-0.000207,0.000207,0
341,574," was",127141560,10078,534912,-0.000584,0.000584,0
342,6319," designed",127167761,10079,534912,-0.000409,0.000409,0
343,311," to",127194574,10080,534912,-0.000094,0.000094,0
344,387," be",127221840,10081,534912,-0.000029,0.000029,0
345,13171," capable",127248708,10082,534912,-0.000950,0.000950,0
346,315," of",127275033,10083,534912,-0.000087,0.000087,0
347,11039," fighting",127301646,10084,534912,-0.000042,0.000042,0
348,264," a",127328800,10085,534996,-0.000277,0.000277,0
349,1403," two",127355089,10086,534996,-0.000055,0.000055,0
350,12,"-",127390081,10087,534996,-0.000029,0.000029,0
351,5383,"ship",127419175,10088,534996,-0.005774,0.005774,0
352,8209," battle",127446665,10089,534996,-0.000231,0.000231,0
353,304," in",127474070,10090,534996,-0.000027,0.000027,0
354,11002," Japanese",127503089,10091,534996,-0.000069,0.000069,0
355,21160," waters",127530679,10092,534996,-0.000112,0.000112,0
356,323," and",127558659,10093,534996,-0.000074,0.000074,0
357,1053," would",127587394,10094,534996,-0.000492,0.000492,0
358,617," have",127615487,10095,534996,-0.000165,0.000165,0
359,1027," been",127643980,10096,534968,-0.000020,0.000020,0
360,279," the",127672797,10097,534968,-0.000015,0.000015,0
361,7928," largest",127701305,10098,534968,-0.000036,0.000036,0
362,26155," fleet",127730431,10099,534968,-0.000116,0.000116,0
363,3596," ever",127758617,10100,534968,-0.000085,0.000085,0
364,5918," built",127785053,10101,534968,-0.000403,0.000403,0
365,520," at",127811492,10102,534968,-0.000023,0.000023,0
366,430," that",127838028,10103,534968,-0.000059,0.000059,0
367,892," time",127864632,10104,534996,-0.000017,0.000017,0
368,662," .",127892090,10105,534996,-0.088695,0.088695,0
369,578," The",127919718,10106,534996,-0.010815,0.010815,0
370,2955," design",127948709,10107,534996,-0.000902,0.000902,0
371,315," of",127977264,10108,534996,-0.000257,0.000257,0
372,279," the",128006221,10109,534996,-0.000024,0.000024,0
373,25572," battles",128034747,10110,534996,-0.000948,0.000948,0
374,34322,"hips",128063897,10111,534996,-0.003342,0.003342,0
375,574," was",128094041,10112,534972,-0.000496,0.000496,0
376,28160," influenced",128123741,10113,534920,-0.000182,0.000182,0
377,555," by",128152560,10114,534996,-0.000052,0.000052,0
378,279," the",128183564,10115,534996,-0.000026,0.000026,0
379,11002," Japanese",128211627,10116,534996,-0.000125,0.000125,0
380,19574," Navy",128239970,10117,534996,-0.000180,0.000180,0
381,596,"'s",128269427,10118,534996,-0.000294,0.000294,0
382,12876," desire",128299352,10119,534996,-0.000151,0.000151,0
383,311," to",128329617,10120,534996,-0.000048,0.000048,0
384,10519," maintain",128360301,10121,534996,-0.000217,0.000217,0
385,264," a",128390821,10122,534996,-0.000056,0.000056,0
386,26155," fleet",128420667,10123,534996,-0.000031,0.000031,0
387,449," with",128449961,10124,534996,-0.000076,0.000076,0
388,520," at",128479337,10125,534996,-0.000303,0.000303,0
389,3325," least",128507936,10126,534888,-0.000028,0.000028,0
390,220," ",128534474,10127,534996,-0.000008,0.000008,0
391,2031,"70",128560915,10128,534996,-0.000135,0.000135,0
392,1034," %",128587132,10129,534996,-0.006203,0.006203,0
393,439," as",128613421,10130,534984,-0.000026,0.000026,0
394,1690," many",128641422,10131,534984,-0.000047,0.000047,0
395,6864," capital",128670093,10132,534984,-0.000018,0.000018,0
396,18198," ships",128698961,10133,534996,-0.000299,0.000299,0
397,439," as",128727511,10134,534996,-0.000013,0.000013,0
398,279," the",128755817,10135,534996,-0.000011,0.000011,0
399,2326," US",128784643,10136,534996,-0.000070,0.000070,0
400,19574," Navy",128812377,10137,534996,-0.000308,0.000308,0
401,662," .",128839284,10138,534900,-0.066291,0.066291,0
402,578," The",128865938,10139,534996,-0.005494,0.005494,0
403,358," I",128892427,10140,534996,-0.008701,0.008701,0
404,41,"J",128918862,10141,534996,-0.000420,0.000420,0
405,45,"N",128945569,10142,534996,-0.000887,0.000887,0
406,364," '",128972329,10143,534996,-0.002324,0.002324,0
407,82,"s",128999061,10144,534996,-0.000013,0.000013,0
408,26155," fleet",129026348,10145,534996,-0.000226,0.000226,0
409,574," was",129054600,10146,534996,-0.000575,0.000575,0
410,6319," designed",129083636,10147,534996,-0.000392,0.000392,0
411,311," to",129112444,10148,534996,-0.000074,0.000074,0
412,387," be",129140972,10149,534996,-0.000031,0.000031,0
413,13171," capable",129169627,10150,534996,-0.000962,0.000962,0
414,315," of",129197816,10151,534996,-0.000108,0.000108,0
415,11039," fighting",129225602,10152,534996,-0.000044,0.000044,0
416,264," a",129252759,10153,534996,-0.000301,0.000301,0
417,1403," two",129279215,10154,534996,-0.000063,0.000063,0
418,12,"-",129305866,10155,534996,-0.000029,0.000029,0
419,5383,"ship",129332065,10156,534996,-0.005472,0.005472,0
420,8209," battle",129360144,10157,534996,-0.000219,0.000219,0
421,304," in",129388920,10158,534996,-0.000025,0.000025,0
422,11002," Japanese",129417666,10159,534996,-0.000080,0.000080,0
423,21160," waters",129446824,10160,534996,-0.000116,0.000116,0
424,323," and",129475925,10161,534996,-0.000069,0.000069,0
425,1053," would",129504130,10162,534996,-0.000477,0.000477,0
426,617," have",129532555,10163,534996,-0.000149,0.000149,0
427,1027," been",129560626,10164,534996,-0.000024,0.000024,0
428,279," the",129587751,10165,534928,-0.000019,0.000019,0
429,7928," largest",129614769,10166,534928,-0.000041,0.000041,0
430,26155," fleet",129641283,10167,534928,-0.000125,0.000125,0
431,3596," ever",129669044,10168,534996,-0.000095,0.000095,0
432,5918," built",129696185,10169,534996,-0.000481,0.000481,0
433,520," at",129724517,10170,534996,-0.000024,0.000024,0
434,430," that",129753504,10171,534996,-0.000063,0.000063,0
435,892," time",129782335,10172,534996,-0.000019,0.000019,0
436,662," .",129811002,10173,534996,-0.114027,0.114027,0
437,578," The",129838916,10174,534996,-0.020591,0.020591,0
438,2955," design",129866927,10175,534996,-0.002099,0.002099,0
439,315," of",129895302,10176,534996,-0.000266,0.000266,0
440,279," the",129923134,10177,534996,-0.000030,0.000030,0
441,25572," battles",129951428,10178,534996,-0.000996,0.000996,0
442,34322,"hips",129978654,10179,534996,-0.003448,0.003448,0
443,574," was",130006248,10180,534996,-0.000493,0.000493,0
444,28160," influenced",130032929,10181,534996,-0.000182,0.000182,0
445,555," by",130060091,10182,534996,-0.000062,0.000062,0
446,279," the",130086752,10183,534996,-0.000023,0.000023,0
447,11002," Japanese",130114827,10184,534996,-0.000140,0.000140,0
448,19574," Navy",130142724,10185,534996,-0.000171,0.000171,0
449,596,"'s",130170575,10186,534996,-0.000312,0.000312,0
450,12876," desire",130198924,10187,534996,-0.000181,0.000181,0
451,311," to",130227345,10188,534996,-0.000055,0.000055,0
452,10519," maintain",130255304,10189,534996,-0.000235,0.000235,0
453,264," a",130283590,10190,534996,-0.000059,0.000059,0
454,26155," fleet",130312054,10191,534996,-0.000030,0.000030,0
455,449," with",130340392,10192,534996,-0.000082,0.000082,0
456,520," at",130367691,10193,534996,-0.000194,0.000194,0
457,3325," least",130395043,10194,534988,-0.000033,0.000033,0
458,220," ",130421922,10195,534988,-0.000005,0.000005,0
459,2031,"70",130448397,10196,534988,-0.000139,0.000139,0
460,1034," %",130474999,10197,534996,-0.005500,0.005500,0
461,439," as",130501856,10198,534996,-0.000028,0.000028,0
462,1690," many",130529919,10199,534996,-0.000054,0.000054,0
463,6864," capital",130558752,10200,534996,-0.000022,0.000022,0
464,18198," ships",130587340,10201,534996,-0.000292,0.000292,0
465,439," as",130615921,10202,534996,-0.000016,0.000016,0
466,279," the",130644791,10203,534996,-0.000012,0.000012,0
467,2326," US",130673312,10204,534996,-0.000085,0.000085,0
468,19574," Navy",130702522,10205,534996,-0.000407,0.000407,0
469,662," .",130731477,10206,534952,-0.089903,0.089903,0
470,578," The",130759483,10207,534996,-0.007503,0.007503,0
471,358," I",130786454,10208,534996,-0.006787,0.006787,0
472,41,"J",130812933,10209,534996,-0.000527,0.000527,0
473,45,"N",130839727,10210,534996,-0.001162,0.001162,0
474,364," '",130866242,10211,534996,-0.002382,0.002382,0
475,82,"s",130894482,10212,534996,-0.000014,0.000014,0
476,26155," fleet",130923072,10213,534996,-0.000258,0.000258,0
477,574," was",130951850,10214,534996,-0.000570,0.000570,0
478,6319," designed",130980721,10215,534996,-0.000355,0.000355,0
479,311," to",131008893,10216,534996,-0.000073,0.000073,0
480,387," be",131038032,10217,534996,-0.000032,0.000032,0
481,13171," capable",131066218,10218,534944,-0.000910,0.000910,0
482,315," of",131093703,10219,534996,-0.000112,0.000112,0
483,11039," fighting",131121521,10220,534996,-0.000047,0.000047,0
484,264," a",131148388,10221,534996,-0.000347,0.000347,0
485,1403," two",131175157,10222,534996,-0.000063,0.000063,0
486,12,"-",131201519,10223,534996,-0.000028,0.000028,0
487,5383,"ship",131227929,10224,534880,-0.005890,0.005890,0
488,8209," battle",131254180,10225,534996,-0.000272,0.000272,0
489,304," in",131280645,10226,534996,-0.000034,0.000034,0
490,11002," Japanese",131307830,10227,534996,-0.000102,0.000102,0
491,21160," waters",131334567,10228,534996,-0.000147,0.000147,0
492,323," and",131361932,10229,534996,-0.000077,0.000077,0
493,1053," would",131388480,10230,534996,-0.000512,0.000512,0
494,617," have",131414944,10231,534996,-0.000197,0.000197,0
495,1027," been",131441253,10232,534996,-0.000030,0.000030,0
496,279," the",131467902,10233,534996,-0.000030,0.000030,0
497,7928," largest",131494513,10234,534996,-0.000052,0.000052,0
498,26155," fleet",131521081,10235,534996,-0.000142,0.000142,0
499,3596," ever",131550206,10236,534996,-0.000123,0.000123,0
500,5918," built",131578294,10237,534996,-0.000566,0.000566,0
501,520," at",131606451,10238,534996,-0.000035,0.000035,0
502,430," that",131634137,10239,534996,-0.000088,0.000088,0
503,892," time",131661436,10240,534996,-0.000023,0.000023,0
504,662," .",131689696,10241,534996,-0.121451,0.121451,0
505,578," The",131718604,10242,534996,-0.028530,0.028530,0
506,2955," design",131746994,10243,534996,-0.001843,0.001843,0
507,315," of",131775215,10244,534996,-0.000290,0.000290,0
508,279," the",131803677,10245,534956,-0.000036,0.000036,0
509,25572," battles",131831121,10246,534996,-0.001225,0.001225,0
510,34322,"hips",131858250,10247,534996,-0.003423,0.003423,0
511,574," was",131884814,10248,534996,-0.000515,0.000515,0
512,28160," influenced",131912811,10249,534996,-0.000187,0.000187,0
513,555," by",131940626,10250,534944,-0.000075,0.000075,0
514,279," the",131967528,10251,534824,-0.000025,0.000025,0
515,11002," Japanese",131993906,10252,534824,-0.000155,0.000155,0
516,19574," Navy",132020425,10253,534824,-0.000200,0.000200,0
517,596,"'s",132047275,10254,534876,-0.000359,0.000359,0
518,12876," desire",132073752,10255,534876,-0.000235,0.000235,0
519,311," to",132100160,10256,534876,-0.000050,0.000050,0
520,10519," maintain",132133101,10257,534876,-0.000284,0.000284,0
521,264," a",132161045,10258,534876,-0.000074,0.000074,0
522,26155," fleet",132190415,10259,534876,-0.000033,0.000033,0
523,449," with",132220118,10260,534876,-0.000105,0.000105,0
524,520," at",132249165,10261,534876,-0.000189,0.000189,0
525,3325," least",132278730,10262,534876,-0.000037,0.000037,0
526,220," ",132307670,10263,534996,-0.000007,0.000007,0
527,2031,"70",132335354,10264,534996,-0.000159,0.000159,0
528,1034," %",132362877,10265,534996,-0.005522,0.005522,0
529,439," as",132389965,10266,534996,-0.000041,0.000041,0
530,1690," many",132418621,10267,534996,-0.000077,0.000077,0
531,6864," capital",132445244,10268,534996,-0.000028,0.000028,0
532,18198," ships",132471988,10269,534996,-0.000372,0.000372,0
533,439," as",132500302,10270,534996,-0.000023,0.000023,0
534,279," the",132528932,10271,534996,-0.000016,0.000016,0
535,2326," US",132557937,10272,534996,-0.000120,0.000120,0
536,19574," Navy",132587659,10273,534996,-0.000496,0.000496,0
537,662," .",132618357,10274,534996,-0.111088,0.111088,0
538,578," The",132648015,10275,534996,-0.010934,0.010934,0
539,358," I",132677632,10276,534996,-0.005388,0.005388,0
540,41,"J",132704544,10277,534996,-0.000540,0.000540,0
541,45,"N",132731827,10278,534996,-0.001356,0.001356,0
542,364," '",132758369,10279,534996,-0.001858,0.001858,0
543,82,"s",132784844,10280,534996,-0.000016,0.000016,0
544,26155," fleet",132812855,10281,534996,-0.000294,0.000294,0
545,574," was",132841365,10282,534996,-0.000536,0.000536,0
546,6319," designed",132870249,10283,534996,-0.000348,0.000348,0
547,311," to",132899751,10284,534996,-0.000097,0.000097,0
548,387," be",132927850,10285,534996,-0.000032,0.000032,0
549,13171," capable",132956524,10286,534996,-0.000865,0.000865,0
550,315," of",132985078,10287,534996,-0.000160,0.000160,0
551,11039," fighting",133014444,10288,534952,-0.000050,0.000050,0
552,264," a",133045902,10289,534996,-0.000439,0.000439,0
553,1403," two",133074146,10290,534996,-0.000076,0.000076,0
554,12,"-",133102323,10291,534996,-0.000033,0.000033,0
555,5383,"ship",133129828,10292,534996,-0.006227,0.006227,0
556,8209," battle",133156063,10293,534996,-0.000316,0.000316,0
557,304," in",133183359,10294,534996,-0.000055,0.000055,0
558,11002," Japanese",133212023,10295,534996,-0.000143,0.000143,0
559,21160," waters",133241226,10296,534996,-0.000194,0.000194,0
560,323," and",133270009,10297,534968,-0.000093,0.000093,0
561,1053," would",133299223,10298,534968,-0.000621,0.000621,0
562,617," have",133327396,10299,534968,-0.000243,0.000243,0
563,1027," been",133355130,10300,534968,-0.000041,0.000041,0
564,279," the",133383633,10301,534968,-0.000051,0.000051,0
565,7928," largest",133412425,10302,534968,-0.000071,0.000071,0
566,26155," fleet",133440017,10303,534996,-0.000178,0.000178,0
567,3596," ever",133466858,10304,534996,-0.000161,0.000161,0
568,5918," built",133493599,10305,534996,-0.000750,0.000750,0
569,520," at",133521056,10306,534996,-0.000049,0.000049,0
570,430," that",133547862,10307,534996,-0.000129,0.000129,0
571,892," time",133575517,10308,534972,-0.000030,0.000030,0
572,662," .",133604823,10309,534972,-0.148876,0.148876,0
573,578," The",133632264,10310,534972,-0.033041,0.033041,0
574,2955," design",133660155,10311,534972,-0.001706,0.001706,0
575,315," of",133687997,10312,534972,-0.000401,0.000401,0
576,279," the",133716061,10313,534972,-0.000051,0.000051,0
577,25572," battles",133744334,10314,534972,-0.000682,0.000682,0
578,34322,"hips",133773110,10315,534972,-0.003950,0.003950,0
579,574," was",133802454,10316,534972,-0.000615,0.000615,0
580,28160," influenced",133830573,10317,534972,-0.000217,0.000217,0
581,555," by",133857195,10318,534996,-0.000100,0.000100,0
582,279," the",133883984,10319,534964,-0.000034,0.000034,0
583,11002," Japanese",133910872,10320,534964,-0.000196,0.000196,0
584,19574," Navy",133937374,10321,534996,-0.000263,0.000263,0
585,596,"'s",133965810,10322,534996,-0.000391,0.000391,0
586,12876," desire",133994251,10323,534996,-0.000357,0.000357,0
587,311," to",134023062,10324,534996,-0.000064,0.000064,0
588,10519," maintain",134052367,10325,534996,-0.000367,0.000367,0
589,264," a",134081241,10326,534996,-0.000114,0.000114,0
590,26155," fleet",134110189,10327,534996,-0.000038,0.000038,0
591,449," with",134139061,10328,534996,-0.000144,0.000144,0
592,520," at",134168018,10329,534996,-0.000251,0.000251,0
593,3325," least",134198074,10330,534996,-0.000049,0.000049,0
594,220," ",134228168,10331,534996,-0.000018,0.000018,0
595,2031,"70",134256088,10332,534996,-0.000200,0.000200,0
596,1034," %",134283635,10333,534904,-0.005251,0.005251,0
597,439," as",134310401,10334,534904,-0.000059,0.000059,0
598,1690," many",134336890,10335,534904,-0.000109,0.000109,0
599,6864," capital",134365219,10336,534904,-0.000037,0.000037,0
600,18198," ships",134393777,10337,534904,-0.000436,0.000436,0
601,439," as",134422781,10338,534904,-0.000038,0.000038,0
602,279," the",134451294,10339,534904,-0.000020,0.000020,0
603,2326," US",134480285,10340,534904,-0.000174,0.000174,0
604,19574," Navy",134508990,10341,534904,-0.000808,0.000808,0
605,662," .",134537109,10342,534996,-0.166361,0.166361,0
606,578," The",134565290,10343,534996,-0.015179,0.015179,0
607,358," I",134592729,10344,534996,-0.008930,0.008930,0
608,41,"J",134619499,10345,534996,-0.000633,0.000633,0
609,45,"N",134646160,10346,534996,-0.001891,0.001891,0
610,364," '",134673703,10347,534996,-0.002058,0.002058,0
611,82,"s",134700746,10348,534996,-0.000019,0.000019,0
612,26155," fleet",134728896,10349,534996,-0.000335,0.000335,0
613,574," was",134758049,10350,534996,-0.000618,0.000618,0
614,6319," designed",134786482,10351,534996,-0.000367,0.000367,0
615,311," to",134814609,10352,534996,-0.000119,0.000119,0
616,387," be",134842722,10353,534944,-0.000048,0.000048,0
617,13171," capable",134871494,10354,534944,-0.000978,0.000978,0
618,315," of",134900018,10355,534944,-0.000205,0.000205,0
619,11039," fighting",134928402,10356,534944,-0.000067,0.000067,0
620,264," a",134957248,10357,534944,-0.000555,0.000555,0
621,1403," two",134985440,10358,534944,-0.000122,0.000122,0
622,12,"-",135012214,10359,534944,-0.000043,0.000043,0
623,5383,"ship",135038636,10360,534944,-0.007336,0.007336,0
624,8209," battle",135065976,10361,534996,-0.000403,0.000403,0
625,304," in",135092778,10362,534988,-0.000083,0.000083,0
626,11002," Japanese",135119906,10363,534988,-0.000186,0.000186,0
627,21160," waters",135146794,10364,534996,-0.000258,0.000258,0
628,323," and",135173113,10365,534996,-0.000150,0.000150,0
629,1053," would",135199626,10366,534996,-0.000807,0.000807,0
630,617," have",135226379,10367,534996,-0.000299,0.000299,0
631,1027," been",135252722,10368,534996,-0.000056,0.000056,0
632,279," the",135279315,10369,534996,-0.000082,0.000082,0
633,7928," largest",135307390,10370,534996,-0.000089,0.000089,0
634,26155," fleet",135335639,10371,534996,-0.000212,0.000212,0
635,3596," ever",135362095,10372,534996,-0.000204,0.000204,0
636,5918," built",135388923,10373,534996,-0.000887,0.000887,0
637,520," at",135415351,10374,534996,-0.000065,0.000065,0
638,430," that",135441691,10375,534996,-0.000184,0.000184,0
639,892," time",135468642,10376,534996,-0.000042,0.000042,0
640,662," .",135494952,10377,534996,-0.199628,0.199628,0
641,578," The",135522245,10378,534884,-0.061170,0.061170,0
642,2955," design",135548595,10379,534884,-0.001284,0.001284,0
643,315," of",135576789,10380,534884,-0.000529,0.000529,0
644,279," the",135605919,10381,534884,-0.000065,0.000065,0
645,25572," battles",135638725,10382,534884,-0.000680,0.000680,0
646,34322,"hips",135667405,10383,534884,-0.004208,0.004208,0
647,574," was",135693871,10384,534884,-0.000664,0.000664,0
648,28160," influenced",135722554,10385,534996,-0.000237,0.000237,0
649,555," by",135748898,10386,534996,-0.000117,0.000117,0
650,279," the",135777113,10387,534996,-0.000036,0.000036,0
651,11002," Japanese",135806540,10388,534996,-0.000251,0.000251,0
652,19574," Navy",135834784,10389,534996,-0.000298,0.000298,0
653,596,"'s",135863485,10390,534996,-0.000374,0.000374,0
654,12876," desire",135891071,10391,534996,-0.000360,0.000360,0
655,311," to",135918761,10392,534984,-0.000109,0.000109,0
656,10519," maintain",135947301,10393,534996,-0.000352,0.000352,0
657,264," a",135975892,10394,534996,-0.000109,0.000109,0
658,26155," fleet",136004648,10395,534996,-0.000043,0.000043,0
659,449," with",136032480,10396,534996,-0.000183,0.000183,0
660,520," at",136059316,10397,534996,-0.000254,0.000254,0
661,3325," least",136085908,10398,534996,-0.000056,0.000056,0
662,220," ",136112996,10399,534928,-0.000019,0.000019,0
663,2031,"70",136139865,10400,534928,-0.000218,0.000218,0
664,1034," %",136166716,10401,534996,-0.006196,0.006196,0
665,439," as",136194186,10402,534996,-0.000067,0.000067,0
666,1690," many",136222619,10403,534996,-0.000133,0.000133,0
667,6864," capital",136251382,10404,534996,-0.000043,0.000043,0
668,18198," ships",136280212,10405,534996,-0.000494,0.000494,0
669,439," as",136309232,10406,534996,-0.000048,0.000048,0
670,279," the",136338515,10407,534996,-0.000025,0.000025,0
671,2326," US",136367031,10408,534996,-0.000200,0.000200,0
672,19574," Navy",136395616,10409,534996,-0.000968,0.000968,0
673,662," .",136423582,10410,534996,-0.279660,0.279660,0
674,578," The",136450511,10411,534996,-0.019124,0.019124,0
675,358," I",136477134,10412,534996,-0.010085,0.010085,0
676,41,"J",136504034,10413,534996,-0.000719,0.000719,0
677,45,"N",136530617,10414,534996,-0.002583,0.002583,0
678,364," '",136558676,10415,534996,-0.003065,0.003065,0
679,82,"s",136587187,10416,534996,-0.000022,0.000022,0
680,26155," fleet",136616276,10417,534996,-0.000355,0.000355,0
681,574," was",136644731,10418,534996,-0.000377,0.000377,0
682,6319," designed",136673265,10419,534996,-0.000401,0.000401,0
683,311," to",136701676,10420,534996,-0.000124,0.000124,0
684,387," be",136730320,10421,534996,-0.000054,0.000054,0
685,13171," capable",136759049,10422,534996,-0.001082,0.001082,0
686,315," of",136787238,10423,534996,-0.000233,0.000233,0
687,11039," fighting",136814490,10424,534996,-0.000076,0.000076,0
688,264," a",136841616,10425,534996,-0.000626,0.000626,0
689,1403," two",136868656,10426,534876,-0.000112,0.000112,0
690,12,"-",136896686,10427,534876,-0.000046,0.000046,0
691,5383,"ship",136925319,10428,534876,-0.006612,0.006612,0
692,8209," battle",136955377,10429,534876,-0.000447,0.000447,0
693,304," in",136985659,10430,534876,-0.000135,0.000135,0
694,11002," Japanese",137014945,10431,534820,-0.000211,0.000211,0
695,21160," waters",137043416,10432,534820,-0.000292,0.000292,0
696,323," and",137070637,10433,534820,-0.000139,0.000139,0
697,1053," would",137098910,10434,534820,-0.000846,0.000846,0
698,617," have",137127903,10435,534820,-0.000321,0.000321,0
699,1027," been",137158090,10436,534820,-0.000067,0.000067,0
700,279," the",137187820,10437,534820,-0.000117,0.000117,0
701,7928," largest",137217707,10438,534940,-0.000098,0.000098,0
702,26155," fleet",137247696,10439,534996,-0.000221,0.000221,0
703,3596," ever",137277125,10440,534996,-0.000235,0.000235,0
704,5918," built",137305876,10441,534996,-0.001032,0.001032,0
705,520," at",137333985,10442,534996,-0.000084,0.000084,0
706,430," that",137361929,10443,535092,-0.000200,0.000200,0
707,892," time",137391254,10444,535092,-0.000055,0.000055,0
708,662," .",137419740,10445,535092,-0.257027,0.257027,0
709,578," The",137448839,10446,535092,-0.054958,0.054958,0
710,2955," design",137478027,10447,535092,-0.001198,0.001198,0
711,315," of",137507145,10448,535092,-0.000586,0.000586,0
712,279," the",137537869,10449,535092,-0.000079,0.000079,0
713,25572," battles",137567598,10450,535092,-0.000626,0.000626,0
714,34322,"hips",137597284,10451,535092,-0.003553,0.003553,0
715,574," was",137627466,10452,535092,-0.000683,0.000683,0
716,28160," influenced",137656821,10453,535092,-0.000256,0.000256,0
717,555," by",137688548,10454,535092,-0.000133,0.000133,0
718,279," the",137721259,10455,535092,-0.000040,0.000040,0
719,11002," Japanese",137749307,10456,535092,-0.000285,0.000285,0
720,19574," Navy",137775667,10457,535092,-0.000297,0.000297,0
721,596,"'s",137802176,10458,535092,-0.000456,0.000456,0
722,12876," desire",137830351,10459,535092,-0.000403,0.000403,0
723,311," to",137859611,10460,535092,-0.000122,0.000122,0
724,10519," maintain",137888158,10461,535092,-0.000444,0.000444,0
725,264," a",137917108,10462,535092,-0.000130,0.000130,0
726,26155," fleet",137946119,10463,535092,-0.000042,0.000042,0
727,449," with",137974418,10464,535092,-0.000178,0.000178,0
728,520," at",138002520,10465,535092,-0.000232,0.000232,0
729,3325," least",138029949,10466,535092,-0.000062,0.000062,0
730,220," ",138058559,10467,535092,-0.000024,0.000024,0
731,2031,"70",138086183,10468,535092,-0.000233,0.000233,0
732,1034," %",138113310,10469,535024,-0.006336,0.006336,0
733,439," as",138139875,10470,535024,-0.000072,0.000072,0
734,1690," many",138166764,10471,535024,-0.000145,0.000145,0
735,6864," capital",138193367,10472,535092,-0.000048,0.000048,0
736,18198," ships",138221813,10473,535092,-0.000543,0.000543,0
737,439," as",138250395,10474,535092,-0.000056,0.000056,0
738,279," the",138279505,10475,535092,-0.000031,0.000031,0
739,2326," US",138307258,10476,535092,-0.000236,0.000236,0
740,19574," Navy",138334424,10477,535092,-0.001226,0.001226,0
741,662," .",138360790,10478,535092,-0.308201,0.308201,0
742,578," The",138387137,10479,535092,-0.019089,0.019089,0
743,358," I",138413628,10480,535092,-0.008479,0.008479,0
744,41,"J",138440370,10481,535092,-0.000627,0.000627,0
745,45,"N",138469763,10482,535092,-0.003008,0.003008,0
746,364," '",138496275,10483,535092,-0.002615,0.002615,0
747,82,"s",138523010,10484,535092,-0.000022,0.000022,0
748,26155," fleet",138549948,10485,535028,-0.000338,0.000338,0
749,574," was",138578171,10486,535028,-0.000620,0.000620,0
750,6319," designed",138607087,10487,535028,-0.000411,0.000411,0
751,311," to",138635789,10488,535028,-0.000081,0.000081,0
752,387," be",138664659,10489,535028,-0.000056,0.000056,0
753,13171," capable",138693872,10490,535028,-0.001029,0.001029,0
754,315," of",138722473,10491,535028,-0.000219,0.000219,0
755,11039," fighting",138751719,10492,535036,-0.000078,0.000078,0
756,264," a",138781128,10493,535088,-0.000670,0.000670,0
757,1403," two",138812494,10494,535092,-0.000117,0.000117,0
758,12,"-",138839967,10495,535092,-0.000057,0.000057,0
759,5383,"ship",138867034,10496,535092,-0.006619,0.006619,0
760,8209," battle",138893642,10497,535092,-0.000448,0.000448,0
761,304," in",138919890,10498,535092,-0.000114,0.000114,0
762,11002," Japanese",138947706,10499,535092,-0.000231,0.000231,0
763,21160," waters",138976716,10500,535092,-0.000307,0.000307,0
764,323," and",139005999,10501,535092,-0.000179,0.000179,0
765,1053," would",139035011,10502,535092,-0.000872,0.000872,0
766,617," have",139064188,10503,535092,-0.000296,0.000296,0
767,1027," been",139093431,10504,535092,-0.000072,0.000072,0
768,279," the",139122697,10505,535092,-0.000118,0.000118,0
769,7928," largest",139151470,10506,535092,-0.000093,0.000093,0
770,26155," fleet",139181601,10507,535092,-0.000209,0.000209,0
771,3596," ever",139209881,10508,535092,-0.000246,0.000246,0
772,5918," built",139238078,10509,535092,-0.001120,0.001120,0
773,520," at",139265711,10510,535092,-0.000093,0.000093,0
774,430," that",139293182,10511,535092,-0.000213,0.000213,0
775,892," time",139321648,10512,535092,-0.000068,0.000068,0
776,662," .",139350213,10513,535092,-0.290972,0.290972,0
777,578," The",139378266,10514,535092,-0.050382,0.050382,0
778,2955," design",139406973,10515,535092,-0.001169,0.001169,0
779,315," of",139435781,10516,535068,-0.000562,0.000562,0
780,279," the",139464473,10517,535068,-0.000079,0.000079,0
781,25572," battles",139493628,10518,535068,-0.000602,0.000602,0
782,34322,"hips",139521985,10519,534984,-0.003454,0.003454,0
783,574," was",139551132,10520,534984,-0.000733,0.000733,0
784,28160," influenced",139579569,10521,535068,-0.000294,0.000294,0
785,555," by",139606488,10522,535068,-0.000134,0.000134,0
786,279," the",139632972,10523,535068,-0.000041,0.000041,0
787,11002," Japanese",139659189,10524,535068,-0.000310,0.000310,0
788,19574," Navy",139685708,10525,535068,-0.000292,0.000292,0
789,596,"'s",139714220,10526,535068,-0.000461,0.000461,0
790,12876," desire",139741240,10527,535092,-0.000439,0.000439,0
791,311," to",139771084,10528,535092,-0.000135,0.000135,0
792,10519," maintain",139797583,10529,535092,-0.000443,0.000443,0
793,264," a",139824147,10530,535092,-0.000134,0.000134,0
794,26155," fleet",139850218,10531,535092,-0.000045,0.000045,0
795,449," with",139876592,10532,534992,-0.000190,0.000190,0
796,520," at",139903050,10533,534992,-0.000319,0.000319,0
797,3325," least",139929338,10534,535092,-0.000066,0.000066,0
798,220," ",139958277,10535,535092,-0.000015,0.000015,0
799,2031,"70",139985403,10536,535092,-0.000228,0.000228,0
800,1034," %",140011955,10537,535092,-0.006992,0.006992,0
801,439," as",140040017,10538,535092,-0.000128,0.000128,0
802,1690," many",140068471,10539,535092,-0.000170,0.000170,0
803,6864," capital",140097011,10540,535092,-0.000053,0.000053,0
804,18198," ships",140126221,10541,535092,-0.000605,0.000605,0
805,439," as",140154876,10542,535092,-0.000070,0.000070,0
806,279," the",140183586,10543,535092,-0.000036,0.000036,0
807,2326," US",140211466,10544,535092,-0.000283,0.000283,0
808,19574," Navy",140239299,10545,535092,-0.001360,0.001360,0
809,13,".",140266135,10546,535092,-1.941157,1.941157,0
810,578," The",140296715,10547,535092,-0.117347,0.117347,0
811,358," I",140323166,10548,535092,-0.203477,0.203477,0
812,41,"J",140349429,10549,535092,-0.004623,0.004623,0
813,45,"N",140377911,10550,535092,-0.014321,0.014321,0
814,364," '",140406961,10551,535092,-0.660223,0.660223,0
815,82,"s",140435643,10552,535092,-0.000062,0.000062,0
816,26155," fleet",140464277,10553,535092,-0.007688,0.007688,0
817,574," was",140492515,10554,535092,-0.002632,0.002632,0
818,6319," designed",140520525,10555,535092,-0.000713,0.000713,0
819,311," to",140549131,10556,535092,-0.000332,0.000332,0
820,387," be",140576703,10557,535092,-0.000114,0.000114,0
821,13171," capable",140605907,10558,535092,-0.002444,0.002444,0
822,315," of",140633645,10559,535092,-0.000132,0.000132,0
823,11039," fighting",140660596,10560,535092,-0.000179,0.000179,0
824,264," a",140686970,10561,534972,-0.000584,0.000584,0
825,1403," two",140713905,10562,534984,-0.000131,0.000131,0
826,12,"-",140740533,10563,534984,-0.000277,0.000277,0
827,5383,"ship",140768281,10564,535092,-0.017485,0.017485,0
828,8209," battle",140797225,10565,535092,-0.000648,0.000648,0
829,304," in",140826330,10566,535092,-0.000123,0.000123,0
830,11002," Japanese",140854839,10567,535092,-0.000198,0.000198,0
831,21160," waters",140882654,10568,535032,-0.000368,0.000368,0
832,323," and",140911097,10569,535032,-0.000673,0.000673,0
833,1053," would",140939620,10570,535032,-0.001570,0.001570,0
834,617," have",140968607,10571,535032,-0.000691,0.000691,0
835,1027," been",140997793,10572,535032,-0.000075,0.000075,0
836,279," the",141024684,10573,535092,-0.000120,0.000120,0
837,7928," largest",141051834,10574,535092,-0.000105,0.000105,0
838,26155," fleet",141078571,10575,535040,-0.000246,0.000246,0
839,3596," ever",141105283,10576,535092,-0.000308,0.000308,0
840,5918," built",141131998,10577,535092,-0.001297,0.001297,0
841,520," at",141159896,10578,535092,-0.000203,0.000203,0
842,430," that",141187785,10579,535092,-0.000252,0.000252,0
843,892," time",141216267,10580,535092,-0.000046,0.000046,0
844,627,".
",141245684,10581,535092,-1.894142,1.894142,0
845,791,"The",141274301,10582,535092,-0.176660,0.176660,0
846,2955," design",141303625,10583,535092,-1.015285,1.015285,0
847,315," of",141333615,10584,535092,-0.001748,0.001748,0
848,279," the",141363234,10585,535092,-0.000262,0.000262,0
849,25572," battles",141393093,10586,535092,-1.370521,1.370521,0
850,34322,"hips",141421234,10587,535092,-0.045621,0.045621,0
851,574," was",141448989,10588,535092,-0.108276,0.108276,0
852,28160," influenced",141476433,10589,535092,-0.008941,0.008941,0
853,555," by",141505409,10590,535072,-0.000087,0.000087,0
854,279," the",141532417,10591,535092,-0.001907,0.001907,0
855,11002," Japanese",141558934,10592,535092,-0.017676,0.017676,0
856,19574," Navy",141585344,10593,535092,-0.000707,0.000707,0
857,596,"'s",141611701,10594,535092,-0.000821,0.000821,0
858,12876," desire",141639034,10595,535092,-0.000114,0.000114,0
859,311," to",141666435,10596,535092,-0.000167,0.000167,0
860,10519," maintain",141694543,10597,535092,-0.000490,0.000490,0
861,264," a",141723199,10598,535092,-0.000046,0.000046,0
862,26155," fleet",141751781,10599,535092,-0.000049,0.000049,0
863,449," with",141779946,10600,535092,-0.000951,0.000951,0
864,520," at",141806692,10601,535092,-0.001241,0.001241,0
865,3325," least",141833300,10602,534996,-0.000006,0.000006,0
866,220," ",141860162,10603,534996,-0.000028,0.000028,0
867,2031,"70",141886794,10604,534996,-0.000282,0.000282,0
868,1034," %",141914648,10605,534996,-0.682664,0.682664,0
869,439," as",141943365,10606,534952,-0.000130,0.000130,0
870,1690," many",141971081,10607,535048,-0.000024,0.000024,0
871,6864," capital",142000078,10608,535048,-0.000009,0.000009,0
872,18198," ships",142029053,10609,535048,-0.000332,0.000332,0
873,439," as",142057909,10610,535048,-0.000012,0.000012,0
874,279," the",142087281,10611,535048,-0.000023,0.000023,0
875,2326," US",142115368,10612,535028,-0.000283,0.000283,0
876,19574," Navy",142143602,10613,535028,-0.000371,0.000371,0
877,13,".",142171060,10614,535092,-0.062510,0.062510,0
878,578," The",142198402,10615,535044,-0.011612,0.011612,0
879,358," I",142224965,10616,535044,-0.041010,0.041010,0
880,41,"J",142253174,10617,535044,-0.000971,0.000971,0
881,45,"N",142280460,10618,535044,-0.000451,0.000451,0
882,364," '",142307270,10619,535044,-0.087174,0.087174,0
883,82,"s",142335311,10620,535044,-0.000013,0.000013,0
884,26155," fleet",142363076,10621,534996,-0.000762,0.000762,0
885,574," was",142391792,10622,534984,-0.000793,0.000793,0
886,6319," designed",142419864,10623,535044,-0.000299,0.000299,0
887,311," to",142448074,10624,535044,-0.000033,0.000033,0
888,387," be",142477100,10625,535044,-0.000008,0.000008,0
889,13171," capable",142505801,10626,535044,-0.000615,0.000615,0
890,315," of",142534642,10627,535092,-0.000006,0.000006,0
891,11039," fighting",142562521,10628,535092,-0.000017,0.000017,0
892,264," a",142589357,10629,535092,-0.000106,0.000106,0
893,1403," two",142616341,10630,535092,-0.000035,0.000035,0
894,12,"-",142642967,10631,535000,-0.000143,0.000143,0
895,5383,"ship",142669742,10632,535000,-0.007368,0.007368,0
896,8209," battle",142697250,10633,535000,-0.000418,0.000418,0
897,304," in",142725884,10634,535000,-0.000014,0.000014,0
898,11002," Japanese",142754432,10635,535000,-0.000039,0.000039,0
899,21160," waters",142783265,10636,535092,-0.000032,0.000032,0
900,323," and",142812727,10637,535092,-0.000292,0.000292,0
901,1053," would",142841377,10638,535092,-0.000763,0.000763,0
902,617," have",142870484,10639,535092,-0.000056,0.000056,0
903,1027," been",142899947,10640,535092,-0.000017,0.000017,0
904,279," the",142927335,10641,535092,-0.000008,0.000008,0
905,7928," largest",142955422,10642,535092,-0.000022,0.000022,0
906,26155," fleet",142982845,10643,535092,-0.000046,0.000046,0
907,3596," ever",143010062,10644,535092,-0.000036,0.000036,0
908,5918," built",143037089,10645,535092,-0.000248,0.000248,0
909,520," at",143064251,10646,535012,-0.000019,0.000019,0
910,430," that",143092628,10647,535012,-0.000025,0.000025,0
911,892," time",143121377,10648,535012,-0.000003,0.000003,0
912,13,".",143150563,10649,535012,-0.068690,0.068690,0
913,578," The",143179536,10650,535012,-0.006040,0.006040,0
914,2955," design",143209163,10651,535012,-0.007193,0.007193,0
915,315," of",143239333,10652,535092,-0.000813,0.000813,0
916,279," the",143269213,10653,535092,-0.000007,0.000007,0
917,25572," battles",143298962,10654,535092,-0.000271,0.000271,0
918,34322,"hips",143328176,10655,535092,-0.002424,0.002424,0
919,574," was",143355069,10656,535092,-0.000304,0.000304,0
920,28160," influenced",143381800,10657,535092,-0.000633,0.000633,0
921,555," by",143408711,10658,535092,-0.000014,0.000014,0
922,279," the",143435405,10659,535092,-0.000038,0.000038,0
923,11002," Japanese",143463611,10660,535092,-0.000116,0.000116,0
924,19574," Navy",143492807,10661,535092,-0.000126,0.000126,0
925,596,"'s",143521267,10662,535092,-0.000082,0.000082,0
926,12876," desire",143550604,10663,535092,-0.000037,0.000037,0
927,311," to",143579204,10664,535092,-0.000024,0.000024,0
928,10519," maintain",143607823,10665,535092,-0.000070,0.000070,0
929,264," a",143636642,10666,535092,-0.000016,0.000016,0
930,26155," fleet",143664496,10667,535024,-0.000019,0.000019,0
931,449," with",143693902,10668,535028,-0.000029,0.000029,0
932,520," at",143721217,10669,535028,-0.000139,0.000139,0
933,3325," least",143748426,10670,535092,-0.000010,0.000010,0
934,220," ",143775237,10671,535092,-0.000003,0.000003,0
935,2031,"70",143801733,10672,535092,-0.000086,0.000086,0
936,1034," %",143828169,10673,535092,-0.001352,0.001352,0
937,439," as",143854727,10674,535092,-0.000004,0.000004,0
938,1690," many",143882065,10675,535092,-0.000015,0.000015,0
939,6864," capital",143912070,10676,535092,-0.000007,0.000007,0
940,18198," ships",143939074,10677,535092,-0.000148,0.000148,0
941,439," as",143966632,10678,535092,-0.000008,0.000008,0
942,279," the",143993114,10679,535092,-0.000003,0.000003,0
943,2326," US",144023249,10680,535092,-0.000012,0.000012,0
944,19574," Navy",144052001,10681,535092,-0.000173,0.000173,0
945,13,".",144078786,10682,535092,-0.010285,0.010285,0
946,578," The",144105755,10683,535092,-0.000622,0.000622,0
947,358," I",144133719,10684,535092,-0.001863,0.001863,0
948,41,"J",144160726,10685,535092,-0.000124,0.000124,0
949,45,"N",144187814,10686,535092,-0.000398,0.000398,0
950,364," '",144215362,10687,535092,-0.000390,0.000390,0
951,82,"s",144243684,10688,535092,-0.000006,0.000006,0
952,26155," fleet",144272918,10689,535092,-0.000080,0.000080,0
953,574," was",144302260,10690,535092,-0.000221,0.000221,0
954,6319," designed",144331363,10691,535092,-0.000060,0.000060,0
955,311," to",144360211,10692,535092,-0.000032,0.000032,0
956,387," be",144390135,10693,535092,-0.000011,0.000011,0
957,13171," capable",144419392,10694,535052,-0.000463,0.000463,0
958,315," of",144447899,10695,535092,-0.000010,0.000010,0
959,11039," fighting",144476158,10696,535092,-0.000016,0.000016,0
960,264," a",144503978,10697,535092,-0.000071,0.000071,0
961,1403," two",144532545,10698,535092,-0.000025,0.000025,0
962,12,"-",144559479,10699,535092,-0.000018,0.000018,0
963,5383,"ship",144587701,10700,535092,-0.007193,0.007193,0
964,8209," battle",144616236,10701,535092,-0.000147,0.000147,0
965,304," in",144644799,10702,535092,-0.000009,0.000009,0
966,11002," Japanese",144673339,10703,535092,-0.000056,0.000056,0
967,21160," waters",144702142,10704,535092,-0.000053,0.000053,0
968,323," and",144730404,10705,535092,-0.000048,0.000048,0
969,1053," would",144758820,10706,535092,-0.000332,0.000332,0
970,617," have",144786177,10707,535092,-0.000075,0.000075,0
971,1027," been",144814916,10708,535092,-0.000012,0.000012,0
972,279," the",144841544,10709,535092,-0.000010,0.000010,0
973,7928," largest",144868314,10710,535092,-0.000029,0.000029,0
974,26155," fleet",144895204,10711,535092,-0.000040,0.000040,0
975,3596," ever",144921867,10712,535092,-0.000074,0.000074,0
976,5918," built",144948582,10713,535092,-0.000266,0.000266,0
977,520," at",144975800,10714,535092,-0.000022,0.000022,0
978,430," that",145004302,10715,535092,-0.000028,0.000028,0
979,892," time",145032931,10716,535092,-0.000004,0.000004,0
980,13,".",145061998,10717,535092,-0.023001,0.023001,0
981,578," The",145090851,10718,535092,-0.000824,0.000824,0
982,2955," design",145119656,10719,535092,-0.000537,0.000537,0
983,315," of",145148307,10720,535092,-0.000121,0.000121,0
984,279," the",145177128,10721,535092,-0.000013,0.000013,0
985,25572," battles",145204812,10722,535092,-0.000298,0.000298,0
986,34322,"hips",145232410,10723,535092,-0.002039,0.002039,0
987,574," was",145259636,10724,535080,-0.000333,0.000333,0
988,28160," influenced",145287570,10725,535092,-0.000114,0.000114,0
989,555," by",145314625,10726,535092,-0.000028,0.000028,0
990,279," the",145342824,10727,535092,-0.000016,0.000016,0
991,11002," Japanese",145371600,10728,535092,-0.000075,0.000075,0
992,19574," Navy",145400448,10729,535092,-0.000142,0.000142,0
993,596,"'s",145429307,10730,535092,-0.000233,0.000233,0
994,12876," desire",145458298,10731,535092,-0.000097,0.000097,0
995,311," to",145487005,10732,535092,-0.000051,0.000051,0
996,10519," maintain",145515138,10733,535092,-0.000137,0.000137,0
997,264," a",145543119,10734,535092,-0.000036,0.000036,0
998,26155," fleet",145570680,10735,535092,-0.000024,0.000024,0
999,449," with",145597212,10736,535020,-0.000057,0.000057,0
1000,520," at",145624278,10737,535020,-0.000109,0.000109,0
1001,3325," least",145650828,10738,535020,-0.000014,0.000014,0
1002,220," ",145677803,10739,535020,-0.000004,0.000004,0
1003,2031,"70",145704291,10740,535020,-0.000107,0.000107,0
1004,1034," %",145732483,10741,535020,-0.002306,0.002306,0
1005,439," as",145760972,10742,535020,-0.000019,0.000019,0
1006,1690," many",145790018,10743,535020,-0.000031,0.000031,0
1007,6864," capital",145819382,10744,535032,-0.000012,0.000012,0
1008,18198," ships",145847838,10745,535032,-0.000212,0.000212,0
1009,439," as",145875232,10746,535032,-0.000018,0.000018,0
1010,279," the",145902568,10747,535092,-0.000005,0.000005,0
1011,2326," US",145929709,10748,535092,-0.000019,0.000019,0
1012,19574," Navy",145957570,10749,535092,-0.000248,0.000248,0
1013,13,".",145984413,10750,535092,-0.007030,0.007030,0
1014,578," The",146011166,10751,534984,-0.000482,0.000482,0
1015,358," I",146038955,10752,535092,-0.003333,0.003333,0
1016,41,"J",146065647,10753,535092,-0.000208,0.000208,0
1017,45,"N",146094158,10754,535092,-0.000762,0.000762,0
1018,364," '",146122171,10755,535092,-0.000531,0.000531,0
1019,82,"s",146150946,10756,535092,-0.000008,0.000008,0
1020,26155," fleet",146179546,10757,535092,-0.000131,0.000131,0
1021,574," was",146208114,10758,535092,-0.000261,0.000261,0
1022,6319," designed",146237147,10759,535092,-0.000102,0.000102,0
1023,311," to",146266151,10760,535092,-0.000063,0.000063,0
1024,387," be",146294365,10761,535020,-0.000016,0.000016,0
1025,13171," capable",146322912,10762,535020,-0.000596,0.000596,0
1026,315," of",146350721,10763,535092,-0.000028,0.000028,0
1027,11039," fighting",146378211,10764,535092,-0.000020,0.000020,0
1028,264," a",146404905,10765,535092,-0.000110,0.000110,0
1029,1403," two",146431603,10766,534988,-0.000026,0.000026,0
1030,12,"-",146459122,10767,534988,-0.000018,0.000018,0
1031,5383,"ship",146486718,10768,534988,-0.004358,0.004358,0
1032,8209," battle",146515033,10769,534988,-0.000139,0.000139,0
1033,304," in",146544155,10770,534988,-0.000016,0.000016,0
1034,11002," Japanese",146572827,10771,534988,-0.000060,0.000060,0
1035,21160," waters",146601860,10772,534988,-0.000086,0.000086,0
1036,323," and",146630965,10773,535092,-0.000058,0.000058,0
1037,1053," would",146660441,10774,535092,-0.000339,0.000339,0
1038,617," have",146689063,10775,535092,-0.000089,0.000089,0
1039,1027," been",146717974,10776,535092,-0.000017,0.000017,0
1040,279," the",146745704,10777,535092,-0.000018,0.000018,0
1041,7928," largest",146773197,10778,535092,-0.000033,0.000033,0
1042,26155," fleet",146799844,10779,535092,-0.000054,0.000054,0
1043,3596," ever",146826646,10780,535092,-0.000123,0.000123,0
1044,5918," built",146853823,10781,535092,-0.000405,0.000405,0
1045,520," at",146882422,10782,535092,-0.000032,0.000032,0
1046,430," that",146911491,10783,535092,-0.000045,0.000045,0
1047,892," time",146940247,10784,535092,-0.000007,0.000007,0
1048,13,".",146968969,10785,535092,-0.028747,0.028747,0
1049,578," The",146997944,10786,535092,-0.000690,0.000690,0
1050,2955," design",147026925,10787,535092,-0.000572,0.000572,0
1051,315," of",147055436,10788,535092,-0.000149,0.000149,0
1052,279," the",147082821,10789,535092,-0.000014,0.000014,0
1053,25572," battles",147110057,10790,535092,-0.000287,0.000287,0
1054,34322,"hips",147136966,10791,535092,-0.001709,0.001709,0
1055,574," was",147163690,10792,535092,-0.000321,0.000321,0
1056,28160," influenced",147191507,10793,535092,-0.000133,0.000133,0
1057,555," by",147220779,10794,535092,-0.000032,0.000032,0
1058,279," the",147248325,10795,535092,-0.000015,0.000015,0
1059,11002," Japanese",147275581,10796,535092,-0.000067,0.000067,0
1060,19574," Navy",147303982,10797,535092,-0.000136,0.000136,0
1061,596,"'s",147333361,10798,535052,-0.000294,0.000294,0
1062,12876," desire",147361435,10799,535052,-0.000150,0.000150,0
1063,311," to",147389607,10800,535052,-0.000067,0.000067,0
1064,10519," maintain",147418190,10801,535052,-0.000151,0.000151,0
1065,264," a",147447020,10802,535052,-0.000034,0.000034,0
1066,26155," fleet",147476127,10803,535052,-0.000024,0.000024,0
1067,449," with",147503846,10804,535092,-0.000062,0.000062,0
1068,520," at",147532311,10805,535092,-0.000080,0.000080,0
1069,3325," least",147559221,10806,535092,-0.000016,0.000016,0
1070,220," ",147586224,10807,535092,-0.000005,0.000005,0
1071,2031,"70",147613188,10808,535092,-0.000112,0.000112,0
1072,1034," %",147640192,10809,535092,-0.002207,0.002207,0
1073,439," as",147667132,10810,535092,-0.000024,0.000024,0
1074,1690," many",147695442,10811,535092,-0.000046,0.000046,0
1075,6864," capital",147724082,10812,535092,-0.000018,0.000018,0
1076,18198," ships",147753337,10813,535092,-0.000267,0.000267,0
1077,439," as",147782974,10814,535092,-0.000025,0.000025,0
1078,279," the",147812160,10815,535092,-0.000008,0.000008,0
1079,2326," US",147841328,10816,535092,-0.000028,0.000028,0
1080,19574," Navy",147870460,10817,535064,-0.000280,0.000280,0
1081,13,".",147899074,10818,535064,-0.006968,0.006968,0
1082,578," The",147928477,10819,535092,-0.000427,0.000427,0
1083,358," I",147958156,10820,535064,-0.002536,0.002536,0
1084,41,"J",147986485,10821,535092,-0.000207,0.000207,0
1085,45,"N",148015079,10822,535092,-0.000868,0.000868,0
1086,364," '",148049375,10823,535092,-0.000622,0.000622,0
1087,82,"s",148078234,10824,535092,-0.000008,0.000008,0
1088,26155," fleet",148115163,10825,535092,-0.000122,0.000122,0
1089,574," was",148145955,10826,535092,-0.000239,0.000239,0
1090,6319," designed",148174479,10827,535092,-0.000141,0.000141,0
1091,311," to",148202615,10828,535092,-0.000032,0.000032,0
1092,387," be",148230582,10829,535092,-0.000019,0.000019,0
1093,13171," capable",148258226,10830,535092,-0.000624,0.000624,0
1094,315," of",148285853,10831,535092,-0.000032,0.000032,0
1095,11039," fighting",148312566,10832,535092,-0.000019,0.000019,0
1096,264," a",148340137,10833,535092,-0.000123,0.000123,0
1097,1403," two",148367950,10834,535092,-0.000029,0.000029,0
1098,12,"-",148395070,10835,535092,-0.000013,0.000013,0
1099,5383,"ship",148423309,10836,535092,-0.004581,0.004581,0
1100,8209," battle",148450838,10837,535092,-0.000144,0.000144,0
1101,304," in",148478795,10838,535092,-0.000021,0.000021,0
1102,11002," Japanese",148507685,10839,535092,-0.000062,0.000062,0
1103,21160," waters",148536962,10840,535092,-0.000096,0.000096,0
1104,323," and",148566581,10841,535092,-0.000055,0.000055,0
1105,1053," would",148595328,10842,535092,-0.000400,0.000400,0
1106,617," have",148623622,10843,535092,-0.000110,0.000110,0
1107,1027," been",148652760,10844,535092,-0.000023,0.000023,0
1108,279," the",148680391,10845,535092,-0.000019,0.000019,0
1109,7928," largest",148707814,10846,535092,-0.000034,0.000034,0
1110,26155," fleet",148742778,10847,535092,-0.000064,0.000064,0
1111,3596," ever",148770650,10848,535092,-0.000182,0.000182,0
1112,5918," built",148799653,10849,535092,-0.000452,0.000452,0
1113,520," at",148828678,10850,535092,-0.000044,0.000044,0
1114,430," that",148857648,10851,535092,-0.000061,0.000061,0
1115,892," time",148886765,10852,535092,-0.000014,0.000014,0
1116,13,".",148915535,10853,535092,-0.016466,0.016466,0
1117,578," The",148945048,10854,535092,-0.000381,0.000381,0
1118,2955," design",148974712,10855,535092,-0.000443,0.000443,0
1119,315," of",149004013,10856,535092,-0.000135,0.000135,0
1120,279," the",149032008,10857,535092,-0.000014,0.000014,0
1121,25572," battles",149059308,10858,535092,-0.000286,0.000286,0
1122,34322,"hips",149086554,10859,535092,-0.001481,0.001481,0
1123,574," was",149113486,10860,535092,-0.000311,0.000311,0
1124,28160," influenced",149140734,10861,535092,-0.000170,0.000170,0
1125,555," by",149167708,10862,535092,-0.000034,0.000034,0
1126,279," the",149196671,10863,535092,-0.000013,0.000013,0
1127,11002," Japanese",149225987,10864,535092,-0.000075,0.000075,0
1128,19574," Navy",149254859,10865,535092,-0.000117,0.000117,0
1129,596,"'s",149283577,10866,535092,-0.000291,0.000291,0
1130,12876," desire",149312404,10867,535092,-0.000210,0.000210,0
1131,311," to",149340506,10868,535092,-0.000073,0.000073,0
1132,10519," maintain",149368392,10869,535092,-0.000165,0.000165,0
1133,264," a",149397325,10870,535092,-0.000042,0.000042,0
1134,26155," fleet",149425732,10871,535092,-0.000024,0.000024,0
1135,449," with",149452775,10872,535092,-0.000073,0.000073,0
1136,520," at",149479715,10873,535092,-0.000078,0.000078,0
1137,3325," least",149507487,10874,535092,-0.000020,0.000020,0
1138,220," ",149534486,10875,535092,-0.000006,0.000006,0
1139,2031,"70",149563028,10876,535092,-0.000132,0.000132,0
1140,1034," %",149591227,10877,535092,-0.002601,0.002601,0
1141,439," as",149620009,10878,535092,-0.000028,0.000028,0
1142,1690," many",149648576,10879,535092,-0.000062,0.000062,0
1143,6864," capital",149677653,10880,535092,-0.000026,0.000026,0
1144,18198," ships",149706631,10881,535092,-0.000335,0.000335,0
1145,439," as",149736208,10882,535092,-0.000034,0.000034,0
1146,279," the",149766160,10883,535088,-0.000010,0.000010,0
1147,2326," US",149796415,10884,535092,-0.000044,0.000044,0
1148,19574," Navy",149824999,10885,535092,-0.000363,0.000363,0
1149,13,".",149853772,10886,535092,-0.004690,0.004690,0
1150,578," The",149880562,10887,534968,-0.000462,0.000462,0
1151,358," I",149907530,10888,534968,-0.001198,0.001198,0
1152,41,"J",149937035,10889,535092,-0.000251,0.000251,0
1153,45,"N",149965941,10890,535092,-0.001363,0.001363,0
1154,364," '",149994899,10891,535092,-0.000575,0.000575,0
1155,82,"s",150024288,10892,535092,-0.000009,0.000009,0
1156,26155," fleet",150054434,10893,535092,-0.000147,0.000147,0
1157,574," was",150083820,10894,535092,-0.000270,0.000270,0
1158,6319," designed",150112627,10895,535092,-0.000149,0.000149,0
1159,311," to",150142263,10896,535092,-0.000094,0.000094,0
1160,387," be",150170375,10897,535092,-0.000028,0.000028,0
1161,13171," capable",150198098,10898,535092,-0.000778,0.000778,0
1162,315," of",150225281,10899,535092,-0.000050,0.000050,0
1163,11039," fighting",150252510,10900,535048,-0.000023,0.000023,0
1164,264," a",150280298,10901,535048,-0.000190,0.000190,0
1165,1403," two",150307898,10902,535092,-0.000037,0.000037,0
1166,12,"-",150337060,10903,535092,-0.000017,0.000017,0
1167,5383,"ship",150366931,10904,535092,-0.005212,0.005212,0
1168,8209," battle",150395887,10905,535092,-0.000151,0.000151,0
1169,304," in",150424963,10906,535092,-0.000033,0.000033,0
1170,11002," Japanese",150454073,10907,535068,-0.000074,0.000074,0
1171,21160," waters",150483629,10908,535092,-0.000120,0.000120,0
1172,323," and",150511753,10909,535092,-0.000061,0.000061,0
1173,1053," would",150540039,10910,535092,-0.000552,0.000552,0
1174,617," have",150568989,10911,535092,-0.000173,0.000173,0
1175,1027," been",150597586,10912,535092,-0.000037,0.000037,0
1176,279," the",150625057,10913,535092,-0.000041,0.000041,0
1177,7928," largest",150652018,10914,535092,-0.000046,0.000046,0
1178,26155," fleet",150680245,10915,535092,-0.000085,0.000085,0
1179,3596," ever",150707773,10916,535092,-0.000269,0.000269,0
1180,5918," built",150735891,10917,535092,-0.000508,0.000508,0
1181,520," at",150764960,10918,535092,-0.000055,0.000055,0
1182,430," that",150794483,10919,535092,-0.000094,0.000094,0
1183,892," time",150823310,10920,535092,-0.000015,0.000015,0
1184,13,".",150851935,10921,535052,-0.008884,0.008884,0
1185,578," The",150881173,10922,535052,-0.000408,0.000408,0
1186,2955," design",150910663,10923,535052,-0.000428,0.000428,0
1187,315," of",150939952,10924,535020,-0.000142,0.000142,0
1188,279," the",150970302,10925,535052,-0.000019,0.000019,0
1189,25572," battles",150999738,10926,535052,-0.000374,0.000374,0
1190,34322,"hips",151029109,10927,535052,-0.001584,0.001584,0
1191,574," was",151057530,10928,535032,-0.000361,0.000361,0
1192,28160," influenced",151086991,10929,535032,-0.000187,0.000187,0
1193,555," by",151119896,10930,535052,-0.000052,0.000052,0
1194,279," the",151148124,10931,535052,-0.000015,0.000015,0
1195,11002," Japanese",151175682,10932,535052,-0.000092,0.000092,0
1196,19574," Navy",151202819,10933,535052,-0.000131,0.000131,0
1197,596,"'s",151230062,10934,535052,-0.000297,0.000297,0
1198,12876," desire",151257116,10935,535052,-0.000212,0.000212,0
1199,311," to",151284461,10936,535052,-0.000054,0.000054,0
1200,10519," maintain",151311941,10937,535052,-0.000190,0.000190,0
1201,264," a",151340646,10938,535052,-0.000055,0.000055,0
1202,26155," fleet",151368288,10939,535052,-0.000027,0.000027,0
1203,449," with",151396190,10940,535052,-0.000082,0.000082,0
1204,520," at",151423816,10941,535052,-0.000072,0.000072,0
1205,3325," least",151451798,10942,535052,-0.000024,0.000024,0
1206,220," ",151479182,10943,535052,-0.000008,0.000008,0
1207,2031,"70",151507919,10944,535052,-0.000152,0.000152,0
1208,1034," %",151537652,10945,535092,-0.002633,0.002633,0
1209,439," as",151566823,10946,535092,-0.000035,0.000035,0
1210,1690," many",151595883,10947,535092,-0.000082,0.000082,0
1211,6864," capital",151624605,10948,535092,-0.000035,0.000035,0
1212,18198," ships",151653780,10949,535092,-0.000392,0.000392,0
1213,439," as",151682840,10950,535092,-0.000048,0.000048,0
1214,279," the",151711993,10951,535092,-0.000013,0.000013,0
1215,2326," US",151741244,10952,535092,-0.000056,0.000056,0
1216,19574," Navy",151769200,10953,535048,-0.000425,0.000425,0
1217,13,".",151797102,10954,535048,-0.005523,0.005523,0
1218,578," The",151824425,10955,535048,-0.000626,0.000626,0
1219,358," I",151852458,10956,535048,-0.000834,0.000834,0
1220,41,"J",151879794,10957,535048,-0.000259,0.000259,0
1221,45,"N",151907264,10958,535048,-0.001283,0.001283,0
1222,364," '",151936264,10959,535048,-0.000678,0.000678,0
1223,82,"s",151965628,10960,535048,-0.000008,0.000008,0
1224,26155," fleet",151994713,10961,535048,-0.000174,0.000174,0
1225,574," was",152024122,10962,535048,-0.000300,0.000300,0
1226,6319," designed",152053962,10963,535048,-0.000182,0.000182,0
1227,311," to",152083212,10964,535048,-0.000090,0.000090,0
1228,387," be",152112551,10965,535048,-0.000032,0.000032,0
1229,13171," capable",152141733,10966,535048,-0.000920,0.000920,0
1230,315," of",152169701,10967,535092,-0.000070,0.000070,0
1231,11039," fighting",152197357,10968,535092,-0.000027,0.000027,0
1232,264," a",152226037,10969,535092,-0.000246,0.000246,0
1233,1403," two",152253676,10970,535092,-0.000052,0.000052,0
1234,12,"-",152280911,10971,535092,-0.000024,0.000024,0
1235,5383,"ship",152308309,10972,535092,-0.005756,0.005756,0
1236,8209," battle",152335780,10973,535092,-0.000146,0.000146,0
1237,304," in",152363416,10974,535092,-0.000046,0.000046,0
1238,11002," Japanese",152390835,10975,535092,-0.000091,0.000091,0
1239,21160," waters",152420473,10976,535092,-0.000130,0.000130,0
1240,323," and",152447761,10977,535092,-0.000084,0.000084,0
1241,1053," would",152476669,10978,535092,-0.000671,0.000671,0
1242,617," have",152508359,10979,535092,-0.000209,0.000209,0
1243,1027," been",152537146,10980,535092,-0.000046,0.000046,0
1244,279," the",152568554,10981,535092,-0.000045,0.000045,0
1245,7928," largest",152596621,10982,535048,-0.000053,0.000053,0
1246,26155," fleet",152624147,10983,535048,-0.000101,0.000101,0
1247,3596," ever",152652415,10984,535048,-0.000311,0.000311,0
1248,5918," built",152682160,10985,535048,-0.000583,0.000583,0
1249,520," at",152710960,10986,535048,-0.000043,0.000043,0
1250,430," that",152740177,10987,535092,-0.000114,0.000114,0
1251,892," time",152768940,10988,535092,-0.000018,0.000018,0
1252,13,".",152797993,10989,535052,-0.010649,0.010649,0
1253,578," The",152827584,10990,535092,-0.000380,0.000380,0
1254,2955," design",152856672,10991,535092,-0.000562,0.000562,0
1255,315," of",152886231,10992,535092,-0.000146,0.000146,0
1256,279," the",152913851,10993,535092,-0.000023,0.000023,0
1257,25572," battles",152941595,10994,535092,-0.000375,0.000375,0
1258,34322,"hips",152968799,10995,535088,-0.001478,0.001478,0
1259,574," was",152996797,10996,535088,-0.000354,0.000354,0
1260,28160," influenced",153024096,10997,535088,-0.000216,0.000216,0
1261,555," by",153051891,10998,535088,-0.000059,0.000059,0
1262,279," the",153080389,10999,535088,-0.000015,0.000015,0
1263,11002," Japanese",153109853,11000,535088,-0.000105,0.000105,0
1264,19574," Navy",153139702,11001,535088,-0.000122,0.000122,0
1265,596,"'s",153168974,11002,535088,-0.000292,0.000292,0
1266,12876," desire",153198763,11003,535088,-0.000240,0.000240,0
1267,311," to",153229416,11004,535052,-0.000073,0.000073,0
1268,10519," maintain",153258817,11005,535052,-0.000218,0.000218,0
1269,264," a",153288125,11006,535052,-0.000061,0.000061,0
1270,26155," fleet",153315707,11007,535052,-0.000028,0.000028,0
1271,449," with",153343259,11008,535052,-0.000103,0.000103,0
1272,520," at",153371278,11009,535052,-0.000071,0.000071,0
1273,3325," least",153398529,11010,534936,-0.000027,0.000027,0
1274,220," ",153427620,11011,534936,-0.000005,0.000005,0
1275,2031,"70",153457636,11012,534972,-0.000158,0.000158,0
1276,1034," %",153487290,11013,534972,-0.003239,0.003239,0
1277,439," as",153516580,11014,534972,-0.000037,0.000037,0
1278,1690," many",153546090,11015,534972,-0.000093,0.000093,0
1279,6864," capital",153575560,11016,535092,-0.000043,0.000043,0
1280,18198," ships",153605610,11017,535092,-0.000352,0.000352,0
1281,439," as",153635473,11018,535012,-0.000057,0.000057,0
1282,279," the",153665290,11019,535012,-0.000015,0.000015,0
1283,2326," US",153693863,11020,535012,-0.000062,0.000062,0
1284,19574," Navy",153722268,11021,535092,-0.000463,0.000463,0
1285,13,".",153750518,11022,535092,-0.006661,0.006661,0
1286,578," The",153777942,11023,535092,-0.000624,0.000624,0
1287,358," I",153807017,11024,535092,-0.001099,0.001099,0
1288,41,"J",153836577,11025,535092,-0.000285,0.000285,0
1289,45,"N",153866703,11026,535092,-0.001332,0.001332,0
1290,364," '",153896020,11027,535092,-0.000647,0.000647,0
1291,82,"s",153925823,11028,535092,-0.000009,0.000009,0
1292,26155," fleet",153954676,11029,535092,-0.000179,0.000179,0
1293,574," was",153983536,11030,535064,-0.000261,0.000261,0
1294,6319," designed",154012036,11031,535064,-0.000196,0.000196,0
1295,311," to",154040808,11032,535064,-0.000040,0.000040,0
1296,387," be",154068436,11033,535064,-0.000033,0.000033,0
1297,13171," capable",154096136,11034,535092,-0.000876,0.000876,0
1298,315," of",154123583,11035,535092,-0.000073,0.000073,0
1299,11039," fighting",154150830,11036,535092,-0.000029,0.000029,0
1300,264," a",154181900,11037,535092,-0.000255,0.000255,0
1301,1403," two",154211820,11038,535092,-0.000058,0.000058,0
1302,12,"-",154241389,11039,535092,-0.000025,0.000025,0
1303,5383,"ship",154270820,11040,535092,-0.006551,0.006551,0
1304,8209," battle",154299469,11041,535092,-0.000164,0.000164,0
1305,304," in",154328354,11042,535092,-0.000045,0.000045,0
1306,11002," Japanese",154355951,11043,535092,-0.000100,0.000100,0
1307,21160," waters",154383512,11044,535092,-0.000137,0.000137,0
1308,323," and",154413254,11045,535092,-0.000080,0.000080,0
1309,1053," would",154442949,11046,535092,-0.000718,0.000718,0
1310,617," have",154471105,11047,535092,-0.000213,0.000213,0
1311,1027," been",154499802,11048,535092,-0.000050,0.000050,0
1312,279," the",154527683,11049,535092,-0.000049,0.000049,0
1313,7928," largest",154556948,11050,535092,-0.000055,0.000055,0
1314,26155," fleet",154586882,11051,535092,-0.000103,0.000103,0
1315,3596," ever",154616737,11052,535092,-0.000321,0.000321,0
1316,5918," built",154646806,11053,535092,-0.000611,0.000611,0
1317,520," at",154677097,11054,535092,-0.000067,0.000067,0
1318,430," that",154706913,11055,535092,-0.000114,0.000114,0
1319,892," time",154735877,11056,535092,-0.000023,0.000023,0
1320,13,".",154764775,11057,535092,-0.012855,0.012855,0
1321,578," The",154792969,11058,535092,-0.000399,0.000399,0
1322,2955," design",154820558,11059,535092,-0.000519,0.000519,0
1323,315," of",154848131,11060,535092,-0.000177,0.000177,0
1324,279," the",154876550,11061,535092,-0.000029,0.000029,0
1325,25572," battles",154904077,11062,535092,-0.000381,0.000381,0
1326,34322,"hips",154933007,11063,535092,-0.001396,0.001396,0
1327,574," was",154962863,11064,535092,-0.000352,0.000352,0
1328,28160," influenced",154993332,11065,535092,-0.000225,0.000225,0
1329,555," by",155024100,11066,535092,-0.000062,0.000062,0
1330,279," the",155054623,11067,535092,-0.000016,0.000016,0
1331,11002," Japanese",155084240,11068,535092,-0.000123,0.000123,0
1332,19574," Navy",155114052,11069,535092,-0.000124,0.000124,0
1333,596,"'s",155143728,11070,535092,-0.000314,0.000314,0
1334,12876," desire",155173993,11071,535092,-0.000241,0.000241,0
1335,311," to",155203391,11072,534968,-0.000071,0.000071,0
1336,10519," maintain",155233939,11073,534968,-0.000243,0.000243,0
1337,264," a",155262645,11074,534968,-0.000065,0.000065,0
1338,26155," fleet",155291217,11075,534968,-0.000031,0.000031,0
1339,449," with",155321513,11076,534968,-0.000086,0.000086,0
1340,520," at",155351482,11077,534968,-0.000083,0.000083,0
1341,3325," least",155381353,11078,534968,-0.000031,0.000031,0
1342,220," ",155410171,11079,534968,-0.000005,0.000005,0
1343,2031,"70",155439686,11080,535092,-0.000187,0.000187,0
1344,1034," %",155469073,11081,535092,-0.003414,0.003414,0
1345,439," as",155498841,11082,535092,-0.000047,0.000047,0
1346,1690," many",155528719,11083,535092,-0.000102,0.000102,0
1347,6864," capital",155558471,11084,535092,-0.000037,0.000037,0
1348,18198," ships",155586751,11085,535092,-0.000407,0.000407,0
1349,439," as",155615266,11086,535092,-0.000063,0.000063,0
1350,279," the",155642961,11087,535024,-0.000016,0.000016,0
1351,2326," US",155670908,11088,535024,-0.000070,0.000070,0
1352,19574," Navy",155698691,11089,535024,-0.000507,0.000507,0
1353,13,".",155727762,11090,535024,-0.012193,0.012193,0
1354,578," The",155757780,11091,535024,-0.000749,0.000749,0
1355,358," I",155787458,11092,535024,-0.001290,0.001290,0
1356,41,"J",155817206,11093,535092,-0.000255,0.000255,0
1357,45,"N",155846692,11094,535092,-0.001844,0.001844,0
1358,364," '",155876045,11095,535092,-0.000594,0.000594,0
1359,82,"s",155905742,11096,535092,-0.000009,0.000009,0
1360,26155," fleet",155934806,11097,535092,-0.000208,0.000208,0
1361,574," was",155968564,11098,535092,-0.000292,0.000292,0
1362,6319," designed",155998156,11099,535092,-0.000215,0.000215,0
1363,311," to",156027800,11100,535092,-0.000052,0.000052,0
1364,387," be",156056776,11101,535092,-0.000038,0.000038,0
1365,13171," capable",156085511,11102,535092,-0.000898,0.000898,0
1366,315," of",156113391,11103,535092,-0.000092,0.000092,0
1367,11039," fighting",156142766,11104,535092,-0.000030,0.000030,0
1368,264," a",156172366,11105,535092,-0.000279,0.000279,0
1369,1403," two",156202712,11106,535092,-0.000059,0.000059,0
1370,12,"-",156232089,11107,535092,-0.000028,0.000028,0
1371,5383,"ship",156262733,11108,535092,-0.006478,0.006478,0
1372,8209," battle",156291869,11109,535092,-0.000172,0.000172,0
1373,304," in",156320991,11110,535092,-0.000053,0.000053,0
1374,11002," Japanese",156350687,11111,535092,-0.000125,0.000125,0
1375,21160," waters",156378922,11112,535092,-0.000148,0.000148,0
1376,323," and",156407795,11113,535092,-0.000082,0.000082,0
1377,1053," would",156435778,11114,535092,-0.000710,0.000710,0
1378,617," have",156463349,11115,535092,-0.000245,0.000245,0
1379,1027," been",156490817,11116,535092,-0.000061,0.000061,0
1380,279," the",156518486,11117,535092,-0.000060,0.000060,0
1381,7928," largest",156546373,11118,535008,-0.000060,0.000060,0
1382,26155," fleet",156574280,11119,535092,-0.000117,0.000117,0
1383,3596," ever",156602438,11120,535092,-0.000366,0.000366,0
1384,5918," built",156630014,11121,535092,-0.000740,0.000740,0
1385,520," at",156657539,11122,535092,-0.000074,0.000074,0
1386,430," that",156685198,11123,535092,-0.000145,0.000145,0
1387,892," time",156715198,11124,535092,-0.000029,0.000029,0
1388,13,".",156742794,11125,535092,-0.017361,0.017361,0
1389,578," The",156774791,11126,535092,-0.000397,0.000397,0
1390,2955," design",156802400,11127,535092,-0.000319,0.000319,0
1391,315," of",156830006,11128,535092,-0.000195,0.000195,0
1392,279," the",156858028,11129,535092,-0.000031,0.000031,0
1393,25572," battles",156886347,11130,535044,-0.000331,0.000331,0
1394,34322,"hips",156915770,11131,535000,-0.001358,0.001358,0
1395,574," was",156945620,11132,535092,-0.000329,0.000329,0
1396,28160," influenced",156975688,11133,535092,-0.000240,0.000240,0
1397,555," by",157005982,11134,535092,-0.000066,0.000066,0
1398,279," the",157036536,11135,535092,-0.000017,0.000017,0
1399,11002," Japanese",157066582,11136,535092,-0.000132,0.000132,0
1400,19574," Navy",157096170,11137,535092,-0.000127,0.000127,0
1401,596,"'s",157124026,11138,535092,-0.000274,0.000274,0
1402,12876," desire",157152345,11139,535092,-0.000253,0.000253,0
1403,311," to",157180995,11140,535092,-0.000048,0.000048,0
1404,10519," maintain",157208829,11141,535092,-0.000236,0.000236,0
1405,264," a",157238088,11142,535092,-0.000069,0.000069,0
1406,26155," fleet",157268100,11143,535092,-0.000032,0.000032,0
1407,449," with",157297736,11144,535092,-0.000104,0.000104,0
1408,520," at",157327758,11145,535092,-0.000085,0.000085,0
1409,3325," least",157358534,11146,535092,-0.000030,0.000030,0
1410,220," ",157387656,11147,535092,-0.000008,0.000008,0
1411,2031,"70",157416727,11148,535092,-0.000183,0.000183,0
1412,1034," %",157445339,11149,535092,-0.002843,0.002843,0
1413,439," as",157473423,11150,535092,-0.000047,0.000047,0
1414,1690," many",157501251,11151,535092,-0.000113,0.000113,0
1415,6864," capital",157530001,11152,535092,-0.000040,0.000040,0
1416,18198," ships",157558098,11153,535092,-0.000445,0.000445,0
1417,439," as",157585977,11154,535092,-0.000070,0.000070,0
1418,279," the",157613664,11155,535092,-0.000019,0.000019,0
1419,2326," US",157642934,11156,535092,-0.000088,0.000088,0
1420,19574," Navy",157671590,11157,535092,-0.000583,0.000583,0
1421,13,".",157701414,11158,535092,-0.011081,0.011081,0
1422,578," The",157731410,11159,535092,-0.000566,0.000566,0
1423,358," I",157761501,11160,535092,-0.001592,0.001592,0
1424,41,"J",157791427,11161,535092,-0.000214,0.000214,0
1425,45,"N",157821221,11162,535092,-0.001810,0.001810,0
1426,364," '",157850817,11163,535040,-0.000659,0.000659,0
1427,82,"s",157880368,11164,535040,-0.000009,0.000009,0
1428,26155," fleet",157909505,11165,535040,-0.000230,0.000230,0
1429,574," was",157937548,11166,535040,-0.000269,0.000269,0
1430,6319," designed",157968106,11167,535040,-0.000223,0.000223,0
1431,311," to",157996834,11168,535040,-0.000080,0.000080,0
1432,387," be",158024946,11169,535040,-0.000035,0.000035,0
1433,13171," capable",158054463,11170,535040,-0.000810,0.000810,0
1434,315," of",158084220,11171,535040,-0.000090,0.000090,0
1435,11039," fighting",158114111,11172,535040,-0.000028,0.000028,0
1436,264," a",158144461,11173,535040,-0.000279,0.000279,0
1437,1403," two",158174318,11174,535012,-0.000058,0.000058,0
1438,12,"-",158205811,11175,535012,-0.000029,0.000029,0
1439,5383,"ship",158237377,11176,534972,-0.006045,0.006045,0
1440,8209," battle",158267848,11177,535092,-0.000193,0.000193,0
1441,304," in",158297594,11178,535092,-0.000053,0.000053,0
1442,11002," Japanese",158325428,11179,535092,-0.000115,0.000115,0
1443,21160," waters",158353180,11180,535092,-0.000154,0.000154,0
1444,323," and",158382478,11181,535092,-0.000088,0.000088,0
1445,1053," would",158410764,11182,535092,-0.000696,0.000696,0
1446,617," have",158439915,11183,535092,-0.000241,0.000241,0
1447,1027," been",158470019,11184,535092,-0.000065,0.000065,0
1448,279," the",158499628,11185,535092,-0.000070,0.000070,0
1449,7928," largest",158529914,11186,535092,-0.000061,0.000061,0
1450,26155," fleet",158559430,11187,535092,-0.000119,0.000119,0
1451,3596," ever",158589171,11188,535092,-0.000396,0.000396,0
1452,5918," built",158619040,11189,535092,-0.000836,0.000836,0
1453,520," at",158648556,11190,535048,-0.000077,0.000077,0
1454,430," that",158678669,11191,535052,-0.000153,0.000153,0
1455,892," time",158707369,11192,535052,-0.000038,0.000038,0
1456,13,".",158735966,11193,535052,-0.030076,0.030076,0
1457,578," The",158763924,11194,535052,-0.000337,0.000337,0
1458,2955," design",158792729,11195,535052,-0.000215,0.000215,0
1459,315," of",158820914,11196,535052,-0.000198,0.000198,0
1460,279," the",158849119,11197,535092,-0.000040,0.000040,0
1461,25572," battles",158878427,11198,535092,-0.000268,0.000268,0
1462,34322,"hips",158908285,11199,535092,-0.001417,0.001417,0
1463,574," was",158938219,11200,535092,-0.000348,0.000348,0
1464,28160," influenced",158968493,11201,535092,-0.000275,0.000275,0
1465,555," by",158999263,11202,535092,-0.000077,0.000077,0
1466,279," the",159029041,11203,535092,-0.000020,0.000020,0
1467,11002," Japanese",159060010,11204,535092,-0.000143,0.000143,0
1468,19574," Navy",159091861,11205,535092,-0.000126,0.000126,0
1469,596,"'s",159122096,11206,535092,-0.000242,0.000242,0
1470,12876," desire",159151454,11207,535092,-0.000271,0.000271,0
1471,311," to",159179447,11208,535092,-0.000060,0.000060,0
1472,10519," maintain",159207292,11209,535092,-0.000252,0.000252,0
1473,264," a",159237130,11210,535092,-0.000069,0.000069,0
1474,26155," fleet",159267142,11211,535092,-0.000035,0.000035,0
1475,449," with",159297886,11212,535092,-0.000118,0.000118,0
1476,520," at",159327701,11213,535092,-0.000077,0.000077,0
1477,3325," least",159357821,11214,535092,-0.000031,0.000031,0
1478,220," ",159386981,11215,535092,-0.000016,0.000016,0
1479,2031,"70",159416652,11216,535092,-0.000177,0.000177,0
1480,1034," %",159446486,11217,535092,-0.003126,0.003126,0
1481,439," as",159475751,11218,535092,-0.000063,0.000063,0
1482,1690," many",159503729,11219,535092,-0.000123,0.000123,0
1483,6864," capital",159531884,11220,535092,-0.000045,0.000045,0
1484,18198," ships",159559914,11221,535092,-0.000497,0.000497,0
1485,439," as",159587719,11222,535092,-0.000079,0.000079,0
1486,279," the",159617159,11223,535092,-0.000021,0.000021,0
1487,2326," US",159646965,11224,535092,-0.000091,0.000091,0
1488,19574," Navy",159676672,11225,535092,-0.000659,0.000659,0
1489,13,".",159706451,11226,535092,-0.017762,0.017762,0
1490,578," The",159736208,11227,535092,-0.000475,0.000475,0
1491,358," I",159765248,11228,535092,-0.001262,0.001262,0
1492,41,"J",159794793,11229,535092,-0.000211,0.000211,0
1493,45,"N",159823302,11230,535092,-0.001598,0.001598,0
1494,364," '",159852433,11231,535092,-0.000679,0.000679,0
1495,82,"s",159880448,11232,535092,-0.000008,0.000008,0
1496,26155," fleet",159908293,11233,535092,-0.000234,0.000234,0
1497,574," was",159936182,11234,535092,-0.000264,0.000264,0
1498,6319," designed",159963948,11235,535092,-0.000240,0.000240,0
1499,311," to",159993145,11236,535092,-0.000070,0.000070,0
1500,387," be",160023183,11237,535092,-0.000037,0.000037,0
1501,13171," capable",160052772,11238,535092,-0.000799,0.000799,0
1502,315," of",160082115,11239,535040,-0.000102,0.000102,0
1503,11039," fighting",160111918,11240,535040,-0.000030,0.000030,0
1504,264," a",160142498,11241,535040,-0.000290,0.000290,0
1505,1403," two",160172728,11242,535040,-0.000061,0.000061,0
1506,12,"-",160202548,11243,535040,-0.000028,0.000028,0
1507,5383,"ship",160232202,11244,535040,-0.005853,0.005853,0
1508,8209," battle",160260560,11245,535040,-0.000196,0.000196,0
1509,304," in",160288780,11246,535040,-0.000058,0.000058,0
1510,11002," Japanese",160316809,11247,535040,-0.000122,0.000122,0
1511,21160," waters",160348027,11248,535008,-0.000177,0.000177,0
1512,323," and",160376800,11249,535040,-0.000096,0.000096,0
1513,1053," would",160406537,11250,535040,-0.000714,0.000714,0
1514,617," have",160436760,11251,535040,-0.000237,0.000237,0
1515,1027," been",160467764,11252,535040,-0.000069,0.000069,0
1516,279," the",160499173,11253,535040,-0.000098,0.000098,0
1517,7928," largest",160530968,11254,535040,-0.000065,0.000065,0
1518,26155," fleet",160562892,11255,535040,-0.000129,0.000129,0
1519,3596," ever",160594667,11256,535040,-0.000402,0.000402,0
1520,5918," built",160628901,11257,535040,-0.000874,0.000874,0
1521,520," at",160659959,11258,535040,-0.000084,0.000084,0
1522,430," that",160689831,11259,535040,-0.000164,0.000164,0
1523,892," time",160719481,11260,535040,-0.000055,0.000055,0
1524,13,".",160749029,11261,535040,-0.038374,0.038374,0
1525,578," The",160784063,11262,535076,-0.000328,0.000328,0
1526,2955," design",160813860,11263,535076,-0.000199,0.000199,0
1527,315," of",160843494,11264,535092,-0.000214,0.000214,0
1528,279," the",160873105,11265,535092,-0.000047,0.000047,0
1529,25572," battles",160902299,11266,535092,-0.000251,0.000251,0
1530,34322,"hips",160931198,11267,535092,-0.001351,0.001351,0
1531,574," was",160959954,11268,535092,-0.000415,0.000415,0
1532,28160," influenced",160987848,11269,535092,-0.000280,0.000280,0
1533,555," by",161016032,11270,535092,-0.000084,0.000084,0
1534,279," the",161044009,11271,535092,-0.000024,0.000024,0
1535,11002," Japanese",161072775,11272,535092,-0.000157,0.000157,0
1536,19574," Navy",161101192,11273,535092,-0.000135,0.000135,0
1537,596,"'s",161131508,11274,535092,-0.000277,0.000277,0
1538,12876," desire",161160931,11275,535092,-0.000279,0.000279,0
1539,311," to",161189863,11276,535092,-0.000070,0.000070,0
1540,10519," maintain",161219586,11277,535092,-0.000283,0.000283,0
1541,264," a",161250342,11278,535092,-0.000074,0.000074,0
1542,26155," fleet",161280395,11279,535092,-0.000038,0.000038,0
1543,449," with",161310478,11280,535092,-0.000147,0.000147,0
1544,520," at",161340047,11281,535092,-0.000087,0.000087,0
1545,3325," least",161370397,11282,535092,-0.000034,0.000034,0
1546,220," ",161399919,11283,535092,-0.000020,0.000020,0
1547,2031,"70",161429327,11284,535048,-0.000218,0.000218,0
1548,1034," %",161459221,11285,535048,-0.002850,0.002850,0
1549,439," as",161487183,11286,535048,-0.000056,0.000056,0
1550,1690," many",161516872,11287,535048,-0.000139,0.000139,0
1551,6864," capital",161547543,11288,535048,-0.000051,0.000051,0
1552,18198," ships",161578155,11289,535048,-0.000573,0.000573,0
1553,439," as",161608280,11290,535048,-0.000077,0.000077,0
1554,279," the",161638510,11291,535048,-0.000019,0.000019,0
1555,2326," US",161669131,11292,535048,-0.000105,0.000105,0
1556,19574," Navy",161699457,11293,535048,-0.000675,0.000675,0
1557,13,".",161728758,11294,535092,-0.020098,0.020098,0
1558,578," The",161757381,11295,535092,-0.000565,0.000565,0
1559,358," I",161786090,11296,535092,-0.001601,0.001601,0
1560,41,"J",161814133,11297,535092,-0.000225,0.000225,0
1561,45,"N",161842715,11298,535092,-0.001623,0.001623,0
1562,364," '",161870958,11299,535092,-0.000726,0.000726,0
1563,82,"s",161900670,11300,535092,-0.000008,0.000008,0
1564,26155," fleet",161931056,11301,535092,-0.000275,0.000275,0
1565,574," was",161961340,11302,535092,-0.000224,0.000224,0
1566,6319," designed",161991546,11303,535092,-0.000273,0.000273,0
1567,311," to",162021146,11304,535092,-0.000077,0.000077,0
1568,387," be",162051121,11305,535092,-0.000038,0.000038,0
1569,13171," capable",162081661,11306,535092,-0.000852,0.000852,0
1570,315," of",162112366,11307,535092,-0.000143,0.000143,0
1571,11039," fighting",162141995,11308,535092,-0.000032,0.000032,0
1572,264," a",162171037,11309,535092,-0.000334,0.000334,0
1573,1403," two",162199412,11310,535092,-0.000055,0.000055,0
1574,12,"-",162228968,11311,535092,-0.000029,0.000029,0
1575,5383,"ship",162257383,11312,535092,-0.006299,0.006299,0
1576,8209," battle",162286305,11313,535092,-0.000245,0.000245,0
1577,304," in",162316112,11314,535016,-0.000072,0.000072,0
1578,11002," Japanese",162345697,11315,535016,-0.000141,0.000141,0
1579,21160," waters",162375652,11316,535016,-0.000192,0.000192,0
1580,323," and",162406262,11317,535016,-0.000113,0.000113,0
1581,1053," would",162437968,11318,535016,-0.000739,0.000739,0
1582,617," have",162469224,11319,535016,-0.000259,0.000259,0
1583,1027," been",162500095,11320,535016,-0.000077,0.000077,0
1584,279," the",162531016,11321,535092,-0.000111,0.000111,0
1585,7928," largest",162560506,11322,535092,-0.000069,0.000069,0
1586,26155," fleet",162590052,11323,535076,-0.000140,0.000140,0
1587,3596," ever",162619540,11324,535076,-0.000432,0.000432,0
1588,5918," built",162650816,11325,535076,-0.000945,0.000945,0
1589,520," at",162682751,11326,535076,-0.000092,0.000092,0
1590,430," that",162714702,11327,535076,-0.000187,0.000187,0
1591,892," time",162745795,11328,535076,-0.000049,0.000049,0
1592,13,".",162775375,11329,535076,-0.033841,0.033841,0
1593,578," The",162806424,11330,535076,-0.000298,0.000298,0
1594,2955," design",162837729,11331,535076,-0.000232,0.000232,0
1595,315," of",162868962,11332,535076,-0.000248,0.000248,0
1596,279," the",162900254,11333,535076,-0.000053,0.000053,0
1597,25572," battles",162932053,11334,535076,-0.000299,0.000299,0
1598,34322,"hips",162963506,11335,535076,-0.001251,0.001251,0
1599,574," was",162994291,11336,535076,-0.000462,0.000462,0
1600,28160," influenced",163028228,11337,535076,-0.000279,0.000279,0
1601,555," by",163059114,11338,535076,-0.000096,0.000096,0
1602,279," the",163089234,11339,535076,-0.000026,0.000026,0
1603,11002," Japanese",163118795,11340,535076,-0.000175,0.000175,0
1604,19574," Navy",163147752,11341,535076,-0.000146,0.000146,0
1605,596,"'s",163176308,11342,535076,-0.000303,0.000303,0
1606,12876," desire",163205992,11343,535076,-0.000310,0.000310,0
1607,311," to",163236425,11344,535076,-0.000078,0.000078,0
1608,10519," maintain",163266221,11345,535076,-0.000317,0.000317,0
1609,264," a",163296008,11346,535076,-0.000078,0.000078,0
1610,26155," fleet",163326699,11347,535076,-0.000040,0.000040,0
1611,449," with",163356880,11348,535092,-0.000163,0.000163,0
1612,520," at",163387366,11349,535092,-0.000100,0.000100,0
1613,3325," least",163418008,11350,535092,-0.000037,0.000037,0
1614,220," ",163447209,11351,535092,-0.000021,0.000021,0
1615,2031,"70",163476490,11352,535092,-0.000227,0.000227,0
1616,1034," %",163504980,11353,535092,-0.002933,0.002933,0
1617,439," as",163533889,11354,535092,-0.000064,0.000064,0
1618,1690," many",163562055,11355,535092,-0.000145,0.000145,0
1619,6864," capital",163590650,11356,535092,-0.000056,0.000056,0
1620,18198," ships",163619661,11357,535092,-0.000542,0.000542,0
1621,439," as",163649867,11358,535092,-0.000093,0.000093,0
1622,279," the",163680680,11359,535092,-0.000025,0.000025,0
1623,2326," US",163711797,11360,535092,-0.000114,0.000114,0
1624,19574," Navy",163743415,11361,535092,-0.000765,0.000765,0
1625,13,".",163774730,11362,535092,-0.020683,0.020683,0
1626,578," The",163806714,11363,535092,-0.000464,0.000464,0
1627,358," I",163837429,11364,535092,-0.001196,0.001196,0
1628,41,"J",163867032,11365,535092,-0.000256,0.000256,0
1629,45,"N",163896528,11366,535080,-0.001541,0.001541,0
1630,364," '",163926609,11367,535080,-0.000576,0.000576,0
1631,82,"s",163958054,11368,535080,-0.000009,0.000009,0
1632,26155," fleet",163987575,11369,534996,-0.000277,0.000277,0
1633,574," was",164017139,11370,534996,-0.000325,0.000325,0
1634,6319," designed",164046770,11371,534996,-0.000264,0.000264,0
1635,311," to",164076472,11372,534996,-0.000078,0.000078,0
1636,387," be",164111275,11373,534996,-0.000040,0.000040,0
1637,13171," capable",164141787,11374,534996,-0.000827,0.000827,0
1638,315," of",164173076,11375,534996,-0.000131,0.000131,0
1639,11039," fighting",164203800,11376,534996,-0.000033,0.000033,0
1640,264," a",164233642,11377,534996,-0.000350,0.000350,0
1641,1403," two",164263358,11378,534996,-0.000060,0.000060,0
1642,12,"-",164292949,11379,534996,-0.000032,0.000032,0
1643,5383,"ship",164322580,11380,534996,-0.007263,0.007263,0
1644,8209," battle",164351193,11381,534996,-0.000224,0.000224,0
1645,304," in",164381358,11382,534996,-0.000072,0.000072,0
1646,11002," Japanese",164412008,11383,535088,-0.000151,0.000151,0
1647,21160," waters",164441979,11384,535088,-0.000179,0.000179,0
1648,323," and",164472398,11385,534976,-0.000117,0.000117,0
1649,1053," would",164503654,11386,535088,-0.000622,0.000622,0
1650,617," have",164534858,11387,535088,-0.000274,0.000274,0
1651,1027," been",164567144,11388,535088,-0.000087,0.000087,0
1652,279," the",164598698,11389,535032,-0.000114,0.000114,0
1653,7928," largest",164629118,11390,535088,-0.000074,0.000074,0
1654,26155," fleet",164659510,11391,535088,-0.000141,0.000141,0
1655,3596," ever",164689132,11392,535088,-0.000455,0.000455,0
1656,5918," built",164721436,11393,535088,-0.000950,0.000950,0
1657,520," at",164752325,11394,535088,-0.000098,0.000098,0
1658,430," that",164783573,11395,535088,-0.000208,0.000208,0
1659,892," time",164815073,11396,535088,-0.000052,0.000052,0
1660,13,".",164846917,11397,535088,-0.024849,0.024849,0
1661,578," The",164878285,11398,535088,-0.000281,0.000281,0
1662,2955," design",164909764,11399,535088,-0.000247,0.000247,0
1663,315," of",164940591,11400,535088,-0.000233,0.000233,0
1664,279," the",164972386,11401,535088,-0.000057,0.000057,0
1665,25572," battles",165003780,11402,535088,-0.000294,0.000294,0
1666,34322,"hips",165034283,11403,535092,-0.001212,0.001212,0
1667,574," was",165064049,11404,535092,-0.000461,0.000461,0
1668,28160," influenced",165094364,11405,535092,-0.000283,0.000283,0
1669,555," by",165124112,11406,535092,-0.000101,0.000101,0
1670,279," the",165153872,11407,535092,-0.000028,0.000028,0
1671,11002," Japanese",165183555,11408,535092,-0.000211,0.000211,0
1672,19574," Navy",165213948,11409,535092,-0.000152,0.000152,0
1673,596,"'s",165243944,11410,535092,-0.000303,0.000303,0
1674,12876," desire",165274167,11411,535092,-0.000311,0.000311,0
1675,311," to",165306599,11412,535092,-0.000066,0.000066,0
1676,10519," maintain",165336534,11413,535092,-0.000272,0.000272,0
1677,264," a",165366842,11414,535092,-0.000080,0.000080,0
1678,26155," fleet",165396885,11415,535092,-0.000041,0.000041,0
1679,449," with",165426457,11416,535092,-0.000153,0.000153,0
1680,520," at",165454842,11417,535092,-0.000105,0.000105,0
1681,3325," least",165485004,11418,535092,-0.000039,0.000039,0
1682,220," ",165515578,11419,535068,-0.000017,0.000017,0
1683,2031,"70",165546478,11420,535068,-0.000168,0.000168,0
1684,1034," %",165576734,11421,535068,-0.002758,0.002758,0
1685,439," as",165607347,11422,535068,-0.000064,0.000064,0
1686,1690," many",165637728,11423,535068,-0.000149,0.000149,0
1687,6864," capital",165668503,11424,535068,-0.000057,0.000057,0
1688,18198," ships",165699991,11425,535068,-0.000523,0.000523,0
1689,439," as",165731409,11426,535068,-0.000090,0.000090,0
1690,279," the",165761129,11427,535092,-0.000031,0.000031,0
1691,2326," US",165790836,11428,535092,-0.000109,0.000109,0
1692,19574," Navy",165821312,11429,535092,-0.000842,0.000842,0
1693,13,".",165852349,11430,535092,-0.018840,0.018840,0
1694,578," The",165886693,11431,535092,-0.000549,0.000549,0
1695,358," I",165917928,11432,535092,-0.001370,0.001370,0
1696,41,"J",165949640,11433,535092,-0.000295,0.000295,0
1697,45,"N",165981428,11434,535092,-0.001716,0.001716,0
1698,364," '",166013029,11435,535092,-0.000711,0.000711,0
1699,82,"s",166044787,11436,535092,-0.000011,0.000011,0
1700,26155," fleet",166075671,11437,535092,-0.000316,0.000316,0
1701,574," was",166107278,11438,535092,-0.000364,0.000364,0
1702,6319," designed",166138264,11439,535092,-0.000271,0.000271,0
1703,311," to",166169201,11440,535092,-0.000084,0.000084,0
1704,387," be",166199109,11441,535092,-0.000047,0.000047,0
1705,13171," capable",166229629,11442,535092,-0.000844,0.000844,0
1706,315," of",166259811,11443,535092,-0.000148,0.000148,0
1707,11039," fighting",166291132,11444,535092,-0.000035,0.000035,0
1708,264," a",166323161,11445,535092,-0.000393,0.000393,0
1709,1403," two",166355234,11446,535092,-0.000067,0.000067,0
1710,12,"-",166387958,11447,535092,-0.000032,0.000032,0
1711,5383,"ship",166419461,11448,535092,-0.008059,0.008059,0
1712,8209," battle",166450976,11449,535092,-0.000228,0.000228,0
1713,304," in",166481851,11450,535092,-0.000089,0.000089,0
1714,11002," Japanese",166512588,11451,535092,-0.000184,0.000184,0
1715,21160," waters",166542515,11452,535092,-0.000195,0.000195,0
1716,323," and",166572230,11453,535092,-0.000138,0.000138,0
1717,1053," would",166603165,11454,535092,-0.000846,0.000846,0
1718,617," have",166633312,11455,535092,-0.000326,0.000326,0
1719,1027," been",166663579,11456,535092,-0.000110,0.000110,0
1720,279," the",166695172,11457,535092,-0.000148,0.000148,0
1721,7928," largest",166726766,11458,535092,-0.000081,0.000081,0
1722,26155," fleet",166758169,11459,535092,-0.000153,0.000153,0
1723,3596," ever",166790423,11460,535028,-0.000488,0.000488,0
1724,5918," built",166822390,11461,535028,-0.001009,0.001009,0
1725,520," at",166854206,11462,535028,-0.000113,0.000113,0
1726,430," that",166887182,11463,535028,-0.000246,0.000246,0
1727,892," time",166918369,11464,535092,-0.000054,0.000054,0
1728,13,".",166948341,11465,535092,-0.023047,0.023047,0
1729,578," The",166978258,11466,535092,-0.000281,0.000281,0
1730,2955," design",167008097,11467,535084,-0.000398,0.000398,0
1731,315," of",167041714,11468,535084,-0.000275,0.000275,0
1732,279," the",167072220,11469,535092,-0.000065,0.000065,0
1733,25572," battles",167102101,11470,535092,-0.000272,0.000272,0
1734,34322,"hips",167132045,11471,535092,-0.001205,0.001205,0
1735,574," was",167162994,11472,535092,-0.000443,0.000443,0
1736,28160," influenced",167192695,11473,535092,-0.000308,0.000308,0
1737,555," by",167223669,11474,535092,-0.000105,0.000105,0
1738,279," the",167256966,11475,535092,-0.000031,0.000031,0
1739,11002," Japanese",167287141,11476,535092,-0.000204,0.000204,0
1740,19574," Navy",167316990,11477,535092,-0.000161,0.000161,0
1741,596,"'s",167346879,11478,535092,-0.000292,0.000292,0
1742,12876," desire",167377778,11479,535092,-0.000327,0.000327,0
1743,311," to",167407702,11480,535092,-0.000081,0.000081,0
1744,10519," maintain",167439214,11481,535092,-0.000318,0.000318,0
1745,264," a",167470165,11482,535092,-0.000093,0.000093,0
1746,26155," fleet",167501354,11483,535092,-0.000040,0.000040,0
1747,449," with",167533546,11484,535092,-0.000161,0.000161,0
1748,520," at",167564926,11485,535092,-0.000102,0.000102,0
1749,3325," least",167596611,11486,535092,-0.000043,0.000043,0
1750,220," ",167628527,11487,535092,-0.000021,0.000021,0
1751,2031,"70",167660455,11488,535092,-0.000244,0.000244,0
1752,1034," %",167691724,11489,535092,-0.002655,0.002655,0
1753,439," as",167722438,11490,535092,-0.000066,0.000066,0
1754,1690," many",167752527,11491,535084,-0.000197,0.000197,0
1755,6864," capital",167783912,11492,535092,-0.000060,0.000060,0
1756,18198," ships",167817081,11493,535092,-0.000511,0.000511,0
1757,439," as",167849017,11494,535092,-0.000095,0.000095,0
1758,279," the",167880045,11495,535092,-0.000035,0.000035,0
1759,2326," US",167910299,11496,535092,-0.000131,0.000131,0
1760,19574," Navy",167941583,11497,535092,-0.000951,0.000951,0
1761,13,".",167972389,11498,535068,-0.020672,0.020672,0
1762,578," The",168004321,11499,535068,-0.000474,0.000474,0
1763,358," I",168036615,11500,535068,-0.001554,0.001554,0
1764,41,"J",168068801,11501,535092,-0.000292,0.000292,0
1765,45,"N",168100687,11502,535092,-0.001834,0.001834,0
1766,364," '",168131810,11503,535092,-0.000858,0.000858,0
1767,82,"s",168163556,11504,535092,-0.000012,0.000012,0
1768,26155," fleet",168194136,11505,535092,-0.000312,0.000312,0
1769,574," was",168224213,11506,535092,-0.000374,0.000374,0
1770,6319," designed",168254440,11507,535092,-0.000274,0.000274,0
1771,311," to",168284995,11508,535092,-0.000122,0.000122,0
1772,387," be",168319720,11509,535092,-0.000054,0.000054,0
1773,13171," capable",168351418,11510,535092,-0.001042,0.001042,0
1774,315," of",168383027,11511,535092,-0.000139,0.000139,0
1775,11039," fighting",168415340,11512,535092,-0.000037,0.000037,0
1776,264," a",168447283,11513,535092,-0.000432,0.000432,0
1777,1403," two",168479186,11514,535092,-0.000076,0.000076,0
1778,12,"-",168511291,11515,535092,-0.000038,0.000038,0
1779,5383,"ship",168543098,11516,535092,-0.006488,0.006488,0
1780,8209," battle",168574698,11517,535092,-0.000228,0.000228,0
1781,304," in",168605107,11518,535092,-0.000099,0.000099,0
1782,11002," Japanese",168635164,11519,535092,-0.000166,0.000166,0
1783,21160," waters",168665828,11520,535092,-0.000226,0.000226,0
1784,323," and",168695798,11521,535092,-0.000142,0.000142,0
1785,1053," would",168726917,11522,535092,-0.000955,0.000955,0
1786,617," have",168758679,11523,535092,-0.000351,0.000351,0
1787,1027," been",168790472,11524,535092,-0.000119,0.000119,0
1788,279," the",168822409,11525,535092,-0.000174,0.000174,0
1789,7928," largest",168854273,11526,535092,-0.000083,0.000083,0
1790,26155," fleet",168885931,11527,535092,-0.000151,0.000151,0
1791,3596," ever",168917790,11528,535092,-0.000502,0.000502,0
1792,5918," built",168949898,11529,535080,-0.000973,0.000973,0
1793,520," at",168980786,11530,535080,-0.000088,0.000088,0
1794,430," that",169011424,11531,535080,-0.000264,0.000264,0
1795,892," time",169041559,11532,535080,-0.000057,0.000057,0
1796,13,".",169071453,11533,535080,-0.020389,0.020389,0
1797,578," The",169101752,11534,535080,-0.000262,0.000262,0
1798,2955," design",169133409,11535,535080,-0.000334,0.000334,0
1799,315," of",169166153,11536,535080,-0.000258,0.000258,0
1800,279," the",169197642,11537,535080,-0.000066,0.000066,0
1801,25572," battles",169229351,11538,535080,-0.000236,0.000236,0
1802,34322,"hips",169261299,11539,535080,-0.001211,0.001211,0
1803,574," was",169293236,11540,535080,-0.000485,0.000485,0
1804,28160," influenced",169325189,11541,535080,-0.000310,0.000310,0
1805,555," by",169356890,11542,535040,-0.000095,0.000095,0
1806,279," the",169387215,11543,535080,-0.000032,0.000032,0
1807,11002," Japanese",169417344,11544,535080,-0.000194,0.000194,0
1808,19574," Navy",169447816,11545,535080,-0.000174,0.000174,0
1809,596,"'s",169476935,11546,535080,-0.000292,0.000292,0
1810,12876," desire",169505941,11547,535092,-0.000340,0.000340,0
1811,311," to",169535270,11548,535092,-0.000095,0.000095,0
1812,10519," maintain",169564195,11549,535092,-0.000332,0.000332,0
1813,264," a",169592766,11550,535092,-0.000095,0.000095,0
1814,26155," fleet",169621728,11551,535092,-0.000042,0.000042,0
1815,449," with",169650548,11552,535092,-0.000185,0.000185,0
1816,520," at",169679706,11553,535092,-0.000119,0.000119,0
1817,3325," least",169710248,11554,535092,-0.000042,0.000042,0
1818,220," ",169741769,11555,535092,-0.000007,0.000007,0
1819,2031,"70",169771003,11556,535092,-0.000266,0.000266,0
1820,1034," %",169800584,11557,535092,-0.003081,0.003081,0
1821,439," as",169829724,11558,535092,-0.000075,0.000075,0
1822,1690," many",169860457,11559,535092,-0.000172,0.000172,0
1823,6864," capital",169891753,11560,535092,-0.000069,0.000069,0
1824,18198," ships",169923959,11561,535092,-0.000571,0.000571,0
1825,439," as",169956655,11562,535092,-0.000102,0.000102,0
1826,279," the",169989195,11563,535092,-0.000041,0.000041,0
1827,2326," US",170022378,11564,535092,-0.000136,0.000136,0
1828,19574," Navy",170054270,11565,535092,-0.001092,0.001092,0
1829,13,".",170087868,11566,535092,-0.023902,0.023902,0
1830,578," The",170118373,11567,535092,-0.000428,0.000428,0
1831,358," I",170149267,11568,535092,-0.001412,0.001412,0
1832,41,"J",170179058,11569,535092,-0.000273,0.000273,0
1833,45,"N",170208919,11570,535092,-0.001734,0.001734,0
1834,364," '",170239969,11571,535092,-0.000711,0.000711,0
1835,82,"s",170271690,11572,535092,-0.000012,0.000012,0
1836,26155," fleet",170303876,11573,535064,-0.000304,0.000304,0
1837,574," was",170335653,11574,535064,-0.000383,0.000383,0
1838,6319," designed",170367716,11575,535060,-0.000276,0.000276,0
1839,311," to",170398828,11576,534980,-0.000130,0.000130,0
1840,387," be",170429125,11577,534980,-0.000069,0.000069,0
1841,13171," capable",170464286,11578,534980,-0.001064,0.001064,0
1842,315," of",170494988,11579,535092,-0.000130,0.000130,0
1843,11039," fighting",170525749,11580,535092,-0.000039,0.000039,0
1844,264," a",170556510,11581,535092,-0.000443,0.000443,0
1845,1403," two",170589815,11582,535092,-0.000087,0.000087,0
1846,12,"-",170625642,11583,535092,-0.000039,0.000039,0
1847,5383,"ship",170657236,11584,535092,-0.006557,0.006557,0
1848,8209," battle",170688908,11585,535092,-0.000237,0.000237,0
1849,304," in",170720628,11586,535092,-0.000099,0.000099,0
1850,11002," Japanese",170751972,11587,535092,-0.000168,0.000168,0
1851,21160," waters",170783594,11588,535092,-0.000247,0.000247,0
1852,323," and",170815382,11589,535092,-0.000142,0.000142,0
1853,1053," would",170847399,11590,535092,-0.001099,0.001099,0
1854,617," have",170878197,11591,535092,-0.000369,0.000369,0
1855,1027," been",170909055,11592,535092,-0.000125,0.000125,0
1856,279," the",170940040,11593,535092,-0.000189,0.000189,0
1857,7928," largest",170970498,11594,535092,-0.000083,0.000083,0
1858,26155," fleet",171002015,11595,535092,-0.000159,0.000159,0
1859,3596," ever",171034778,11596,535092,-0.000675,0.000675,0
1860,5918," built",171067687,11597,535092,-0.001006,0.001006,0
1861,520," at",171100407,11598,535092,-0.000148,0.000148,0
1862,430," that",171133563,11599,535092,-0.000298,0.000298,0
1863,892," time",171166018,11600,535092,-0.000060,0.000060,0
1864,13,".",171197639,11601,535092,-0.019704,0.019704,0
1865,578," The",171229137,11602,535092,-0.000257,0.000257,0
1866,2955," design",171259755,11603,535092,-0.000295,0.000295,0
1867,315," of",171290390,11604,535092,-0.000278,0.000278,0
1868,279," the",171320493,11605,535092,-0.000069,0.000069,0
1869,25572," battles",171350592,11606,535092,-0.000253,0.000253,0
1870,34322,"hips",171382165,11607,535092,-0.001258,0.001258,0
1871,574," was",171414234,11608,535092,-0.000525,0.000525,0
1872,28160," influenced",171446373,11609,535092,-0.000305,0.000305,0
1873,555," by",171478735,11610,535092,-0.000099,0.000099,0
1874,279," the",171511067,11611,535092,-0.000034,0.000034,0
1875,11002," Japanese",171543040,11612,535092,-0.000186,0.000186,0
1876,19574," Navy",171574575,11613,535092,-0.000195,0.000195,0
1877,596,"'s",171606696,11614,535092,-0.000321,0.000321,0
1878,12876," desire",171637532,11615,535092,-0.000366,0.000366,0
1879,311," to",171668105,11616,535092,-0.000118,0.000118,0
1880,10519," maintain",171698159,11617,535092,-0.000350,0.000350,0
1881,264," a",171728239,11618,535092,-0.000105,0.000105,0
1882,26155," fleet",171759572,11619,535092,-0.000042,0.000042,0
1883,449," with",171790398,11620,535092,-0.000185,0.000185,0
1884,520," at",171821622,11621,535092,-0.000145,0.000145,0
1885,3325," least",171853330,11622,535092,-0.000043,0.000043,0
1886,220," ",171885688,11623,535092,-0.000007,0.000007,0
1887,2031,"70",171917970,11624,535092,-0.000302,0.000302,0
1888,1034," %",171950404,11625,535068,-0.003103,0.003103,0
1889,439," as",171982734,11626,535092,-0.000084,0.000084,0
1890,1690," many",172014299,11627,535092,-0.000193,0.000193,0
1891,6864," capital",172044856,11628,535092,-0.000075,0.000075,0
1892,18198," ships",172075509,11629,535092,-0.000537,0.000537,0
1893,439," as",172106846,11630,535092,-0.000114,0.000114,0
1894,279," the",172138489,11631,535092,-0.000048,0.000048,0
1895,2326," US",172170811,11632,535092,-0.000156,0.000156,0
1896,19574," Navy",172203277,11633,535092,-0.001116,0.001116,0
1897,13,".",172236442,11634,535092,-0.025550,0.025550,0
1898,578," The",172268693,11635,535092,-0.000505,0.000505,0
1899,358," I",172301138,11636,535092,-0.002157,0.002157,0
1900,41,"J",172333172,11637,535092,-0.000301,0.000301,0
1901,45,"N",172364859,11638,535092,-0.001774,0.001774,0
1902,364," '",172396887,11639,535092,-0.000852,0.000852,0
1903,82,"s",172428774,11640,535092,-0.000013,0.000013,0
1904,26155," fleet",172459555,11641,535092,-0.000365,0.000365,0
1905,574," was",172489880,11642,535092,-0.000298,0.000298,0
1906,6319," designed",172520667,11643,535092,-0.000287,0.000287,0
1907,311," to",172551055,11644,535092,-0.000137,0.000137,0
1908,387," be",172582731,11645,535092,-0.000076,0.000076,0
1909,13171," capable",172615063,11646,535092,-0.001264,0.001264,0
1910,315," of",172646982,11647,535092,-0.000167,0.000167,0
1911,11039," fighting",172678920,11648,535048,-0.000041,0.000041,0
1912,264," a",172711268,11649,535048,-0.000440,0.000440,0
1913,1403," two",172742981,11650,535092,-0.000097,0.000097,0
1914,12,"-",172775548,11651,535092,-0.000040,0.000040,0
1915,5383,"ship",172807744,11652,535092,-0.006156,0.006156,0
1916,8209," battle",172838877,11653,535092,-0.000252,0.000252,0
1917,304," in",172870792,11654,535092,-0.000110,0.000110,0
1918,11002," Japanese",172901368,11655,535092,-0.000159,0.000159,0
1919,21160," waters",172933196,11656,535092,-0.000235,0.000235,0
1920,323," and",172965612,11657,535092,-0.000157,0.000157,0
1921,1053," would",172996678,11658,535092,-0.001148,0.001148,0
1922,617," have",173027611,11659,535092,-0.000407,0.000407,0
1923,1027," been",173059022,11660,535092,-0.000112,0.000112,0
1924,279," the",173091012,11661,535092,-0.000193,0.000193,0
1925,7928," largest",173122819,11662,535092,-0.000085,0.000085,0
1926,26155," fleet",173155236,11663,535092,-0.000166,0.000166,0
1927,3596," ever",173188362,11664,535092,-0.000759,0.000759,0
1928,5918," built",173220961,11665,535092,-0.001144,0.001144,0
1929,520," at",173252541,11666,535092,-0.000105,0.000105,0
1930,430," that",173284545,11667,535092,-0.000331,0.000331,0
1931,892," time",173315186,11668,535092,-0.000061,0.000061,0
1932,13,".",173345719,11669,534984,-0.023998,0.023998,0
1933,578," The",173376566,11670,534984,-0.000285,0.000285,0
1934,2955," design",173407285,11671,535092,-0.000329,0.000329,0
1935,315," of",173439193,11672,535092,-0.000311,0.000311,0
1936,279," the",173471282,11673,535092,-0.000073,0.000073,0
1937,25572," battles",173503756,11674,535092,-0.000364,0.000364,0
1938,34322,"hips",173536784,11675,535092,-0.001223,0.001223,0
1939,574," was",173569335,11676,535092,-0.000542,0.000542,0
1940,28160," influenced",173601702,11677,535092,-0.000321,0.000321,0
1941,555," by",173633855,11678,535092,-0.000100,0.000100,0
1942,279," the",173666087,11679,535092,-0.000034,0.000034,0
1943,11002," Japanese",173700207,11680,535092,-0.000224,0.000224,0
1944,19574," Navy",173730847,11681,534992,-0.000215,0.000215,0
1945,596,"'s",173761647,11682,534992,-0.000346,0.000346,0
1946,12876," desire",173792370,11683,534992,-0.000414,0.000414,0
1947,311," to",173823745,11684,534992,-0.000117,0.000117,0
1948,10519," maintain",173859438,11685,534992,-0.000365,0.000365,0
1949,264," a",173892719,11686,534992,-0.000115,0.000115,0
1950,26155," fleet",173927234,11687,534992,-0.000043,0.000043,0
1951,449," with",173957320,11688,534992,-0.000192,0.000192,0
1952,520," at",173987648,11689,535092,-0.000150,0.000150,0
1953,3325," least",174018235,11690,535092,-0.000043,0.000043,0
1954,220," ",174047457,11691,535092,-0.000035,0.000035,0
1955,2031,"70",174076685,11692,535092,-0.000304,0.000304,0
1956,1034," %",174106222,11693,535092,-0.003225,0.003225,0
1957,439," as",174135471,11694,535092,-0.000085,0.000085,0
1958,1690," many",174166668,11695,535092,-0.000230,0.000230,0
1959,6864," capital",174196636,11696,535092,-0.000080,0.000080,0
1960,18198," ships",174227078,11697,535092,-0.000664,0.000664,0
1961,439," as",174258246,11698,535092,-0.000122,0.000122,0
1962,279," the",174289895,11699,535092,-0.000049,0.000049,0
1963,2326," US",174320694,11700,535092,-0.000157,0.000157,0
1964,19574," Navy",174351717,11701,535056,-0.001303,0.001303,0
1965,13,".",174383335,11702,535056,-0.022559,0.022559,0
1966,578," The",174415388,11703,535056,-0.000499,0.000499,0
1967,358," I",174446168,11704,535052,-0.001606,0.001606,0
1968,41,"J",174477091,11705,535056,-0.000292,0.000292,0
1969,45,"N",174508185,11706,535088,-0.001838,0.001838,0
1970,364," '",174539116,11707,535088,-0.001034,0.001034,0
1971,82,"s",174571187,11708,535088,-0.000016,0.000016,0
1972,26155," fleet",174604078,11709,535088,-0.000375,0.000375,0
1973,574," was",174637426,11710,535092,-0.000424,0.000424,0
1974,6319," designed",174670141,11711,535092,-0.000284,0.000284,0
1975,311," to",174702249,11712,535092,-0.000148,0.000148,0
1976,387," be",174735077,11713,535092,-0.000080,0.000080,0
1977,13171," capable",174766851,11714,535092,-0.001387,0.001387,0
1978,315," of",174797997,11715,535092,-0.000154,0.000154,0
1979,11039," fighting",174829555,11716,535092,-0.000043,0.000043,0
1980,264," a",174860184,11717,535092,-0.000428,0.000428,0
1981,1403," two",174891028,11718,535092,-0.000104,0.000104,0
1982,12,"-",174921802,11719,535092,-0.000022,0.000022,0
1983,5383,"ship",174953950,11720,535092,-0.005751,0.005751,0
1984,8209," battle",174987148,11721,535092,-0.000261,0.000261,0
1985,304," in",175019578,11722,534992,-0.000111,0.000111,0
1986,11002," Japanese",175051870,11723,534992,-0.000155,0.000155,0
1987,21160," waters",175084252,11724,534992,-0.000224,0.000224,0
1988,323," and",175117262,11725,534992,-0.000171,0.000171,0
1989,1053," would",175149426,11726,534992,-0.001027,0.001027,0
1990,617," have",175182318,11727,534992,-0.000431,0.000431,0
1991,1027," been",175213125,11728,534992,-0.000140,0.000140,0
1992,279," the",175243966,11729,535092,-0.000203,0.000203,0
1993,7928," largest",175275244,11730,535092,-0.000087,0.000087,0
1994,26155," fleet",175304501,11731,535092,-0.000170,0.000170,0
1995,3596," ever",175338198,11732,535092,-0.000817,0.000817,0
1996,5918," built",175370138,11733,535092,-0.000995,0.000995,0
1997,520," at",175402080,11734,535092,-0.000197,0.000197,0
1998,430," that",175434866,11735,535092,-0.000345,0.000345,0
1999,892," time",175468150,11736,535092,-0.000064,0.000064,0
2000,13,".",175501052,11737,535092,-0.029212,0.029212,0
2001,578," The",175533426,11738,535092,-0.000312,0.000312,0
2002,2955," design",175566180,11739,535088,-0.000287,0.000287,0
2003,315," of",175597614,11740,535092,-0.000253,0.000253,0
2004,279," the",175628553,11741,535048,-0.000086,0.000086,0
2005,25572," battles",175659493,11742,535048,-0.000408,0.000408,0
2006,34322,"hips",175690209,11743,535048,-0.001246,0.001246,0
2007,574," was",175722722,11744,535048,-0.000589,0.000589,0
2008,28160," influenced",175755809,11745,535048,-0.000391,0.000391,0
2009,555," by",175788477,11746,535048,-0.000106,0.000106,0
2010,279," the",175821882,11747,535092,-0.000037,0.000037,0
2011,11002," Japanese",175854543,11748,535092,-0.000200,0.000200,0
2012,19574," Navy",175886785,11749,535092,-0.000233,0.000233,0
2013,596,"'s",175918921,11750,535092,-0.000341,0.000341,0
2014,12876," desire",175950956,11751,535092,-0.000420,0.000420,0
2015,311," to",175982267,11752,535084,-0.000137,0.000137,0
2016,10519," maintain",176013568,11753,535084,-0.000389,0.000389,0
2017,264," a",176044109,11754,535012,-0.000138,0.000138,0
2018,26155," fleet",176075011,11755,534968,-0.000047,0.000047,0
2019,449," with",176107079,11756,535092,-0.000192,0.000192,0
2020,520," at",176140228,11757,535092,-0.000136,0.000136,0
2021,3325," least",176172966,11758,535092,-0.000044,0.000044,0
2022,220," ",176205230,11759,535092,-0.000030,0.000030,0
2023,2031,"70",176237853,11760,535092,-0.000304,0.000304,0
2024,1034," %",176269992,11761,535092,-0.003106,0.003106,0
2025,439," as",176301908,11762,535092,-0.000087,0.000087,0
2026,1690," many",176334188,11763,535092,-0.000195,0.000195,0
2027,6864," capital",176365361,11764,535092,-0.000080,0.000080,0
2028,18198," ships",176396422,11765,535092,-0.000590,0.000590,0
2029,439," as",176426967,11766,535092,-0.000134,0.000134,0
2030,279," the",176457512,11767,535080,-0.000047,0.000047,0
2031,2326," US",176489134,11768,535080,-0.000148,0.000148,0
2032,19574," Navy",176521280,11769,535080,-0.001228,0.001228,0
2033,13,".",176553799,11770,535080,-0.032617,0.032617,0
2034,578," The",176585344,11771,535080,-0.000600,0.000600,0
2035,358," I",176616002,11772,535080,-0.001945,0.001945,0
2036,41,"J",176647959,11773,535080,-0.000323,0.000323,0
2037,45,"N",176680587,11774,535080,-0.001722,0.001722,0
2038,364," '",176712865,11775,535080,-0.001096,0.001096,0
2039,82,"s",176743839,11776,535080,-0.000018,0.000018,0
2040,26155," fleet",176775099,11777,535080,-0.000418,0.000418,0
2041,574," was",176805926,11778,535080,-0.000459,0.000459,0
2042,6319," designed",176836522,11779,535092,-0.000285,0.000285,0
2043,311," to",176868371,11780,535092,-0.000155,0.000155,0
2044,387," be",176898967,11781,535092,-0.000089,0.000089,0
2045,13171," capable",176929548,11782,535092,-0.001407,0.001407,0
2046,315," of",176960028,11783,535092,-0.000193,0.000193,0
2047,11039," fighting",176990552,11784,535092,-0.000046,0.000046,0
2048,264," a",177021084,11785,535092,-0.000458,0.000458,0
2049,1403," two",177052396,11786,535092,-0.000116,0.000116,0
2050,12,"-",177083633,11787,535092,-0.000041,0.000041,0
2051,5383,"ship",177115567,11788,535092,-0.006502,0.006502,0
2052,8209," battle",177146563,11789,535092,-0.000259,0.000259,0
2053,304," in",177177061,11790,535092,-0.000115,0.000115,0
2054,11002," Japanese",177208308,11791,535092,-0.000169,0.000169,0
2055,21160," waters",177239040,11792,535092,-0.000221,0.000221,0
2056,323," and",177270561,11793,535092,-0.000178,0.000178,0
2057,1053," would",177302720,11794,535092,-0.001255,0.001255,0
2058,617," have",177334661,11795,535092,-0.000435,0.000435,0
2059,1027," been",177366857,11796,535092,-0.000142,0.000142,0
2060,279," the",177398689,11797,535092,-0.000194,0.000194,0
2061,7928," largest",177430714,11798,535044,-0.000092,0.000092,0
2062,26155," fleet",177462635,11799,535092,-0.000182,0.000182,0
2063,3596," ever",177494872,11800,535088,-0.000819,0.000819,0
2064,5918," built",177526119,11801,535092,-0.000986,0.000986,0
2065,520," at",177557240,11802,535032,-0.000201,0.000201,0
2066,430," that",177587685,11803,535016,-0.000367,0.000367,0
2067,892," time",177618043,11804,535016,-0.000067,0.000067,0
2068,13,".",177649230,11805,535076,-0.032141,0.032141,0
2069,578," The",177681565,11806,535076,-0.000320,0.000320,0
2070,2955," design",177713701,11807,535076,-0.000494,0.000494,0
2071,315," of",177746149,11808,535076,-0.000402,0.000402,0
2072,279," the",177778620,11809,535076,-0.000115,0.000115,0
2073,25572," battles",177811019,11810,535092,-0.000547,0.000547,0
2074,34322,"hips",177843911,11811,535092,-0.001337,0.001337,0
2075,574," was",177876419,11812,535092,-0.000600,0.000600,0
2076,28160," influenced",177908516,11813,535092,-0.000354,0.000354,0
2077,555," by",177939226,11814,535092,-0.000121,0.000121,0
2078,279," the",177969984,11815,535092,-0.000043,0.000043,0
2079,11002," Japanese",178001218,11816,535092,-0.000224,0.000224,0
2080,19574," Navy",178031832,11817,535092,-0.000256,0.000256,0
2081,596,"'s",178062804,11818,535092,-0.000367,0.000367,0
2082,12876," desire",178093793,11819,535092,-0.000403,0.000403,0
2083,311," to",178124359,11820,535088,-0.000134,0.000134,0
2084,10519," maintain",178155060,11821,535088,-0.000401,0.000401,0
2085,264," a",178185617,11822,535084,-0.000136,0.000136,0
2086,26155," fleet",178216131,11823,535092,-0.000049,0.000049,0
2087,449," with",178246655,11824,535092,-0.000226,0.000226,0
2088,520," at",178277161,11825,535092,-0.000164,0.000164,0
2089,3325," least",178308136,11826,535092,-0.000048,0.000048,0
2090,220," ",178339272,11827,535092,-0.000034,0.000034,0
2091,2031,"70",178368996,11828,535092,-0.000322,0.000322,0
2092,1034," %",178400032,11829,535092,-0.002891,0.002891,0
2093,439," as",178431399,11830,535092,-0.000096,0.000096,0
2094,1690," many",178463730,11831,535092,-0.000208,0.000208,0
2095,6864," capital",178495889,11832,535092,-0.000079,0.000079,0
2096,18198," ships",178528037,11833,535092,-0.000743,0.000743,0
2097,439," as",178560182,11834,535092,-0.000139,0.000139,0
2098,279," the",178592195,11835,535092,-0.000039,0.000039,0
2099,2326," US",178624520,11836,535092,-0.000177,0.000177,0
2100,19574," Navy",178656013,11837,535092,-0.001281,0.001281,0
2101,13,".",178686915,11838,535092,-0.033018,0.033018,0
2102,578," The",178718182,11839,535092,-0.000611,0.000611,0
2103,358," I",178748776,11840,535092,-0.002148,0.002148,0
2104,41,"J",178781276,11841,535092,-0.000357,0.000357,0
2105,45,"N",178814589,11842,535092,-0.001770,0.001770,0
2106,364," '",178847154,11843,535092,-0.001135,0.001135,0
2107,82,"s",178879098,11844,535092,-0.000015,0.000015,0
2108,26155," fleet",178911443,11845,535092,-0.000454,0.000454,0
2109,574," was",178943474,11846,535092,-0.000446,0.000446,0
2110,6319," designed",178975797,11847,535092,-0.000304,0.000304,0
2111,311," to",179008219,11848,535092,-0.000124,0.000124,0
2112,387," be",179039104,11849,535092,-0.000089,0.000089,0
2113,13171," capable",179070901,11850,535048,-0.001472,0.001472,0
2114,315," of",179101816,11851,535048,-0.000223,0.000223,0
2115,11039," fighting",179132631,11852,535048,-0.000048,0.000048,0
2116,264," a",179164949,11853,535092,-0.000476,0.000476,0
2117,1403," two",179197571,11854,535092,-0.000115,0.000115,0
2118,12,"-",179230370,11855,535092,-0.000045,0.000045,0
2119,5383,"ship",179263254,11856,535048,-0.006190,0.006190,0
2120,8209," battle",179295657,11857,535048,-0.000279,0.000279,0
2121,304," in",179328260,11858,535048,-0.000122,0.000122,0
2122,11002," Japanese",179360663,11859,535048,-0.000180,0.000180,0
2123,21160," waters",179392859,11860,535048,-0.000227,0.000227,0
2124,323," and",179424443,11861,535048,-0.000186,0.000186,0
2125,1053," would",179455430,11862,535048,-0.001187,0.001187,0
2126,617," have",179486145,11863,535048,-0.000429,0.000429,0
2127,1027," been",179518098,11864,535048,-0.000117,0.000117,0
2128,279," the",179549249,11865,535048,-0.000199,0.000199,0
2129,7928," largest",179581764,11866,535048,-0.000098,0.000098,0
2130,26155," fleet",179614476,11867,535048,-0.000185,0.000185,0
2131,3596," ever",179647546,11868,535048,-0.000857,0.000857,0
2132,5918," built",179680917,11869,535048,-0.001041,0.001041,0
2133,520," at",179714823,11870,535048,-0.000129,0.000129,0
2134,430," that",179748073,11871,535048,-0.000391,0.000391,0
2135,892," time",179780891,11872,535048,-0.000075,0.000075,0
2136,13,".",179814108,11873,535048,-0.040567,0.040567,0
2137,578," The",179845555,11874,535092,-0.000402,0.000402,0
2138,2955," design",179876534,11875,535088,-0.000384,0.000384,0
2139,315," of",179908294,11876,535092,-0.000282,0.000282,0
2140,279," the",179939122,11877,535092,-0.000122,0.000122,0
2141,25572," battles",179971579,11878,535092,-0.000487,0.000487,0
2142,34322,"hips",180004923,11879,535092,-0.001392,0.001392,0
2143,574," was",180038127,11880,535092,-0.000606,0.000606,0
2144,28160," influenced",180070711,11881,535092,-0.000377,0.000377,0
2145,555," by",180103514,11882,535092,-0.000122,0.000122,0
2146,279," the",180136289,11883,535092,-0.000045,0.000045,0
2147,11002," Japanese",180168382,11884,535092,-0.000231,0.000231,0
2148,19574," Navy",180200233,11885,535092,-0.000262,0.000262,0
2149,596,"'s",180231376,11886,535092,-0.000326,0.000326,0
2150,12876," desire",180262809,11887,535092,-0.000407,0.000407,0
2151,311," to",180294354,11888,535092,-0.000149,0.000149,0
2152,10519," maintain",180325586,11889,535092,-0.000416,0.000416,0
2153,264," a",180356605,11890,535092,-0.000145,0.000145,0
2154,26155," fleet",180388568,11891,535092,-0.000052,0.000052,0
2155,449," with",180421441,11892,535092,-0.000201,0.000201,0
2156,520," at",180454753,11893,535092,-0.000171,0.000171,0
2157,3325," least",180487709,11894,535092,-0.000047,0.000047,0
2158,220," ",180520899,11895,535092,-0.000028,0.000028,0
2159,2031,"70",180553093,11896,535092,-0.000368,0.000368,0
2160,1034," %",180584504,11897,535092,-0.003267,0.003267,0
2161,439," as",180615532,11898,535092,-0.000097,0.000097,0
2162,1690," many",180650754,11899,535092,-0.000206,0.000206,0
2163,6864," capital",180683460,11900,535092,-0.000081,0.000081,0
2164,18198," ships",180715977,11901,535092,-0.000668,0.000668,0
2165,439," as",180749176,11902,535092,-0.000143,0.000143,0
2166,279," the",180782064,11903,535092,-0.000053,0.000053,0
2167,2326," US",180814868,11904,535092,-0.000188,0.000188,0
2168,19574," Navy",180847723,11905,535092,-0.001444,0.001444,0
2169,13,".",180880140,11906,535092,-0.036501,0.036501,0
2170,578," The",180911626,11907,535092,-0.000615,0.000615,0
2171,358," I",180943436,11908,535092,-0.001862,0.001862,0
2172,41,"J",180974687,11909,535092,-0.000398,0.000398,0
2173,45,"N",181005801,11910,535092,-0.002425,0.002425,0
2174,364," '",181037699,11911,535092,-0.001200,0.001200,0
2175,82,"s",181068698,11912,535092,-0.000017,0.000017,0
2176,26155," fleet",181101282,11913,535092,-0.000441,0.000441,0
2177,574," was",181134696,11914,535092,-0.000494,0.000494,0
2178,6319," designed",181167773,11915,535092,-0.000327,0.000327,0
2179,311," to",181200289,11916,535092,-0.000136,0.000136,0
2180,387," be",181232434,11917,535092,-0.000098,0.000098,0
2181,13171," capable",181265008,11918,535092,-0.001551,0.001551,0
2182,315," of",181297267,11919,535092,-0.000211,0.000211,0
2183,11039," fighting",181329532,11920,535092,-0.000052,0.000052,0
2184,264," a",181360753,11921,535092,-0.000499,0.000499,0
2185,1403," two",181391833,11922,535092,-0.000118,0.000118,0
2186,12,"-",181422988,11923,535092,-0.000045,0.000045,0
2187,5383,"ship",181454153,11924,535092,-0.005759,0.005759,0
2188,8209," battle",181486497,11925,535052,-0.000287,0.000287,0
2189,304," in",181519144,11926,535052,-0.000123,0.000123,0
2190,11002," Japanese",181552473,11927,535092,-0.000191,0.000191,0
2191,21160," waters",181585669,11928,535080,-0.000236,0.000236,0
2192,323," and",181618665,11929,535080,-0.000205,0.000205,0
2193,1053," would",181652170,11930,535080,-0.001264,0.001264,0
2194,617," have",181684985,11931,535080,-0.000493,0.000493,0
2195,1027," been",181718145,11932,535080,-0.000150,0.000150,0
2196,279," the",181749608,11933,535080,-0.000222,0.000222,0
2197,7928," largest",181781351,11934,535080,-0.000103,0.000103,0
2198,26155," fleet",181812708,11935,535080,-0.000199,0.000199,0
2199,3596," ever",181847891,11936,535092,-0.000909,0.000909,0
2200,5918," built",181879498,11937,535092,-0.001148,0.001148,0
2201,520," at",181912119,11938,535092,-0.000234,0.000234,0
2202,430," that",181944866,11939,535092,-0.000426,0.000426,0
2203,892," time",181978028,11940,535092,-0.000082,0.000082,0
2204,13,".",182011604,11941,535092,-0.038617,0.038617,0
2205,578," The",182045088,11942,535092,-0.000328,0.000328,0
2206,2955," design",182078172,11943,535092,-0.000296,0.000296,0
2207,315," of",182110950,11944,535092,-0.000410,0.000410,0
2208,279," the",182143407,11945,535092,-0.000156,0.000156,0
2209,25572," battles",182175088,11946,535092,-0.000612,0.000612,0
2210,34322,"hips",182206320,11947,534984,-0.001475,0.001475,0
2211,574," was",182236207,11948,534984,-0.000681,0.000681,0
2212,28160," influenced",182266177,11949,534984,-0.000393,0.000393,0
2213,555," by",182296167,11950,534984,-0.000139,0.000139,0
2214,279," the",182327159,11951,534984,-0.000047,0.000047,0
2215,11002," Japanese",182357013,11952,534984,-0.000243,0.000243,0
2216,19574," Navy",182387148,11953,535092,-0.000280,0.000280,0
2217,596,"'s",182419011,11954,535092,-0.000315,0.000315,0
2218,12876," desire",182451516,11955,535092,-0.000424,0.000424,0
2219,311," to",182485761,11956,535092,-0.000149,0.000149,0
2220,10519," maintain",182517156,11957,535092,-0.000440,0.000440,0
2221,264," a",182550745,11958,535092,-0.000155,0.000155,0
2222,26155," fleet",182581832,11959,535092,-0.000055,0.000055,0
2223,449," with",182614520,11960,535092,-0.000219,0.000219,0
2224,520," at",182647580,11961,535092,-0.000194,0.000194,0
2225,3325," least",182681123,11962,535092,-0.000051,0.000051,0
2226,220," ",182717670,11963,535092,-0.000011,0.000011,0
2227,2031,"70",182749006,11964,535092,-0.000386,0.000386,0
2228,1034," %",182781983,11965,535092,-0.004164,0.004164,0
2229,439," as",182814655,11966,535092,-0.000117,0.000117,0
2230,1690," many",182847164,11967,535092,-0.000233,0.000233,0
2231,6864," capital",182878600,11968,535076,-0.000093,0.000093,0
2232,18198," ships",182910315,11969,535076,-0.000730,0.000730,0
2233,439," as",182940071,11970,535076,-0.000156,0.000156,0
2234,279," the",182970351,11971,535092,-0.000056,0.000056,0
2235,2326," US",183000991,11972,535092,-0.000216,0.000216,0
2236,19574," Navy",183032072,11973,535092,-0.001692,0.001692,0
2237,13,".",183068586,11974,535092,-0.040045,0.040045,0
2238,578," The",183099237,11975,535092,-0.000614,0.000614,0
2239,358," I",183131800,11976,535092,-0.001569,0.001569,0
2240,41,"J",183164839,11977,535092,-0.000391,0.000391,0
2241,45,"N",183197986,11978,535092,-0.002159,0.002159,0
2242,364," '",183230950,11979,535092,-0.001377,0.001377,0
2243,82,"s",183264049,11980,535092,-0.000017,0.000017,0
2244,26155," fleet",183296868,11981,535092,-0.000477,0.000477,0
2245,574," was",183329296,11982,535092,-0.000535,0.000535,0
2246,6319," designed",183361515,11983,535092,-0.000347,0.000347,0
2247,311," to",183392966,11984,535092,-0.000149,0.000149,0
2248,387," be",183424281,11985,535092,-0.000101,0.000101,0
2249,13171," capable",183455720,11986,535092,-0.001635,0.001635,0
2250,315," of",183487338,11987,535092,-0.000303,0.000303,0
2251,11039," fighting",183518547,11988,535092,-0.000057,0.000057,0
2252,264," a",183549840,11989,535092,-0.000586,0.000586,0
2253,1403," two",183581396,11990,535092,-0.000127,0.000127,0
2254,12,"-",183614232,11991,535092,-0.000044,0.000044,0
2255,5383,"ship",183646264,11992,535092,-0.005800,0.005800,0
2256,8209," battle",183678974,11993,535092,-0.000306,0.000306,0
2257,304," in",183712561,11994,535092,-0.000148,0.000148,0
2258,11002," Japanese",183745526,11995,535092,-0.000210,0.000210,0
2259,21160," waters",183776900,11996,535092,-0.000262,0.000262,0
2260,323," and",183808370,11997,535092,-0.000218,0.000218,0
2261,1053," would",183839768,11998,535092,-0.001341,0.001341,0
2262,617," have",183871558,11999,535092,-0.000519,0.000519,0
2263,1027," been",183903854,12000,535092,-0.000169,0.000169,0
2264,279," the",183936687,12001,535092,-0.000242,0.000242,0
2265,7928," largest",183969545,12002,535092,-0.000114,0.000114,0
2266,26155," fleet",184002538,12003,535092,-0.000206,0.000206,0
2267,3596," ever",184036137,12004,535092,-0.001009,0.001009,0
2268,5918," built",184069985,12005,535092,-0.001309,0.001309,0
2269,520," at",184102471,12006,535092,-0.000262,0.000262,0
2270,430," that",184135337,12007,535092,-0.000467,0.000467,0
2271,892," time",184167181,12008,535092,-0.000096,0.000096,0
2272,13,".",184198613,12009,535092,-0.035813,0.035813,0
2273,578," The",184231142,12010,535092,-0.000320,0.000320,0
2274,2955," design",184262573,12011,535092,-0.000312,0.000312,0
2275,315," of",184295072,12012,535092,-0.000388,0.000388,0
2276,279," the",184328009,12013,535092,-0.000154,0.000154,0
2277,25572," battles",184360800,12014,535092,-0.000610,0.000610,0
2278,34322,"hips",184394085,12015,535092,-0.001455,0.001455,0
2279,574," was",184427052,12016,535092,-0.000672,0.000672,0
2280,28160," influenced",184459755,12017,535092,-0.000425,0.000425,0
2281,555," by",184492182,12018,535092,-0.000142,0.000142,0
2282,279," the",184525369,12019,535088,-0.000044,0.000044,0
2283,11002," Japanese",184557052,12020,535088,-0.000234,0.000234,0
2284,19574," Navy",184588446,12021,535088,-0.000288,0.000288,0
2285,596,"'s",184620303,12022,535088,-0.000332,0.000332,0
2286,12876," desire",184651601,12023,535088,-0.000476,0.000476,0
2287,311," to",184684416,12024,535088,-0.000171,0.000171,0
2288,10519," maintain",184717945,12025,535088,-0.000453,0.000453,0
2289,264," a",184750535,12026,535044,-0.000165,0.000165,0
2290,26155," fleet",184783334,12027,535012,-0.000054,0.000054,0
2291,449," with",184816915,12028,535088,-0.000293,0.000293,0
2292,520," at",184850780,12029,535088,-0.000198,0.000198,0
2293,3325," least",184884505,12030,534996,-0.000055,0.000055,0
2294,220," ",184918272,12031,534940,-0.000037,0.000037,0
2295,2031,"70",184950399,12032,534940,-0.000459,0.000459,0
2296,1034," %",184982437,12033,534996,-0.003797,0.003797,0
2297,439," as",185014013,12034,535088,-0.000128,0.000128,0
2298,1690," many",185046111,12035,535024,-0.000254,0.000254,0
2299,6864," capital",185078319,12036,535024,-0.000101,0.000101,0
2300,18198," ships",185111151,12037,535024,-0.000867,0.000867,0
2301,439," as",185144080,12038,535024,-0.000188,0.000188,0
2302,279," the",185177587,12039,535024,-0.000066,0.000066,0
2303,2326," US",185211665,12040,535024,-0.000247,0.000247,0
2304,19574," Navy",185245346,12041,535024,-0.001795,0.001795,0
2305,13,".",185278961,12042,535024,-0.035179,0.035179,0
2306,578," The",185311791,12043,535092,-0.000500,0.000500,0
2307,358," I",185344614,12044,535092,-0.001118,0.001118,0
2308,41,"J",185376450,12045,535092,-0.000396,0.000396,0
2309,45,"N",185407887,12046,535092,-0.002249,0.002249,0
2310,364," '",185439993,12047,535092,-0.001346,0.001346,0
2311,82,"s",185471729,12048,535092,-0.000018,0.000018,0
2312,26155," fleet",185504428,12049,535092,-0.000484,0.000484,0
2313,574," was",185537290,12050,535092,-0.000492,0.000492,0
2314,6319," designed",185570645,12051,535092,-0.000384,0.000384,0
2315,311," to",185603941,12052,535092,-0.000153,0.000153,0
2316,387," be",185636794,12053,535092,-0.000106,0.000106,0
2317,13171," capable",185670318,12054,535092,-0.001627,0.001627,0
2318,315," of",185702186,12055,535092,-0.000280,0.000280,0
2319,11039," fighting",185734726,12056,535092,-0.000059,0.000059,0
2320,264," a",185766357,12057,535092,-0.000552,0.000552,0
2321,1403," two",185797664,12058,535092,-0.000132,0.000132,0
2322,12,"-",185830135,12059,535092,-0.000054,0.000054,0
2323,5383,"ship",185861968,12060,535092,-0.005822,0.005822,0
2324,8209," battle",185894681,12061,535092,-0.000304,0.000304,0
2325,304," in",185927367,12062,535092,-0.000164,0.000164,0
2326,11002," Japanese",185960241,12063,535092,-0.000228,0.000228,0
2327,21160," waters",185993399,12064,535092,-0.000301,0.000301,0
2328,323," and",186027126,12065,535092,-0.000254,0.000254,0
2329,1053," would",186060602,12066,535092,-0.001481,0.001481,0
2330,617," have",186094397,12067,535092,-0.000577,0.000577,0
2331,1027," been",186127564,12068,535092,-0.000180,0.000180,0
2332,279," the",186159864,12069,535092,-0.000274,0.000274,0
2333,7928," largest",186191578,12070,535092,-0.000121,0.000121,0
2334,26155," fleet",186222941,12071,535092,-0.000214,0.000214,0
2335,3596," ever",186257238,12072,535092,-0.001063,0.001063,0
2336,5918," built",186290234,12073,535092,-0.001442,0.001442,0
2337,520," at",186323701,12074,535092,-0.000289,0.000289,0
2338,430," that",186357879,12075,535092,-0.000475,0.000475,0
2339,892," time",186391400,12076,535092,-0.000102,0.000102,0
2340,13,".",186424414,12077,535092,-0.034198,0.034198,0
2341,578," The",186458357,12078,535092,-0.000321,0.000321,0
2342,2955," design",186491699,12079,535092,-0.000292,0.000292,0
2343,315," of",186525093,12080,535092,-0.000364,0.000364,0
2344,279," the",186556943,12081,535048,-0.000153,0.000153,0
2345,25572," battles",186591431,12082,535048,-0.000589,0.000589,0
2346,34322,"hips",186623210,12083,535048,-0.001504,0.001504,0
2347,574," was",186654949,12084,535048,-0.000595,0.000595,0
2348,28160," influenced",186686754,12085,535048,-0.000433,0.000433,0
2349,555," by",186718468,12086,535092,-0.000143,0.000143,0
2350,279," the",186755709,12087,535092,-0.000043,0.000043,0
2351,11002," Japanese",186787343,12088,535092,-0.000331,0.000331,0
2352,19574," Navy",186818419,12089,535092,-0.000313,0.000313,0
2353,596,"'s",186849783,12090,535092,-0.000372,0.000372,0
2354,12876," desire",186881117,12091,535092,-0.000513,0.000513,0
2355,311," to",186912530,12092,535092,-0.000173,0.000173,0
2356,10519," maintain",186944160,12093,535092,-0.000505,0.000505,0
2357,264," a",186976126,12094,535092,-0.000173,0.000173,0
2358,26155," fleet",187010994,12095,535092,-0.000057,0.000057,0
2359,449," with",187046764,12096,535092,-0.000330,0.000330,0
2360,520," at",187078985,12097,535092,-0.000182,0.000182,0
2361,3325," least",187112148,12098,535092,-0.000063,0.000063,0
2362,220," ",187146169,12099,535092,-0.000036,0.000036,0
2363,2031,"70",187180364,12100,535092,-0.000525,0.000525,0
2364,1034," %",187213725,12101,535092,-0.004102,0.004102,0
2365,439," as",187246420,12102,535092,-0.000158,0.000158,0
2366,1690," many",187278105,12103,535092,-0.000304,0.000304,0
2367,6864," capital",187310500,12104,535092,-0.000109,0.000109,0
2368,18198," ships",187342162,12105,535092,-0.000869,0.000869,0
2369,439," as",187374156,12106,535092,-0.000207,0.000207,0
2370,279," the",187407033,12107,535092,-0.000075,0.000075,0
2371,2326," US",187440112,12108,535092,-0.000236,0.000236,0
2372,19574," Navy",187473366,12109,535092,-0.001896,0.001896,0
2373,13,".",187507481,12110,535092,-0.044740,0.044740,0
2374,578," The",187541815,12111,535092,-0.000505,0.000505,0
2375,358," I",187575181,12112,535092,-0.001026,0.001026,0
2376,41,"J",187608432,12113,535092,-0.000370,0.000370,0
2377,45,"N",187640456,12114,535092,-0.002539,0.002539,0
2378,364," '",187672375,12115,535092,-0.001422,0.001422,0
2379,82,"s",187705852,12116,535092,-0.000018,0.000018,0
2380,26155," fleet",187742058,12117,535092,-0.000513,0.000513,0
2381,574," was",187776656,12118,535092,-0.000533,0.000533,0
2382,6319," designed",187811497,12119,535092,-0.000394,0.000394,0
2383,311," to",187846288,12120,535092,-0.000152,0.000152,0
2384,387," be",187879984,12121,535092,-0.000089,0.000089,0
2385,13171," capable",187914475,12122,535084,-0.001735,0.001735,0
2386,315," of",187949054,12123,535084,-0.000354,0.000354,0
2387,11039," fighting",187983230,12124,535092,-0.000065,0.000065,0
2388,264," a",188016866,12125,535092,-0.000617,0.000617,0
2389,1403," two",188049582,12126,535092,-0.000145,0.000145,0
2390,12,"-",188082202,12127,535092,-0.000033,0.000033,0
2391,5383,"ship",188114296,12128,535092,-0.006004,0.006004,0
2392,8209," battle",188148427,12129,535092,-0.000315,0.000315,0
2393,304," in",188182288,12130,535092,-0.000191,0.000191,0
2394,11002," Japanese",188218083,12131,535092,-0.000240,0.000240,0
2395,21160," waters",188252077,12132,535092,-0.000317,0.000317,0
2396,323," and",188286560,12133,535092,-0.000247,0.000247,0
2397,1053," would",188320499,12134,535092,-0.001660,0.001660,0
2398,617," have",188354507,12135,535092,-0.000637,0.000637,0
2399,1027," been",188387098,12136,535092,-0.000188,0.000188,0
2400,279," the",188419300,12137,535092,-0.000289,0.000289,0
2401,7928," largest",188453758,12138,535088,-0.000106,0.000106,0
2402,26155," fleet",188486897,12139,535088,-0.000215,0.000215,0
2403,3596," ever",188519135,12140,535088,-0.001173,0.001173,0
2404,5918," built",188550729,12141,535088,-0.001343,0.001343,0
2405,520," at",188582508,12142,535012,-0.000329,0.000329,0
2406,430," that",188614235,12143,535012,-0.000574,0.000574,0
2407,892," time",188647458,12144,535092,-0.000113,0.000113,0
2408,13,".",188680839,12145,535088,-0.039574,0.039574,0
2409,578," The",188714821,12146,535088,-0.000306,0.000306,0
2410,2955," design",188748911,12147,535088,-0.000427,0.000427,0
2411,315," of",188782653,12148,535088,-0.000389,0.000389,0
2412,279," the",188816042,12149,535088,-0.000181,0.000181,0
2413,25572," battles",188853378,12150,535088,-0.000730,0.000730,0
2414,34322,"hips",188886293,12151,535088,-0.001483,0.001483,0
2415,574," was",188918209,12152,535088,-0.000728,0.000728,0
2416,28160," influenced",188950875,12153,535088,-0.000467,0.000467,0
2417,555," by",188983002,12154,535092,-0.000141,0.000141,0
2418,279," the",189015637,12155,535092,-0.000052,0.000052,0
2419,11002," Japanese",189048791,12156,535092,-0.000292,0.000292,0
2420,19574," Navy",189082490,12157,535092,-0.000317,0.000317,0
2421,596,"'s",189116129,12158,535092,-0.000392,0.000392,0
2422,12876," desire",189149751,12159,535092,-0.000598,0.000598,0
2423,311," to",189183718,12160,535092,-0.000218,0.000218,0
2424,10519," maintain",189216547,12161,535092,-0.000547,0.000547,0
2425,264," a",189249488,12162,535092,-0.000212,0.000212,0
2426,26155," fleet",189281444,12163,535092,-0.000059,0.000059,0
2427,449," with",189313210,12164,535092,-0.000334,0.000334,0
2428,520," at",189345249,12165,535092,-0.000251,0.000251,0
2429,3325," least",189378494,12166,535092,-0.000066,0.000066,0
2430,220," ",189412454,12167,535092,-0.000051,0.000051,0
2431,2031,"70",189446084,12168,535092,-0.000561,0.000561,0
2432,1034," %",189479246,12169,535092,-0.003964,0.003964,0
2433,439," as",189512270,12170,535092,-0.000164,0.000164,0
2434,1690," many",189544627,12171,535092,-0.000338,0.000338,0
2435,6864," capital",189578099,12172,535092,-0.000115,0.000115,0
2436,18198," ships",189611524,12173,535092,-0.000879,0.000879,0
2437,439," as",189645141,12174,535092,-0.000162,0.000162,0
2438,279," the",189677381,12175,535092,-0.000091,0.000091,0
2439,2326," US",189709444,12176,535092,-0.000258,0.000258,0
2440,19574," Navy",189741647,12177,535092,-0.002027,0.002027,0
2441,13,".",189773897,12178,535092,-0.050970,0.050970,0
2442,578," The",189805913,12179,535092,-0.000588,0.000588,0
2443,358," I",189837584,12180,535092,-0.001159,0.001159,0
2444,41,"J",189869204,12181,535092,-0.000383,0.000383,0
2445,45,"N",189900934,12182,535092,-0.002695,0.002695,0
2446,364," '",189932623,12183,535092,-0.001236,0.001236,0
2447,82,"s",189964676,12184,535092,-0.000019,0.000019,0
2448,26155," fleet",189999407,12185,535092,-0.000514,0.000514,0
2449,574," was",190031552,12186,535092,-0.000523,0.000523,0
2450,6319," designed",190063243,12187,535092,-0.000403,0.000403,0
2451,311," to",190094734,12188,535092,-0.000239,0.000239,0
2452,387," be",190126638,12189,535092,-0.000119,0.000119,0
2453,13171," capable",190158816,12190,535092,-0.001793,0.001793,0
2454,315," of",190191936,12191,535092,-0.000215,0.000215,0
2455,11039," fighting",190225601,12192,535092,-0.000069,0.000069,0
2456,264," a",190259046,12193,535092,-0.000638,0.000638,0
2457,1403," two",190292614,12194,535040,-0.000164,0.000164,0
2458,12,"-",190326068,12195,535088,-0.000065,0.000065,0
2459,5383,"ship",190359266,12196,535088,-0.005931,0.005931,0
2460,8209," battle",190392245,12197,535088,-0.000336,0.000336,0
2461,304," in",190424783,12198,535088,-0.000196,0.000196,0
2462,11002," Japanese",190457655,12199,535088,-0.000250,0.000250,0
2463,21160," waters",190489560,12200,535088,-0.000313,0.000313,0
2464,323," and",190522572,12201,535088,-0.000164,0.000164,0
2465,1053," would",190554617,12202,535088,-0.001618,0.001618,0
2466,617," have",190586814,12203,535088,-0.000627,0.000627,0
2467,1027," been",190620685,12204,535088,-0.000208,0.000208,0
2468,279," the",190654798,12205,535088,-0.000174,0.000174,0
2469,7928," largest",190687905,12206,535088,-0.000133,0.000133,0
2470,26155," fleet",190721090,12207,535088,-0.000209,0.000209,0
2471,3596," ever",190754782,12208,535088,-0.000926,0.000926,0
2472,5918," built",190788213,12209,535088,-0.001343,0.001343,0
2473,520," at",190821222,12210,535088,-0.000322,0.000322,0
2474,430," that",190852991,12211,535088,-0.000587,0.000587,0
2475,892," time",190885050,12212,535088,-0.000126,0.000126,0
2476,13,".",190916971,12213,535088,-0.037873,0.037873,0
2477,578," The",190952721,12214,535092,-0.000321,0.000321,0
2478,2955," design",190984423,12215,535092,-0.000344,0.000344,0
2479,315," of",191016196,12216,535092,-0.000300,0.000300,0
2480,279," the",191047776,12217,535092,-0.000178,0.000178,0
2481,25572," battles",191078328,12218,535092,-0.000800,0.000800,0
2482,34322,"hips",191108586,12219,535092,-0.001659,0.001659,0
2483,574," was",191139086,12220,535092,-0.000619,0.000619,0
2484,28160," influenced",191179469,12221,535092,-0.000480,0.000480,0
2485,555," by",191215182,12222,535092,-0.000147,0.000147,0
2486,279," the",191246814,12223,535092,-0.000050,0.000050,0
2487,11002," Japanese",191278813,12224,535092,-0.000272,0.000272,0
2488,19574," Navy",191312193,12225,535092,-0.000312,0.000312,0
2489,596,"'s",191346960,12226,535092,-0.000370,0.000370,0
2490,12876," desire",191381071,12227,535092,-0.000626,0.000626,0
2491,311," to",191415425,12228,535092,-0.000206,0.000206,0
2492,10519," maintain",191448525,12229,535092,-0.000480,0.000480,0
2493,264," a",191482165,12230,535092,-0.000145,0.000145,0
2494,26155," fleet",191515454,12231,535092,-0.000060,0.000060,0
2495,449," with",191547595,12232,535092,-0.000354,0.000354,0
2496,520," at",191579966,12233,535092,-0.000238,0.000238,0
2497,3325," least",191612116,12234,535092,-0.000064,0.000064,0
2498,220," ",191644821,12235,535092,-0.000017,0.000017,0
2499,2031,"70",191676445,12236,535092,-0.000558,0.000558,0
2500,1034," %",191709343,12237,535092,-0.004051,0.004051,0
2501,439," as",191742978,12238,535092,-0.000160,0.000160,0
2502,1690," many",191776311,12239,535092,-0.000345,0.000345,0
2503,6864," capital",191810154,12240,535092,-0.000140,0.000140,0
2504,18198," ships",191844537,12241,535048,-0.000926,0.000926,0
2505,439," as",191878172,12242,535048,-0.000220,0.000220,0
2506,279," the",191911494,12243,535048,-0.000092,0.000092,0
2507,2326," US",191944223,12244,535048,-0.000238,0.000238,0
2508,19574," Navy",191975985,12245,535048,-0.002071,0.002071,0
2509,13,".",192007763,12246,535048,-0.059116,0.059116,0
2510,578," The",192040529,12247,535048,-0.000595,0.000595,0
2511,358," I",192073033,12248,534988,-0.000991,0.000991,0
2512,41,"J",192105555,12249,535092,-0.000398,0.000398,0
2513,45,"N",192138527,12250,535092,-0.003538,0.003538,0
2514,364," '",192172280,12251,535092,-0.001464,0.001464,0
2515,82,"s",192205995,12252,535092,-0.000019,0.000019,0
2516,26155," fleet",192239650,12253,535092,-0.000498,0.000498,0
2517,574," was",192273541,12254,535092,-0.000377,0.000377,0
2518,6319," designed",192307188,12255,535092,-0.000437,0.000437,0
2519,311," to",192341434,12256,535092,-0.000253,0.000253,0
2520,387," be",192373671,12257,535092,-0.000099,0.000099,0
2521,13171," capable",192405871,12258,535092,-0.001779,0.001779,0
2522,315," of",192437916,12259,535092,-0.000242,0.000242,0
2523,11039," fighting",192469915,12260,535092,-0.000070,0.000070,0
2524,264," a",192503068,12261,535092,-0.000663,0.000663,0
2525,1403," two",192536121,12262,535092,-0.000181,0.000181,0
2526,12,"-",192569879,12263,535092,-0.000065,0.000065,0
2527,5383,"ship",192604234,12264,535092,-0.006856,0.006856,0
2528,8209," battle",192638442,12265,535092,-0.000324,0.000324,0
2529,304," in",192671720,12266,535092,-0.000172,0.000172,0
2530,11002," Japanese",192705379,12267,535092,-0.000266,0.000266,0
2531,21160," waters",192739419,12268,535092,-0.000344,0.000344,0
2532,323," and",192771350,12269,535092,-0.000224,0.000224,0
2533,1053," would",192803072,12270,535092,-0.001269,0.001269,0
2534,617," have",192835269,12271,535092,-0.000614,0.000614,0
2535,1027," been",192867594,12272,535092,-0.000168,0.000168,0
2536,279," the",192900878,12273,535092,-0.000137,0.000137,0
2537,7928," largest",192934499,12274,535092,-0.000102,0.000102,0
2538,26155," fleet",192968127,12275,535092,-0.000222,0.000222,0
2539,3596," ever",193002373,12276,535092,-0.001238,0.001238,0
2540,5918," built",193035428,12277,535092,-0.001475,0.001475,0
2541,520," at",193067677,12278,535092,-0.000325,0.000325,0
2542,430," that",193099743,12279,535092,-0.000605,0.000605,0
2543,892," time",193132202,12280,535092,-0.000135,0.000135,0
2544,13,".",193164398,12281,535092,-0.046396,0.046396,0
2545,578," The",193196232,12282,535092,-0.000352,0.000352,0
2546,2955," design",193228143,12283,535092,-0.000444,0.000444,0
2547,315," of",193269131,12284,535092,-0.000366,0.000366,0
2548,279," the",193308500,12285,535092,-0.000191,0.000191,0
2549,25572," battles",193341408,12286,535092,-0.000663,0.000663,0
2550,34322,"hips",193375038,12287,535092,-0.001659,0.001659,0
2551,574," was",193408894,12288,535092,-0.000636,0.000636,0
2552,28160," influenced",193443111,12289,535092,-0.000662,0.000662,0
2553,555," by",193477827,12290,535092,-0.000144,0.000144,0
2554,279," the",193512119,12291,535092,-0.000046,0.000046,0
2555,11002," Japanese",193545265,12292,535092,-0.000321,0.000321,0
2556,19574," Navy",193578904,12293,535092,-0.000336,0.000336,0
2557,596,"'s",193613906,12294,535092,-0.000415,0.000415,0
2558,12876," desire",193646055,12295,535092,-0.000692,0.000692,0
2559,311," to",193678450,12296,535092,-0.000197,0.000197,0
2560,10519," maintain",193710424,12297,535092,-0.000454,0.000454,0
2561,264," a",193742200,12298,535092,-0.000207,0.000207,0
2562,26155," fleet",193775363,12299,535092,-0.000065,0.000065,0
2563,449," with",193809690,12300,535092,-0.000373,0.000373,0
2564,520," at",193843929,12301,535092,-0.000312,0.000312,0
2565,3325," least",193877685,12302,535092,-0.000066,0.000066,0
2566,220," ",193911504,12303,535092,-0.000023,0.000023,0
2567,2031,"70",193945542,12304,535092,-0.000332,0.000332,0
2568,1034," %",193979397,12305,535092,-0.004251,0.004251,0
2569,439," as",194012991,12306,535092,-0.000181,0.000181,0
2570,1690," many",194045078,12307,535092,-0.000429,0.000429,0
2571,6864," capital",194076935,12308,535092,-0.000130,0.000130,0
2572,18198," ships",194109552,12309,535052,-0.000943,0.000943,0
2573,439," as",194141634,12310,535052,-0.000236,0.000236,0
2574,279," the",194174447,12311,535052,-0.000072,0.000072,0
2575,2326," US",194207961,12312,535052,-0.000256,0.000256,0
2576,19574," Navy",194240567,12313,535052,-0.001963,0.001963,0
2577,13,".",194272537,12314,535052,-0.050297,0.050297,0
2578,578," The",194305564,12315,535052,-0.000596,0.000596,0
2579,358," I",194339152,12316,535052,-0.001399,0.001399,0
2580,41,"J",194373102,12317,535052,-0.000424,0.000424,0
2581,45,"N",194406730,12318,535092,-0.002953,0.002953,0
2582,364," '",194438585,12319,535092,-0.001339,0.001339,0
2583,82,"s",194470522,12320,535092,-0.000019,0.000019,0
2584,26155," fleet",194502489,12321,535092,-0.000541,0.000541,0
2585,574," was",194534496,12322,535092,-0.000558,0.000558,0
2586,6319," designed",194567816,12323,535092,-0.000440,0.000440,0
2587,311," to",194601688,12324,535092,-0.000079,0.000079,0
2588,387," be",194636101,12325,535092,-0.000108,0.000108,0
2589,13171," capable",194669889,12326,535092,-0.001804,0.001804,0
2590,315," of",194703710,12327,535092,-0.000340,0.000340,0
2591,11039," fighting",194737631,12328,535092,-0.000069,0.000069,0
2592,264," a",194770834,12329,535092,-0.000591,0.000591,0
2593,1403," two",194808720,12330,535092,-0.000187,0.000187,0
2594,12,"-",194841210,12331,535092,-0.000061,0.000061,0
2595,5383,"ship",194873312,12332,535092,-0.008775,0.008775,0
2596,8209," battle",194904948,12333,535092,-0.000356,0.000356,0
2597,304," in",194936640,12334,535092,-0.000170,0.000170,0
2598,11002," Japanese",194969902,12335,535092,-0.000266,0.000266,0
2599,21160," waters",195004022,12336,535092,-0.000342,0.000342,0
2600,323," and",195037794,12337,535092,-0.000162,0.000162,0
2601,1053," would",195071340,12338,535068,-0.001245,0.001245,0
2602,617," have",195104653,12339,535092,-0.000479,0.000479,0
2603,1027," been",195138013,12340,535092,-0.000161,0.000161,0
2604,279," the",195171078,12341,534972,-0.000246,0.000246,0
2605,7928," largest",195204108,12342,534972,-0.000125,0.000125,0
2606,26155," fleet",195236030,12343,534972,-0.000208,0.000208,0
2607,3596," ever",195267919,12344,534972,-0.001142,0.001142,0
2608,5918," built",195299756,12345,534972,-0.001397,0.001397,0
2609,520," at",195331397,12346,534972,-0.000296,0.000296,0
2610,430," that",195363180,12347,534972,-0.000518,0.000518,0
2611,892," time",195396533,12348,535092,-0.000128,0.000128,0
2612,13,".",195433605,12349,535092,-0.043435,0.043435,0
2613,578," The",195465791,12350,535092,-0.000319,0.000319,0
2614,2955," design",195497524,12351,534980,-0.000230,0.000230,0
2615,315," of",195529177,12352,534980,-0.000424,0.000424,0
2616,279," the",195560900,12353,534980,-0.000167,0.000167,0
2617,25572," battles",195592787,12354,534980,-0.000675,0.000675,0
2618,34322,"hips",195624374,12355,534980,-0.001580,0.001580,0
2619,574," was",195656321,12356,534980,-0.000851,0.000851,0
2620,28160," influenced",195689133,12357,534980,-0.000536,0.000536,0
2621,555," by",195721994,12358,534980,-0.000137,0.000137,0
2622,279," the",195756438,12359,534980,-0.000055,0.000055,0
2623,11002," Japanese",195790529,12360,534980,-0.000333,0.000333,0
2624,19574," Navy",195823960,12361,534980,-0.000345,0.000345,0
2625,596,"'s",195858045,12362,534980,-0.000430,0.000430,0
2626,12876," desire",195891967,12363,534956,-0.000761,0.000761,0
2627,311," to",195926256,12364,535016,-0.000193,0.000193,0
2628,10519," maintain",195958758,12365,535016,-0.000448,0.000448,0
2629,264," a",195990658,12366,535016,-0.000184,0.000184,0
2630,26155," fleet",196024624,12367,535016,-0.000062,0.000062,0
2631,449," with",196056278,12368,535016,-0.000389,0.000389,0
2632,520," at",196089769,12369,535016,-0.000313,0.000313,0
2633,3325," least",196124081,12370,535016,-0.000065,0.000065,0
2634,220," ",196158218,12371,535016,-0.000015,0.000015,0
2635,2031,"70",196191917,12372,535016,-0.000466,0.000466,0
2636,1034," %",196225203,12373,535016,-0.003883,0.003883,0
2637,439," as",196258742,12374,535092,-0.000170,0.000170,0
2638,1690," many",196292544,12375,535092,-0.000344,0.000344,0
2639,6864," capital",196325613,12376,535076,-0.000128,0.000128,0
2640,18198," ships",196357638,12377,535092,-0.001000,0.001000,0
2641,439," as",196394488,12378,535000,-0.000219,0.000219,0
2642,279," the",196427328,12379,535000,-0.000068,0.000068,0
2643,2326," US",196459033,12380,535000,-0.000236,0.000236,0
2644,19574," Navy",196490800,12381,535000,-0.002274,0.002274,0
2645,13,".",196524025,12382,535000,-0.062139,0.062139,0
2646,578," The",196558327,12383,535000,-0.000517,0.000517,0
2647,358," I",196592758,12384,535000,-0.001196,0.001196,0
2648,41,"J",196627373,12385,535000,-0.000433,0.000433,0
2649,45,"N",196661377,12386,535000,-0.003654,0.003654,0
2650,364," '",196694890,12387,535092,-0.001060,0.001060,0
2651,82,"s",196726860,12388,535092,-0.000021,0.000021,0
2652,26155," fleet",196758861,12389,535092,-0.000556,0.000556,0
2653,574," was",196790908,12390,535092,-0.000549,0.000549,0
2654,6319," designed",196822477,12391,535092,-0.000448,0.000448,0
2655,311," to",196855599,12392,535092,-0.000079,0.000079,0
2656,387," be",196889044,12393,535092,-0.000159,0.000159,0
2657,13171," capable",196923031,12394,535092,-0.001797,0.001797,0
2658,315," of",196957170,12395,535092,-0.000302,0.000302,0
2659,11039," fighting",196990800,12396,535092,-0.000070,0.000070,0
2660,264," a",197024133,12397,535084,-0.000583,0.000583,0
2661,1403," two",197056484,12398,535084,-0.000223,0.000223,0
2662,12,"-",197088659,12399,535084,-0.000037,0.000037,0
2663,5383,"ship",197121022,12400,535084,-0.014490,0.014490,0
2664,8209," battle",197152939,12401,535084,-0.000403,0.000403,0
2665,304," in",197184660,12402,535084,-0.000182,0.000182,0
2666,11002," Japanese",197216521,12403,535084,-0.000263,0.000263,0
2667,21160," waters",197250236,12404,535092,-0.000267,0.000267,0
2668,323," and",197284348,12405,535092,-0.000226,0.000226,0
2669,1053," would",197318408,12406,535092,-0.001205,0.001205,0
2670,617," have",197351636,12407,535092,-0.000672,0.000672,0
2671,1027," been",197384943,12408,535092,-0.000148,0.000148,0
2672,279," the",197418031,12409,535092,-0.000152,0.000152,0
2673,7928," largest",197451677,12410,535092,-0.000129,0.000129,0
2674,26155," fleet",197484230,12411,535092,-0.000221,0.000221,0
2675,3596," ever",197516277,12412,535092,-0.001296,0.001296,0
2676,5918," built",197548252,12413,535092,-0.001458,0.001458,0
2677,520," at",197580305,12414,535092,-0.000314,0.000314,0
2678,430," that",197613752,12415,535092,-0.000553,0.000553,0
2679,892," time",197646431,12416,535092,-0.000217,0.000217,0
2680,13,".",197679901,12417,535068,-0.042129,0.042129,0
2681,578," The",197712985,12418,535092,-0.000307,0.000307,0
2682,2955," design",197746502,12419,535092,-0.000295,0.000295,0
2683,315," of",197780854,12420,535092,-0.000452,0.000452,0
2684,279," the",197814816,12421,535092,-0.000202,0.000202,0
2685,25572," battles",197848388,12422,535092,-0.000549,0.000549,0
2686,34322,"hips",197880218,12423,535092,-0.001574,0.001574,0
2687,574," was",197911771,12424,534976,-0.000812,0.000812,0
2688,28160," influenced",197943638,12425,535092,-0.000567,0.000567,0
2689,555," by",197975515,12426,535092,-0.000146,0.000146,0
2690,279," the",198007408,12427,535092,-0.000049,0.000049,0
2691,11002," Japanese",198040752,12428,535092,-0.000324,0.000324,0
2692,19574," Navy",198074839,12429,535092,-0.000344,0.000344,0
2693,596,"'s",198108715,12430,535092,-0.000410,0.000410,0
2694,12876," desire",198142588,12431,535092,-0.000719,0.000719,0
2695,311," to",198176292,12432,535092,-0.000106,0.000106,0
2696,10519," maintain",198210163,12433,535092,-0.000516,0.000516,0
2697,264," a",198243000,12434,535092,-0.000237,0.000237,0
2698,26155," fleet",198275080,12435,535092,-0.000065,0.000065,0
2699,449," with",198307847,12436,535092,-0.000292,0.000292,0
2700,520," at",198341089,12437,535092,-0.000330,0.000330,0
2701,3325," least",198374975,12438,535092,-0.000067,0.000067,0
2702,220," ",198408277,12439,535092,-0.000012,0.000012,0
2703,2031,"70",198441046,12440,535092,-0.000468,0.000468,0
2704,1034," %",198473053,12441,535092,-0.003749,0.003749,0
2705,439," as",198505975,12442,535092,-0.000186,0.000186,0
2706,1690," many",198539854,12443,535092,-0.000369,0.000369,0
2707,6864," capital",198573604,12444,535092,-0.000128,0.000128,0
2708,18198," ships",198606610,12445,535092,-0.001144,0.001144,0
2709,439," as",198640250,12446,535092,-0.000239,0.000239,0
2710,279," the",198674552,12447,535092,-0.000082,0.000082,0
2711,2326," US",198708361,12448,535092,-0.000255,0.000255,0
2712,19574," Navy",198741568,12449,535092,-0.002333,0.002333,0
2713,13,".",198773333,12450,535092,-0.061603,0.061603,0
2714,578," The",198805054,12451,534980,-0.000529,0.000529,0
2715,358," I",198837285,12452,534976,-0.001133,0.001133,0
2716,41,"J",198869432,12453,534976,-0.000405,0.000405,0
2717,45,"N",198902444,12454,534976,-0.003360,0.003360,0
2718,364," '",198935864,12455,534976,-0.001152,0.001152,0
2719,82,"s",198969789,12456,534976,-0.000018,0.000018,0
2720,26155," fleet",199004187,12457,534976,-0.000614,0.000614,0
2721,574," was",199038226,12458,534976,-0.000605,0.000605,0
2722,6319," designed",199071784,12459,534952,-0.000515,0.000515,0
2723,311," to",199104681,12460,535068,-0.000054,0.000054,0
2724,387," be",199137030,12461,535068,-0.000134,0.000134,0
2725,13171," capable",199169228,12462,535068,-0.001942,0.001942,0
2726,315," of",199200944,12463,535068,-0.000253,0.000253,0
2727,11039," fighting",199232677,12464,535092,-0.000075,0.000075,0
2728,264," a",199266266,12465,535092,-0.000620,0.000620,0
2729,1403," two",199300987,12466,535092,-0.000204,0.000204,0
2730,12,"-",199334806,12467,535092,-0.000044,0.000044,0
2731,5383,"ship",199368790,12468,535092,-0.007295,0.007295,0
2732,8209," battle",199402791,12469,535092,-0.000498,0.000498,0
2733,304," in",199435842,12470,535092,-0.000185,0.000185,0
2734,11002," Japanese",199468879,12471,535092,-0.000377,0.000377,0
2735,21160," waters",199501027,12472,535092,-0.000328,0.000328,0
2736,323," and",199542284,12473,535092,-0.000263,0.000263,0
2737,1053," would",199574856,12474,535092,-0.001501,0.001501,0
2738,617," have",199613437,12475,535092,-0.000492,0.000492,0
2739,1027," been",199645653,12476,535092,-0.000165,0.000165,0
2740,279," the",199677860,12477,535092,-0.000143,0.000143,0
2741,7928," largest",199709562,12478,535092,-0.000133,0.000133,0
2742,26155," fleet",199742408,12479,535092,-0.000219,0.000219,0
2743,3596," ever",199774594,12480,535092,-0.001307,0.001307,0
2744,5918," built",199806526,12481,535092,-0.001644,0.001644,0
2745,520," at",199838264,12482,535092,-0.000409,0.000409,0
2746,430," that",199869024,12483,535092,-0.000487,0.000487,0
2747,892," time",199899845,12484,535092,-0.000131,0.000131,0
2748,13,".",199931773,12485,535092,-0.053106,0.053106,0
2749,578," The",199962880,12486,535092,-0.000316,0.000316,0
2750,2955," design",199995131,12487,535092,-0.000399,0.000399,0
2751,315," of",200028484,12488,535092,-0.000358,0.000358,0
2752,279," the",200062662,12489,535092,-0.000216,0.000216,0
2753,25572," battles",200096456,12490,535092,-0.000664,0.000664,0
2754,34322,"hips",200130353,12491,535092,-0.001619,0.001619,0
2755,574," was",200164477,12492,535092,-0.000842,0.000842,0
2756,28160," influenced",200197710,12493,535092,-0.000813,0.000813,0
2757,555," by",200231169,12494,535092,-0.000152,0.000152,0
2758,279," the",200269282,12495,535092,-0.000052,0.000052,0
2759,11002," Japanese",200301339,12496,535092,-0.000422,0.000422,0
2760,19574," Navy",200333690,12497,535088,-0.000357,0.000357,0
2761,596,"'s",200365395,12498,535088,-0.000386,0.000386,0
2762,12876," desire",200398785,12499,535088,-0.000723,0.000723,0
2763,311," to",200432205,12500,535088,-0.000172,0.000172,0
2764,10519," maintain",200466232,12501,535088,-0.000573,0.000573,0
2765,264," a",200500249,12502,535088,-0.000182,0.000182,0
2766,26155," fleet",200534527,12503,535036,-0.000070,0.000070,0
2767,449," with",200568581,12504,534968,-0.000403,0.000403,0
2768,520," at",200603017,12505,535088,-0.000253,0.000253,0
2769,3325," least",200636027,12506,535088,-0.000078,0.000078,0
2770,220," ",200668354,12507,535088,-0.000037,0.000037,0
2771,2031,"70",200700281,12508,535056,-0.000496,0.000496,0
2772,1034," %",200732918,12509,535056,-0.004163,0.004163,0
2773,439," as",200764792,12510,535056,-0.000186,0.000186,0
2774,1690," many",200797937,12511,535056,-0.000483,0.000483,0
2775,6864," capital",200831279,12512,535056,-0.000136,0.000136,0
2776,18198," ships",200864432,12513,535056,-0.001115,0.001115,0
2777,439," as",200896952,12514,535056,-0.000226,0.000226,0
2778,279," the",200930766,12515,535056,-0.000096,0.000096,0
2779,2326," US",200964506,12516,535088,-0.000260,0.000260,0
2780,19574," Navy",200997709,12517,535088,-0.002065,0.002065,0
2781,13,".",201030805,12518,535088,-0.062498,0.062498,0
2782,578," The",201062474,12519,535088,-0.000528,0.000528,0
2783,358," I",201094305,12520,535088,-0.001194,0.001194,0
2784,41,"J",201125817,12521,535088,-0.000470,0.000470,0
2785,45,"N",201157317,12522,535088,-0.003005,0.003005,0
2786,364," '",201189917,12523,535088,-0.001286,0.001286,0
2787,82,"s",201223240,12524,535088,-0.000022,0.000022,0
2788,26155," fleet",201257405,12525,535088,-0.000658,0.000658,0
2789,574," was",201289955,12526,535088,-0.000384,0.000384,0
2790,6319," designed",201321690,12527,535088,-0.000493,0.000493,0
2791,311," to",201354491,12528,535088,-0.000072,0.000072,0
2792,387," be",201386359,12529,535088,-0.000100,0.000100,0
2793,13171," capable",201418993,12530,535088,-0.001932,0.001932,0
2794,315," of",201451102,12531,535088,-0.000303,0.000303,0
2795,11039," fighting",201483466,12532,535088,-0.000081,0.000081,0
2796,264," a",201516604,12533,535088,-0.000761,0.000761,0
2797,1403," two",201548711,12534,535088,-0.000239,0.000239,0
2798,12,"-",201582139,12535,535088,-0.000065,0.000065,0
2799,5383,"ship",201615700,12536,535088,-0.005522,0.005522,0
2800,8209," battle",201649261,12537,535088,-0.000602,0.000602,0
2801,304," in",201683200,12538,535088,-0.000200,0.000200,0
2802,11002," Japanese",201717363,12539,535088,-0.000297,0.000297,0
2803,21160," waters",201750662,12540,535088,-0.000379,0.000379,0
2804,323," and",201782990,12541,535088,-0.000204,0.000204,0
2805,1053," would",201815069,12542,535088,-0.001329,0.001329,2509
2806,617," have",201849042,10034,535088,-0.000643,0.000643,0
2807,1027," been",201942869,10035,535136,-0.003232,0.003232,0
2808,279," the",201974127,10036,535280,-0.000391,0.000391,0
2809,7928," largest",202005257,10037,535280,-0.000254,0.000254,0
2810,26155," fleet",202035032,10038,535280,-0.000511,0.000511,0
2811,3596," ever",202064716,10039,535280,-0.002220,0.002220,0
2812,5918," built",202093991,10040,535280,-0.004846,0.004846,0
2813,520," at",202124004,10041,535280,-0.000653,0.000653,0
2814,430," that",202153281,10042,535332,-0.000650,0.000650,0
2815,892," time",202183763,10043,535332,-0.000053,0.000053,0
2816,13,".",202212509,10044,535332,-0.051277,0.051277,0
2817,578," The",202240782,10045,535332,-0.002172,0.002172,0
2818,2955," design",202268887,10046,535332,-0.001993,0.001993,0
2819,315," of",202297942,10047,535332,-0.002101,0.002101,0
2820,279," the",202325646,10048,535332,-0.000144,0.000144,0
2821,94400," Fus",202352745,10049,535332,-0.409713,0.409713,0
2822,56761,"ō",202381133,10050,535332,-0.004146,0.004146,0
2823,15144,"-class",202408988,10051,535332,-0.009868,0.009868,0
2824,25572," battles",202437298,10052,535332,-0.001155,0.001155,0
2825,34322,"hips",202466150,10053,535332,-0.015878,0.015878,0
2826,574," was",202495145,10054,535332,-0.003137,0.003137,0
2827,27367," shaped",202523659,10055,535332,-0.116179,0.116179,0
2828,2225," both",202552132,10056,535332,-0.488322,0.488322,0
2829,555," by",202581772,10057,535332,-0.000034,0.000034,0
2830,279," the",202610333,10058,535328,-0.000102,0.000102,0
2831,14529," ongoing",202638339,10059,535328,-0.035594,0.035594,0
2832,6625," international",202666328,10060,535316,-0.000190,0.000190,0
2833,46398," naval",202694386,10061,535316,-0.001493,0.001493,0
2834,11977," arms",202724245,10062,535236,-0.000992,0.000992,0
2835,7102," race",202752092,10063,535152,-0.000198,0.000198,0
2836,323," and",202778540,10064,535164,-0.000052,0.000052,0
2837,264," a",202804915,10065,535248,-0.000061,0.000061,0
2838,12876," desire",202831288,10066,535248,-0.000386,0.000386,0
2839,4315," among",202857853,10067,535328,-0.002908,0.002908,0
2840,11002," Japanese",202884701,10068,535328,-0.000128,0.000128,0
2841,46398," naval",202911812,10069,535328,-0.004884,0.004884,0
2842,68552," planners",202940416,10070,535328,-0.000139,0.000139,0
2843,311," to",202968497,10071,535328,-0.000043,0.000043,0
2844,10519," maintain",202996953,10072,535328,-0.000239,0.000239,0
2845,264," a",203023970,10073,535328,-0.000057,0.000057,0
2846,26155," fleet",203051058,10074,535328,-0.000143,0.000143,0
2847,315," of",203077677,10075,535328,-0.000091,0.000091,0
2848,6864," capital",203105078,10076,535328,-0.000126,0.000126,0
2849,18198," ships",203132051,10077,535328,-0.000435,0.000435,0
2850,8147," powerful",203159285,10078,535328,-0.001334,0.001334,0
2851,3403," enough",203186668,10079,535328,-0.000017,0.000017,0
2852,311," to",203213857,10080,535328,-0.000046,0.000046,0
2853,51571," withstand",203242157,10081,535328,-2.174570,2.174570,0
2854,9354," enemy",203271786,10082,535328,-4.418495,4.418495,0
2855,8951," attacks",203301346,10083,535328,-1.042923,1.042923,0
2856,662," .",203330146,10084,535328,-1.886485,1.886485,0
2857,578," The",203359080,10085,535308,-0.074797,0.074797,0
2858,358," I",203388516,10086,535308,-0.134605,0.134605,0
2859,41,"J",203416753,10087,535240,-0.001904,0.001904,0
2860,45,"N",203443865,10088,535240,-0.001526,0.001526,0
2861,364," '",203470595,10089,535148,-0.062134,0.062134,0
2862,82,"s",203497507,10090,535152,-0.000012,0.000012,0
2863,26155," fleet",203525616,10091,535152,-0.017325,0.017325,0
2864,1047," had",203553944,10092,535152,-3.858418,3.858418,0
2865,17033," proven",203581107,10093,535152,-0.099344,0.099344,0
2866,7701," highly",203607877,10094,535152,-0.003228,0.003228,0
2867,6992," successful",203635989,10095,535152,-0.003743,0.003743,0
2868,304," in",203664219,10096,535152,-0.000640,0.000640,0
2869,220," ",203692643,10097,535152,-0.005450,0.005450,0
2870,7028,"190",203721212,10098,535152,-0.001211,0.001211,0
2871,20,"5",203750116,10099,535152,-0.002957,0.002957,0
2872,1174," ,",203777995,10100,535152,-0.241007,0.241007,0
2873,279," the",203806278,10101,535152,-0.001594,0.001594,0
2874,1566," last",203834073,10102,535152,-0.000887,0.000887,0
2875,1060," year",203861335,10103,535220,-0.000097,0.000097,0
2876,315," of",203887760,10104,535312,-0.000043,0.000043,0
2877,279," the",203914340,10105,535332,-0.000023,0.000023,0
2878,93991," Russo",203940781,10106,535332,-0.000529,0.000529,0
2879,12278,"-J",203967159,10107,535332,-0.030085,0.030085,0
2880,29789,"apanese",203993784,10108,535332,-0.021533,0.021533,0
2881,5111," War",204020234,10109,535332,-0.000613,0.000613,0
2882,1174," ,",204046634,10110,535332,-0.010932,0.010932,0
2883,902," which",204077601,10111,535292,-0.001982,0.001982,0
2884,11957," cul",204105166,10112,535292,-0.012497,0.012497,0
2885,52299,"minated",204132063,10113,535292,-0.009716,0.009716,0
2886,304," in",204158619,10114,535292,-0.001438,0.001438,0
2887,6457," Japan",204185045,10115,535292,-3.551040,3.551040,0
2888,596,"'s",204211341,10116,535292,-0.074493,0.074493,0
2889,18506," defeat",204237901,10117,535292,-0.759038,0.759038,0
2890,520," at",204264286,10118,535292,-3.328022,3.328022,0
2891,26132," Ts",204290994,10119,535332,-4.691634,4.691634,0
2892,76159,"ushima",204317527,10120,535332,-0.006476,0.006476,0
2893,662," .",204345753,10121,535332,-0.015338,0.015338,0
2894,763," In",204373994,10122,535332,-0.163330,0.163330,0
2895,279," the",204402010,10123,535300,-0.007852,0.007852,0
2896,40696," aftermath",204430253,10124,535300,-0.005666,0.005666,0
2897,1174," ,",204458236,10125,535300,-0.018805,0.018805,0
2898,279," the",204486765,10126,535300,-0.006860,0.006860,0
2899,11002," Japanese",204515262,10127,535300,-0.000376,0.000376,0
2900,21080," Empire",204543392,10128,535280,-0.015010,0.015010,0
2901,7214," immediately",204572058,10129,535232,-0.108896,0.108896,0
2902,6656," turned",204598801,10130,535232,-0.004062,0.004062,0
2903,1202," its",204625722,10131,535232,-0.002099,0.002099,0
2904,5357," focus",204652195,10132,535232,-0.000144,0.000144,0
2905,311," to",204679159,10133,535232,-0.002140,0.002140,0
2906,4857," building",204706864,10134,535312,-6.013187,6.013187,0
2907,264," a",204733541,10135,535312,-0.039140,0.039140,0
2908,502," new",204761644,10136,535312,-2.260090,2.260090,0
2909,26155," fleet",204790641,10137,535332,-0.010072,0.010072,0
2910,449," with",204819146,10138,535332,-2.913264,2.913264,0
2911,264," a",204847498,10139,535332,-0.304845,0.304845,0
2912,5190," higher",204876135,10140,535332,-1.507306,1.507306,0
2913,11668," percentage",204904410,10141,535332,-0.616492,0.616492,0
2914,315," of",204932259,10142,535332,-0.000311,0.000311,0
2915,6864," capital",204960213,10143,535332,-0.237629,0.237629,0
2916,18198," ships",204987691,10144,535332,-0.009689,0.009689,0
2917,662," .",205019417,10145,535332,-0.019473,0.019473,0
2918,1115," This",205047355,10146,535332,-1.557846,1.557846,0
2919,574," was",205074736,10147,535332,-1.821633,1.821633,0
2920,17427," achieved",205102316,10148,535332,-0.873085,0.873085,0
2921,1555," through",205130684,10149,535332,-0.900559,0.900559,0
2922,459," an",205159554,10150,535332,-5.085873,5.085873,0
2923,5376," increase",205187918,10151,535332,-0.194187,0.194187,0
2924,304," in",205216756,10152,535332,-0.012655,0.012655,0
2925,8448," ship",205245172,10153,535332,-3.454751,3.454751,0
2926,24177,"building",205273784,10154,535332,-0.806130,0.806130,0
2927,8824," capacity",205302564,10155,535296,-1.155185,1.155185,0
2928,323," and",205330763,10156,535296,-0.097691,0.097691,0
2929,264," a",205358076,10157,535296,-0.311286,0.311286,0
2930,6541," shift",205384775,10158,535296,-1.009056,1.009056,0
2931,7119," towards",205411455,10159,535292,-2.326622,2.326622,0
2932,810," more",205439220,10160,535292,-1.282643,1.282643,0
2933,6617," modern",205466052,10161,535292,-0.406854,0.406854,0
2934,14769," designs",205492937,10162,535296,-0.716961,0.716961,0
2935,662," .",205520589,10163,535332,-0.046884,0.046884,0
2936,578," The",205548022,10164,535332,-0.144314,0.144314,0
2937,358," I",205574806,10165,535332,-1.407010,1.407010,0
2938,41,"J",205601522,10166,535332,-0.174598,0.174598,0
2939,45,"N",205628196,10167,535332,-0.001073,0.001073,0
2940,364," '",205654571,10168,535332,-0.021895,0.021895,0
2941,82,"s",205681070,10169,535332,-0.000012,0.000012,0
2942,502," new",205707365,10170,535332,-0.740745,0.740745,0
2943,26155," fleet",205735212,10171,535332,-0.023865,0.023865,0
2944,1053," would",205762119,10172,535332,-2.241567,2.241567,0
2945,387," be",205789202,10173,535332,-0.489730,0.489730,0
2946,13171," capable",205815499,10174,535332,-1.468028,1.468028,0
2947,315," of",205841948,10175,535332,-0.000250,0.000250,0
2948,11039," fighting",205868381,10176,535332,-2.329748,2.329748,0
2949,2403," against",205895779,10177,535236,-1.253415,1.253415,0
2950,2225," both",205922160,10178,535236,-3.171475,3.171475,0
2951,279," the",205948664,10179,535236,-0.405592,0.405592,0
2952,2326," US",205975094,10180,535236,-0.056295,0.056295,0
2953,323," and",206001414,10181,535232,-0.143523,0.143523,0
2954,13527," Britain",206029675,10182,535232,-0.604139,0.604139,0
2955,11,",",206056954,10183,535232,-2.855385,2.855385,0
2956,719," but",206084532,10184,535232,-2.322996,2.322996,0
2957,433," it",206120119,10185,535232,-1.631223,1.631223,0
2958,1053," would",206147680,10186,535232,-0.074772,0.074772,0
2959,1101," also",206175606,10187,535232,-1.034091,1.034091,0
2960,617," have",206202917,10188,535232,-2.254287,2.254287,0
2961,311," to",206229612,10189,535232,-0.427246,0.427246,0
2962,56195," contend",206256355,10190,535232,-0.520656,0.520656,0
2963,449," with",206284239,10191,535232,-0.000685,0.000685,0
2964,279," the",206312072,10192,535232,-0.037597,0.037597,0
2965,7982," growing",206340181,10193,535232,-1.873218,1.873218,0
2966,6023," threat",206367911,10194,535236,-0.271725,0.271725,0
2967,505," from",206395668,10195,535332,-3.119619,3.119619,0
2968,10057," Germany",206423483,10196,535332,-1.007712,1.007712,0
2969,1174," ,",206451841,10197,535332,-3.029773,3.029773,0
2970,902," which",206479332,10198,535332,-0.215939,0.215939,0
2971,1047," had",206506657,10199,535332,-0.978822,0.978822,0
2972,1027," been",206533190,10200,535332,-0.929775,0.929775,0
2973,3339," making",206559625,10201,535332,-2.132288,2.132288,0
2974,5199," significant",206585798,10202,535316,-1.651183,1.651183,0
2975,31003," advances",206612297,10203,535332,-1.072504,1.072504,0
2976,304," in",206638539,10204,535332,-0.007202,0.007202,0
2977,1202," its",206665709,10205,535332,-1.020357,1.020357,0
2978,1866," own",206693646,10206,535332,-0.241231,0.241231,0
2979,46398," naval",206721403,10207,535332,-0.671436,0.671436,0
2980,17357," capabilities",206750306,10208,535332,-1.325155,1.325155,0
2981,662," .",206778639,10209,535332,-0.007396,0.007396,0
2982,578," The",206806888,10210,535332,-0.218228,0.218228,0
2983,358," I",206834954,10211,535332,-0.254923,0.254923,0
2984,41,"J",206863337,10212,535332,-0.015904,0.015904,0
2985,45,"N",206892170,10213,535332,-0.000765,0.000765,0
2986,364," '",206918999,10214,535324,-0.012288,0.012288,0
2987,82,"s",206945570,10215,535332,-0.000004,0.000004,0
2988,502," new",206972110,10216,535332,-0.244454,0.244454,0
2989,26155," fleet",206998735,10217,535332,-0.006484,0.006484,0
2990,574," was",207025419,10218,535332,-1.871373,1.871373,0
2991,6319," designed",207052132,10219,535332,-0.775850,0.775850,0
2992,311," to",207079871,10220,535332,-0.198287,0.198287,0
2993,387," be",207107889,10221,535332,-0.043734,0.043734,0
2994,3025," able",207135931,10222,535332,-2.204467,2.204467,0
2995,311," to",207163938,10223,535332,-0.000111,0.000111,0
2996,51571," withstand",207191964,10224,535332,-1.578552,1.578552,0
2997,9354," enemy",207219928,10225,535332,-1.002992,1.002992,0
2998,8951," attacks",207247620,10226,535332,-0.047228,0.047228,0
2999,323," and",207275140,10227,535332,-0.580299,0.580299,0
3000,10519," maintain",207302485,10228,535332,-2.983091,2.983091,0
3001,264," a",207328947,10229,535332,-0.818335,0.818335,0
3002,1579," high",207355500,10230,535332,-0.917494,0.917494,0
3003,2237," level",207382053,10231,535332,-0.090430,0.090430,0
3004,315," of",207408194,10232,535332,-0.000007,0.000007,0
3005,12896," combat",207436199,10233,535332,-1.358524,1.358524,0
3006,27375," effectiveness",207464071,10234,535332,-0.205485,0.205485,0
3007,662," .",207492072,10235,535332,-0.112285,0.112285,0
3008,578," The",207519882,10236,535332,-0.264587,0.264587,0
3009,2955," design",207547905,10237,535332,-0.438686,0.438686,0
3010,315," of",207575795,10238,535264,-0.007288,0.007288,0
3011,279," the",207603478,10239,535248,-0.001653,0.001653,0
3012,358," I",207630797,10240,535248,-0.225802,0.225802,0
3013,41,"J",207660665,10241,535248,-0.302256,0.302256,0
3014,45,"N",207686990,10242,535248,-0.002146,0.002146,0
3015,364," '",207713814,10243,535248,-0.046695,0.046695,0
3016,82,"s",207739980,10244,535248,-0.000015,0.000015,0
3017,502," new",207767071,10245,535248,-0.148998,0.148998,0
3018,26155," fleet",207793417,10246,535264,-0.044044,0.044044,0
3019,574," was",207821279,10247,535264,-0.065213,0.065213,0
3020,28160," influenced",207849655,10248,535264,-0.075789,0.075789,0
3021,555," by",207877196,10249,535264,-0.001666,0.001666,0
3022,279," the",207904871,10250,535264,-0.050135,0.050135,0
3023,11002," Japanese",207932090,10251,535264,-1.409860,1.409860,0
3024,19574," Navy",207958730,10252,535264,-0.819329,0.819329,0
3025,596,"'s",207986353,10253,535264,-0.104215,0.104215,0
3026,12876," desire",208014248,10254,535264,-0.491412,0.491412,0
3027,311," to",208041799,10255,535264,-0.002665,0.002665,0
3028,10519," maintain",208069438,10256,535264,-0.316967,0.316967,0
3029,264," a",208095743,10257,535256,-0.080255,0.080255,0
3030,3831," strong",208121972,10258,535324,-3.330253,3.330253,0
3031,9546," presence",208148306,10259,535212,-0.991992,0.991992,0
3032,304," in",208175142,10260,535212,-0.080797,0.080797,0
3033,279," the",208201907,10261,535212,-0.004266,0.004266,0
3034,16867," Pacific",208230738,10262,535324,-0.075687,0.075687,0
3035,22302," Ocean",208259375,10263,535232,-0.343604,0.343604,0
3036,1174," ,",208286769,10264,535240,-2.050790,2.050790,0
3037,902," which",208313313,10265,535240,-1.595024,1.595024,0
3038,1053," would",208339989,10266,535240,-0.732745,0.732745,0
3039,7431," enable",208366275,10267,535240,-1.588814,1.588814,0
3040,1124," them",208392339,10268,535236,-1.315601,1.315601,0
3041,311," to",208418604,10269,535328,-0.000003,0.000003,0
3042,6144," protect",208445591,10270,535328,-2.125735,2.125735,0
3043,872," their",208472056,10271,535328,-0.225622,0.225622,0
3044,12034," interests",208498720,10272,535328,-1.016441,1.016441,0
3045,323," and",208525971,10273,535328,-0.071429,0.071429,0
3046,10383," influence",208552199,10274,535328,-1.108874,1.108874,0
3047,1023," other",208579929,10275,535332,-3.606938,3.606938,0
3048,17089," nations",208608055,10276,535332,-0.110882,0.110882,0
3049,662," .",208636225,10277,535332,-0.044020,0.044020,0
3050,578," The",208663957,10278,535332,-0.100446,0.100446,0
3051,358," I",208691909,10279,535332,-0.069326,0.069326,0
3052,41,"J",208720343,10280,535332,-0.006739,0.006739,0
3053,45,"N",208748306,10281,535332,-0.000229,0.000229,0
3054,364," '",208776410,10282,535248,-0.016578,0.016578,0
3055,82,"s",208804552,10283,535248,-0.000003,0.000003,0
3056,502," new",208834745,10284,535248,-0.016077,0.016077,0
3057,26155," fleet",208861571,10285,535332,-0.000542,0.000542,0
3058,1053," would",208887891,10286,535332,-0.589469,0.589469,0
3059,387," be",208915646,10287,535332,-0.573803,0.573803,0
3060,13171," capable",208942701,10288,535332,-0.671705,0.671705,0
3061,315," of",208969048,10289,535332,-0.000027,0.000027,0
3062,11039," fighting",208996688,10290,535332,-0.579120,0.579120,0
3063,2403," against",209024881,10291,535332,-0.146807,0.146807,0
3064,2225," both",209052423,10292,535332,-0.695145,0.695145,0
3065,6457," Japan",209080398,10293,535332,-5.772822,5.772822,0
3066,596,"'s",209108098,10294,535312,-0.452391,0.452391,0
3067,1925," main",209134941,10295,535332,-1.062347,1.062347,0
3068,35938," rivals",209161213,10296,535332,-0.211609,0.211609,0
3069,11,",",209187686,10297,535328,-0.687973,0.687973,0
3070,13527," Britain",209214224,10298,535328,-1.558388,1.558388,0
3071,323," and",209245232,10299,535312,-0.026081,0.026081,0
3072,10057," Germany",209279161,10300,535312,-4.170075,4.170075,0
3073,1174," ,",209307162,10301,535312,-0.139778,0.139778,0
3074,719," but",209334029,10302,535312,-0.804239,0.804239,0
3075,433," it",209361423,10303,535312,-0.030808,0.030808,0
3076,1053," would",209389551,10304,535312,-0.004285,0.004285,0
3077,1101," also",209417507,10305,535312,-0.001535,0.001535,0
3078,617," have",209445737,10306,535312,-0.059041,0.059041,0
3079,311," to",209473859,10307,535312,-0.000251,0.000251,0
3080,56195," contend",209501869,10308,535312,-0.007739,0.007739,0
3081,449," with",209529819,10309,535312,-0.000064,0.000064,0
3082,279," the",209557753,10310,535316,-0.006783,0.006783,0
3083,7982," growing",209586425,10311,535316,-0.230239,0.230239,0
3084,6023," threat",209615602,10312,535316,-0.003586,0.003586,0
3085,505," from",209648459,10313,535316,-0.002061,0.002061,0
3086,8524," Russia",209675810,10314,535316,-3.669593,3.669593,0
3087,662," .",209702435,10315,535332,-1.496938,1.496938,0
3088,578," The",209728751,10316,535332,-0.105396,0.105396,0
3089,358," I",209756464,10317,535332,-0.014515,0.014515,0
3090,41,"J",209784147,10318,535332,-0.004187,0.004187,0
3091,45,"N",209812187,10319,535332,-0.000189,0.000189,0
3092,364," '",209839935,10320,535332,-0.017686,0.017686,0
3093,82,"s",209868019,10321,535332,-0.000003,0.000003,0
3094,502," new",209896029,10322,535332,-0.002610,0.002610,0
3095,26155," fleet",209923654,10323,535332,-0.000187,0.000187,0
3096,574," was",209950569,10324,535332,-0.689487,0.689487,0
3097,6319," designed",209978452,10325,535332,-0.005581,0.005581,0
3098,311," to",210005136,10326,535332,-0.002203,0.002203,0
3099,387," be",210031719,10327,535332,-0.003666,0.003666,0
3100,3025," able",210057970,10328,535332,-0.039529,0.039529,0
3101,311," to",210084837,10329,535332,-0.000005,0.000005,0
3102,51571," withstand",210110969,10330,535332,-0.123483,0.123483,0
3103,9354," enemy",210138609,10331,535332,-0.005997,0.005997,0
3104,8951," attacks",210166477,10332,535332,-0.000501,0.000501,0
3105,323," and",210194497,10333,535332,-0.000513,0.000513,0
3106,10519," maintain",210222501,10334,535332,-0.000675,0.000675,0
3107,264," a",210249710,10335,535332,-0.000165,0.000165,0
3108,1579," high",210277676,10336,535332,-0.000038,0.000038,0
3109,2237," level",210305613,10337,535332,-0.000014,0.000014,0
3110,315," of",210333080,10338,535332,-0.000002,0.000002,0
3111,12896," combat",210361008,10339,535332,-0.000083,0.000083,0
3112,27375," effectiveness",210388487,10340,535332,-0.000020,0.000020,0
3113,662," .",210414745,10341,535332,-0.051765,0.051765,0
3114,578," The",210440821,10342,535216,-0.003094,0.003094,0
3115,2955," design",210468085,10343,535216,-0.012528,0.012528,0
3116,315," of",210495651,10344,535216,-0.000391,0.000391,0
3117,279," the",210523148,10345,535216,-0.000072,0.000072,0
3118,358," I",210550650,10346,535216,-0.000103,0.000103,0
3119,41,"J",210578587,10347,535216,-0.000155,0.000155,0
3120,45,"N",210606539,10348,535216,-0.000238,0.000238,0
3121,364," '",210634897,10349,535216,-0.007219,0.007219,0
3122,82,"s",210663233,10350,535216,-0.000008,0.000008,0
3123,502," new",210691689,10351,535216,-0.000067,0.000067,0
3124,26155," fleet",210720200,10352,535216,-0.000069,0.000069,0
3125,574," was",210748837,10353,535216,-0.004915,0.004915,0
3126,28160," influenced",210776232,10354,535216,-0.000143,0.000143,0
3127,555," by",210802934,10355,535216,-0.000021,0.000021,0
3128,279," the",210829713,10356,535216,-0.000328,0.000328,0
3129,11002," Japanese",210857815,10357,535216,-0.000176,0.000176,0
3130,19574," Navy",210885161,10358,535216,-0.004277,0.004277,0
3131,596,"'s",210912056,10359,535216,-0.000571,0.000571,0
3132,12876," desire",210940295,10360,535216,-0.000224,0.000224,0
3133,311," to",210968958,10361,535216,-0.000109,0.000109,0
3134,10519," maintain",210998773,10362,535216,-0.004439,0.004439,0
3135,264," a",211028895,10363,535216,-0.000268,0.000268,0
3136,3831," strong",211057969,10364,535216,-0.000083,0.000083,0
3137,9546," presence",211087620,10365,535332,-0.000401,0.000401,0
3138,304," in",211115863,10366,535332,-0.000010,0.000010,0
3139,279," the",211145263,10367,535332,-0.000037,0.000037,0
3140,16867," Pacific",211172782,10368,535332,-0.000487,0.000487,0
3141,22302," Ocean",211199433,10369,535332,-0.000959,0.000959,0
3142,1174," ,",211226019,10370,535208,-0.011952,0.011952,0
3143,902," which",211253162,10371,535208,-0.000079,0.000079,0
3144,1053," would",211279895,10372,535208,-0.000261,0.000261,0
3145,7431," enable",211308278,10373,535208,-0.000112,0.000112,0
3146,1124," them",211337250,10374,535208,-0.000129,0.000129,0
3147,311," to",211366197,10375,535208,-0.000012,0.000012,0
3148,6144," protect",211394131,10376,535208,-0.000451,0.000451,0
3149,872," their",211422217,10377,535332,-0.000224,0.000224,0
3150,12034," interests",211449938,10378,535332,-0.000039,0.000039,0
3151,323," and",211477626,10379,535332,-0.000056,0.000056,0
3152,10383," influence",211505531,10380,535332,-0.000013,0.000013,0
3153,1023," other",211534412,10381,535288,-0.000378,0.000378,0
3154,17089," nations",211561784,10382,535288,-0.000039,0.000039,0
3155,662," .",211589345,10383,535288,-0.043365,0.043365,0
3156,578," The",211616146,10384,535288,-0.005621,0.005621,0
3157,358," I",211642962,10385,535288,-0.049118,0.049118,0
3158,41,"J",211669595,10386,535288,-0.001303,0.001303,0
3159,45,"N",211701355,10387,535288,-0.000495,0.000495,0
3160,364," '",211730275,10388,535288,-0.003994,0.003994,0
3161,82,"s",211758802,10389,535288,-0.000006,0.000006,0
3162,502," new",211786650,10390,535288,-0.001256,0.001256,0
3163,26155," fleet",211814952,10391,535288,-0.000124,0.000124,0
3164,1053," would",211843772,10392,535288,-0.192769,0.192769,0
3165,387," be",211872614,10393,535288,-0.000547,0.000547,0
3166,13171," capable",211902201,10394,535252,-0.014537,0.014537,0
3167,315," of",211932254,10395,535332,-0.000031,0.000031,0
3168,11039," fighting",211960903,10396,535332,-0.000731,0.000731,0
3169,2403," against",211989089,10397,535324,-0.000167,0.000167,0
3170,2225," both",212016712,10398,535324,-0.006003,0.006003,0
3171,6457," Japan",212045079,10399,535248,-0.000571,0.000571,0
3172,596,"'s",212071500,10400,535324,-0.001799,0.001799,0
3173,1925," main",212099648,10401,535324,-0.000209,0.000209,0
3174,35938," rivals",212128432,10402,535324,-0.000532,0.000532,0
3175,11,",",212156879,10403,535332,-0.000906,0.000906,0
3176,13527," Britain",212185003,10404,535332,-0.000118,0.000118,0
3177,323," and",212213652,10405,535332,-0.009002,0.009002,0
3178,10057," Germany",212242230,10406,535332,-0.000869,0.000869,0
3179,1174," ,",212270570,10407,535332,-0.001279,0.001279,0
3180,719," but",212298593,10408,535332,-0.004333,0.004333,0
3181,433," it",212326919,10409,535332,-0.000077,0.000077,0
3182,1053," would",212353762,10410,535324,-0.000074,0.000074,0
3183,1101," also",212389942,10411,535324,-0.000036,0.000036,0
3184,617," have",212419725,10412,535324,-0.000056,0.000056,0
3185,311," to",212447584,10413,535324,-0.000020,0.000020,0
3186,56195," contend",212474312,10414,535332,-0.000181,0.000181,0
3187,449," with",212501092,10415,535332,-0.000032,0.000032,0
3188,279," the",212528054,10416,535332,-0.000022,0.000022,0
3189,7982," growing",212555200,10417,535332,-0.000021,0.000021,0
3190,6023," threat",212581681,10418,535332,-0.000082,0.000082,0
3191,505," from",212608272,10419,535332,-0.000025,0.000025,0
3192,8524," Russia",212634500,10420,535332,-0.000613,0.000613,0
3193,662," .",212660861,10421,535332,-0.106048,0.106048,0
3194,578," The",212687239,10422,535332,-0.011118,0.011118,0
3195,2955," design",212713918,10423,535332,-1.882216,1.882216,0
3196,315," of",212740327,10424,535332,-0.000115,0.000115,0
3197,279," the",212767045,10425,535332,-0.000084,0.000084,0
3198,358," I",212794784,10426,535332,-0.000043,0.000043,0
3199,41,"J",212821985,10427,535332,-0.000269,0.000269,0
3200,45,"N",212850045,10428,535332,-0.000240,0.000240,0
3201,364," '",212878843,10429,535332,-0.005192,0.005192,0
3202,82,"s",212908258,10430,535332,-0.000012,0.000012,0
3203,502," new",212936911,10431,535332,-0.000216,0.000216,0
3204,26155," fleet",212965849,10432,535332,-0.000076,0.000076,0
3205,574," was",212994618,10433,535332,-0.019005,0.019005,0
3206,28160," influenced",213022725,10434,535332,-0.000774,0.000774,0
3207,555," by",213050806,10435,535332,-0.000054,0.000054,0
3208,279," the",213077982,10436,535332,-0.000120,0.000120,0
3209,11002," Japanese",213104693,10437,535332,-0.000095,0.000095,0
3210,19574," Navy",213131644,10438,535332,-0.000792,0.000792,0
3211,596,"'s",213158093,10439,535332,-0.000739,0.000739,0
3212,12876," desire",213185496,10440,535332,-0.000081,0.000081,0
3213,311," to",213214202,10441,535332,-0.000041,0.000041,0
3214,10519," maintain",213243456,10442,535332,-0.000918,0.000918,0
3215,264," a",213272192,10443,535332,-0.000058,0.000058,0
3216,3831," strong",213300900,10444,535332,-0.000047,0.000047,0
3217,9546," presence",213329248,10445,535332,-0.000121,0.000121,0
3218,304," in",213358723,10446,535308,-0.000009,0.000009,0
3219,279," the",213388935,10447,535308,-0.000007,0.000007,0
3220,16867," Pacific",213417686,10448,535332,-0.000055,0.000055,0
3221,22302," Ocean",213445936,10449,535332,-0.000584,0.000584,0
3222,1174," ,",213474218,10450,535332,-0.003679,0.003679,0
3223,902," which",213502069,10451,535332,-0.000104,0.000104,0
3224,1053," would",213530098,10452,535316,-0.000162,0.000162,0
3225,7431," enable",213557373,10453,535316,-0.000087,0.000087,0
3226,1124," them",213584698,10454,535316,-0.000105,0.000105,0
3227,311," to",213613025,10455,535316,-0.000009,0.000009,0
3228,6144," protect",213641772,10456,535316,-0.000222,0.000222,0
3229,872," their",213669996,10457,535316,-0.000087,0.000087,0
3230,12034," interests",213697377,10458,535316,-0.000025,0.000025,0
3231,323," and",213724895,10459,535316,-0.000019,0.000019,0
3232,10383," influence",213753057,10460,535316,-0.000017,0.000017,0
3233,1023," other",213782173,10461,535316,-0.000103,0.000103,0
3234,17089," nations",213811487,10462,535316,-0.000023,0.000023,0
3235,662," .",213841075,10463,535288,-0.033972,0.033972,0
3236,578," The",213868999,10464,535288,-0.005269,0.005269,0
3237,358," I",213896846,10465,535288,-0.074003,0.074003,0
3238,41,"J",213923900,10466,535288,-0.001441,0.001441,0
3239,45,"N",213950630,10467,535288,-0.000806,0.000806,0
3240,364," '",213977553,10468,535288,-0.005731,0.005731,0
3241,82,"s",214005844,10469,535288,-0.000008,0.000008,0
3242,502," new",214033587,10470,535288,-0.001743,0.001743,0
3243,26155," fleet",214061895,10471,535288,-0.000156,0.000156,0
3244,574," was",214088824,10472,535288,-2.587456,2.587456,0
3245,6319," designed",214117109,10473,535288,-0.002805,0.002805,0
3246,311," to",214145901,10474,535288,-0.000109,0.000109,0
3247,387," be",214174683,10475,535288,-0.000162,0.000162,0
3248,3025," able",214203269,10476,535288,-0.001798,0.001798,0
3249,311," to",214231892,10477,535288,-0.000076,0.000076,0
3250,51571," withstand",214258711,10478,535288,-0.281064,0.281064,0
3251,9354," enemy",214285659,10479,535288,-0.000153,0.000153,0
3252,8951," attacks",214312789,10480,535288,-0.000071,0.000071,0
3253,323," and",214339925,10481,535288,-0.000204,0.000204,0
3254,10519," maintain",214366692,10482,535288,-0.000047,0.000047,0
3255,264," a",214394695,10483,535288,-0.000021,0.000021,0
3256,1579," high",214423282,10484,535288,-0.000010,0.000010,0
3257,2237," level",214451866,10485,535288,-0.000065,0.000065,0
3258,315," of",214480163,10486,535288,-0.000011,0.000011,0
3259,12896," combat",214508888,10487,535288,-0.000038,0.000038,0
3260,27375," effectiveness",214537407,10488,535288,-0.000043,0.000043,0
3261,662," .",214566130,10489,535288,-0.057690,0.057690,0
3262,578," The",214593810,10490,535288,-0.001806,0.001806,0
3263,2955," design",214622088,10491,535288,-0.002476,0.002476,0
3264,315," of",214649849,10492,535332,-0.000257,0.000257,0
3265,279," the",214676885,10493,535332,-0.000024,0.000024,0
3266,358," I",214707312,10494,535332,-0.000012,0.000012,0
3267,41,"J",214735072,10495,535332,-0.000283,0.000283,0
3268,45,"N",214762165,10496,535332,-0.000328,0.000328,0
3269,364," '",214790771,10497,535332,-0.001668,0.001668,0
3270,82,"s",214819273,10498,535332,-0.000012,0.000012,0
3271,502," new",214847718,10499,535332,-0.000172,0.000172,0
3272,26155," fleet",214876331,10500,535332,-0.000066,0.000066,0
3273,574," was",214904529,10501,535284,-0.000909,0.000909,0
3274,28160," influenced",214933748,10502,535232,-0.000120,0.000120,0
3275,555," by",214962078,10503,535284,-0.000042,0.000042,0
3276,279," the",214990803,10504,535284,-0.000059,0.000059,0
3277,11002," Japanese",215019796,10505,535284,-0.000078,0.000078,0
3278,19574," Navy",215047793,10506,535284,-0.000358,0.000358,0
3279,596,"'s",215074533,10507,535284,-0.000865,0.000865,0
3280,12876," desire",215101083,10508,535284,-0.000095,0.000095,0
3281,311," to",215128408,10509,535284,-0.000050,0.000050,0
3282,10519," maintain",215154948,10510,535284,-0.000574,0.000574,0
3283,264," a",215183419,10511,535284,-0.000046,0.000046,0
3284,3831," strong",215213078,10512,535332,-0.000036,0.000036,0
3285,9546," presence",215240751,10513,535332,-0.000081,0.000081,0
3286,304," in",215268741,10514,535332,-0.000016,0.000016,0
3287,279," the",215296474,10515,535332,-0.000005,0.000005,0
3288,16867," Pacific",215324336,10516,535332,-0.000031,0.000031,0
3289,22302," Ocean",215352957,10517,535332,-0.000813,0.000813,0
3290,1174," ,",215382073,10518,535332,-0.002539,0.002539,0
3291,902," which",215411280,10519,535332,-0.000053,0.000053,0
3292,1053," would",215439433,10520,535332,-0.000119,0.000119,0
3293,7431," enable",215466099,10521,535332,-0.000103,0.000103,0
3294,1124," them",215492651,10522,535332,-0.000104,0.000104,0
3295,311," to",215522845,10523,535332,-0.000016,0.000016,0
3296,6144," protect",215549738,10524,535248,-0.000154,0.000154,0
3297,872," their",215576746,10525,535248,-0.000119,0.000119,0
3298,12034," interests",215603376,10526,535248,-0.000029,0.000029,0
3299,323," and",215629879,10527,535248,-0.000013,0.000013,0
3300,10383," influence",215656369,10528,535248,-0.000020,0.000020,0
3301,1023," other",215682811,10529,535332,-0.000077,0.000077,0
3302,17089," nations",215709259,10530,535332,-0.000023,0.000023,0
3303,662," .",215735963,10531,535332,-0.053436,0.053436,0
3304,578," The",215763142,10532,535332,-0.008430,0.008430,0
3305,358," I",215790783,10533,535328,-0.023045,0.023045,0
3306,41,"J",215817896,10534,535328,-0.000794,0.000794,0
3307,45,"N",215844249,10535,535328,-0.000821,0.000821,0
3308,364," '",215870815,10536,535328,-0.001399,0.001399,0
3309,82,"s",215897587,10537,535328,-0.000010,0.000010,0
3310,502," new",215924093,10538,535328,-0.001139,0.001139,0
3311,26155," fleet",215950608,10539,535332,-0.000177,0.000177,0
3312,1053," would",215979003,10540,535332,-0.558313,0.558313,0
3313,387," be",216007931,10541,535332,-0.000974,0.000974,0
3314,13171," capable",216036234,10542,535332,-0.011202,0.011202,0
3315,315," of",216064646,10543,535332,-0.000063,0.000063,0
3316,11039," fighting",216093165,10544,535308,-0.000185,0.000185,0
3317,2403," against",216121026,10545,535308,-0.000049,0.000049,0
3318,2225," both",216149689,10546,535308,-0.000729,0.000729,0
3319,6457," Japan",216178118,10547,535308,-0.000100,0.000100,0
3320,596,"'s",216206077,10548,535308,-0.000895,0.000895,0
3321,1925," main",216232690,10549,535308,-0.000073,0.000073,0
3322,35938," rivals",216259346,10550,535308,-0.000095,0.000095,0
3323,11,",",216286014,10551,535308,-0.000297,0.000297,0
3324,13527," Britain",216312577,10552,535332,-0.000097,0.000097,0
3325,323," and",216341002,10553,535332,-0.000260,0.000260,0
3326,10057," Germany",216369435,10554,535332,-0.000118,0.000118,0
3327,1174," ,",216398001,10555,535332,-0.000765,0.000765,0
3328,719," but",216425867,10556,535332,-0.001612,0.001612,0
3329,433," it",216453127,10557,535332,-0.000022,0.000022,0
3330,1053," would",216481227,10558,535332,-0.000099,0.000099,0
3331,1101," also",216509800,10559,535332,-0.000080,0.000080,0
3332,617," have",216538397,10560,535332,-0.000070,0.000070,0
3333,311," to",216566405,10561,535332,-0.000014,0.000014,0
3334,56195," contend",216594151,10562,535332,-0.000253,0.000253,0
3335,449," with",216620945,10563,535332,-0.000110,0.000110,0
3336,279," the",216647490,10564,535332,-0.000012,0.000012,0
3337,7982," growing",216674031,10565,535332,-0.000018,0.000018,0
3338,6023," threat",216700840,10566,535256,-0.000062,0.000062,0
3339,505," from",216730006,10567,535256,-0.000064,0.000064,0
3340,8524," Russia",216756810,10568,535332,-0.000476,0.000476,0
3341,662," .",216785830,10569,535332,-0.270441,0.270441,0
3342,578," The",216812610,10570,535332,-0.004613,0.004613,0
3343,2955," design",216839156,10571,535332,-0.303047,0.303047,0
3344,315," of",216865841,10572,535332,-0.000039,0.000039,0
3345,279," the",216892204,10573,535332,-0.000015,0.000015,0
3346,358," I",216918654,10574,535332,-0.000008,0.000008,0
3347,41,"J",216948125,10575,535332,-0.000125,0.000125,0
3348,45,"N",216974961,10576,535332,-0.000235,0.000235,0
3349,364," '",217003304,10577,535332,-0.002277,0.002277,0
3350,82,"s",217029806,10578,535332,-0.000009,0.000009,0
3351,502," new",217056151,10579,535332,-0.000165,0.000165,0
3352,26155," fleet",217084123,10580,535332,-0.000057,0.000057,0
3353,574," was",217113159,10581,535332,-0.006744,0.006744,0
3354,28160," influenced",217142550,10582,535332,-0.000284,0.000284,0
3355,555," by",217171047,10583,535332,-0.000041,0.000041,0
3356,279," the",217199924,10584,535332,-0.000021,0.000021,0
3357,11002," Japanese",217228422,10585,535332,-0.000071,0.000071,0
3358,19574," Navy",217256812,10586,535332,-0.000177,0.000177,0
3359,596,"'s",217284469,10587,535332,-0.000677,0.000677,0
3360,12876," desire",217316632,10588,535332,-0.000044,0.000044,0
3361,311," to",217344074,10589,535332,-0.000027,0.000027,0
3362,10519," maintain",217371365,10590,535332,-0.000202,0.000202,0
3363,264," a",217397979,10591,535332,-0.000029,0.000029,0
3364,3831," strong",217425589,10592,535332,-0.000032,0.000032,0
3365,9546," presence",217452466,10593,535332,-0.000074,0.000074,0
3366,304," in",217480438,10594,535332,-0.000011,0.000011,0
3367,279," the",217509052,10595,535332,-0.000004,0.000004,0
3368,16867," Pacific",217537799,10596,535316,-0.000030,0.000030,0
3369,22302," Ocean",217567531,10597,535316,-0.000632,0.000632,0
3370,1174," ,",217596250,10598,535332,-0.004383,0.004383,0
3371,902," which",217623823,10599,535332,-0.000065,0.000065,0
3372,1053," would",217652417,10600,535332,-0.000094,0.000094,0
3373,7431," enable",217680635,10601,535332,-0.000120,0.000120,0
3374,1124," them",217708884,10602,535332,-0.000088,0.000088,0
3375,311," to",217736179,10603,535332,-0.000014,0.000014,0
3376,6144," protect",217762745,10604,535332,-0.000142,0.000142,0
3377,872," their",217789352,10605,535212,-0.000099,0.000099,0
3378,12034," interests",217816580,10606,535332,-0.000021,0.000021,0
3379,323," and",217843137,10607,535332,-0.000013,0.000013,0
3380,10383," influence",217869822,10608,535332,-0.000023,0.000023,0
3381,1023," other",217897056,10609,535332,-0.000079,0.000079,0
3382,17089," nations",217925707,10610,535332,-0.000021,0.000021,0
3383,662," .",217954813,10611,535332,-0.051705,0.051705,0
3384,578," The",217983621,10612,535332,-0.004834,0.004834,0
3385,358," I",218013339,10613,535332,-0.018283,0.018283,0
3386,41,"J",218042115,10614,535332,-0.000565,0.000565,0
3387,45,"N",218071092,10615,535332,-0.000817,0.000817,0
3388,364," '",218099690,10616,535332,-0.002531,0.002531,0
3389,82,"s",218127998,10617,535332,-0.000008,0.000008,0
3390,502," new",218155366,10618,535244,-0.000982,0.000982,0
3391,26155," fleet",218182135,10619,535244,-0.000164,0.000164,0
3392,574," was",218208734,10620,535332,-1.014913,1.014913,0
3393,6319," designed",218235408,10621,535332,-0.000262,0.000262,0
3394,311," to",218263353,10622,535332,-0.000081,0.000081,0
3395,387," be",218292142,10623,535332,-0.000049,0.000049,0
3396,3025," able",218320770,10624,535332,-0.000198,0.000198,0
3397,311," to",218349280,10625,535332,-0.000014,0.000014,0
3398,51571," withstand",218377992,10626,535332,-0.001618,0.001618,0
3399,9354," enemy",218406826,10627,535332,-0.000061,0.000061,0
3400,8951," attacks",218435164,10628,535332,-0.000046,0.000046,0
3401,323," and",218463041,10629,535332,-0.000036,0.000036,0
3402,10519," maintain",218491308,10630,535332,-0.000035,0.000035,0
3403,264," a",218523217,10631,535332,-0.000011,0.000011,0
3404,1579," high",218550235,10632,535292,-0.000003,0.000003,0
3405,2237," level",218576685,10633,535292,-0.000044,0.000044,0
3406,315," of",218603354,10634,535292,-0.000015,0.000015,0
3407,12896," combat",218629838,10635,535292,-0.000038,0.000038,0
3408,27375," effectiveness",218658013,10636,535292,-0.000064,0.000064,0
3409,662," .",218687481,10637,535292,-0.058594,0.058594,0
3410,578," The",218715919,10638,535292,-0.003142,0.003142,0
3411,2955," design",218743673,10639,535292,-0.001599,0.001599,0
3412,315," of",218772261,10640,535332,-0.000157,0.000157,0
3413,279," the",218800114,10641,535296,-0.000020,0.000020,0
3414,358," I",218827057,10642,535296,-0.000010,0.000010,0
3415,41,"J",218853973,10643,535296,-0.000182,0.000182,0
3416,45,"N",218888237,10644,535296,-0.000291,0.000291,0
3417,364," '",218916816,10645,535332,-0.001838,0.001838,0
3418,82,"s",218944960,10646,535332,-0.000012,0.000012,0
3419,502," new",218972943,10647,535332,-0.000202,0.000202,0
3420,26155," fleet",218999532,10648,535332,-0.000077,0.000077,0
3421,574," was",219026199,10649,535332,-0.001403,0.001403,0
3422,28160," influenced",219052579,10650,535332,-0.000130,0.000130,0
3423,555," by",219078911,10651,535332,-0.000042,0.000042,0
3424,279," the",219107079,10652,535332,-0.000043,0.000043,0
3425,11002," Japanese",219136408,10653,535332,-0.000095,0.000095,0
3426,19574," Navy",219164896,10654,535332,-0.000177,0.000177,0
3427,596,"'s",219193476,10655,535332,-0.000727,0.000727,0
3428,12876," desire",219222237,10656,535332,-0.000088,0.000088,0
3429,311," to",219251495,10657,535308,-0.000063,0.000063,0
3430,10519," maintain",219279222,10658,535332,-0.000336,0.000336,0
3431,264," a",219306900,10659,535332,-0.000046,0.000046,0
3432,3831," strong",219333902,10660,535260,-0.000036,0.000036,0
3433,9546," presence",219360996,10661,535332,-0.000080,0.000080,0
3434,304," in",219387566,10662,535332,-0.000017,0.000017,0
3435,279," the",219414873,10663,535332,-0.000005,0.000005,0
3436,16867," Pacific",219441649,10664,535332,-0.000031,0.000031,0
3437,22302," Ocean",219470036,10665,535332,-0.000692,0.000692,0
3438,1174," ,",219498615,10666,535332,-0.002999,0.002999,0
3439,902," which",219527401,10667,535332,-0.000050,0.000050,0
3440,1053," would",219555965,10668,535332,-0.000113,0.000113,0
3441,7431," enable",219584526,10669,535332,-0.000164,0.000164,0
3442,1124," them",219612865,10670,535332,-0.000101,0.000101,0
3443,311," to",219640138,10671,535332,-0.000017,0.000017,0
3444,6144," protect",219667393,10672,535332,-0.000154,0.000154,0
3445,872," their",219695590,10673,535332,-0.000128,0.000128,0
3446,12034," interests",219723085,10674,535332,-0.000037,0.000037,0
3447,323," and",219749838,10675,535332,-0.000014,0.000014,0
3448,10383," influence",219776397,10676,535332,-0.000025,0.000025,0
3449,1023," other",219804084,10677,535332,-0.000081,0.000081,0
3450,17089," nations",219830698,10678,535332,-0.000023,0.000023,0
3451,662," .",219858449,10679,535332,-0.064966,0.064966,0
3452,578," The",219886275,10680,535332,-0.007800,0.007800,0
3453,358," I",219914720,10681,535332,-0.010003,0.010003,0
3454,41,"J",219943018,10682,535332,-0.000484,0.000484,0
3455,45,"N",219971707,10683,535332,-0.000903,0.000903,0
3456,364," '",220000366,10684,535332,-0.001520,0.001520,0
3457,82,"s",220028994,10685,535332,-0.000008,0.000008,0
3458,502," new",220057011,10686,535332,-0.000816,0.000816,0
3459,26155," fleet",220085321,10687,535332,-0.000186,0.000186,0
3460,1053," would",220113530,10688,535332,-0.390720,0.390720,0
3461,387," be",220140115,10689,535332,-0.000628,0.000628,0
3462,13171," capable",220166817,10690,535332,-0.008187,0.008187,0
3463,315," of",220193715,10691,535332,-0.000078,0.000078,0
3464,11039," fighting",220220638,10692,535332,-0.000121,0.000121,0
3465,2403," against",220249492,10693,535332,-0.000034,0.000034,0
3466,2225," both",220277933,10694,535332,-0.000604,0.000604,0
3467,6457," Japan",220306944,10695,535332,-0.000082,0.000082,0
3468,596,"'s",220335524,10696,535332,-0.000624,0.000624,0
3469,1925," main",220364159,10697,535332,-0.000056,0.000056,0
3470,35938," rivals",220392905,10698,535332,-0.000092,0.000092,0
3471,11,",",220422304,10699,535332,-0.000231,0.000231,0
3472,13527," Britain",220450731,10700,535332,-0.000105,0.000105,0
3473,323," and",220478484,10701,535248,-0.000146,0.000146,0
3474,10057," Germany",220505996,10702,535248,-0.000121,0.000121,0
3475,1174," ,",220532705,10703,535248,-0.001014,0.001014,0
3476,719," but",220561696,10704,535248,-0.001074,0.001074,0
3477,433," it",220589416,10705,535248,-0.000020,0.000020,0
3478,1053," would",220616143,10706,535248,-0.000092,0.000092,0
3479,1101," also",220644516,10707,535248,-0.000067,0.000067,0
3480,617," have",220673233,10708,535248,-0.000054,0.000054,0
3481,311," to",220702592,10709,535332,-0.000014,0.000014,0
3482,56195," contend",220731188,10710,535332,-0.000284,0.000284,0
3483,449," with",220759729,10711,535212,-0.000129,0.000129,0
3484,279," the",220788357,10712,535212,-0.000010,0.000010,0
3485,7982," growing",220816510,10713,535332,-0.000020,0.000020,0
3486,6023," threat",220844551,10714,535332,-0.000051,0.000051,0
3487,505," from",220872591,10715,535332,-0.000101,0.000101,0
3488,8524," Russia",220899161,10716,535332,-0.000436,0.000436,0
3489,662," .",220926220,10717,535332,-0.186407,0.186407,0
3490,578," The",220952748,10718,535332,-0.003643,0.003643,0
3491,2955," design",220979708,10719,535332,-0.003672,0.003672,0
3492,315," of",221006355,10720,535332,-0.000052,0.000052,0
3493,279," the",221032827,10721,535332,-0.000017,0.000017,0
3494,358," I",221059333,10722,535332,-0.000006,0.000006,0
3495,41,"J",221086127,10723,535320,-0.000124,0.000124,0
3496,45,"N",221112715,10724,535304,-0.000210,0.000210,0
3497,364," '",221140823,10725,535316,-0.001097,0.001097,0
3498,82,"s",221167308,10726,535316,-0.000011,0.000011,0
3499,502," new",221193936,10727,535316,-0.000162,0.000162,0
3500,26155," fleet",221220853,10728,535316,-0.000062,0.000062,0
3501,574," was",221247395,10729,535316,-0.001637,0.001637,0
3502,28160," influenced",221273974,10730,535316,-0.000133,0.000133,0
3503,555," by",221300154,10731,535316,-0.000035,0.000035,0
3504,279," the",221326673,10732,535316,-0.000024,0.000024,0
3505,11002," Japanese",221353668,10733,535316,-0.000079,0.000079,0
3506,19574," Navy",221382160,10734,535316,-0.000128,0.000128,0
3507,596,"'s",221410458,10735,535316,-0.000496,0.000496,0
3508,12876," desire",221438742,10736,535272,-0.000041,0.000041,0
3509,311," to",221467511,10737,535272,-0.000035,0.000035,0
3510,10519," maintain",221496300,10738,535272,-0.000146,0.000146,0
3511,264," a",221525684,10739,535272,-0.000031,0.000031,0
3512,3831," strong",221555193,10740,535288,-0.000035,0.000035,0
3513,9546," presence",221583604,10741,535332,-0.000079,0.000079,0
3514,304," in",221611710,10742,535300,-0.000012,0.000012,0
3515,279," the",221638655,10743,535332,-0.000004,0.000004,0
3516,16867," Pacific",221665489,10744,535332,-0.000033,0.000033,0
3517,22302," Ocean",221692337,10745,535332,-0.000701,0.000701,0
3518,1174," ,",221719205,10746,535332,-0.004906,0.004906,0
3519,902," which",221745871,10747,535332,-0.000059,0.000059,0
3520,1053," would",221774127,10748,535332,-0.000078,0.000078,0
3521,7431," enable",221803233,10749,535332,-0.000147,0.000147,0
3522,1124," them",221831986,10750,535332,-0.000103,0.000103,0
3523,311," to",221861332,10751,535332,-0.000017,0.000017,0
3524,6144," protect",221890112,10752,535332,-0.000145,0.000145,0
3525,872," their",221918975,10753,535332,-0.000128,0.000128,0
3526,12034," interests",221947433,10754,535332,-0.000051,0.000051,0
3527,323," and",221975226,10755,535332,-0.000012,0.000012,0
3528,10383," influence",222003793,10756,535332,-0.000024,0.000024,0
3529,1023," other",222031278,10757,535332,-0.000093,0.000093,0
3530,17089," nations",222058221,10758,535332,-0.000024,0.000024,0
3531,662," .",222084998,10759,535332,-0.046109,0.046109,0
3532,578," The",222115524,10760,535332,-0.004992,0.004992,0
3533,358," I",222142243,10761,535332,-0.006800,0.006800,0
3534,41,"J",222171345,10762,535332,-0.000465,0.000465,0
3535,45,"N",222198497,10763,535332,-0.000879,0.000879,0
3536,364," '",222226012,10764,535332,-0.001661,0.001661,0
3537,82,"s",222254340,10765,535332,-0.000008,0.000008,0
3538,502," new",222282325,10766,535332,-0.000746,0.000746,0
3539,26155," fleet",222310557,10767,535332,-0.000197,0.000197,0
3540,574," was",222339165,10768,535332,-0.479780,0.479780,0
3541,6319," designed",222367453,10769,535332,-0.000159,0.000159,0
3542,311," to",222395796,10770,535332,-0.000051,0.000051,0
3543,387," be",222423037,10771,535332,-0.000053,0.000053,0
3544,3025," able",222449948,10772,535332,-0.000147,0.000147,0
3545,311," to",222476626,10773,535232,-0.000014,0.000014,0
3546,51571," withstand",222503409,10774,535232,-0.001074,0.001074,0
3547,9354," enemy",222531010,10775,535332,-0.000056,0.000056,0
3548,8951," attacks",222559157,10776,535332,-0.000049,0.000049,0
3549,323," and",222587555,10777,535332,-0.000035,0.000035,0
3550,10519," maintain",222616729,10778,535332,-0.000035,0.000035,0
3551,264," a",222646205,10779,535332,-0.000014,0.000014,0
3552,1579," high",222674901,10780,535332,-0.000003,0.000003,0
3553,2237," level",222703845,10781,535332,-0.000027,0.000027,0
3554,315," of",222732685,10782,535332,-0.000018,0.000018,0
3555,12896," combat",222760418,10783,535332,-0.000040,0.000040,0
3556,27375," effectiveness",222788691,10784,535332,-0.000074,0.000074,0
3557,662," .",222816985,10785,535332,-0.057182,0.057182,0
3558,578," The",222847243,10786,535332,-0.004489,0.004489,0
3559,2955," design",222873815,10787,535332,-0.000761,0.000761,0
3560,315," of",222900473,10788,535332,-0.000170,0.000170,0
3561,279," the",222927032,10789,535332,-0.000023,0.000023,0
3562,358," I",222955313,10790,535332,-0.000013,0.000013,0
3563,41,"J",222984221,10791,535332,-0.000215,0.000215,0
3564,45,"N",223012650,10792,535332,-0.000346,0.000346,0
3565,364," '",223041159,10793,535332,-0.001118,0.001118,0
3566,82,"s",223070562,10794,535304,-0.000014,0.000014,0
3567,502," new",223099385,10795,535304,-0.000230,0.000230,0
3568,26155," fleet",223128518,10796,535304,-0.000091,0.000091,0
3569,574," was",223156828,10797,535304,-0.001333,0.001333,0
3570,28160," influenced",223183602,10798,535304,-0.000146,0.000146,0
3571,555," by",223210681,10799,535304,-0.000045,0.000045,0
3572,279," the",223237294,10800,535304,-0.000042,0.000042,0
3573,11002," Japanese",223264587,10801,535332,-0.000106,0.000106,0
3574,19574," Navy",223291208,10802,535332,-0.000140,0.000140,0
3575,596,"'s",223319023,10803,535332,-0.000703,0.000703,0
3576,12876," desire",223347341,10804,535332,-0.000091,0.000091,0
3577,311," to",223376362,10805,535332,-0.000067,0.000067,0
3578,10519," maintain",223404512,10806,535332,-0.000266,0.000266,0
3579,264," a",223432609,10807,535332,-0.000055,0.000055,0
3580,3831," strong",223460870,10808,535332,-0.000036,0.000036,0
3581,9546," presence",223488689,10809,535332,-0.000084,0.000084,0
3582,304," in",223517225,10810,535332,-0.000027,0.000027,0
3583,279," the",223546793,10811,535332,-0.000008,0.000008,0
3584,16867," Pacific",223575558,10812,535332,-0.000041,0.000041,0
3585,22302," Ocean",223602419,10813,535332,-0.001168,0.001168,0
3586,1174," ,",223628902,10814,535232,-0.002485,0.002485,0
3587,902," which",223655500,10815,535232,-0.000065,0.000065,0
3588,1053," would",223682034,10816,535232,-0.000138,0.000138,0
3589,7431," enable",223710356,10817,535232,-0.000205,0.000205,0
3590,1124," them",223740111,10818,535232,-0.000125,0.000125,0
3591,311," to",223769102,10819,535232,-0.000030,0.000030,0
3592,6144," protect",223796549,10820,535312,-0.000177,0.000177,0
3593,872," their",223824384,10821,535312,-0.000185,0.000185,0
3594,12034," interests",223853089,10822,535312,-0.000067,0.000067,0
3595,323," and",223881852,10823,535312,-0.000019,0.000019,0
3596,10383," influence",223910550,10824,535312,-0.000032,0.000032,0
3597,1023," other",223938943,10825,535312,-0.000115,0.000115,0
3598,17089," nations",223966986,10826,535312,-0.000029,0.000029,0
3599,662," .",223993727,10827,535208,-0.074667,0.074667,0
3600,578," The",224020489,10828,535208,-0.009398,0.009398,0
3601,358," I",224047213,10829,535332,-0.008073,0.008073,0
3602,41,"J",224074100,10830,535332,-0.000484,0.000484,0
3603,45,"N",224100504,10831,535332,-0.000971,0.000971,0
3604,364," '",224128381,10832,535332,-0.000951,0.000951,0
3605,82,"s",224157079,10833,535332,-0.000010,0.000010,0
3606,502," new",224186010,10834,535332,-0.000842,0.000842,0
3607,26155," fleet",224215025,10835,535332,-0.000234,0.000234,0
3608,1053," would",224243602,10836,535332,-0.213836,0.213836,0
3609,387," be",224273005,10837,535332,-0.000398,0.000398,0
3610,13171," capable",224301944,10838,535332,-0.004985,0.004985,0
3611,315," of",224330847,10839,535332,-0.000096,0.000096,0
3612,11039," fighting",224359956,10840,535332,-0.000121,0.000121,0
3613,2403," against",224387340,10841,535332,-0.000041,0.000041,0
3614,2225," both",224414307,10842,535332,-0.000467,0.000467,0
3615,6457," Japan",224441658,10843,535332,-0.000080,0.000080,0
3616,596,"'s",224469016,10844,535332,-0.000669,0.000669,0
3617,1925," main",224499877,10845,535332,-0.000030,0.000030,0
3618,35938," rivals",224527792,10846,535332,-0.000090,0.000090,0
3619,11,",",224557072,10847,535332,-0.000236,0.000236,0
3620,13527," Britain",224585667,10848,535332,-0.000105,0.000105,0
3621,323," and",224614613,10849,535332,-0.000177,0.000177,0
3622,10057," Germany",224643156,10850,535332,-0.000130,0.000130,0
3623,1174," ,",224671999,10851,535332,-0.001227,0.001227,0
3624,719," but",224700784,10852,535332,-0.000841,0.000841,0
3625,433," it",224728911,10853,535332,-0.000025,0.000025,0
3626,1053," would",224757737,10854,535292,-0.000098,0.000098,0
3627,1101," also",224784678,10855,535292,-0.000057,0.000057,0
3628,617," have",224811754,10856,535292,-0.000055,0.000055,0
3629,311," to",224838779,10857,535292,-0.000015,0.000015,0
3630,56195," contend",224866361,10858,535268,-0.000231,0.000231,0
3631,449," with",224893506,10859,535268,-0.000136,0.000136,0
3632,279," the",224921740,10860,535292,-0.000012,0.000012,0
3633,7982," growing",224950968,10861,535332,-0.000026,0.000026,0
3634,6023," threat",224979772,10862,535332,-0.000058,0.000058,0
3635,505," from",225008777,10863,535332,-0.000124,0.000124,0
3636,8524," Russia",225037274,10864,535332,-0.000394,0.000394,0
3637,662," .",225066762,10865,535332,-0.155466,0.155466,0
3638,578," The",225095062,10866,535332,-0.005785,0.005785,0
3639,2955," design",225122976,10867,535332,-0.000533,0.000533,0
3640,315," of",225151310,10868,535332,-0.000069,0.000069,0
3641,279," the",225178589,10869,535332,-0.000024,0.000024,0
3642,358," I",225205992,10870,535332,-0.000014,0.000014,0
3643,41,"J",225232923,10871,535332,-0.000151,0.000151,0
3644,45,"N",225259363,10872,535332,-0.000297,0.000297,0
3645,364," '",225285831,10873,535332,-0.001594,0.001594,0
3646,82,"s",225312339,10874,535332,-0.000011,0.000011,0
3647,502," new",225338971,10875,535332,-0.000288,0.000288,0
3648,26155," fleet",225365833,10876,535324,-0.000087,0.000087,0
3649,574," was",225401538,10877,535324,-0.001534,0.001534,0
3650,28160," influenced",225430002,10878,535324,-0.000141,0.000141,0
3651,555," by",225463098,10879,535332,-0.000043,0.000043,0
3652,279," the",225493311,10880,535332,-0.000029,0.000029,0
3653,11002," Japanese",225521611,10881,535332,-0.000096,0.000096,0
3654,19574," Navy",225549919,10882,535332,-0.000139,0.000139,0
3655,596,"'s",225577093,10883,535332,-0.000696,0.000696,0
3656,12876," desire",225605050,10884,535332,-0.000051,0.000051,0
3657,311," to",225631826,10885,535332,-0.000045,0.000045,0
3658,10519," maintain",225659012,10886,535332,-0.000198,0.000198,0
3659,264," a",225687145,10887,535332,-0.000047,0.000047,0
3660,3831," strong",225715815,10888,535332,-0.000044,0.000044,0
3661,9546," presence",225744424,10889,535332,-0.000098,0.000098,0
3662,304," in",225773656,10890,535332,-0.000020,0.000020,0
3663,279," the",225802808,10891,535332,-0.000007,0.000007,0
3664,16867," Pacific",225831028,10892,535332,-0.000045,0.000045,0
3665,22302," Ocean",225859652,10893,535332,-0.000950,0.000950,0
3666,1174," ,",225888057,10894,535332,-0.004084,0.004084,0
3667,902," which",225915320,10895,535332,-0.000102,0.000102,0
3668,1053," would",225942490,10896,535332,-0.000110,0.000110,0
3669,7431," enable",225969242,10897,535332,-0.000202,0.000202,0
3670,1124," them",225996795,10898,535332,-0.000166,0.000166,0
3671,311," to",226023619,10899,535332,-0.000028,0.000028,0
3672,6144," protect",226052135,10900,535332,-0.000221,0.000221,0
3673,872," their",226080895,10901,535332,-0.000225,0.000225,0
3674,12034," interests",226109831,10902,535332,-0.000079,0.000079,0
3675,323," and",226137553,10903,535280,-0.000019,0.000019,0
3676,10383," influence",226166229,10904,535280,-0.000031,0.000031,0
3677,1023," other",226194289,10905,535280,-0.000124,0.000124,0
3678,17089," nations",226222743,10906,535332,-0.000032,0.000032,0
3679,662," .",226250803,10907,535332,-0.060121,0.060121,0
3680,578," The",226279333,10908,535332,-0.006471,0.006471,0
3681,358," I",226307159,10909,535332,-0.006166,0.006166,0
3682,41,"J",226334017,10910,535332,-0.000531,0.000531,0
3683,45,"N",226360610,10911,535332,-0.001101,0.001101,0
3684,364," '",226388469,10912,535332,-0.002031,0.002031,0
3685,82,"s",226415425,10913,535332,-0.000009,0.000009,0
3686,502," new",226443278,10914,535332,-0.000830,0.000830,0
3687,26155," fleet",226471883,10915,535332,-0.000239,0.000239,0
3688,574," was",226500971,10916,535292,-0.293378,0.293378,0
3689,6319," designed",226529185,10917,535292,-0.000176,0.000176,0
3690,311," to",226556704,10918,535332,-0.000086,0.000086,0
3691,387," be",226585168,10919,535332,-0.000071,0.000071,0
3692,3025," able",226614569,10920,535332,-0.000176,0.000176,0
3693,311," to",226643536,10921,535308,-0.000025,0.000025,0
3694,51571," withstand",226671775,10922,535308,-0.001585,0.001585,0
3695,9354," enemy",226699710,10923,535308,-0.000062,0.000062,0
3696,8951," attacks",226726669,10924,535308,-0.000064,0.000064,0
3697,323," and",226753925,10925,535332,-0.000036,0.000036,0
3698,10519," maintain",226780656,10926,535332,-0.000047,0.000047,0
3699,264," a",226807573,10927,535332,-0.000021,0.000021,0
3700,1579," high",226834474,10928,535332,-0.000004,0.000004,0
3701,2237," level",226863010,10929,535332,-0.000037,0.000037,0
3702,315," of",226891769,10930,535332,-0.000027,0.000027,0
3703,12896," combat",226920395,10931,535332,-0.000047,0.000047,0
3704,27375," effectiveness",226948820,10932,535332,-0.000099,0.000099,0
3705,662," .",226977589,10933,535332,-0.068515,0.068515,0
3706,578," The",227006770,10934,535332,-0.008147,0.008147,0
3707,2955," design",227035604,10935,535332,-0.001692,0.001692,0
3708,315," of",227063481,10936,535332,-0.000203,0.000203,0
3709,279," the",227096557,10937,535332,-0.000031,0.000031,0
3710,358," I",227125042,10938,535332,-0.000020,0.000020,0
3711,41,"J",227153215,10939,535332,-0.000177,0.000177,0
3712,45,"N",227180284,10940,535332,-0.000369,0.000369,0
3713,364," '",227207587,10941,535332,-0.000839,0.000839,0
3714,82,"s",227234323,10942,535332,-0.000016,0.000016,0
3715,502," new",227262443,10943,535332,-0.000384,0.000384,0
3716,26155," fleet",227291005,10944,535332,-0.000123,0.000123,0
3717,574," was",227319983,10945,535332,-0.001341,0.001341,0
3718,28160," influenced",227348930,10946,535332,-0.000166,0.000166,0
3719,555," by",227377104,10947,535332,-0.000055,0.000055,0
3720,279," the",227406024,10948,535332,-0.000046,0.000046,0
3721,11002," Japanese",227434380,10949,535272,-0.000121,0.000121,0
3722,19574," Navy",227462687,10950,535272,-0.000151,0.000151,0
3723,596,"'s",227491172,10951,535332,-0.000984,0.000984,0
3724,12876," desire",227518536,10952,535332,-0.000112,0.000112,0
3725,311," to",227545180,10953,535332,-0.000098,0.000098,0
3726,10519," maintain",227571780,10954,535220,-0.000372,0.000372,0
3727,264," a",227599125,10955,535296,-0.000075,0.000075,0
3728,3831," strong",227625954,10956,535296,-0.000044,0.000044,0
3729,9546," presence",227654304,10957,535296,-0.000118,0.000118,0
3730,304," in",227682689,10958,535296,-0.000044,0.000044,0
3731,279," the",227711883,10959,535296,-0.000013,0.000013,0
3732,16867," Pacific",227741193,10960,535332,-0.000057,0.000057,0
3733,22302," Ocean",227769863,10961,535332,-0.001439,0.001439,0
3734,1174," ,",227798580,10962,535332,-0.002852,0.002852,0
3735,902," which",227827254,10963,535332,-0.000106,0.000106,0
3736,1053," would",227855189,10964,535332,-0.000189,0.000189,0
3737,7431," enable",227883733,10965,535284,-0.000254,0.000254,0
3738,1124," them",227911297,10966,535284,-0.000170,0.000170,0
3739,311," to",227938499,10967,535284,-0.000038,0.000038,0
3740,6144," protect",227965087,10968,535284,-0.000280,0.000280,0
3741,872," their",227992840,10969,535284,-0.000271,0.000271,0
3742,12034," interests",228019931,10970,535332,-0.000068,0.000068,0
3743,323," and",228046724,10971,535332,-0.000028,0.000028,0
3744,10383," influence",228074056,10972,535332,-0.000036,0.000036,0
3745,1023," other",228102908,10973,535332,-0.000141,0.000141,0
3746,17089," nations",228131611,10974,535332,-0.000036,0.000036,0
3747,662," .",228160459,10975,535332,-0.093901,0.093901,0
3748,578," The",228189356,10976,535332,-0.011679,0.011679,0
3749,358," I",228218224,10977,535332,-0.007504,0.007504,0
3750,41,"J",228246882,10978,535332,-0.000482,0.000482,0
3751,45,"N",228274643,10979,535332,-0.000985,0.000985,0
3752,364," '",228302925,10980,535332,-0.001299,0.001299,0
3753,82,"s",228329921,10981,535332,-0.000012,0.000012,0
3754,502," new",228356595,10982,535332,-0.000981,0.000981,0
3755,26155," fleet",228388124,10983,535332,-0.000282,0.000282,0
3756,1053," would",228415046,10984,535228,-0.201736,0.201736,0
3757,387," be",228441726,10985,535228,-0.000376,0.000376,0
3758,13171," capable",228470228,10986,535228,-0.006319,0.006319,0
3759,315," of",228499189,10987,535228,-0.000126,0.000126,0
3760,11039," fighting",228527923,10988,535228,-0.000126,0.000126,0
3761,2403," against",228557050,10989,535228,-0.000051,0.000051,0
3762,2225," both",228585072,10990,535228,-0.000655,0.000655,0
3763,6457," Japan",228613756,10991,535228,-0.000088,0.000088,0
3764,596,"'s",228642372,10992,535332,-0.000906,0.000906,0
3765,1925," main",228670266,10993,535332,-0.000044,0.000044,0
3766,35938," rivals",228697180,10994,535332,-0.000098,0.000098,0
3767,11,",",228727232,10995,535332,-0.000298,0.000298,0
3768,13527," Britain",228753816,10996,535332,-0.000120,0.000120,0
3769,323," and",228780994,10997,535332,-0.000243,0.000243,0
3770,10057," Germany",228807566,10998,535332,-0.000137,0.000137,0
3771,1174," ,",228834405,10999,535332,-0.001198,0.001198,0
3772,719," but",228863659,11000,535332,-0.000951,0.000951,0
3773,433," it",228890564,11001,535332,-0.000029,0.000029,0
3774,1053," would",228918874,11002,535332,-0.000124,0.000124,0
3775,1101," also",228947343,11003,535332,-0.000051,0.000051,0
3776,617," have",228975812,11004,535332,-0.000064,0.000064,0
3777,311," to",229004493,11005,535332,-0.000019,0.000019,0
3778,56195," contend",229032403,11006,535332,-0.000284,0.000284,0
3779,449," with",229060981,11007,535332,-0.000129,0.000129,0
3780,279," the",229088237,11008,535332,-0.000017,0.000017,0
3781,7982," growing",229116036,11009,535332,-0.000035,0.000035,0
3782,6023," threat",229145056,11010,535332,-0.000066,0.000066,0
3783,505," from",229172359,11011,535332,-0.000155,0.000155,0
3784,8524," Russia",229208048,11012,535332,-0.000414,0.000414,0
3785,662," .",229236210,11013,535332,-0.144907,0.144907,0
3786,578," The",229265615,11014,535332,-0.004883,0.004883,0
3787,2955," design",229294418,11015,535332,-0.002087,0.002087,0
3788,315," of",229323451,11016,535332,-0.000092,0.000092,0
3789,279," the",229350486,11017,535328,-0.000031,0.000031,0
3790,358," I",229381708,11018,535328,-0.000016,0.000016,0
3791,41,"J",229408931,11019,535332,-0.000157,0.000157,0
3792,45,"N",229435939,11020,535332,-0.000299,0.000299,0
3793,364," '",229462916,11021,535332,-0.001163,0.001163,0
3794,82,"s",229490144,11022,535332,-0.000015,0.000015,0
3795,502," new",229517581,11023,535332,-0.000397,0.000397,0
3796,26155," fleet",229544716,11024,535332,-0.000113,0.000113,0
3797,574," was",229571492,11025,535332,-0.001284,0.001284,0
3798,28160," influenced",229598201,11026,535332,-0.000164,0.000164,0
3799,555," by",229625110,11027,535332,-0.000050,0.000050,0
3800,279," the",229652307,11028,535332,-0.000028,0.000028,0
3801,11002," Japanese",229681496,11029,535332,-0.000104,0.000104,0
3802,19574," Navy",229708242,11030,535332,-0.000150,0.000150,0
3803,596,"'s",229735064,11031,535332,-0.000755,0.000755,0
3804,12876," desire",229761881,11032,535332,-0.000066,0.000066,0
3805,311," to",229789162,11033,535332,-0.000061,0.000061,0
3806,10519," maintain",229820012,11034,535332,-0.000264,0.000264,0
3807,264," a",229847175,11035,535332,-0.000062,0.000062,0
3808,3831," strong",229874048,11036,535332,-0.000051,0.000051,0
3809,9546," presence",229901067,11037,535332,-0.000123,0.000123,0
3810,304," in",229928086,11038,535332,-0.000031,0.000031,0
3811,279," the",229956506,11039,535332,-0.000010,0.000010,0
3812,16867," Pacific",229984988,11040,535332,-0.000061,0.000061,0
3813,22302," Ocean",230014112,11041,535332,-0.001255,0.001255,0
3814,1174," ,",230042067,11042,535332,-0.005240,0.005240,0
3815,902," which",230070041,11043,535304,-0.000123,0.000123,0
3816,1053," would",230097264,11044,535304,-0.000137,0.000137,0
3817,7431," enable",230124674,11045,535304,-0.000262,0.000262,0
3818,1124," them",230152069,11046,535304,-0.000153,0.000153,0
3819,311," to",230179390,11047,535332,-0.000032,0.000032,0
3820,6144," protect",230206192,11048,535332,-0.000297,0.000297,0
3821,872," their",230235948,11049,535332,-0.000301,0.000301,0
3822,12034," interests",230262663,11050,535332,-0.000081,0.000081,0
3823,323," and",230289360,11051,535332,-0.000025,0.000025,0
3824,10383," influence",230316700,11052,535332,-0.000037,0.000037,0
3825,1023," other",230344177,11053,535332,-0.000144,0.000144,0
3826,17089," nations",230371740,11054,535332,-0.000038,0.000038,0
3827,662," .",230399394,11055,535332,-0.074189,0.074189,0
3828,578," The",230426533,11056,535332,-0.008230,0.008230,0
3829,358," I",230454977,11057,535332,-0.005831,0.005831,0
3830,41,"J",230483911,11058,535332,-0.000467,0.000467,0
3831,45,"N",230512691,11059,535332,-0.001090,0.001090,0
3832,364," '",230541992,11060,535332,-0.001332,0.001332,0
3833,82,"s",230569442,11061,535260,-0.000011,0.000011,0
3834,502," new",230596376,11062,535332,-0.000883,0.000883,0
3835,26155," fleet",230623365,11063,535256,-0.000269,0.000269,0
3836,574," was",230650755,11064,535256,-0.160657,0.160657,0
3837,6319," designed",230678123,11065,535256,-0.000170,0.000170,0
3838,311," to",230710156,11066,535332,-0.000101,0.000101,0
3839,387," be",230738728,11067,535332,-0.000082,0.000082,0
3840,3025," able",230767654,11068,535332,-0.000156,0.000156,0
3841,311," to",230796685,11069,535332,-0.000024,0.000024,0
3842,51571," withstand",230825640,11070,535332,-0.001920,0.001920,0
3843,9354," enemy",230854878,11071,535332,-0.000065,0.000065,0
3844,8951," attacks",230883633,11072,535332,-0.000072,0.000072,0
3845,323," and",230912022,11073,535332,-0.000043,0.000043,0
3846,10519," maintain",230940682,11074,535332,-0.000060,0.000060,0
3847,264," a",230969280,11075,535284,-0.000027,0.000027,0
3848,1579," high",230996456,11076,535284,-0.000007,0.000007,0
3849,2237," level",231026186,11077,535284,-0.000042,0.000042,0
3850,315," of",231054395,11078,535284,-0.000034,0.000034,0
3851,12896," combat",231081067,11079,535284,-0.000053,0.000053,0
3852,27375," effectiveness",231109289,11080,535284,-0.000130,0.000130,0
3853,662," .",231138297,11081,535284,-0.067613,0.067613,0
3854,578," The",231167416,11082,535284,-0.008165,0.008165,0
3855,2955," design",231196659,11083,535284,-0.001277,0.001277,0
3856,315," of",231224697,11084,535284,-0.000230,0.000230,0
3857,279," the",231253870,11085,535284,-0.000043,0.000043,0
3858,358," I",231282719,11086,535284,-0.000027,0.000027,0
3859,41,"J",231311286,11087,535284,-0.000191,0.000191,0
3860,45,"N",231339479,11088,535284,-0.000358,0.000358,0
3861,364," '",231366780,11089,535284,-0.000875,0.000875,0
3862,82,"s",231393837,11090,535284,-0.000020,0.000020,0
3863,502," new",231421310,11091,535232,-0.000535,0.000535,0
3864,26155," fleet",231448802,11092,535232,-0.000149,0.000149,0
3865,574," was",231475873,11093,535232,-0.001468,0.001468,0
3866,28160," influenced",231504131,11094,535232,-0.000194,0.000194,0
3867,555," by",231532998,11095,535204,-0.000069,0.000069,0
3868,279," the",231561838,11096,535232,-0.000052,0.000052,0
3869,11002," Japanese",231590764,11097,535232,-0.000149,0.000149,0
3870,19574," Navy",231618132,11098,535232,-0.000165,0.000165,0
3871,596,"'s",231645427,11099,535232,-0.000917,0.000917,0
3872,12876," desire",231673921,11100,535232,-0.000145,0.000145,0
3873,311," to",231702482,11101,535232,-0.000102,0.000102,0
3874,10519," maintain",231731398,11102,535232,-0.000448,0.000448,0
3875,264," a",231759437,11103,535232,-0.000106,0.000106,0
3876,3831," strong",231787040,11104,535232,-0.000064,0.000064,0
3877,9546," presence",231814113,11105,535292,-0.000126,0.000126,0
3878,304," in",231841929,11106,535332,-0.000054,0.000054,0
3879,279," the",231872485,11107,535332,-0.000016,0.000016,0
3880,16867," Pacific",231900575,11108,535332,-0.000075,0.000075,0
3881,22302," Ocean",231928131,11109,535332,-0.001600,0.001600,0
3882,1174," ,",231954836,11110,535332,-0.003586,0.003586,0
3883,902," which",231981581,11111,535332,-0.000156,0.000156,0
3884,1053," would",232008512,11112,535332,-0.000207,0.000207,0
3885,7431," enable",232035313,11113,535332,-0.000342,0.000342,0
3886,1124," them",232062260,11114,535332,-0.000163,0.000163,0
3887,311," to",232092240,11115,535332,-0.000038,0.000038,0
3888,6144," protect",232120435,11116,535332,-0.000398,0.000398,0
3889,872," their",232147191,11117,535332,-0.000387,0.000387,0
3890,12034," interests",232174550,11118,535332,-0.000099,0.000099,0
3891,323," and",232201180,11119,535332,-0.000034,0.000034,0
3892,10383," influence",232228466,11120,535332,-0.000043,0.000043,0
3893,1023," other",232255509,11121,535332,-0.000172,0.000172,0
3894,17089," nations",232284142,11122,535332,-0.000042,0.000042,0
3895,662," .",232313267,11123,535332,-0.095901,0.095901,0
3896,578," The",232342408,11124,535332,-0.012880,0.012880,0
3897,358," I",232370728,11125,535332,-0.007029,0.007029,0
3898,41,"J",232399593,11126,535332,-0.000414,0.000414,0
3899,45,"N",232427371,11127,535332,-0.001153,0.001153,0
3900,364," '",232454411,11128,535332,-0.000937,0.000937,0
3901,82,"s",232483047,11129,535332,-0.000013,0.000013,0
3902,502," new",232511895,11130,535288,-0.000925,0.000925,0
3903,26155," fleet",232539929,11131,535288,-0.000307,0.000307,0
3904,1053," would",232567089,11132,535288,-0.136086,0.136086,0
3905,387," be",232594225,11133,535308,-0.000357,0.000357,0
3906,13171," capable",232621721,11134,535308,-0.005486,0.005486,0
3907,315," of",232648408,11135,535308,-0.000176,0.000176,0
3908,11039," fighting",232678605,11136,535308,-0.000124,0.000124,0
3909,2403," against",232708253,11137,535292,-0.000049,0.000049,0
3910,2225," both",232736784,11138,535332,-0.000593,0.000593,0
3911,6457," Japan",232764996,11139,535332,-0.000099,0.000099,0
3912,596,"'s",232793706,11140,535332,-0.001228,0.001228,0
3913,1925," main",232823147,11141,535332,-0.000046,0.000046,0
3914,35938," rivals",232852068,11142,535332,-0.000105,0.000105,0
3915,11,",",232880465,11143,535308,-0.000391,0.000391,0
3916,13527," Britain",232909577,11144,535268,-0.000138,0.000138,0
3917,323," and",232936971,11145,535268,-0.000284,0.000284,0
3918,10057," Germany",232964710,11146,535268,-0.000153,0.000153,0
3919,1174," ,",232991924,11147,535268,-0.001145,0.001145,0
3920,719," but",233019588,11148,535268,-0.000935,0.000935,0
3921,433," it",233047044,11149,535268,-0.000035,0.000035,0
3922,1053," would",233075740,11150,535268,-0.000136,0.000136,0
3923,1101," also",233104600,11151,535268,-0.000049,0.000049,0
3924,617," have",233134217,11152,535268,-0.000073,0.000073,0
3925,311," to",233162972,11153,535268,-0.000021,0.000021,0
3926,56195," contend",233191776,11154,535268,-0.000368,0.000368,0
3927,449," with",233220824,11155,535268,-0.000106,0.000106,0
3928,279," the",233250283,11156,535268,-0.000017,0.000017,0
3929,7982," growing",233278931,11157,535268,-0.000051,0.000051,0
3930,6023," threat",233311711,11158,535268,-0.000076,0.000076,0
3931,505," from",233340277,11159,535332,-0.000170,0.000170,0
3932,8524," Russia",233367698,11160,535332,-0.000459,0.000459,0
3933,662," .",233394814,11161,535332,-0.119936,0.119936,0
3934,578," The",233422929,11162,535332,-0.004572,0.004572,0
3935,2955," design",233450013,11163,535332,-0.000818,0.000818,0
3936,315," of",233478400,11164,535332,-0.000113,0.000113,0
3937,279," the",233507408,11165,535332,-0.000036,0.000036,0
3938,358," I",233537129,11166,535332,-0.000019,0.000019,0
3939,41,"J",233566928,11167,535308,-0.000157,0.000157,0
3940,45,"N",233595719,11168,535332,-0.000306,0.000306,0
3941,364," '",233624715,11169,535332,-0.001208,0.001208,0
3942,82,"s",233653085,11170,535332,-0.000014,0.000014,0
3943,502," new",233681377,11171,535332,-0.000383,0.000383,0
3944,26155," fleet",233710100,11172,535332,-0.000115,0.000115,0
3945,574," was",233737741,11173,535332,-0.001040,0.001040,0
3946,28160," influenced",233765438,11174,535332,-0.000164,0.000164,0
3947,555," by",233792602,11175,535332,-0.000058,0.000058,0
3948,279," the",233819552,11176,535332,-0.000042,0.000042,0
3949,11002," Japanese",233846540,11177,535332,-0.000122,0.000122,0
3950,19574," Navy",233873506,11178,535332,-0.000161,0.000161,0
3951,596,"'s",233902301,11179,535236,-0.000779,0.000779,0
3952,12876," desire",233929388,11180,535236,-0.000078,0.000078,0
3953,311," to",233958214,11181,535224,-0.000064,0.000064,0
3954,10519," maintain",233986087,11182,535320,-0.000311,0.000311,0
3955,264," a",234013289,11183,535320,-0.000066,0.000066,0
3956,3831," strong",234040586,11184,535320,-0.000067,0.000067,0
3957,9546," presence",234071309,11185,535320,-0.000123,0.000123,0
3958,304," in",234099173,11186,535324,-0.000035,0.000035,0
3959,279," the",234131317,11187,535324,-0.000013,0.000013,0
3960,16867," Pacific",234158421,11188,535324,-0.000075,0.000075,0
3961,22302," Ocean",234186105,11189,535332,-0.001269,0.001269,0
3962,1174," ,",234213314,11190,535332,-0.005971,0.005971,0
3963,902," which",234241490,11191,535332,-0.000129,0.000129,0
3964,1053," would",234270440,11192,535332,-0.000138,0.000138,0
3965,7431," enable",234299472,11193,535332,-0.000305,0.000305,0
3966,1124," them",234329223,11194,535332,-0.000172,0.000172,0
3967,311," to",234359727,11195,535332,-0.000032,0.000032,0
3968,6144," protect",234390366,11196,535332,-0.000376,0.000376,0
3969,872," their",234420944,11197,535332,-0.000383,0.000383,0
3970,12034," interests",234450645,11198,535332,-0.000100,0.000100,0
3971,323," and",234478766,11199,535332,-0.000028,0.000028,0
3972,10383," influence",234506056,11200,535332,-0.000040,0.000040,0
3973,1023," other",234533393,11201,535332,-0.000157,0.000157,0
3974,17089," nations",234560931,11202,535332,-0.000045,0.000045,0
3975,662," .",234589828,11203,535332,-0.087544,0.087544,0
3976,578," The",234619134,11204,535332,-0.007219,0.007219,0
3977,358," I",234648169,11205,535332,-0.004520,0.004520,0
3978,41,"J",234677028,11206,535332,-0.000385,0.000385,0
3979,45,"N",234704303,11207,535332,-0.001093,0.001093,0
3980,364," '",234732492,11208,535332,-0.001274,0.001274,0
3981,82,"s",234761423,11209,535332,-0.000012,0.000012,0
3982,502," new",234790859,11210,535332,-0.000742,0.000742,0
3983,26155," fleet",234819695,11211,535332,-0.000243,0.000243,0
3984,574," was",234848025,11212,535332,-0.108658,0.108658,0
3985,6319," designed",234877011,11213,535332,-0.000182,0.000182,0
3986,311," to",234906490,11214,535332,-0.000091,0.000091,0
3987,387," be",234935787,11215,535332,-0.000100,0.000100,0
3988,3025," able",234965406,11216,535332,-0.000158,0.000158,0
3989,311," to",234993571,11217,535332,-0.000037,0.000037,0
3990,51571," withstand",235020615,11218,535332,-0.002427,0.002427,0
3991,9354," enemy",235047764,11219,535228,-0.000068,0.000068,0
3992,8951," attacks",235076215,11220,535228,-0.000071,0.000071,0
3993,323," and",235103918,11221,535228,-0.000045,0.000045,0
3994,10519," maintain",235131435,11222,535228,-0.000078,0.000078,0
3995,264," a",235158702,11223,535220,-0.000030,0.000030,0
3996,1579," high",235186481,11224,535324,-0.000009,0.000009,0
3997,2237," level",235213805,11225,535332,-0.000035,0.000035,0
3998,315," of",235240869,11226,535332,-0.000039,0.000039,0
3999,12896," combat",235268027,11227,535332,-0.000058,0.000058,0
4000,27375," effectiveness",235295478,11228,535332,-0.000170,0.000170,0
4001,662," .",235322859,11229,535332,-0.061384,0.061384,0
4002,578," The",235350523,11230,535332,-0.007793,0.007793,0
4003,2955," design",235379492,11231,535332,-0.000869,0.000869,0
4004,315," of",235407235,11232,535332,-0.000156,0.000156,0
4005,279," the",235434683,11233,535332,-0.000048,0.000048,0
4006,358," I",235462667,11234,535332,-0.000024,0.000024,0
4007,41,"J",235489977,11235,535332,-0.000186,0.000186,0
4008,45,"N",235518500,11236,535332,-0.000449,0.000449,0
4009,364," '",235547611,11237,535332,-0.000767,0.000767,0
4010,82,"s",235577119,11238,535332,-0.000020,0.000020,0
4011,502," new",235605866,11239,535332,-0.000514,0.000514,0
4012,26155," fleet",235634509,11240,535276,-0.000140,0.000140,0
4013,574," was",235663324,11241,535276,-0.001385,0.001385,0
4014,28160," influenced",235691746,11242,535276,-0.000211,0.000211,0
4015,555," by",235720763,11243,535332,-0.000067,0.000067,0
4016,279," the",235749957,11244,535332,-0.000054,0.000054,0
4017,11002," Japanese",235778209,11245,535332,-0.000154,0.000154,0
4018,19574," Navy",235805405,11246,535332,-0.000150,0.000150,0
4019,596,"'s",235832516,11247,535332,-0.001028,0.001028,0
4020,12876," desire",235860691,11248,535332,-0.000150,0.000150,0
4021,311," to",235887953,11249,535208,-0.000123,0.000123,0
4022,10519," maintain",235916609,11250,535332,-0.000393,0.000393,0
4023,264," a",235946199,11251,535332,-0.000112,0.000112,0
4024,3831," strong",235975342,11252,535332,-0.000072,0.000072,0
4025,9546," presence",236005004,11253,535332,-0.000128,0.000128,0
4026,304," in",236034416,11254,535332,-0.000056,0.000056,0
4027,279," the",236063609,11255,535332,-0.000019,0.000019,0
4028,16867," Pacific",236093222,11256,535332,-0.000090,0.000090,0
4029,22302," Ocean",236122716,11257,535332,-0.001566,0.001566,0
4030,1174," ,",236152020,11258,535304,-0.003284,0.003284,0
4031,902," which",236180157,11259,535304,-0.000122,0.000122,0
4032,1053," would",236207576,11260,535224,-0.000226,0.000226,0
4033,7431," enable",236235491,11261,535224,-0.000394,0.000394,0
4034,1124," them",236262958,11262,535224,-0.000178,0.000178,0
4035,311," to",236291065,11263,535224,-0.000046,0.000046,0
4036,6144," protect",236319811,11264,535252,-0.000419,0.000419,0
4037,872," their",236349223,11265,535252,-0.000411,0.000411,0
4038,12034," interests",236378592,11266,535332,-0.000123,0.000123,0
4039,323," and",236408165,11267,535332,-0.000033,0.000033,0
4040,10383," influence",236437337,11268,535332,-0.000046,0.000046,0
4041,1023," other",236466828,11269,535332,-0.000183,0.000183,0
4042,17089," nations",236495896,11270,535332,-0.000046,0.000046,0
4043,662," .",236524318,11271,535332,-0.105855,0.105855,0
4044,578," The",236553974,11272,535332,-0.011516,0.011516,0
4045,358," I",236585538,11273,535332,-0.005447,0.005447,0
4046,41,"J",236613336,11274,535332,-0.000333,0.000333,0
4047,45,"N",236640674,11275,535332,-0.001025,0.001025,0
4048,364," '",236669113,11276,535332,-0.001142,0.001142,0
4049,82,"s",236697124,11277,535332,-0.000013,0.000013,0
4050,502," new",236726121,11278,535332,-0.000757,0.000757,0
4051,26155," fleet",236755355,11279,535332,-0.000270,0.000270,0
4052,1053," would",236784843,11280,535332,-0.074770,0.074770,0
4053,387," be",236814145,11281,535332,-0.000354,0.000354,0
4054,13171," capable",236843517,11282,535332,-0.004370,0.004370,0
4055,315," of",236872667,11283,535284,-0.000194,0.000194,0
4056,11039," fighting",236901436,11284,535284,-0.000101,0.000101,0
4057,2403," against",236930414,11285,535284,-0.000051,0.000051,0
4058,2225," both",236959825,11286,535332,-0.000639,0.000639,0
4059,6457," Japan",236988282,11287,535332,-0.000099,0.000099,0
4060,596,"'s",237015643,11288,535332,-0.001592,0.001592,0
4061,1925," main",237043007,11289,535332,-0.000055,0.000055,0
4062,35938," rivals",237071542,11290,535208,-0.000109,0.000109,0
4063,11,",",237099128,11291,535208,-0.000368,0.000368,0
4064,13527," Britain",237127844,11292,535208,-0.000135,0.000135,0
4065,323," and",237156508,11293,535208,-0.000242,0.000242,0
4066,10057," Germany",237185702,11294,535208,-0.000158,0.000158,0
4067,1174," ,",237214886,11295,535332,-0.001001,0.001001,0
4068,719," but",237244440,11296,535332,-0.001076,0.001076,0
4069,433," it",237273300,11297,535332,-0.000032,0.000032,0
4070,1053," would",237302406,11298,535332,-0.000118,0.000118,0
4071,1101," also",237331806,11299,535332,-0.000040,0.000040,0
4072,617," have",237361880,11300,535332,-0.000076,0.000076,0
4073,311," to",237389961,11301,535332,-0.000021,0.000021,0
4074,56195," contend",237417744,11302,535332,-0.000366,0.000366,0
4075,449," with",237445033,11303,535332,-0.000095,0.000095,0
4076,279," the",237473338,11304,535268,-0.000018,0.000018,0
4077,7982," growing",237501486,11305,535332,-0.000056,0.000056,0
4078,6023," threat",237529813,11306,535332,-0.000073,0.000073,0
4079,505," from",237558265,11307,535332,-0.000168,0.000168,0
4080,8524," Russia",237587514,11308,535332,-0.000470,0.000470,0
4081,662," .",237617761,11309,535332,-0.105808,0.105808,0
4082,578," The",237647846,11310,535332,-0.003861,0.003861,0
4083,2955," design",237677178,11311,535332,-0.000751,0.000751,0
4084,315," of",237706763,11312,535332,-0.000102,0.000102,0
4085,279," the",237735496,11313,535332,-0.000035,0.000035,0
4086,358," I",237764696,11314,535332,-0.000020,0.000020,0
4087,41,"J",237793336,11315,535332,-0.000172,0.000172,0
4088,45,"N",237820972,11316,535332,-0.000305,0.000305,0
4089,364," '",237848508,11317,535300,-0.000802,0.000802,0
4090,82,"s",237876722,11318,535300,-0.000014,0.000014,0
4091,502," new",237904262,11319,535300,-0.000396,0.000396,0
4092,26155," fleet",237933199,11320,535332,-0.000124,0.000124,0
4093,574," was",237962848,11321,535332,-0.000912,0.000912,0
4094,28160," influenced",237992693,11322,535332,-0.000169,0.000169,0
4095,555," by",238022555,11323,535332,-0.000057,0.000057,0
