wall_clock_s,monotonic_s,cpullc-0-0_temp_mc,cpullc-0-1_temp_mc,cpu-0-2-1_temp_mc,cpu-0-3-0_temp_mc,cpu-0-3-1_temp_mc,cpu-0-4-0_temp_mc,cpu-0-4-1_temp_mc,cpu-0-5-0_temp_mc,cpu-0-5-1_temp_mc,cpullc-1-0_temp_mc,cpullc-1-1_temp_mc,qmx-1-0_temp_mc,qmx-0-0_temp_mc,qmx-1-1_temp_mc,qmx-1-2_temp_mc,qmx-1-3_temp_mc,qmx-1-4_temp_mc,cpu-1-0-0_temp_mc,cpu-1-0-1_temp_mc,cpu-1-1-0_temp_mc,cpu-1-1-1_temp_mc,nsphvx-0_temp_mc,nsphvx-1_temp_mc,qmx-0-1_temp_mc,nsphvx-2_temp_mc,nsphvx-3_temp_mc,nsphmx-0_temp_mc,nsphmx-1_temp_mc,nsphmx-2_temp_mc,nsphmx-3_temp_mc,gpuss-0_temp_mc,gpuss-1_temp_mc,gpuss-2_temp_mc,gpuss-3_temp_mc,qmx-0-2_temp_mc,gpuss-4_temp_mc,gpuss-5_temp_mc,gpuss-6_temp_mc,gpuss-7_temp_mc,gpuss-8_temp_mc,gpuss-9_temp_mc,gpuss-10_temp_mc,ddr_temp_mc,mdmss-0_temp_mc,mdmss-1_temp_mc,cpu-0-0-0_temp_mc,mdmss-2_temp_mc,mdmss-3_temp_mc,camera-0_temp_mc,camera-1_temp_mc,video_temp_mc,pmh0104_tz_temp_mc,socd_temp_mc,pmh0101-bcl-lvl0_temp_mc,pmr735d_tz_temp_mc,sys-therm-0_temp_mc,cpu-0-0-1_temp_mc,cpu-hw-trip-0_temp_mc,pmh0101-bcl-lvl1_temp_mc,shell_front_temp_mc,pm8010m_tz_temp_mc,wireless_temp_mc,sys-therm-2_temp_mc,cpu-hw-trip-1_temp_mc,shell_frame_temp_mc,pmh0101-bcl-lvl2_temp_mc,shell_back_temp_mc,cpu-0-1-0_temp_mc,sys-therm-3_temp_mc,vbat_temp_mc,sys-therm-4_temp_mc,pmih010x-ibat-lvl0_temp_mc,sys-therm-5_temp_mc,pmih010x-ibat-lvl1_temp_mc,sys-therm-6_temp_mc,sys-therm-7_temp_mc,pmih010x-bcl-lvl0_temp_mc,sys-therm-9_temp_mc,cpu-0-1-1_temp_mc,pmih010x-bcl-lvl1_temp_mc,sys-therm-12_temp_mc,pmih010x-bcl-lvl2_temp_mc,flash_temp_temp_mc,board_temp_temp_mc,svooc_mos_btb_usr_temp_mc,pmh0101_tz_temp_mc,pmh0110_d_tz_temp_mc,pmh0110_f_tz_temp_mc,pmh0110_g_tz_temp_mc,cpu-0-2-0_temp_mc,pmh0110_i_tz_temp_mc,pmih010x_tz_temp_mc,pmih010x_lite_tz_temp_mc,battery_temp_mc,usb_temp_mc,sdr0_pa_temp_mc,sdr0_temp_mc,mmw_ific0_temp_mc,sda_w_completed,sda_w_merged,sda_sectors_w,sda_ms_w,sdb_w_completed,sdb_w_merged,sdb_sectors_w,sdb_ms_w,sdc_w_completed,sdc_w_merged,sdc_sectors_w,sdc_ms_w,sdd_w_completed,sdd_w_merged,sdd_sectors_w,sdd_ms_w,sde_w_completed,sde_w_merged,sde_sectors_w,sde_ms_w,sdf_w_completed,sdf_w_merged,sdf_sectors_w,sdf_ms_w,sda_w_completed,sda_w_merged,sda_sectors_w,sda_ms_w,mem_total_kb,mem_free_kb,mem_avail_kb,psi_cpu_a10,psi_mem_a10,psi_io_a10,vmstat_pswpout,vmstat_pgmajfault,vmstat_pgpgout,vmstat_pswpin,probe_pid,probe_write_bytes,probe_read_bytes,cpu0_freq_hz,cpu1_freq_hz,cpu2_freq_hz,cpu3_freq_hz,cpu4_freq_hz,cpu5_freq_hz,cpu6_freq_hz,cpu7_freq_hz,cpu0_cool_state,cpu1_cool_state,cpu2_cool_state,cpu3_cool_state,cpu4_cool_state,cpu5_cool_state,cpu6_cool_state,cpu7_cool_state,gpu_busy_us,gpu_total_us,bat_current_ma,bat_voltage_mv,bat_phone_temp_dc,usb_online,usb_current_ua,usb_voltage_uv,bat_charge_uah,bat_power_now_uw,bat_current_now_ua,bat_voltage_now_uv,bat_status,gpu_clk_hz
1784669948.919033699,25257.12,40900,40100,40100,40100,40100,40100,40500,40900,40900,38700,39500,39100,40100,39100,38700,39100,38700,38700,38700,39500,39900,37200,37600,40500,37600,37200,37200,36800,37200,37600,38600,38200,38200,37800,40100,37800,38600,38200,38600,39000,38600,38600,39000,38400,37600,40500,37600,37600,37600,38000,38400,37000,0,0,37000,35888,40900,95000,0,34777,37000,34000,37314,95000,33593,0,33868,41300,34139,0,37071,0,37141,0,35992,36260,0,36895,40900,0,36764,0,36639,36815,36992,37037,36870,36402,38375,40500,36770,36168,56014,34000,3200,-273000,-273000,-273000,332891,779455,20323384,340953,63,0,224,22,126,0,448,44,0,0,0,0,1640,19443,402336,702,10392,14010,244768,2199,332891,779455,20323384,340953,15475008,790276,8865356,1.27,0.00,0.00,657270,359941,13114664,333667,,,,1440000,1440000,1440000,1440000,1440000,1440000,883200,883200,0,,,,,,0,,0,0,0,5035,340,1,384000,4989000,6876000,0,0,4454000,Full,191000000
1784669949.417039532,25257.62,40500,41300,41300,39300,39300,41600,42800,40100,40100,41500,43400,41100,39700,41100,39900,40300,40300,39100,39900,45700,49200,37200,37200,39700,37200,37200,36800,37200,37200,37600,38200,38600,38200,37400,40100,38200,38200,38200,39000,39000,38200,38600,39000,38400,38000,41600,37200,37600,37600,37600,38400,37000,0,0,37000,35888,43200,95000,0,34777,37000,34000,37357,95000,33593,0,33868,40100,34142,0,37065,0,37135,0,35938,36234,0,36921,39300,0,36761,0,36656,36803,37021,36870,36970,36402,38274,41300,37338,36100,55880,34000,3200,-273000,-273000,-273000,332894,779455,20323424,340954,63,0,224,22,126,0,448,44,0,0,0,0,1640,19443,402336,702,10392,14010,244768,2199,332894,779455,20323424,340954,15475008,770780,8845832,1.27,0.00,0.00,657270,359941,13114684,333667,,,,1324800,1324800,1324800,1324800,1324800,1324800,2438400,2438400,0,,,,,,0,,0,0,0,5035,340,1,494000,4933000,6876000,0,0,4454000,Full,191000000
1784669949.717272345,25257.92,40500,40900,40900,39700,39700,40900,41300,40500,40100,41800,42200,43000,40100,42600,42600,42200,43000,42600,44600,39900,40700,37600,38000,40500,38000,37600,37200,38000,38000,38700,39000,39000,39000,38200,40500,38200,39000,38600,39300,39300,39300,39000,40100,38700,38000,40100,37200,38000,38700,38000,40300,37000,0,0,37000,35888,40900,95000,0,34777,37000,34000,37379,95000,33593,0,33868,40100,34136,0,37065,0,37164,0,36026,36254,0,36908,39700,0,36764,0,36628,36815,37037,36937,36937,36535,38308,41300,37338,36335,56048,34000,3200,-273000,-273000,-273000,332894,779455,20323424,340954,63,0,224,22,126,0,448,44,0,0,0,0,1640,19443,402336,702,10392,14010,244768,2199,332894,779455,20323424,340954,15475008,606608,7826936,1.27,0.00,0.00,657270,359942,13114684,333667,,,,1113600,1113600,1113600,1113600,1113600,1113600,883200,883200,0,,,,,,0,,0,0,0,5035,340,1,412000,4944000,6876000,0,0,4454000,Full,282000000
1784669950.031866199,25258.23,41300,41300,40500,40500,40500,41300,41300,41600,41600,40300,41100,41100,40100,41100,41100,40700,41100,41500,41800,40700,43000,38000,38000,40900,38000,38400,37200,38000,38000,38400,39300,39300,39000,38600,40500,39000,39300,38600,39300,39700,39300,39000,39700,39100,38400,40900,38000,38400,38700,38700,39100,37000,0,0,37000,35888,41300,95000,0,34777,37000,34000,37391,95000,33593,0,33868,40900,34145,0,37094,0,37196,0,35960,36254,0,36923,40500,0,36772,0,36625,36806,37065,37104,36970,36602,38609,41300,37171,36368,55847,34000,3200,-273000,-273000,-273000,332894,779455,20323424,340954,63,0,224,22,126,0,448,44,0,0,0,0,1640,19443,402336,702,10392,14010,244768,2199,332894,779455,20323424,340954,15475008,606036,7299260,1.27,0.00,0.00,657270,359942,13114684,333667,,,,1996800,1996800,1996800,1996800,1996800,1996800,1382400,1382400,0,,,,,,0,,0,0,0,5035,340,1,444000,4958000,6876000,0,0,4454000,Full,342000000
1784669950.308883230,25258.51,40100,40100,40500,39700,39700,40100,40500,40500,39700,43400,42200,44900,40100,44200,44900,44200,45300,45700,48800,39900,40700,38000,37600,40100,38000,38000,37600,38000,38000,38400,39000,39000,39300,38600,40100,39000,39000,38600,39300,39700,39300,39300,40500,39900,38400,39700,38400,39100,39100,38700,39500,37000,0,0,37000,35877,40500,95000,0,34777,37000,34000,37420,95000,33593,0,33868,39700,34145,0,37109,0,37199,0,36004,36245,0,36929,40500,0,36750,0,36645,36812,37094,36937,37070,36469,38408,40900,37873,36469,55880,34000,3200,-273000,-273000,-273000,332894,779455,20323424,340954,63,0,224,22,126,0,448,44,0,0,0,0,1640,19443,402336,702,10392,14010,244768,2199,332894,779455,20323424,340954,15475008,578904,7234200,1.40,0.00,0.00,657270,359942,13114684,333667,,,,1555200,1555200,1555200,1555200,1555200,1555200,2438400,2438400,0,,,,,,0,,0,0,0,5035,340,1,494000,4929000,6876000,0,0,4454000,Full,461000000
1784669950.595521563,25258.80,41300,41300,41600,40500,40100,42000,42800,40900,40100,43000,42600,43800,40100,43400,43400,43400,43400,43400,43800,40700,41100,38400,38700,40500,38400,38400,38400,38700,39100,40300,39700,39700,39700,39000,40900,39000,39700,39000,39700,40100,39700,39700,40500,39900,39100,41600,38000,39100,39900,39500,40300,37000,0,0,37000,35885,42400,95000,0,34777,37000,34000,37437,95000,33593,0,33868,40100,34120,0,37100,0,37242,0,35960,36245,0,36940,39700,0,36753,0,36628,36796,37135,37104,37137,36602,38341,41300,37739,36368,55779,34000,3200,-273000,-273000,-273000,332894,779455,20323424,340954,63,0,224,22,126,0,448,44,0,0,0,0,1640,19443,402336,702,10392,14010,244768,2199,332894,779455,20323424,340954,15475008,546168,7199720,1.40,0.00,0.00,657270,359942,13114684,333667,,,,998400,998400,998400,998400,998400,998400,2438400,2438400,0,,,,,,0,,0,0,0,5035,340,1,494000,4931000,6876000,0,0,4454000,Full,461000000
1784669950.906650105,25259.11,41700,42000,42400,40500,40100,42800,44000,40900,40100,42600,44900,42200,40900,42600,41100,41800,41800,40300,41100,47300,50800,38400,38700,40900,38700,38400,38400,38400,38400,39500,39300,39300,39300,38600,41300,38600,39000,39000,39300,39700,39700,39700,40500,39500,38700,43200,38400,39100,39500,39100,41100,37000,0,0,37000,35877,44800,95000,0,34777,37000,34000,37446,95000,33593,0,33868,40500,34150,0,37109,0,37280,0,35972,36231,0,36941,40100,0,36768,0,36619,36815,37163,37137,37137,36669,38375,42400,38141,35966,55880,34000,3200,-273000,-273000,-273000,332894,779455,20323424,340954,63,0,224,22,126,0,448,44,0,0,0,0,1640,19443,402336,702,10392,14010,244768,2199,332894,779455,20323424,340954,15475008,539764,7193300,1.40,0.00,0.00,657270,359942,13114684,333667,,,,1228800,1228800,1228800,1228800,1228800,1228800,2438400,2438400,0,,,,,,0,,0,0,0,5035,340,1,191000,5005000,6876000,0,0,4454000,Full,461000000
1784669951.212049011,25259.41,42400,42800,42800,40500,40900,43600,44400,41600,41600,43000,45300,41800,40900,42200,41500,41500,41500,40700,40700,47700,51500,38400,38700,40900,38400,38400,38000,38700,38400,39100,39300,39300,39300,38600,40900,39000,39300,39300,39300,40100,39700,39300,40100,39500,38400,44400,38400,38700,39500,39100,40300,37000,0,0,37000,35877,45900,95000,0,34777,37000,34000,37477,95000,33593,0,33868,41300,34145,0,37161,0,37286,0,35978,36237,0,36938,40500,0,36784,0,36622,36799,37211,37104,37037,36770,38742,42800,38241,36201,55813,34000,3200,-273000,-273000,-273000,332894,779455,20323424,340954,63,0,224,22,126,0,448,44,0,0,0,0,1640,19443,402336,702,10392,14010,244768,2199,332894,779455,20323424,340954,15475008,531868,7185404,1.40,0.00,0.00,657270,359942,13114684,333667,,,,1900800,1900800,1900800,1900800,1900800,1900800,2438400,2438400,0,,,,,,0,,0,0,0,5035,340,1,494000,4929000,6876000,0,0,4454000,Full,461000000
1784669951.504199479,25259.71,41300,41700,41600,41300,40900,41600,42400,41300,41300,40700,41500,41100,41700,41500,41100,41500,41500,41100,41100,40300,41100,38700,38400,42000,38700,38700,38000,38700,38700,39100,44400,45100,44800,44400,42000,45100,45500,44000,44800,45100,44400,44800,44000,39500,38700,41300,38000,39100,39900,39500,41500,37000,0,0,37000,35891,42000,95000,0,34777,37000,34000,37525,95000,33593,0,33868,41300,34104,0,37138,0,37305,0,36014,36251,0,36970,40900,0,36752,0,36617,36799,37261,37037,37137,37639,38609,42800,37840,36402,55779,34000,3200,-273000,-273000,-273000,332894,779455,20323424,340954,63,0,224,22,126,0,448,44,0,0,0,0,1640,19443,402336,702,10392,14010,244768,2199,332894,779455,20323424,340954,15475008,528312,7154996,1.40,0.00,0.00,657270,359942,13114684,333667,,,,1670400,1670400,1670400,1670400,1670400,1670400,883200,883200,0,,,,,,0,,0,0,0,5035,340,1,494000,4932000,6876000,0,0,4454000,Full,1200000000
1784669951.788294323,25259.99,41300,41700,42000,41600,41600,41600,41600,42000,41300,40700,41500,41800,42800,41800,41800,42200,41800,41800,41500,40300,41100,39500,39500,42400,39500,39100,38700,39100,38700,39500,46700,47800,47100,47100,43200,48200,47500,45900,46700,47100,46700,46700,46300,41100,39500,41300,39100,40300,39500,39900,40300,37000,0,0,37000,35877,41600,95000,0,34777,37000,34000,37665,95000,33593,0,33868,40900,34117,0,37152,0,37372,0,35969,36257,0,36960,40500,0,36724,0,36611,36796,37290,37405,37338,38274,38742,42800,37739,36870,55779,34000,3200,-273000,-273000,-273000,332894,779455,20323424,340954,63,0,224,22,126,0,448,44,0,0,0,0,1640,19443,402336,702,10392,14010,244768,2199,332894,779455,20323424,340954,15475008,544664,7171368,1.40,0.00,0.00,657270,359942,13114684,333667,,,,787200,787200,787200,787200,787200,998400,883200,883200,0,,,,,,0,,415181,1001797,0,5035,340,1,494000,4935000,6876000,0,0,4454000,Full,1200000000
1784669952.101857969,25260.30,41700,42000,43200,42800,42400,42000,42000,43200,42800,41800,42200,43000,43600,43000,43000,43400,43400,43000,42600,40700,41500,39900,39900,43600,39900,39500,39100,39500,39500,40300,47800,49800,48600,48600,43600,49400,49000,47100,48200,48600,48200,48200,47800,43000,41100,41300,40300,41500,39900,39900,40300,37000,0,0,37000,35888,41600,95000,0,34777,37000,34000,37856,95000,33593,0,33868,41300,34126,0,37167,0,37391,0,35969,36254,0,36968,41600,0,36724,0,36628,36815,37344,37572,37405,39244,38742,44000,37840,36368,55779,34000,3200,-273000,-273000,-273000,332894,779455,20323424,340954,63,0,224,22,126,0,448,44,0,0,0,0,1640,19443,402336,702,10392,14010,244768,2199,332894,779455,20323424,340954,15475008,545032,7171436,1.40,0.00,0.00,657270,359942,13114684,333667,,,,1996800,1996800,1996800,1996800,1996800,1996800,883200,883200,0,,,,,,0,,415181,1001797,0,5035,340,1,494000,4931000,6876000,0,0,4454000,Full,1200000000
1784669952.597371146,25260.80,44000,44400,45500,44400,44000,45500,46300,44400,44000,44600,44900,44900,45100,45300,44900,45700,44900,44600,44200,44600,46900,40700,41100,45100,40700,40700,39500,39900,40300,40700,49000,51300,49800,50200,45500,51300,50900,49000,49400,50200,49400,50200,49400,44200,41800,43600,41100,42600,40700,40700,41100,37000,0,0,37000,35885,44800,95000,0,34777,37000,34000,38199,95000,33593,0,33868,43600,34117,0,37190,0,37506,0,35969,36257,0,37003,43200,0,36759,0,36614,36831,37419,37706,37873,39712,39110,45900,38107,36134,55813,34000,3200,-273000,-273000,-273000,332914,779455,20323664,340956,63,0,224,22,126,0,448,44,0,0,0,0,1640,19443,402336,702,10392,14010,244768,2199,332914,779455,20323664,340956,15475008,542764,7169156,1.33,0.00,0.00,657270,359942,13114804,333667,,,,1996800,1996800,1996800,1996800,1996800,1996800,2438400,2438400,0,,,,,,0,,1000431,1001911,0,5035,340,1,494000,4937000,6876000,0,0,4454000,Full,1200000000
1784669952.884602604,25261.09,42800,43200,44400,44400,44400,43600,43600,44000,43600,44200,44600,44900,45100,45300,44900,45700,44900,44600,44600,43400,44200,41500,41100,45100,41100,40700,39900,40700,40700,41500,49800,52100,51300,50500,45500,51700,51700,48600,49400,50900,50200,50500,49800,44600,42600,42400,41500,43000,40700,41100,41500,37000,0,0,37000,35874,43200,95000,0,34777,37000,34000,38427,95000,33593,0,33868,43200,34126,0,37228,0,37563,0,35957,36282,0,37041,43200,0,36752,0,36631,36840,37482,38074,37906,40148,39244,45100,38207,36435,55578,34000,3200,-273000,-273000,-273000,332914,779455,20323664,340956,63,0,224,22,126,0,448,44,0,0,0,0,1640,19443,402336,702,10392,14010,244768,2199,332914,779455,20323664,340956,15475008,539776,7166152,1.33,0.00,0.00,657270,359942,13114804,333667,,,,998400,998400,998400,998400,998400,998400,883200,883200,0,,,,,,0,,1000431,1001911,0,5035,340,1,494000,4933000,6876000,0,0,4454000,Full,1200000000
1784669953.184027343,25261.39,43200,43600,44800,44400,44400,44000,44400,44400,43600,43400,43400,44600,45100,44600,44600,45300,44900,44600,44200,41800,42600,41800,41500,45100,41500,41500,40300,41100,41100,41800,50500,52100,51300,51300,45900,52100,52100,49000,49800,50900,50900,50900,49800,44900,42600,42800,41800,43400,41100,41100,41500,37000,0,0,37000,35880,43600,95000,0,34777,37000,34000,38640,95000,33593,0,33868,43200,34136,0,37261,0,37597,0,35963,36266,0,37086,42800,0,36746,0,36592,36834,37539,37940,38174,40585,39344,45500,38040,36335,55544,34000,3200,-273000,-273000,-273000,332914,779455,20323664,340956,63,0,224,22,126,0,448,44,0,0,0,0,1640,19443,402336,702,10392,14010,244768,2199,332914,779455,20323664,340956,15475008,548796,7175156,1.33,0.00,0.00,657270,359942,13114804,333667,,,,1555200,1555200,1555200,1555200,1555200,1555200,883200,883200,0,,,,,,0,,1000431,1001911,0,5035,340,1,494000,4927000,6876000,0,0,4454000,Full,1200000000
1784669953.470207291,25261.67,44000,44000,45500,45100,44800,44800,44800,44400,44000,44200,44200,45300,45500,45300,46100,46100,45700,45300,45300,42200,43400,42200,42200,45500,41800,41500,40700,41100,41100,42200,50200,51700,50500,51300,45900,52100,51700,49800,50200,50900,50200,50900,50200,44900,43000,43600,41800,43800,41100,41100,41500,37000,0,0,37000,35885,44000,95000,0,34777,37000,34000,38831,95000,33593,0,33868,43200,34117,0,37267,0,37671,0,35960,36266,0,37105,43200,0,36765,0,36622,36852,37624,38241,38274,40753,39378,45900,38308,36535,55443,34000,3200,-273000,-273000,-273000,332914,779455,20323664,340956,63,0,224,22,126,0,448,44,0,0,0,0,1640,19443,402336,702,10392,14010,244768,2199,332914,779455,20323664,340956,15475008,544260,7170620,1.33,0.00,0.00,657270,359942,13114804,333667,,,,1228800,1228800,1228800,1228800,1228800,1228800,883200,883200,0,,,,,,0,,1000431,1001911,0,5035,340,1,494000,4931000,6876000,0,0,4454000,Full,1200000000
1784669953.773253072,25261.97,44400,44800,45500,45900,45900,44800,44400,45500,44800,43800,43800,44900,45900,44900,44900,45700,44900,44900,44200,42200,43400,42200,42200,46300,42200,41800,40700,41500,41500,41800,50500,52100,50500,51300,46300,52100,51700,49800,50500,50900,50500,50500,49800,45300,43400,43600,42200,43800,41100,41500,41800,37000,0,0,37000,35898,44000,95000,0,34777,37000,33900,38998,95000,33593,0,33868,44800,34126,0,37325,0,37756,0,35972,36301,0,37137,44800,0,36746,0,36608,36868,37654,38408,38408,40921,39545,46300,38107,36970,55510,33900,3200,-273000,-273000,-273000,332914,779455,20323664,340956,63,0,224,22,126,0,448,44,0,0,0,0,1640,19443,402336,702,10392,14010,244768,2199,332914,779455,20323664,340956,15475008,539996,7166360,1.33,0.00,0.00,657270,359942,13114804,333667,,,,998400,998400,998400,998400,998400,998400,883200,883200,0,,,,,,0,,999117,1001926,0,5035,340,1,494000,4935000,6876000,0,277,4437000,Full,1200000000
1784669954.070082031,25262.27,43600,44000,45100,44800,44400,44400,44800,44400,43600,44600,44600,45700,45900,46100,46500,46500,46500,45700,45700,42200,43400,42200,42200,45500,42200,41800,40700,41500,41500,42600,50500,52100,50900,51300,45900,52500,52100,49400,50500,51300,50500,51300,50200,45300,43400,43200,42200,44200,41500,41800,41800,37000,0,0,37000,35907,44000,95000,0,34777,37000,33900,39208,95000,33593,0,33868,43200,34101,0,37343,0,37800,0,35931,36291,0,37185,43600,0,36737,0,36619,36883,37725,38441,38441,41358,39545,45900,38274,37137,55409,33900,3200,-273000,-273000,-273000,332914,779455,20323664,340956,63,0,224,22,126,0,448,44,0,0,0,0,1640,19443,402336,702,10392,14010,244768,2199,332914,779455,20323664,340956,15475008,542340,7168708,1.33,0.00,0.00,657270,359942,13114804,333667,,,,1113600,1113600,1113600,1113600,1113600,1113600,883200,883200,0,,,,,,0,,999117,1001926,0,5035,340,1,494000,4936000,6876000,0,277,4437000,Full,1200000000
1784669954.380869843,25262.58,43600,44000,45500,44800,44800,44000,44400,44800,43600,44200,44200,44900,45900,45300,45300,45300,45300,44900,44600,42600,43400,42600,42600,45900,42600,41800,41100,41500,41500,42200,50500,52900,51300,51700,45900,52500,52500,49800,50900,50900,50500,50900,50500,45700,43400,43200,42600,44200,41500,41800,42200,37000,0,0,37000,35894,44000,95000,0,34777,37000,33900,39343,95000,33593,0,33868,43600,34117,0,37391,0,37875,0,35950,36294,0,37223,43200,0,36793,0,36648,36920,37819,38742,38709,41492,39445,45900,38274,37070,55309,33900,3200,-273000,-273000,-273000,332914,779455,20323664,340956,63,0,224,22,126,0,448,44,0,0,0,0,1640,19443,402336,702,10392,14010,244768,2199,332914,779455,20323664,340956,15475008,537820,7164188,1.27,0.00,0.00,657270,359942,13114804,333667,,,,998400,998400,998400,998400,998400,998400,883200,883200,0,,,,,,0,,999117,1001926,0,5035,340,1,494000,4935000,6876000,0,277,4437000,Full,1200000000
1784669954.693951249,25262.90,44000,44800,45500,45500,45100,44800,44400,45500,44800,45300,44900,46500,46300,46500,46500,47300,46500,46500,46100,43000,44200,43000,43000,45900,42600,42200,41500,42200,42200,42600,50900,52900,51300,52100,46300,52900,52500,50500,51300,51700,50900,51300,50500,45300,43400,43200,42600,44600,41500,42200,41800,37000,0,0,37000,35918,44000,95000,0,34777,37000,33900,39509,95000,33593,0,33868,43600,34126,0,37417,0,37928,0,35969,36319,0,37301,43600,0,36771,0,36653,36968,37904,38910,38843,41761,39378,46300,38542,37137,55074,33900,3200,-273000,-273000,-273000,332914,779455,20323664,340956,63,0,224,22,126,0,448,44,0,0,0,0,1640,19443,402336,702,10392,14010,244768,2199,332914,779455,20323664,340956,15475008,538088,7164456,1.27,0.00,0.00,657270,359942,13114804,333667,,,,998400,998400,998400,998400,998400,998400,883200,883200,0,,,,,,0,,998239,1001994,0,5035,340,1,494000,4928000,6876000,0,277,4437000,Full,1200000000
1784669955.005938384,25263.21,44400,45100,45900,45500,45100,45100,45900,45500,45100,43800,44200,44900,46300,45700,45300,46100,45700,45300,44900,42600,43800,42600,42600,46300,42600,42600,41100,41800,41800,42600,51300,53200,51700,52100,46300,52900,52500,50500,50900,51700,51300,51700,50900,46100,44200,44000,42600,44600,41800,42200,42200,37000,0,0,37000,35925,44800,95000,0,34777,37000,33900,39627,95000,33593,0,33868,44800,34142,0,37452,0,38023,0,35941,36322,0,37364,45900,0,36752,0,36639,36987,37999,39277,39043,42030,39946,46300,38575,37137,55140,33900,3200,-273000,-273000,-273000,332914,779455,20323664,340956,63,0,224,22,126,0,448,44,0,0,0,0,1640,19443,402336,702,10392,14010,244768,2199,332914,779455,20323664,340956,15475008,535136,7161508,1.27,0.00,0.00,657270,359942,13114804,333667,,,,1555200,1555200,1555200,1555200,1555200,1555200,883200,883200,0,,,,,,0,,998239,1001994,0,5035,340,1,494000,4927000,6876000,0,277,4437000,Full,1200000000
1784669955.295402447,25263.50,44800,44800,45900,45500,45100,45500,45900,45500,44800,44900,44600,46100,46700,46100,46100,46500,46500,46100,45700,43000,43800,43000,42600,46700,42600,42200,41500,41800,41800,42600,50900,53200,51300,52100,46700,52900,52900,50200,51300,51700,50900,51300,50900,46100,43800,43600,43000,44600,41800,42200,42200,37000,0,0,37000,35928,44400,95000,0,34777,37000,33900,39772,95000,33593,0,33868,44400,34153,0,37503,0,38099,0,35992,36333,0,37416,44400,0,36762,0,36648,37016,38091,39043,39144,42299,39746,46300,38609,37037,54939,33900,3200,-273000,-273000,-273000,332914,779455,20323664,340956,63,0,224,22,126,0,448,44,0,0,0,0,1640,19443,402336,702,10392,14010,244768,2199,332914,779455,20323664,340956,15475008,538524,7164896,1.27,0.00,0.00,657270,359942,13114804,333667,,,,1996800,1996800,1996800,1996800,1996800,1996800,883200,883200,0,,,,,,0,,998239,1001994,277,4935,340,1,494000,4929000,6876000,0,277,4437000,Full,1200000000
1784669955.755998801,25263.96,45100,45900,46300,45900,45900,46300,46700,45900,45500,44600,44600,45700,46700,45700,45700,46500,45700,45700,45300,43000,44200,43400,43400,46700,43000,42600,41500,42200,42200,43000,51300,53200,52100,52100,46700,53200,52900,50500,51300,51700,51700,51700,50900,46500,44200,44400,43000,44900,41800,42200,42600,37000,0,0,37000,35947,45100,95000,0,34777,37000,33900,39955,95000,33593,0,33868,44800,34142,0,37560,0,38209,0,35989,36367,0,37500,45100,0,36752,0,36628,37071,38212,39344,39277,42434,39846,47100,38575,37672,54804,33900,3200,-273000,-273000,-273000,332914,779455,20323664,340956,63,0,224,22,126,0,448,44,0,0,0,0,1640,19443,402336,702,10392,14010,244768,2199,332914,779455,20323664,340956,15475008,540696,7167068,1.27,0.00,0.00,657270,359942,13114804,333667,,,,1785600,1785600,1785600,1785600,1785600,1785600,883200,883200,0,,,,,,0,,1000238,1001914,277,4935,340,1,494000,4929000,6876000,0,277,4437000,Full,1200000000
1784669956.041756301,25264.24,45900,46300,47900,46300,45900,46700,46700,46300,45500,46100,46500,46500,47500,46900,46900,47300,46900,46100,46100,46100,47300,43000,43400,47100,43000,43000,41800,42200,42200,43400,51700,53600,52100,52500,47500,53200,53200,50900,51700,52100,51700,52100,51300,46500,44200,45900,43400,44900,41800,42200,42600,37000,0,0,37000,35956,46700,95000,0,34777,37000,33900,40111,95000,33593,0,33868,45100,34129,0,37614,0,38278,0,36029,36367,0,37570,46300,0,36784,0,36651,37103,38283,39545,39545,42669,40484,47900,38809,37338,54804,33900,3200,-273000,-273000,-273000,332914,779455,20323664,340956,63,0,224,22,126,0,448,44,0,0,0,0,1640,19443,402336,702,10392,14010,244768,2199,332914,779455,20323664,340956,15475008,539620,7165996,1.27,0.00,0.00,657270,359942,13114804,333667,,,,1996800,1996800,1996800,1996800,1996800,1996800,883200,883200,0,,,,,,0,,1000238,1001914,277,4935,340,1,494000,4931000,6876000,0,277,4437000,Full,1200000000
1784669956.329235780,25264.53,44800,45100,45900,46300,45900,45500,45100,45500,45100,46500,47700,47300,47100,47700,47300,48000,47700,46900,46900,47300,48400,43400,43000,47100,43400,43000,41800,42600,42600,43400,52100,54000,52100,52900,47100,54000,53600,50900,52100,52500,51700,52500,51700,46500,44600,44400,43400,45300,42200,43000,43000,37000,0,0,37000,35956,45100,95000,0,34777,37000,33900,40224,95000,33593,0,33868,44400,34126,0,37623,0,38355,0,35953,36395,0,37642,44000,0,36784,0,36676,37152,38358,39512,39645,42535,40148,47100,38977,38040,54569,33900,3200,-273000,-273000,-273000,332914,779455,20323664,340956,63,0,224,22,126,0,448,44,0,0,0,0,1640,19443,402336,702,10392,14010,244768,2199,332914,779455,20323664,340956,15475008,540104,7166480,1.22,0.00,0.00,657270,359942,13114804,333667,,,,1324800,1324800,1324800,1324800,1324800,1324800,883200,883200,0,,,,,,0,,1000238,1001914,277,4935,340,1,494000,4929000,6876000,0,277,4437000,Full,1200000000
1784669956.632635415,25264.83,45900,46700,47100,46300,46300,46300,47100,46700,46700,48400,47300,50000,47100,49600,50800,50000,50400,51200,53500,44600,45300,43400,43400,47100,43400,43400,41800,42200,42200,43000,48200,49400,49000,48200,47500,49000,49800,47800,48600,49800,49400,49400,49400,46900,44600,45100,43800,45700,43000,42600,42600,37000,0,0,37000,35980,45900,95000,0,34777,37000,33900,40304,95000,33593,0,33868,45100,34120,0,37677,0,38448,0,35981,36404,0,37695,45100,0,36797,0,36653,37199,38450,39578,39645,42266,40484,47500,39077,38007,54636,33900,3200,-273000,-273000,-273000,332914,779455,20323664,340956,63,0,224,22,126,0,448,44,0,0,0,0,1640,19443,402336,702,10392,14010,244768,2199,332914,779455,20323664,340956,15475008,543528,7169908,1.22,0.00,0.00,657270,359942,13114804,333667,,,,1670400,1670400,1670400,1670400,1670400,1670400,2438400,2438400,0,,,,,,0,,0,0,277,4935,340,1,494000,4933000,6876000,0,277,4437000,Full,1200000000
1784669956.912585207,25265.11,45900,45900,46700,45900,45500,45900,46300,46300,45900,46500,47700,46900,46700,46900,46900,47300,46900,46500,46100,46500,47700,43400,43400,46700,43000,42600,41800,42600,43000,44600,49800,50200,49800,49400,47100,50200,50200,48200,49000,49800,49000,49000,49000,46100,44200,45500,43000,44900,43400,42600,43800,37000,0,0,37000,35990,45900,95000,0,34777,37000,33900,40334,95000,33593,0,33868,45100,34123,0,37731,0,38521,0,36014,36417,0,37752,45100,0,36791,0,36682,37213,38524,39578,39645,42030,40484,47100,39411,38007,54502,33900,3200,-273000,-273000,-273000,332914,779455,20323664,340956,63,0,224,22,126,0,448,44,0,0,0,0,1640,19443,402336,702,10392,14010,244768,2199,332914,779455,20323664,340956,15475008,542316,7168472,1.22,0.00,0.00,657270,359942,13114804,333667,,,,787200,787200,787200,787200,787200,787200,883200,883200,0,,,,,,0,,975906,1001992,277,4935,340,1,494000,4933000,6876000,0,277,4437000,Full,1200000000
1784669957.225050467,25265.43,45500,45500,46300,46300,46300,45900,45900,46300,46300,44900,44900,46100,46700,46100,46100,46500,46100,46100,45700,43800,44600,43800,43000,46700,43400,43000,41800,42600,42600,43800,50900,52900,52100,51300,47100,52500,52900,50500,51300,52100,51700,52100,50900,46500,44600,45100,43400,44900,43000,42600,43400,37000,0,0,37000,36001,46300,95000,0,35029,37000,33900,40334,95000,33445,0,33868,44800,34139,0,37778,0,38605,0,35978,36426,0,37826,45100,0,36806,0,36684,37290,38605,39578,39779,42602,40484,47100,39277,38408,54334,33900,3200,-273000,-273000,-273000,332914,779455,20323664,340956,63,0,224,22,126,0,448,44,0,0,0,0,1640,19443,402336,702,10392,14010,244768,2199,332914,779455,20323664,340956,15475008,537528,7163684,1.22,0.00,0.00,657270,359942,13114804,333667,,,,1670400,1670400,1670400,1670400,1670400,1670400,883200,883200,0,,,,,,0,,975906,1001992,277,4935,340,1,494000,4933000,6876000,0,277,4437000,Full,1200000000
1784669957.499633748,25265.70,45900,45900,46700,46700,46300,45900,46300,46700,46700,44900,44900,46100,47500,46100,46500,46900,46500,46100,45700,43800,44200,43400,43800,47100,43400,43000,42200,42600,42600,43400,52100,54000,52900,52900,47500,54000,54000,51300,52500,52900,52500,52900,51700,46500,44600,45100,43800,45300,42600,42600,43000,37000,0,0,37000,36022,45900,95000,0,35029,37000,33900,40437,95000,33445,0,33868,45900,34136,0,37800,0,38692,0,35924,36460,0,37883,45500,0,36787,0,36648,37325,38672,40013,39879,42837,40450,47500,39311,38107,54502,33900,3200,-273000,-273000,-273000,332921,779455,20323736,340958,63,0,224,22,126,0,448,44,0,0,0,0,1640,19443,402336,702,10392,14010,244768,2199,332921,779455,20323736,340958,15475008,540520,7166676,1.22,0.00,0.00,657270,359942,13114840,333667,,,,1440000,1440000,1440000,1440000,1440000,1440000,883200,883200,0,,,,,,0,,975906,1001992,277,4935,340,1,494000,4929000,6876000,0,277,4437000,Full,1200000000
1784669957.793888488,25266.00,44800,45500,46300,46300,45900,45100,45500,45900,45100,45700,45700,46500,47100,46900,46900,47300,46900,46900,46500,43800,44900,43400,43800,47100,43800,43400,42200,42600,42600,43400,52100,53600,52100,52900,47500,54000,53200,51300,52500,52500,51700,52500,51700,47300,44900,44400,43400,45300,42600,42600,43400,37000,0,0,37000,36028,45100,95000,0,35029,37000,33900,40567,95000,33445,0,33868,44400,34145,0,37828,0,38756,0,35941,36477,0,37982,44400,0,36844,0,36684,37366,38753,39679,40013,43073,40585,46700,39211,38375,54300,33900,3200,-273000,-273000,-273000,332921,779455,20323736,340958,63,0,224,22,126,0,448,44,0,0,0,0,1640,19443,402336,702,10392,14010,244768,2199,332921,779455,20323736,340958,15475008,543496,7169660,1.22,0.00,0.00,657270,359942,13114840,333667,,,,787200,787200,787200,787200,787200,787200,883200,883200,0,,,,,,0,,975906,1001992,277,4935,340,1,494000,4928000,6876000,0,277,4437000,Full,1200000000
1784669958.104732914,25266.31,45100,45100,46300,46700,46300,45500,45500,45900,45500,45300,45300,46100,47500,46500,46100,46900,46500,46500,46100,43800,44600,43800,43800,47100,43800,43400,42200,42600,43000,43400,52100,54400,52900,53200,47500,54400,53600,51300,52100,52900,52100,52900,51700,47300,44900,44800,43800,45300,42600,42600,43000,37000,0,0,37000,36055,45500,95000,0,35029,37000,33900,40678,95000,33445,0,33868,45100,34117,0,37872,0,38814,0,35978,36485,0,38044,45500,0,36813,0,36667,37426,38842,39746,40013,43073,40518,47100,39545,38241,54233,33900,3200,-273000,-273000,-273000,332921,779455,20323736,340958,63,0,224,22,126,0,448,44,0,0,0,0,1640,19443,402336,702,10392,14010,244768,2199,332921,779455,20323736,340958,15475008,544536,7170700,1.22,0.00,0.00,657270,359942,13114840,333667,,,,1785600,1785600,1785600,1785600,1785600,1785600,883200,883200,0,,,,,,0,,999966,1001921,277,4935,340,1,494000,4929000,6876000,0,277,4437000,Full,1200000000
1784669958.377249894,25266.58,45900,46300,46700,46700,46300,46300,46700,47100,47900,45700,45700,46900,47800,46900,47300,47700,47300,47300,46900,43800,44900,43400,43800,47500,43400,43000,42200,42600,43000,43800,52100,54400,52900,53600,47800,54400,53600,51300,52500,53200,52500,52900,52100,47300,45300,46300,43800,45700,43000,43000,43000,37000,0,0,37000,36068,46700,95000,0,35029,37000,33900,40761,95000,33445,0,33868,45100,34132,0,37914,0,38917,0,35953,36508,0,38116,46700,0,36813,0,36676,37420,38914,40148,40081,43509,40719,47900,39344,37873,54065,33900,3200,-273000,-273000,-273000,332921,779455,20323736,340958,63,0,224,22,126,0,448,44,0,0,0,0,1640,19443,402336,702,10392,14010,244768,2199,332921,779455,20323736,340958,15475008,540252,7166416,1.18,0.00,0.00,657270,359942,13114840,333667,,,,1785600,1785600,1785600,1785600,1785600,1440000,883200,883200,0,,,,,,0,,999966,1001921,277,4935,340,1,494000,4931000,6876000,0,277,4437000,Full,1200000000
1784669958.858441352,25267.06,45900,46300,47500,47100,46700,46300,46300,46700,46300,46100,46500,47300,47800,47700,47700,48000,47700,47700,47300,44200,45700,43800,43800,47800,43800,43400,42200,43000,43000,43800,52500,54400,53200,53600,48200,54800,54000,51700,52500,53200,52500,53200,52500,47300,45300,45500,44200,46100,43000,43000,43400,37000,0,0,37000,36086,45900,95000,0,35029,37000,33900,40907,95000,33445,0,33868,45500,34129,0,38019,0,39028,0,35924,36561,0,38215,45100,0,36830,0,36701,37515,39017,40181,40114,43375,40888,47900,39612,38575,54065,33900,3200,-273000,-273000,-273000,332921,779455,20323736,340958,63,0,224,22,126,0,448,44,0,0,0,0,1640,19443,402336,702,10392,14010,244768,2199,332921,779455,20323736,340958,15475008,538176,7164340,1.18,0.00,0.00,657270,359942,13114840,333667,,,,1113600,1113600,1113600,1113600,1113600,1113600,883200,883200,0,,,,,,0,,999966,1001921,277,4935,340,1,494000,4935000,6876000,0,269,4440000,Full,1200000000
1784669959.196746716,25267.40,46300,46300,47500,46700,46700,47100,47500,46700,47100,45300,45300,46500,47800,46900,46900,47300,46900,46900,46500,43800,44600,44200,44200,47800,44200,43800,42200,43000,43000,44200,52900,54400,53200,54000,47800,54400,54400,51700,52900,53200,52500,53200,52500,47300,45300,45900,44200,46100,43000,43400,43400,37000,0,0,37000,36113,47100,95000,0,35029,37000,33900,41007,95000,33445,0,33868,45100,34126,0,38046,0,39107,0,35950,36564,0,38298,45500,0,36850,0,36731,37554,39107,40417,40282,43678,40820,47900,39679,39043,53931,33900,3200,-273000,-273000,-273000,332921,779455,20323736,340958,63,0,224,22,126,0,448,44,0,0,0,0,1640,19443,402336,702,10392,14010,244768,2199,332921,779455,20323736,340958,15475008,532684,7158884,1.18,0.00,0.00,657270,359942,13114840,333667,,,,1996800,1996800,1996800,1996800,1996800,1996800,883200,883200,0,,,,,,0,,999109,1001930,277,4935,340,1,494000,4929000,6876000,0,269,4440000,Full,1200000000
1784669959.476114945,25267.68,45500,45900,47500,46300,46300,46700,46700,46300,45900,47300,46500,48800,47500,48800,49200,48800,48800,49200,50400,44200,44900,44200,44200,47500,43800,43400,42600,43000,43400,43800,52900,54800,53200,53600,48200,54800,54400,52100,52900,53600,52900,53200,52100,47300,45300,45100,44600,46100,43000,43000,43400,37000,0,0,37000,36124,45900,95000,0,35029,37000,33900,41114,95000,33445,0,33868,45500,34129,0,38108,0,39187,0,35960,36598,0,38371,45900,0,36844,0,36731,37611,39167,40383,40282,43644,40954,47900,39578,38876,53931,33900,3200,-273000,-273000,-273000,332921,779455,20323736,340958,63,0,224,22,126,0,448,44,0,0,0,0,1640,19443,402336,702,10392,14010,244768,2199,332921,779455,20323736,340958,15475008,545212,7171448,1.18,0.00,0.00,657270,359942,13114840,333667,,,,1785600,1785600,1785600,1785600,1785600,1785600,883200,883200,0,,,,,,0,,999109,1001930,277,4935,340,1,494000,4927000,6876000,0,269,4440000,Full,1200000000
1784669959.763007862,25267.96,46300,47100,47900,45900,45100,47900,48700,46300,45100,48000,50000,47700,46700,48000,46900,47300,47300,46900,46500,51900,55400,43800,43400,46700,43400,43000,42200,42600,43000,44200,47100,47500,47500,46700,46700,47100,47500,46300,47100,47500,47500,47500,47500,46900,44900,47900,44200,45700,43000,43000,43800,37000,0,0,37000,36145,49400,95000,0,35029,37000,33900,41120,95000,33445,0,33868,45100,34129,0,38134,0,39241,0,35986,36614,0,38426,44800,0,36815,0,36731,37668,39238,40450,40383,42669,40954,47900,40114,38676,53728,33900,3200,-273000,-273000,-273000,332921,779455,20323736,340958,63,0,224,22,126,0,448,44,0,0,0,0,1640,19443,402336,702,10392,14010,244768,2199,332921,779455,20323736,340958,15475008,545640,7171876,1.18,0.00,0.00,657270,359942,13114840,333667,,,,998400,998400,998400,998400,998400,998400,2438400,2438400,0,,,,,,0,,0,0,277,4935,340,1,494000,4929000,6876000,0,269,4440000,Full,1200000000
1784669960.080222653,25268.28,45500,45900,46300,46300,45500,45900,45900,45900,45100,46900,47700,47300,46700,47300,46900,46900,46900,46500,46500,47300,48000,43400,43000,46700,43400,43000,41800,42600,43000,43400,50500,52100,51300,51300,46700,52100,51700,49800,50500,51300,50200,50500,50200,46100,44200,45100,43400,44600,43000,43400,44200,37000,0,0,37000,36164,45500,95000,0,35029,37000,33900,41069,95000,33445,0,33868,45100,34142,0,38193,0,39304,0,35953,36619,0,38507,45100,0,36830,0,36768,37708,39304,40417,40551,43240,40954,47100,39980,39177,53728,33900,3200,-273000,-273000,-273000,332921,779455,20323736,340958,63,0,224,22,126,0,448,44,0,0,0,0,1640,19443,402336,702,10392,14010,244768,2199,332921,779455,20323736,340958,15475008,549836,7176024,1.18,0.00,0.00,657270,359942,13114840,333667,,,,998400,998400,998400,998400,998400,1113600,883200,883200,0,,,,,,0,,0,0,277,4935,340,1,494000,4931000,6876000,0,269,4440000,Full,1200000000
1784669960.381115205,25268.58,45500,46300,46700,46300,46300,46700,46700,46300,45900,44900,44900,46100,47500,46100,46500,46900,46500,46500,46100,44200,44600,43400,43400,47100,43400,43400,42600,43000,43000,43400,52100,54000,52500,52900,47500,54000,53600,51300,52100,52500,51700,52500,51700,46900,44900,45100,43800,45300,43000,43400,43400,37000,0,0,37000,36172,45500,95000,0,35029,37000,33900,41076,95000,33445,0,33868,45100,34132,0,38190,0,39367,0,35978,36667,0,38562,45100,0,36852,0,36743,37771,39379,40316,40551,43308,41055,47100,39980,38475,53728,33900,3200,-273000,-273000,-273000,332921,779455,20323736,340958,63,0,224,22,126,0,448,44,0,0,0,0,1640,19443,402336,702,10392,14010,244768,2199,332921,779455,20323736,340958,15475008,546984,7173172,1.14,0.00,0.00,657270,359942,13114840,333667,,,,998400,998400,998400,998400,998400,998400,883200,883200,0,,,,,,0,,978022,1001947,277,4935,340,1,494000,4931000,6876000,0,269,4440000,Full,1200000000
1784669960.689763695,25268.89,46700,47500,47500,47100,46700,47500,48300,47100,46700,46500,46100,47700,47800,47700,47700,48400,47700,47300,46900,44600,45300,44200,44200,47500,43800,43400,42200,43000,43000,44200,52100,54400,52900,53200,47800,54000,53600,51300,52100,53200,52500,52500,51700,46900,44900,45500,44200,45700,43000,43400,43400,37000,0,0,37000,36201,46300,95000,0,35029,37000,33900,41170,95000,33445,0,33868,47100,34126,0,38258,0,39446,0,35981,36682,0,38621,45900,0,36828,0,36759,37810,39456,40753,40619,43778,41123,47900,39879,39010,53728,33900,3200,-273000,-273000,-273000,332921,779455,20323736,340958,63,0,224,22,126,0,448,44,0,0,0,0,1640,19443,402336,702,10392,14010,244768,2199,332921,779455,20323736,340958,15475008,546268,7172460,1.14,0.00,0.00,657270,359942,13114840,333667,,,,1228800,1228800,1228800,1228800,1228800,1228800,883200,883200,0,,,,,,0,,978022,1001947,277,4935,340,1,494000,4927000,6876000,0,269,4440000,Full,1200000000
1784669960.980986455,25269.18,46300,46700,47900,48300,48300,46700,46700,47900,47100,46500,46500,47700,48200,47300,47700,48000,47700,47700,46900,44600,45700,44200,44200,48200,44200,43800,42600,43400,43400,44200,52900,54400,53200,53600,48200,54400,54000,52100,52900,53200,52500,53200,52100,47300,45300,45900,44200,46100,43400,43400,43800,37000,0,0,37000,36225,46300,95000,0,35029,37000,33900,41251,95000,33445,0,33868,45900,34145,0,38326,0,39515,0,35969,36715,0,38681,46300,0,36840,0,36778,37841,39496,40551,40753,43846,41425,48300,40114,38609,53527,33900,3200,-273000,-273000,-273000,332921,779455,20323736,340958,63,0,224,22,126,0,448,44,0,0,0,0,1640,19443,402336,702,10392,14010,244768,2199,332921,779455,20323736,340958,15475008,553108,7179300,1.14,0.00,0.00,657270,359942,13114840,333667,,,,1785600,1785600,1785600,1785600,1785600,1996800,883200,883200,0,,,,,,0,,978022,1001947,277,4935,340,1,494000,4932000,6876000,0,269,4440000,Full,1200000000
1784669961.265770778,25269.47,45900,45900,47100,47500,46700,46700,46300,46700,46700,47300,46500,48000,47800,48400,48400,48800,48800,48400,48000,44600,45300,44600,44200,47500,43800,43800,42600,43400,43400,44200,53600,55600,53200,54400,48200,55200,54400,52500,53600,53200,52500,52900,52100,48000,45300,45100,44200,46500,43400,43400,43800,37000,0,0,37000,36243,45500,95000,0,35029,37000,33900,41344,95000,33445,0,33868,45100,34126,0,38346,0,39551,0,35957,36707,0,38750,45500,0,36862,0,36775,37898,39559,40551,40719,43745,41055,47900,40081,39010,53426,33900,3200,-273000,-273000,-273000,332921,779455,20323736,340958,63,0,224,22,126,0,448,44,0,0,0,0,1640,19443,402336,702,10392,14010,244768,2199,332921,779455,20323736,340958,15475008,558092,7184252,1.14,0.00,0.00,657270,359942,13114840,333667,,,,1113600,1113600,1113600,1113600,1113600,1113600,883200,883200,0,,,,,,0,,978022,1001947,277,4935,340,1,494000,4929000,6876000,0,269,4440000,Full,1200000000
1784669961.567408017,25269.77,45500,46300,47100,47100,46700,46700,46700,46300,45500,45700,45700,47300,47800,47300,47300,47700,47300,47300,46900,44200,44900,44600,44600,47800,44600,43800,43000,43400,43400,44600,53200,55200,53200,54000,48200,55200,54000,52900,53600,53600,52900,53200,52500,48000,45700,45100,44200,46500,43400,43400,43400,37000,0,0,37000,36276,45900,95000,0,35029,37000,33900,41442,95000,33445,0,33868,45100,34126,0,38363,0,39613,0,36023,36750,0,38789,45100,0,36865,0,36799,37924,39596,40888,40585,43980,41055,47500,40148,39645,53594,33900,3200,-273000,-273000,-273000,332921,779455,20323736,340958,63,0,224,22,126,0,448,44,0,0,0,0,1640,19443,402336,702,10392,14010,244768,2199,332921,779455,20323736,340958,15475008,555092,7181256,1.14,0.00,0.00,657270,359942,13114840,333667,,,,1113600,1113600,1113600,1113600,1113600,1113600,1862400,1862400,0,,,,,,0,,997851,1001937,277,4935,350,1,494000,4932000,6876000,0,269,4440000,Full,1200000000
1784669962.028894944,25270.23,45900,46700,47900,47500,47100,46700,47500,46700,47100,46500,46100,47300,48200,47700,47700,48400,47700,47700,47300,44900,45700,44600,44600,47800,44600,43800,43000,43400,43800,44600,53200,55200,54000,54400,48200,54800,54800,52500,53200,54000,53200,53600,52900,47700,45700,45900,44900,46100,43800,43400,44200,37000,0,0,37000,36300,46700,95000,0,35287,37000,33900,41585,95000,33384,0,33921,45900,34120,0,38463,0,39693,0,35992,36787,0,38879,46300,0,36846,0,36806,38010,39702,40820,40921,44047,41358,48700,40081,39311,53393,33900,3200,-273000,-273000,-273000,332921,779455,20323736,340958,63,0,224,22,126,0,448,44,0,0,0,0,1640,19443,402336,702,10392,14010,244768,2199,332921,779455,20323736,340958,15475008,555360,7181528,1.14,0.00,0.00,657270,359942,13114840,333667,,,,1555200,1555200,1555200,1555200,1555200,1555200,883200,883200,0,,,,,,0,,997851,1001937,277,4935,350,1,494000,4937000,6876000,0,269,4440000,Full,1200000000
1784669962.318397809,25270.52,45900,46300,47100,47100,47100,46700,46300,46300,45900,46100,46500,46900,48200,47300,47700,47700,47700,46900,46900,44200,44900,44900,44600,47800,44600,43800,43000,43400,43800,44600,53200,55200,54000,54400,48600,55600,54400,52500,53200,54000,53200,53600,52900,48000,45700,45900,44900,46500,43400,43800,43800,37000,0,0,37000,36307,45900,95000,0,35287,37000,33900,41616,95000,33384,0,33921,45500,34108,0,38489,0,39778,0,35966,36787,0,38941,45500,0,36891,0,36815,38055,39747,40888,40854,44182,41425,47900,40148,39679,53393,33900,3200,-273000,-273000,-273000,332921,779455,20323736,340958,63,0,224,22,126,0,448,44,0,0,0,0,1640,19443,402336,702,10392,14010,244768,2199,332921,779455,20323736,340958,15475008,560280,7186432,1.12,0.00,0.00,657270,359942,13114840,333667,,,,1324800,1324800,1324800,1324800,1324800,1324800,883200,883200,0,,,,,,0,,999401,1001921,277,4935,350,1,494000,4936000,6876000,0,269,4440000,Full,1200000000
1784669962.623252861,25270.82,46700,47100,48300,47900,47500,47100,47100,47100,46300,46900,47300,47700,48600,48000,48000,48800,48000,47700,47700,45700,46100,44600,44900,48200,44600,44200,43000,43400,43800,44600,53600,55600,54000,55200,48600,55600,55200,52900,53600,54400,53600,54000,53200,48000,46100,45900,44900,46900,43400,43800,44200,37000,0,0,37000,36334,47100,95000,0,35287,37000,33900,41723,95000,33384,0,33921,45900,34120,0,38515,0,39831,0,35969,36827,0,39007,46300,0,36881,0,36831,38091,39834,41022,40988,44316,41526,49000,40417,39378,53325,33900,3200,-273000,-273000,-273000,332934,779455,20323848,340959,63,0,224,22,126,0,448,44,0,0,0,0,1640,19443,402336,702,10392,14010,244768,2199,332934,779455,20323848,340959,15475008,563828,7189980,1.12,0.00,0.00,657270,359942,13114896,333667,,,,1228800,1228800,1228800,1228800,1228800,1228800,883200,883200,0,,,,,,0,,999401,1001921,277,4935,350,1,494000,4928000,6876000,0,269,4440000,Full,1200000000
1784669962.936133642,25271.14,46300,46700,47900,47500,47100,47100,47500,47100,46300,46100,46500,47300,48600,47700,47700,48000,48000,47300,47300,44900,46100,44600,44600,48200,44600,44200,43400,43800,43800,44600,53600,55600,54000,54800,49000,55600,54800,52100,52900,54000,53600,54000,52900,48000,46100,45900,44900,46900,43800,43800,44200,37000,0,0,37000,36355,46300,95000,0,35287,37000,33900,41831,95000,33384,0,33921,45900,34117,0,38567,0,39905,0,35998,36831,0,39066,45900,0,36891,0,36846,38131,39892,41156,40988,44551,41526,48700,40249,38508,53090,33900,3200,-273000,-273000,-273000,332934,779455,20323848,340959,63,0,224,22,126,0,448,44,0,0,0,0,1640,19443,402336,702,10392,14010,244768,2199,332934,779455,20323848,340959,15475008,564920,7191076,1.12,0.00,0.00,657270,359942,13114896,333667,,,,1324800,1324800,1324800,1324800,1324800,1324800,883200,883200,0,,,,,,0,,999401,1001921,277,4935,350,1,494000,4926000,6876000,0,269,4440000,Full,1200000000
1784669963.233295256,25271.43,47500,47800,48300,48300,47500,48700,49400,47900,47100,48000,47300,49200,48600,49200,49200,49600,49600,50400,50800,45300,46100,44900,44900,48600,44900,44200,43400,43800,43800,44600,53600,55600,54000,54800,49000,55600,54800,52900,54000,54400,53200,54000,52900,48400,46100,46700,44900,46900,43800,43800,43800,37000,0,0,37000,36382,47500,95000,0,35287,37000,33900,41889,95000,33384,0,33921,46700,34126,0,38582,0,39937,0,35969,36900,0,39134,46700,0,36872,0,36854,38161,39936,41156,41257,44551,41492,49400,40450,39578,53023,33900,3200,-273000,-273000,-273000,332934,779455,20323848,340959,63,0,224,22,126,0,448,44,0,0,0,0,1640,19443,402336,702,10392,14010,244768,2199,332934,779455,20323848,340959,15475008,560660,7186820,1.12,0.00,0.00,657270,359942,13114896,333667,,,,787200,787200,787200,787200,787200,787200,883200,883200,0,,,,,,0,,999401,1001921,277,4935,350,1,494000,4928000,6876000,0,269,4440000,Full,1200000000
1784669963.537898277,25271.74,46700,46700,47500,47500,47500,47100,47500,47100,46700,46100,46500,47300,48200,47700,47700,48400,47700,47700,46900,44600,45300,44900,44900,47800,44900,44600,43000,43800,43800,44600,53600,56000,54400,55200,48600,55600,55200,52900,54000,54400,53600,54000,53200,48400,46100,45500,44900,46900,44200,44200,44200,37000,0,0,37000,36405,46300,95000,0,35287,37000,33900,41953,95000,33384,0,33921,46700,34108,0,38619,0,40023,0,36020,36894,0,39174,47500,0,36892,0,36862,38209,39982,41022,41291,44686,41728,48700,40316,39177,53124,33900,3200,-273000,-273000,-273000,332934,779455,20323848,340959,63,0,224,22,126,0,448,44,0,0,0,0,1640,19443,402336,702,10392,14010,244768,2199,332934,779455,20323848,340959,15475008,561336,7187496,1.12,0.00,0.00,657270,359942,13114896,333667,,,,1228800,1228800,1228800,1228800,1228800,1228800,883200,883200,0,,,,,,0,,997822,1002017,277,4935,350,1,494000,4932000,6876000,0,269,4440000,Full,1200000000
1784669963.821178954,25272.02,45900,46700,47500,47900,47100,46700,46300,47100,46300,46100,46500,47300,48200,47700,47700,48000,47700,47700,47300,44600,45700,44900,44900,47800,44900,44600,43000,43800,44200,44900,53600,55600,54000,54800,48600,55600,55600,52500,53200,54000,53600,54400,53200,48400,46100,45500,44600,46900,43800,43800,44200,37000,0,0,37000,36429,45900,95000,0,35287,37000,33900,42062,95000,33384,0,33921,46300,34120,0,38648,0,40071,0,35998,36932,0,39230,46300,0,36869,0,36877,38278,40041,41190,41358,44888,41795,48700,40518,39445,53056,33900,3200,-273000,-273000,-273000,332937,779455,20323880,340960,63,0,224,22,126,0,448,44,0,0,0,0,1640,19443,402336,702,10392,14010,244768,2199,332937,779455,20323880,340960,15475008,562988,7189152,1.12,0.00,0.00,657270,359942,13114912,333667,,,,1785600,1785600,1785600,1785600,1785600,1785600,883200,883200,0,,,,,,0,,997822,1002017,277,4935,350,1,494000,4931000,6874000,0,262,4437000,Full,1200000000
1784669964.168028537,25272.37,46300,46700,47900,47900,47500,47100,47100,47100,46700,47700,47300,48400,48600,48800,48800,49200,48800,48400,48000,45300,46100,44900,45300,48200,44900,44200,43800,44200,43800,44900,54000,55600,54000,54800,48600,55600,55200,52900,54000,54000,53600,54000,53200,48400,46100,45500,44900,46900,44200,44200,44200,37000,0,0,37000,36445,46700,95000,0,35287,37000,33900,42126,95000,33384,0,33921,45900,34136,0,38698,0,40132,0,36023,36964,0,39296,45500,0,36860,0,36900,38317,40096,41190,41392,44854,41593,48300,40450,40114,53023,33900,3200,-273000,-273000,-273000,332937,779455,20323880,340960,63,0,224,22,126,0,448,44,0,0,0,0,1640,19443,402336,702,10392,14010,244768,2199,332937,779455,20323880,340960,15475008,563156,7189320,1.12,0.00,0.00,657270,359942,13114912,333667,,,,1113600,1113600,1113600,1113600,1324800,1324800,883200,883200,0,,,,,,0,,997822,1002017,277,4935,350,1,494000,4932000,6874000,0,262,4437000,Full,1200000000
1784669964.465650464,25272.67,46700,47800,48300,47900,47500,48300,49000,47900,46700,46500,46500,47700,48600,47700,47700,48400,47300,47700,47300,44900,46100,45300,44900,48600,44900,44600,43400,44200,44200,44900,54000,55600,54800,55200,49000,56000,55600,52900,54000,54400,53600,54000,53200,48400,46100,46700,45300,46900,43800,43800,44200,37000,0,0,37000,36469,47100,95000,0,35287,37000,33900,42190,95000,33384,0,33921,46700,34120,0,38738,0,40193,0,36017,36941,0,39354,46700,0,36915,0,36906,38360,40178,41728,41526,44686,41828,49000,40619,39712,52854,33900,3200,-273000,-273000,-273000,332937,779455,20323880,340960,63,0,224,22,126,0,448,44,0,0,0,0,1640,19443,402336,702,10392,14010,244768,2199,332937,779455,20323880,340960,15475008,565868,7192032,1.09,0.00,0.00,657270,359942,13114912,333667,,,,1785600,1785600,1785600,1785600,1785600,1785600,883200,883200,0,,,,,,0,,1000276,1001928,277,4935,350,1,494000,4928000,6874000,0,262,4437000,Full,1200000000
1784669964.732110047,25272.93,46300,47100,48300,47900,47500,47500,47900,47100,47100,47300,47300,48400,48200,48800,49200,49600,49200,48800,48400,45300,46100,45300,45300,48600,44900,44600,43400,44200,44200,45300,54000,56000,54400,55200,49000,56300,55600,53200,54000,54400,54000,54400,53200,48400,46100,45900,44900,46900,44200,44200,44200,37000,0,0,37000,36479,47100,95000,0,35287,37000,33900,42242,95000,33384,0,33921,45900,34117,0,38759,0,40243,0,35950,36993,0,39423,45900,0,36880,0,36935,38398,40229,41459,41627,45123,41526,48700,40619,39812,52687,33900,3200,-273000,-273000,-273000,332937,779455,20323880,340960,63,0,224,22,126,0,448,44,0,0,0,0,1640,19443,402336,702,10392,14010,244768,2199,332937,779455,20323880,340960,15475008,564104,7190276,1.09,0.00,0.00,657270,359942,13114912,333667,,,,1900800,1900800,1900800,1900800,1900800,1900800,883200,883200,0,,,,,,0,,1000276,1001928,277,4935,350,1,494000,4927000,6874000,0,262,4437000,Full,1200000000
1784669965.192997808,25273.39,47500,47800,49400,48700,48300,48300,48300,48700,49000,48000,47700,49200,49400,49600,49600,49600,49600,49600,50000,45700,46900,45300,45300,49400,45300,44900,43800,44200,44200,44900,54000,55600,54800,55200,49800,56000,55600,53600,54400,54800,54000,54400,53600,48400,46500,47100,45300,47300,44200,44200,44900,37000,0,0,37000,36513,47500,95000,0,35287,37000,33900,42313,95000,33384,0,33921,47500,34108,0,38788,0,40334,0,36026,37016,0,39498,47100,0,36894,0,36958,38460,40302,41526,41694,45156,41963,49800,40888,39645,52720,33900,3200,-273000,-273000,-273000,332937,779455,20323880,340960,63,0,224,22,126,0,448,44,0,0,0,0,1640,19443,402336,702,10392,14010,244768,2199,332937,779455,20323880,340960,15475008,570568,7196740,1.09,0.00,0.00,657270,359942,13114912,333667,,,,1113600,1113600,1113600,1113600,1113600,1113600,2438400,2438400,0,,,,,,0,,1000276,1001928,277,4935,350,1,494000,4929000,6874000,0,262,4437000,Full,1200000000
1784669965.490020516,25273.69,47500,47800,48700,48300,47900,48300,48700,48300,47900,48000,47700,49600,49000,49200,49600,50000,49600,49600,49200,45700,46500,45300,45300,49000,45300,44900,43800,44600,44200,45300,54400,56300,54800,55600,49400,56300,56000,53600,54400,55200,54000,54800,54000,48800,46500,47100,45300,47300,44200,44200,44900,37000,0,0,37000,36537,48300,95000,0,35287,37000,33900,42397,95000,33384,0,33921,47500,34142,0,38831,0,40389,0,36017,37039,0,39537,49000,0,36875,0,36970,38486,40349,41526,41526,45156,41997,49800,40685,39846,52854,33900,3200,-273000,-273000,-273000,332937,779455,20323880,340960,63,0,224,22,126,0,448,44,0,0,0,0,1640,19443,402336,702,10392,14010,244768,2199,332937,779455,20323880,340960,15475008,566568,7192740,1.09,0.00,0.00,657270,359942,13114912,333667,,,,1900800,1900800,1900800,1900800,1900800,1900800,883200,883200,0,,,,,,0,,998498,1001930,277,4935,350,1,494000,4929000,6874000,0,262,4437000,Full,1200000000
1784669965.767155516,25273.97,46700,47100,48300,48300,47500,47500,47100,47900,47900,47700,47700,49200,49000,49200,49200,49600,49600,49200,48800,45700,46500,45300,45700,48600,45300,44600,43800,44600,44600,44900,54400,56000,54800,55600,49000,56000,56000,53600,54400,54800,54000,54800,53600,48800,46900,46300,45300,47300,44200,44600,44600,37000,0,0,37000,36553,47100,95000,0,35287,37000,33900,42457,95000,33384,0,33921,46300,34117,0,38885,0,40426,0,36046,37074,0,39585,46300,0,36960,0,36984,38541,40401,41627,41795,45257,42097,49000,40719,40081,52653,33900,3200,-273000,-273000,-273000,332937,779455,20323880,340960,63,0,224,22,126,0,448,44,0,0,0,0,1640,19443,402336,702,10392,14010,244768,2199,332937,779455,20323880,340960,15475008,563420,7189592,1.09,0.00,0.00,657270,359942,13114912,333667,,,,1324800,1324800,1324800,1324800,1324800,1324800,883200,883200,0,,,,,,0,,998498,1001930,277,4935,350,1,494000,4929000,6874000,0,262,4437000,Full,1200000000
1784669966.072968536,25274.27,46700,47100,48300,48300,47900,47500,47500,47900,46700,48000,47700,48800,49000,49600,49200,49600,49600,49200,48800,46100,46900,45300,45300,48600,45300,45300,43800,44200,44600,45700,54400,56300,54800,55600,49400,56700,56000,53600,54400,55200,54400,54800,53600,48800,46900,46300,45700,47700,44200,44600,44600,37000,0,0,37000,36583,47100,95000,0,35287,37000,33900,42523,95000,33384,0,33921,46300,34136,0,38917,0,40486,0,36046,37117,0,39642,46300,0,36912,0,37007,38579,40456,41627,41896,45359,41896,49000,40921,39946,52619,33900,3200,-273000,-273000,-273000,332937,779455,20323880,340960,63,0,224,22,126,0,448,44,0,0,0,0,1640,19443,402336,702,10392,14010,244768,2199,332937,779455,20323880,340960,15475008,563876,7190052,1.09,0.00,0.00,657270,359942,13114912,333667,,,,1324800,1324800,1324800,1324800,1324800,1324800,883200,883200,0,,,,,,0,,998498,1001930,277,4935,350,1,494000,4932000,6874000,0,262,4437000,Full,1200000000
1784669966.378568015,25274.58,47100,47500,48300,48300,47900,47500,47100,47900,47100,46900,46900,48000,49000,48000,48400,48400,48400,48400,48000,45300,46100,45700,45700,49000,45300,45300,44200,44200,44600,45300,54400,56000,54800,55200,49400,56300,56000,53600,54000,54800,54000,54800,53600,49200,46900,46300,45700,47300,44200,44600,44900,37000,0,0,37000,36604,46300,95000,0,35287,37000,33900,42579,95000,33384,0,33921,46700,34126,0,38968,0,40561,0,35966,37103,0,39694,46700,0,36911,0,37020,38648,40516,41997,41828,45560,41997,49000,40854,39980,52585,33900,3200,-273000,-273000,-273000,332937,779455,20323880,340960,63,0,224,22,126,0,448,44,0,0,0,0,1640,19443,402336,702,10392,14010,244768,2199,332937,779455,20323880,340960,15475008,564504,7190680,1.08,0.00,0.00,657270,359942,13114912,333667,,,,883200,883200,883200,883200,883200,883200,883200,883200,0,,,,,,0,,1000678,1001924,277,4935,350,1,494000,4929000,6874000,0,262,4437000,Full,1200000000
1784669966.687496140,25274.89,47100,47500,48300,48700,48300,47500,47900,48300,47900,47700,47300,48800,49400,49200,48800,49600,49200,48800,48800,45700,46500,45700,45700,49000,45300,44900,44200,44200,44600,45300,54800,56300,54800,56000,49800,57100,56000,53600,54800,55200,54000,54800,54000,48800,46500,46700,45700,47300,44200,44600,44600,37000,0,0,37000,36630,47900,95000,0,35287,37000,33900,42652,95000,33384,0,33921,47500,34126,0,39028,0,40640,0,36007,37155,0,39739,47100,0,36924,0,37033,38677,40580,41828,42064,45359,41963,49400,40888,40181,52451,33900,3200,-273000,-273000,-273000,332937,779455,20323880,340960,63,0,224,22,126,0,448,44,0,0,0,0,1640,19443,402336,702,10392,14010,244768,2199,332937,779455,20323880,340960,15475008,576156,7202336,1.08,0.00,0.00,657270,359942,13114912,333667,,,,1324800,1324800,1324800,1324800,1324800,1324800,883200,883200,0,,,,,,0,,1000678,1001924,277,4935,350,1,494000,4927000,6874000,0,262,4437000,Full,1200000000
1784669966.980399317,25275.18,46700,47500,48300,48300,48300,47500,47500,48300,47900,46900,46900,48000,49000,48400,48400,48800,48400,48400,48000,45300,46500,45300,45300,49000,45300,45300,44200,44600,44600,45300,54400,56300,55200,55600,49400,56300,56000,53600,54400,54800,54000,54400,53600,49200,46900,46300,46100,48000,44200,44200,44600,37000,0,0,37000,36658,47100,95000,0,35672,37000,33900,42695,95000,33384,0,34070,46700,34126,0,39061,0,40628,0,36046,37164,0,39801,46700,0,36972,0,37036,38715,40623,41627,42030,45291,42131,49000,40888,40585,52552,33900,3200,-273000,-273000,-273000,332937,779455,20323880,340960,63,0,224,22,126,0,448,44,0,0,0,0,1640,19443,402336,702,10392,14010,244768,2199,332937,779455,20323880,340960,15475008,572880,7199060,1.08,0.00,0.00,657270,359942,13114912,333667,,,,1996800,1996800,1996800,1996800,1996800,1996800,883200,883200,0,,,,,,0,,1000678,1001924,277,4935,350,1,494000,4927000,6874000,0,262,4437000,Full,1200000000
1784669967.256751505,25275.46,46700,47100,48300,48300,47900,47900,47500,47500,47100,48000,48000,49600,49000,49600,50000,50400,50400,50400,51200,45300,46100,45300,45700,49000,45300,45300,44200,44600,44900,45300,54800,57100,55200,56300,49400,57100,56000,54400,55200,55200,54000,55200,54000,48800,46900,46300,45700,47300,44200,44200,44600,37000,0,0,37000,36667,47100,95000,0,35672,37000,33900,42746,95000,33384,0,34070,46300,34117,0,39074,0,40681,0,36026,37190,0,39847,46300,0,36933,0,37074,38759,40664,41896,42097,45694,42064,49400,41055,40350,52283,33900,3200,-273000,-273000,-273000,332937,779455,20323880,340960,63,0,224,22,126,0,448,44,0,0,0,0,1640,19443,402336,702,10392,14010,244768,2199,332937,779455,20323880,340960,15475008,572192,7198376,1.08,0.00,0.00,657270,359942,13114912,333667,,,,1113600,1113600,1113600,1113600,1324800,1324800,883200,883200,0,,,,,,0,,1000678,1001924,277,4935,350,1,494000,4924000,6874000,0,262,4437000,Full,1200000000
1784669967.559557078,25275.76,46700,47100,48300,48300,47900,47500,47100,48300,47500,46900,46900,47700,49400,48000,48000,48800,48800,48400,47700,45300,46100,45700,45700,48600,45300,45300,44200,44600,44200,45300,54800,56300,54800,56000,49400,56300,56000,53600,54400,55200,54400,54800,53600,49200,46900,45900,45700,47700,44200,44600,44900,37000,0,0,37000,36701,46700,95000,0,35672,37000,33900,42809,95000,33384,0,34070,46700,34126,0,39098,0,40727,0,35981,37225,0,39886,46700,0,36905,0,37074,38782,40702,41997,42266,45863,42165,49000,41089,40316,52418,33900,3200,-273000,-273000,-273000,332937,779455,20323880,340960,63,0,224,22,126,0,448,44,0,0,0,0,1640,19443,402336,702,10392,14010,244768,2199,332937,779455,20323880,340960,15475008,568916,7195100,1.08,0.00,0.00,657270,359942,13114912,333667,,,,883200,883200,883200,883200,883200,883200,883200,883200,0,,,,,,0,,998574,1001946,277,4935,350,1,494000,4931000,6874000,0,262,4437000,Full,1200000000
1784669967.867013796,25276.07,47800,48200,48700,48700,48300,48700,49400,49000,49400,46900,46900,48000,49400,48000,48400,48800,48400,48400,48000,45700,46100,45300,45300,49000,45300,45300,44200,44600,44600,45700,54400,56700,55200,55600,49800,56700,56000,53200,54400,55200,54000,55200,54000,48800,46500,47500,45700,47700,44200,44200,44600,37000,0,0,37000,36721,47900,95000,0,35672,37000,33900,42852,95000,33384,0,34070,47500,34108,0,39140,0,40811,0,36020,37228,0,39940,48300,0,36933,0,37091,38821,40746,42097,42266,45829,42198,49400,40921,40013,52216,33900,3200,-273000,-273000,-273000,332942,779455,20323976,340961,63,0,224,22,126,0,448,44,0,0,0,0,1640,19443,402336,702,10392,14010,244768,2199,332942,779455,20323976,340961,15475008,572988,7199172,1.08,0.00,0.00,657270,359942,13114960,333667,,,,1785600,1785600,1785600,1785600,1785600,1785600,883200,883200,0,,,,,,0,,998574,1001946,277,4935,350,1,494000,4936000,6874000,0,262,4437000,Full,1200000000
1784669968.358940619,25276.56,47100,47500,48700,48300,47900,47500,47500,47900,47100,47700,48000,48800,49400,49200,49200,49600,49200,48800,48400,45700,47300,46100,45700,49000,45700,45300,43800,44900,44600,45700,54400,57100,55200,55600,49800,57100,56300,54000,54800,55200,54800,55200,54000,49200,46900,46700,46100,47700,44600,44900,44900,37000,0,0,37000,36747,47500,95000,0,35672,37000,33900,42962,95000,33384,0,34070,46700,34156,0,39208,0,40847,0,35972,37276,0,40019,46700,0,36940,0,37106,38903,40828,42030,42198,45694,42467,49400,41022,40450,52182,33900,3200,-273000,-273000,-273000,332942,779455,20323976,340961,63,0,224,22,126,0,448,44,0,0,0,0,1640,19443,402336,702,10392,14010,244768,2199,332942,779455,20323976,340961,15475008,574608,7200796,1.06,0.00,0.00,657270,359942,13114960,333667,,,,998400,998400,998400,998400,998400,998400,883200,883200,0,,,,,,0,,999302,1001921,277,4935,350,1,494000,4933000,6874000,0,262,4437000,Full,1200000000
1784669968.667117754,25276.87,47100,47800,48700,48700,48300,47900,47900,47900,47500,48000,48000,49600,49400,49200,49600,50400,49600,49600,49200,45700,46900,45700,45700,49800,45700,45700,44200,44900,44900,45700,55600,57500,55600,56300,50200,57100,56300,54000,55200,55600,54800,55200,54400,49200,46900,46700,46100,47700,44600,44900,44900,37000,0,0,37000,36781,47500,95000,0,35672,37000,33900,42980,95000,33384,0,34070,46700,34132,0,39238,0,40934,0,36007,37283,0,40077,46700,0,36940,0,37123,38977,40872,42467,42333,45829,42333,49400,41257,40551,52182,33900,3200,-273000,-273000,-273000,332942,779455,20323976,340961,63,0,224,22,126,0,448,44,0,0,0,0,1640,19443,402336,702,10392,14010,244768,2199,332942,779455,20323976,340961,15475008,576448,7202636,1.06,0.00,0.00,657270,359942,13114960,333667,,,,1228800,1228800,1228800,1228800,1228800,1228800,883200,883200,0,,,,,,0,,999302,1001921,277,4935,350,1,494000,4929000,6874000,0,262,4437000,Full,1200000000
1784669968.966681817,25277.17,47800,48200,49000,49000,49000,48300,49000,48700,48700,47300,47300,48400,49400,48400,48800,48800,48800,48800,48000,46100,46900,46100,46100,49400,45700,45300,44200,44900,44900,45700,54800,56700,55600,56000,50200,56700,56300,53600,54800,55200,54800,55200,54400,49200,47300,47100,45700,48000,44600,44900,44900,37000,0,0,37000,36797,48300,95000,0,35672,37000,33900,43073,95000,33384,0,34070,47500,34104,0,39238,0,40940,0,36014,37331,0,40124,47500,0,36923,0,37152,39004,40902,42299,42400,45863,42232,49800,41223,40685,52081,33900,3200,-273000,-273000,-273000,332942,779455,20323976,340961,63,0,224,22,126,0,448,44,0,0,0,0,1640,19443,402336,702,10392,14010,244768,2199,332942,779455,20323976,340961,15475008,575476,7201668,1.06,0.00,0.00,657270,359942,13114960,333667,,,,1996800,1996800,1996800,1996800,1996800,1996800,883200,883200,0,,,,,,0,,999302,1001921,277,4935,350,1,494000,4929000,6874000,0,301,4433000,Full,1200000000
1784669969.283185150,25277.48,48600,49000,49800,49400,49400,49400,50200,49400,48700,49600,49200,51200,50500,51200,51200,51500,51500,51500,52700,46500,47700,46100,46100,50200,45700,45300,44200,44900,45300,45700,55600,57500,55600,56300,50900,57500,56300,54400,56000,55200,55200,55200,54400,49200,47300,47500,46100,47700,44900,44900,45300,37000,0,0,37000,36821,48300,95000,0,35672,37000,33900,43105,95000,33384,0,34070,48300,34136,0,39307,0,40999,0,36017,37354,0,40161,47900,0,36958,0,37175,39028,40948,42501,42467,46132,42669,51000,41425,40350,52182,33900,3200,-273000,-273000,-273000,332942,779455,20323976,340961,63,0,224,22,126,0,448,44,0,0,0,0,1640,19443,402336,702,10392,14010,244768,2199,332942,779455,20323976,340961,15475008,569076,7195268,1.06,0.00,0.00,657270,359942,13114960,333667,,,,1113600,1113600,1113600,1113600,1113600,1113600,883200,883200,0,,,,,,0,,999302,1001921,277,4935,350,1,494000,4932000,6874000,0,298,4433000,Full,1200000000
1784669969.587830306,25277.79,47800,48200,49000,48700,48700,48700,49000,48300,47900,47700,47700,48800,49800,48800,49200,49600,48800,49200,48800,45700,46500,46100,46100,49800,46100,45300,44600,44900,44900,45700,55200,57100,55600,56300,50200,57100,56700,54000,55200,55200,55200,55200,54400,49200,47300,47100,46100,48000,44600,44600,45300,37000,0,0,37000,36841,48700,95000,0,35672,37000,33900,43151,95000,33384,0,34070,46700,34117,0,39331,0,41058,0,36026,37369,0,40238,47100,0,36923,0,37187,39028,41011,42366,42501,45795,42568,49800,41190,40619,51913,33900,3200,-273000,-273000,-273000,332942,779455,20323976,340961,63,0,224,22,126,0,448,44,0,0,0,0,1640,19443,402336,702,10392,14010,244768,2199,332942,779455,20323976,340961,15475008,571040,7197232,1.06,0.00,0.00,657270,359942,13114960,333667,,,,1900800,1900800,1900800,1900800,1900800,1900800,883200,883200,0,,,,,,0,,999138,1001929,277,4935,350,1,494000,4927000,6874000,0,298,4433000,Full,1200000000
1784669969.864664733,25278.07,47500,47500,48700,48700,48700,48300,47500,48700,48300,48400,48000,49200,49400,49200,49200,50000,49200,49600,48800,46500,47300,46100,46100,49400,45700,45700,44600,44900,44900,46100,56000,57900,55600,57100,49800,58300,56300,54800,55600,55600,54800,55600,54400,49600,47300,46300,46100,47700,44600,45300,44900,37000,0,0,37000,36865,46700,95000,0,35672,37000,33900,43213,95000,33384,0,34070,47100,34139,0,39387,0,41082,0,35978,37382,0,40259,47500,0,36952,0,37190,39110,41054,42434,42467,46132,42535,49400,41324,40518,52048,33900,3200,-273000,-273000,-273000,332942,779455,20323976,340961,63,0,224,22,126,0,448,44,0,0,0,0,1640,19443,402336,702,10392,14010,244768,2199,332942,779455,20323976,340961,15475008,569752,7195944,1.06,0.00,0.00,657270,359942,13114960,333667,,,,1785600,1785600,1785600,1785600,1785600,1785600,883200,883200,0,,,,,,0,,999138,1001929,277,4935,350,1,494000,4928000,6874000,0,298,4433000,Full,1200000000
1784669970.147620462,25278.35,49000,49400,50600,50200,49400,49800,50200,49800,49800,50400,50000,51900,50900,51900,51900,52700,51900,51500,51200,48400,49600,46100,46100,50500,46100,45700,44600,45300,45300,45700,56300,58700,56300,57100,50500,58300,57500,55200,56300,56000,55600,56000,55200,50000,47300,47900,46100,48400,45300,45300,46100,37000,0,0,37000,36878,49000,95000,0,35672,37000,33900,43317,95000,33384,0,34070,48700,34117,0,39382,0,41158,0,36029,37408,0,40312,48700,0,36973,0,37199,39137,41096,42434,42669,46232,43005,51000,41492,40450,52048,33900,3200,-273000,-273000,-273000,333197,779455,20327696,340997,63,0,224,22,126,0,448,44,0,0,0,0,1640,19443,402336,702,10392,14010,244768,2199,333197,779455,20327696,340997,15475008,557576,7184236,1.06,0.00,0.00,657270,359943,13116820,333668,,,,1996800,1996800,1996800,1996800,1996800,1996800,883200,883200,0,,,,,,0,,999138,1001929,277,4935,350,1,494000,4928000,6874000,0,298,4433000,Full,1200000000
1784669970.423798639,25278.63,49000,49000,50200,49400,49400,49400,49000,49800,49000,49600,49200,50800,50500,50800,50800,51500,50800,50800,50400,47700,48800,46500,46500,50500,46100,45300,44600,45300,45300,46500,55600,57500,56300,57100,50900,57900,57500,54800,56000,56300,55600,56000,55200,50000,47700,47900,46100,48400,45300,45300,46100,37000,0,0,37000,36917,49000,95000,0,35672,37000,33900,43426,95000,33384,0,34070,47900,34111,0,39423,0,41204,0,35975,37429,0,40343,48700,0,36996,0,37233,39178,41140,42467,42669,46367,43039,51000,41459,40450,51947,33900,3200,-273000,-273000,-273000,333202,779455,20327728,340999,63,0,224,22,126,0,448,44,0,0,0,0,1640,19443,402336,702,10392,14010,244768,2199,333202,779455,20327728,340999,15475008,559752,7186404,1.41,0.00,0.00,657270,359946,13116836,333671,,,,1324800,1324800,1324800,1324800,1324800,1324800,883200,883200,0,,,,,,0,,1000776,1001925,277,4935,350,1,494000,4931000,6874000,0,298,4433000,Full,1200000000
1784669970.723553743,25278.92,49000,49400,51000,50600,49800,49800,49800,50200,49400,50400,50800,50800,51300,51200,51200,51500,51200,50800,50000,49200,50400,46500,46500,50500,46500,45700,44900,45300,45300,46500,56000,58300,56700,57100,50900,58300,57500,54400,55600,56300,56000,56700,56000,50000,47700,48300,46500,48400,45300,45300,45700,37000,0,0,37000,36944,49000,95000,0,35672,37000,33900,43593,95000,33384,0,34070,48300,34114,0,39548,0,41251,0,36014,37468,0,40392,48300,0,36938,0,37257,39241,41194,42635,42804,46602,43207,51400,41761,40921,51779,33900,3200,-273000,-273000,-273000,333205,779455,20327776,341000,63,0,224,22,126,0,448,44,0,0,0,0,1640,19443,402336,702,10392,14010,244768,2199,333205,779455,20327776,341000,15475008,555544,7182128,1.41,0.00,0.00,657270,359946,13116860,333671,,,,1113600,1113600,1113600,1113600,1113600,1113600,883200,883200,0,,,,,,0,,1000776,1001925,277,4935,350,1,494000,4935000,6874000,0,298,4433000,Full,1200000000
1784669971.034533951,25279.24,48600,49400,50200,50200,49800,49400,49800,49800,50200,48400,48400,49200,50900,49600,49600,50400,49600,49600,49200,46900,47700,46500,46500,50200,46500,45700,44600,45300,45300,46500,56000,58300,56300,57100,50900,57900,57500,54800,56000,56300,56000,56300,55200,50400,47700,47900,46500,48400,45300,45300,45700,37000,0,0,37000,36972,48700,95000,0,35672,37000,33900,43651,95000,33384,0,34070,48700,34129,0,39598,0,41279,0,35998,37500,0,40440,48300,0,36935,0,37276,39260,41237,42602,42669,46535,43073,50600,41661,41358,51947,33900,3200,-273000,-273000,-273000,333205,779455,20327776,341000,63,0,224,22,126,0,448,44,0,0,0,0,1640,19443,402336,702,10392,14010,244768,2199,333205,779455,20327776,341000,15475008,552772,7179332,1.41,0.00,0.00,657270,359947,13116860,333672,,,,787200,787200,787200,787200,787200,787200,2438400,2438400,0,,,,,,0,,1000776,1001925,277,4935,350,1,494000,4929000,6874000,0,298,4433000,Full,1200000000
1784669971.551115201,25279.75,48600,49000,50200,49800,49400,49000,49000,49800,49400,49600,49200,51200,50500,51200,51200,51500,51200,50800,50800,47300,48400,46900,46500,50500,46500,46100,44900,45700,45700,46500,56300,58700,56700,57100,50900,58700,57900,55200,56300,56700,55600,56700,55600,50400,48000,47500,46900,48800,45700,45300,46100,37000,0,0,37000,37010,48300,95000,0,35672,37000,33900,43736,95000,33384,0,34070,48300,34117,0,39649,0,41403,0,36046,37538,0,40521,48300,0,36951,0,37296,39313,41341,42635,42971,46905,43207,50600,41761,40921,51880,33900,3200,-273000,-273000,-273000,333205,779455,20327776,341000,63,0,224,22,126,0,448,44,0,0,0,0,1640,19443,402336,702,10392,14010,244768,2199,333205,779455,20327776,341000,15475008,549840,7176364,1.41,0.00,0.00,657270,359947,13116860,333672,,,,1113600,1113600,1113600,1113600,1113600,1113600,883200,883200,0,,,,,,0,,998541,1001933,277,4935,350,1,494000,4931000,6874000,0,298,4433000,Full,1200000000
1784669971.852181138,25280.05,49000,49400,50200,50200,49400,49800,49800,49800,49000,48000,48400,49200,50500,49600,50000,50400,49600,49600,48800,46500,47700,46500,46500,50500,46500,46100,44900,45300,45700,46500,56000,57900,56300,56700,50900,57900,57500,54800,55600,56300,56000,56300,55600,50000,47700,47900,46500,48800,45300,45300,46100,37000,0,0,37000,37024,49000,95000,0,35672,37000,33900,43736,95000,33384,0,34070,48700,34104,0,39686,0,41434,0,36004,37566,0,40564,48300,0,36976,0,37305,39346,41385,42938,42870,46804,43409,51000,41661,41123,51611,33900,3200,-273000,-273000,-273000,333205,779455,20327776,341000,63,0,224,22,126,0,448,44,0,0,0,0,1640,19443,402336,702,10392,14010,244768,2199,333205,779455,20327776,341000,15475008,555012,7181532,1.41,0.00,0.00,657270,359947,13116860,333672,,,,998400,998400,998400,998400,998400,998400,883200,883200,0,,,,,,0,,998541,1001933,277,4935,350,1,494000,4928000,6874000,0,298,4433000,Full,1200000000
1784669972.154130097,25280.36,49000,49400,50200,49800,49400,49800,50600,50200,49800,48800,49200,50400,50500,50400,50400,50800,50000,49600,49600,47700,48800,46900,46500,50500,46500,45700,44900,45300,45700,46500,56000,57900,56300,57100,50900,57900,57900,54800,56000,56300,56000,56300,55200,50400,48000,48300,46900,48800,45300,45300,46100,37000,0,0,37000,37045,49000,95000,0,36161,37000,33900,43751,95000,33614,0,34355,48700,34153,0,39705,0,41517,0,35986,37608,0,40612,49800,0,36961,0,37348,39379,41441,43005,43139,46871,43005,50600,41896,41291,51645,33900,3200,-273000,-273000,-273000,333205,779455,20327776,341000,63,0,224,22,126,0,448,44,0,0,0,0,1640,19443,402336,702,10392,14010,244768,2199,333205,779455,20327776,341000,15475008,550516,7177024,1.41,0.00,0.00,657270,359947,13116860,333672,,,,1996800,1996800,1996800,1996800,1996800,1996800,883200,883200,0,,,,,,0,,998541,1001933,277,4935,350,1,494000,4931000,6874000,0,298,4433000,Full,1200000000
1784669972.425371294,25280.63,47800,48600,49400,49400,49000,48700,49000,48700,47900,48800,48800,50000,50500,50000,50000,50400,49600,49600,49600,46900,47700,46900,46500,49800,46500,46100,44900,45300,45700,46500,56000,57900,56300,57100,50500,57900,57500,54800,56000,56300,55600,56300,55200,50000,48000,47500,46500,48800,45300,45300,45700,37000,0,0,37000,37062,48700,95000,0,36161,37000,33900,43789,95000,33614,0,34355,47500,34120,0,39719,0,41538,0,36017,37620,0,40649,47500,0,36957,0,37351,39433,41483,42870,42971,46837,43308,50200,41862,40921,51577,33900,3200,-273000,-273000,-273000,333205,779455,20327776,341000,63,0,224,22,126,0,448,44,0,0,0,0,1640,19443,402336,702,10392,14010,244768,2199,333205,779455,20327776,341000,15475008,547260,7173760,1.52,0.00,0.00,657270,359947,13116860,333672,,,,1113600,1113600,1113600,1113600,1113600,1113600,883200,883200,0,,,,,,0,,1000550,1001942,277,4935,350,1,494000,4932000,6874000,0,298,4433000,Full,1200000000
1784669972.730177909,25280.93,48200,49000,50200,49800,49400,49800,49400,49000,48700,48800,49200,50000,50500,50400,50400,50800,50400,50000,49600,47300,48800,46500,46500,50200,46500,46100,44900,45700,45700,46500,56700,58700,56700,57900,50900,58700,57500,55600,56700,56300,55600,56000,55200,50800,47700,47900,46900,49200,45300,45300,45700,37000,0,0,37000,37084,48700,95000,0,36161,37000,33900,43804,95000,33614,0,34355,47900,34126,0,39772,0,41610,0,35998,37623,0,40696,47500,0,36931,0,37385,39468,41533,43207,43073,47006,43207,51000,41963,41459,51880,33900,3200,-273000,-273000,-273000,333207,779455,20327800,341000,63,0,224,22,126,0,448,44,0,0,0,0,1640,19443,402336,702,10392,14010,244768,2199,333207,779455,20327800,341000,15475008,545852,7172324,1.52,0.00,0.00,657270,359947,13116872,333672,,,,787200,787200,787200,787200,787200,883200,883200,883200,0,,,,,,0,,1000550,1001942,277,4935,350,1,494000,4936000,6874000,0,298,4433000,Full,1200000000
1784669973.044185669,25281.25,49000,49400,50200,50200,49400,50200,50600,50200,49800,48400,48800,49600,50900,50000,49600,50400,50000,50000,49200,46900,47700,46500,46900,50200,46500,46100,44600,45300,45300,46500,54800,57100,56000,56300,50900,57100,56700,54400,55600,56000,55600,56000,55200,50000,48000,48300,46500,48800,45700,45700,46100,37000,0,0,37000,37118,49000,95000,0,36161,37000,33900,43850,95000,33614,0,34355,48300,34126,0,39758,0,41634,0,36052,37640,0,40743,48300,0,36972,0,37389,39521,41579,43139,43240,46804,43173,51000,42030,41291,51678,33900,3200,-273000,-273000,-273000,333228,779455,20328408,341010,63,0,224,22,126,0,448,44,0,0,0,0,1640,19443,402336,702,10392,14010,244768,2199,333228,779455,20328408,341010,15475008,546568,7173036,1.52,0.00,0.00,657270,359947,13117176,333672,,,,1900800,1900800,1900800,1900800,1900800,1900800,883200,883200,0,,,,,,0,,1000550,1001942,277,4935,350,1,494000,4932000,6874000,0,298,4433000,Full,1200000000
1784669973.315828273,25281.52,49400,49800,51000,50200,50200,50200,51800,50200,50600,49600,50000,50400,50900,50400,50000,50800,50400,50000,49600,49200,51200,46900,46500,50900,46900,46100,44900,45700,45700,46500,56700,59000,56700,57900,51300,59000,57500,55600,56700,56700,56000,56300,55600,50400,48000,49000,46900,48400,45700,45700,45700,37000,0,0,37000,37138,49800,95000,0,36161,37000,33900,43892,95000,33614,0,34355,48700,34114,0,39810,0,41678,0,36020,37668,0,40783,48300,0,36987,0,37389,39528,41622,43039,43106,46972,43442,51400,41930,41593,51510,33900,3200,-273000,-273000,-273000,333228,779455,20328408,341010,63,0,224,22,126,0,448,44,0,0,0,0,1640,19443,402336,702,10392,14010,244768,2199,333228,779455,20328408,341010,15475008,550400,7176860,1.52,0.00,0.00,657270,359947,13117176,333672,,,,1113600,1113600,1113600,1113600,1113600,1113600,2438400,2438400,0,,,,,,0,,1000550,1001942,277,4935,350,1,494000,4926000,6874000,0,298,4433000,Full,1200000000
1784669973.600126919,25281.80,48600,49000,49800,49400,49400,49000,48700,49800,49400,49600,50000,50800,50900,50800,50800,51200,50800,50400,50000,48400,49200,46500,46500,50500,46500,46100,44900,45700,45700,46500,56300,58300,56700,57500,50900,58700,57900,55200,56300,56700,56000,56300,55600,50400,48000,48300,46900,48800,45700,45700,45700,37000,0,0,37000,37159,48700,95000,0,36161,37000,33900,43907,95000,33614,0,34355,48300,34126,0,39846,0,41733,0,36007,37694,0,40828,47900,0,37020,0,37437,39572,41653,43207,43073,46804,43106,50600,41930,41560,51443,33900,3200,-273000,-273000,-273000,333228,779455,20328408,341010,63,0,224,22,126,0,448,44,0,0,0,0,1640,19443,402336,702,10392,14010,244768,2199,333228,779455,20328408,341010,15475008,552300,7178752,1.52,0.00,0.00,657270,359947,13117176,333672,,,,1900800,1900800,1900800,1900800,1900800,1900800,883200,883200,0,,,,,,0,,999819,1001904,277,4935,350,1,494000,4928000,6874000,0,298,4433000,Full,1200000000
1784669973.874795825,25282.08,48200,48200,49400,49400,48700,48700,48300,49000,48300,48400,48800,49600,50500,50000,50000,50800,50000,49600,49600,47300,48000,46900,46900,50200,46500,46100,45300,45700,45700,46500,56300,58300,56700,57100,50200,58300,57900,55200,56000,56300,56000,56300,55200,50400,48000,47500,46500,48400,45700,45300,46100,37000,0,0,37000,37184,47900,95000,0,36161,37000,33900,43952,95000,33614,0,34355,47900,34111,0,39855,0,41753,0,36017,37708,0,40879,47500,0,37004,0,37420,39613,41705,43073,43139,46905,43274,50200,42064,41392,51409,33900,3200,-273000,-273000,-273000,333228,779455,20328408,341010,63,0,224,22,126,0,448,44,0,0,0,0,1640,19443,402336,702,10392,14010,244768,2199,333228,779455,20328408,341010,15475008,550044,7176492,1.52,0.00,0.00,657270,359947,13117176,333672,,,,1113600,1113600,1113600,1113600,1113600,1113600,883200,883200,0,,,,,,0,,999819,1001904,277,4935,350,1,494000,4929000,6874000,0,298,4433000,Full,1200000000
1784669974.183131554,25282.38,47800,48200,49400,49800,49000,49000,49000,48700,48700,49200,49200,50000,50500,50400,50000,50800,50400,50400,49600,48000,48800,46500,46900,50200,46500,46100,44900,45300,45300,46500,55600,57900,56300,56700,50900,57500,57100,54800,55600,56300,55600,56300,55200,50400,48000,47500,46500,48800,45300,45700,46500,37000,0,0,37000,37184,48300,95000,0,36161,37000,33900,44006,95000,33614,0,34355,47500,34150,0,39879,0,41784,0,36004,37725,0,40906,47500,0,36970,0,37449,39607,41739,43139,43308,47039,43308,50600,41930,41963,51476,33900,3200,-273000,-273000,-273000,333228,779455,20328408,341010,63,0,224,22,126,0,448,44,0,0,0,0,1640,19443,402336,702,10392,14010,244768,2199,333228,779455,20328408,341010,15475008,549740,7176184,1.52,0.00,0.00,657270,359947,13117176,333672,,,,1900800,1900800,1900800,1900800,1900800,1900800,883200,883200,0,,,,,,0,,997243,1001945,277,4935,360,1,494000,4927000,6872000,0,312,4436000,Full,1200000000
1784669974.660237283,25282.86,48600,48600,49800,49400,49400,48700,48700,49400,48700,48000,48400,49600,50500,49600,50000,50400,49600,50000,49200,46500,47300,46900,46900,50200,46900,46100,44900,45700,45700,46900,56000,58300,56700,57100,50900,58300,57500,55200,56300,56700,56000,56300,55600,50000,48000,48300,46900,49200,45300,45700,46100,37000,0,0,37000,37229,49000,95000,0,36161,37000,33900,44055,95000,33614,0,34355,48300,34114,0,39940,0,41858,0,36074,37796,0,40962,49000,0,36995,0,37483,39716,41800,43207,43341,47039,43409,51000,42097,41459,51275,33900,3200,-273000,-273000,-273000,333228,779455,20328408,341010,63,0,224,22,126,0,448,44,0,0,0,0,1640,19443,402336,702,10392,14010,244768,2199,333228,779455,20328408,341010,15475008,551624,7178028,1.42,0.00,0.00,657270,359947,13117176,333672,,,,1996800,1996800,1996800,1996800,1996800,1996800,883200,883200,0,,,,,,0,,997243,1001945,277,4935,360,1,494000,4929000,6872000,0,312,4436000,Full,1200000000
1784669974.939134158,25283.14,47800,48600,49800,49800,49400,48700,48700,49400,48700,48800,49600,50000,50500,50400,50400,50800,50400,50000,49600,48000,49200,46500,46900,50200,46900,46500,44900,45700,46100,46900,56000,58300,56700,57500,50500,57900,57900,55200,56000,56700,56000,56300,55600,50400,48000,47500,46900,48800,45300,45700,46100,37000,0,0,37000,37238,48300,95000,0,36161,37000,33900,44071,95000,33614,0,34355,47900,34123,0,39925,0,41900,0,36017,37800,0,41015,47900,0,37005,0,37494,39752,41837,43207,43341,47207,43375,50200,42030,41627,51241,33900,3200,-273000,-273000,-273000,333228,779455,20328408,341010,63,0,224,22,126,0,448,44,0,0,0,0,1640,19443,402336,702,10392,14010,244768,2199,333228,779455,20328408,341010,15475008,549372,7175760,1.42,0.00,0.00,657270,359947,13117176,333672,,,,998400,998400,998400,998400,998400,998400,883200,883200,0,,,,,,0,,997243,1001945,277,4935,360,1,494000,4929000,6872000,0,312,4436000,Full,1200000000
1784669975.243885564,25283.45,48200,48600,49400,49400,49000,48700,48700,49000,48700,48400,48400,49200,50900,49600,49600,50400,49600,49600,49200,46900,47700,46900,46900,50200,46500,46500,44900,45700,45700,46900,56000,58300,56700,57100,50900,57900,57900,55200,55600,56300,56000,56300,55600,50000,48000,47900,46900,48800,45300,45700,45700,37000,0,0,37000,37267,48300,95000,0,36161,37000,33900,44052,95000,33614,0,34355,47900,34117,0,39986,0,41943,0,36064,37813,0,41045,47500,0,37013,0,37541,39761,41871,43308,43476,47341,43308,50600,42064,41795,51275,33900,3200,-273000,-273000,-273000,333228,779455,20328408,341010,63,0,224,22,126,0,448,44,0,0,0,0,1640,19443,402336,702,10392,14010,244768,2199,333228,779455,20328408,341010,15475008,550852,7177240,1.42,0.00,0.00,657270,359947,13117176,333672,,,,787200,787200,787200,787200,787200,787200,883200,883200,0,,,,,,0,,997243,1001945,277,4935,360,1,494000,4932000,6872000,0,312,4436000,Full,1200000000
1784669975.555514574,25283.76,49000,49000,50200,50200,50200,49800,50200,50600,50200,49200,49200,50000,50900,50800,50400,50800,50400,50000,49600,48000,48800,46900,46900,50500,46500,46100,44900,45700,45700,46500,55600,57500,56300,56700,51300,57900,57500,54800,55600,56300,56000,56300,55600,50400,48000,48300,47300,48800,45700,45700,46100,37000,0,0,37000,37297,48700,95000,0,36161,37000,33900,44131,95000,33614,0,34355,49000,34126,0,39986,0,41974,0,36032,37841,0,41086,49000,0,36990,0,37543,39793,41891,43207,43173,47341,43274,51000,42131,41392,51342,33900,3200,-273000,-273000,-273000,333228,779455,20328408,341010,63,0,224,22,126,0,448,44,0,0,0,0,1640,19443,402336,702,10392,14010,244768,2199,333228,779455,20328408,341010,15475008,553456,7179840,1.42,0.00,0.00,657270,359947,13117176,333672,,,,1113600,1113600,1113600,1113600,1113600,1113600,883200,883200,0,,,,,,0,,1000455,1001927,277,4935,360,1,494000,4932000,6872000,0,312,4436000,Full,1200000000
1784669975.854698272,25284.06,48600,49000,49800,49400,49000,49800,49400,49400,49800,48400,48400,49600,50500,50000,49600,50400,50000,49600,49200,46500,47700,47300,46900,50200,46500,46100,44900,45700,45700,46900,56000,58300,56300,57500,50900,57900,57500,55200,56000,56700,55600,56700,55600,50400,48400,48300,46900,48800,45700,45700,45700,37000,0,0,37000,37322,49000,95000,0,36161,37000,33900,44164,95000,33614,0,34355,48300,34148,0,40010,0,42019,0,35969,37856,0,41114,49000,0,36990,0,37541,39837,41924,43375,43543,47476,43207,51000,42232,41694,51241,33900,3200,-273000,-273000,-273000,333228,779455,20328408,341010,63,0,224,22,126,0,448,44,0,0,0,0,1640,19443,402336,702,10392,14010,244768,2199,333228,779455,20328408,341010,15475008,552864,7179236,1.42,0.00,0.00,657270,359947,13117176,333672,,,,1900800,1900800,1900800,1900800,1900800,1900800,883200,883200,0,,,,,,0,,1000455,1001927,277,4935,360,1,494000,4933000,6872000,0,312,4436000,Full,1200000000
1784669976.144069731,25284.35,48200,48600,49800,49800,49000,49000,49000,49000,48700,49200,49200,50000,50500,50400,50000,50400,50000,49600,49600,47300,48400,46900,46500,50500,46500,46100,44900,45700,46100,46900,56000,58300,56700,57100,50500,58300,57500,54400,55600,56300,56000,56300,55200,50800,48000,47900,47300,48800,45700,45700,46100,37000,0,0,37000,37340,48700,95000,0,36161,37000,33900,44221,95000,33614,0,34355,47500,34120,0,40029,0,42062,0,36035,37866,0,41163,47900,0,37004,0,37577,39885,41975,43375,43375,47409,43543,50600,42165,41896,51073,33900,3200,-273000,-273000,-273000,333228,779455,20328408,341010,63,0,224,22,126,0,448,44,0,0,0,0,1640,19443,402336,702,10392,14010,244768,2199,333228,779455,20328408,341010,15475008,558000,7184356,1.42,0.00,0.00,657270,359947,13117176,333672,,,,998400,998400,998400,998400,998400,998400,883200,883200,0,,,,,,0,,1000455,1001927,277,4935,360,1,494000,4924000,6872000,0,312,4436000,Full,1200000000
1784669976.442294366,25284.64,48200,48200,49800,49400,49000,48700,48700,49000,48300,48000,48400,49200,50500,49600,49600,50400,50000,50000,49200,46900,47700,46500,46500,50200,46900,46100,45300,45700,45700,46900,56000,58300,56300,57100,50500,58300,57900,55200,56000,56700,56300,56300,55600,50400,48000,47100,46900,48800,45700,45700,45700,37000,0,0,37000,37357,47900,95000,0,36161,37000,33900,44237,95000,33614,0,34355,48300,34129,0,40050,0,42088,0,36046,37907,0,41207,47900,0,37004,0,37583,39875,42010,43543,43409,47241,43509,50200,42064,41862,51174,33900,3200,-273000,-273000,-273000,333228,779455,20328408,341010,63,0,224,22,126,0,448,44,0,0,0,0,1640,19443,402336,702,10392,14010,244768,2199,333228,779455,20328408,341010,15475008,553236,7179576,1.53,0.00,0.00,657270,359947,13117176,333672,,,,1113600,1324800,1324800,1324800,1324800,1324800,883200,883200,0,,,,,,0,,998304,1001923,277,4935,360,1,494000,4927000,6872000,0,312,4436000,Full,1200000000
1784669976.737525355,25284.94,49000,49800,50200,49800,49400,50200,51000,49400,49000,48400,48000,49200,50500,49600,49600,50000,49600,50000,49200,47300,47700,47300,46900,50500,46900,46500,44900,45700,45700,46900,56000,57900,56300,57100,51300,57900,57500,54400,55600,56300,55600,56300,55600,50400,48400,48300,46900,48800,45300,45700,46100,37000,0,0,37000,37384,49400,95000,0,36161,37000,33900,44241,95000,33614,0,34355,49000,34117,0,40091,0,42111,0,36029,37943,0,41241,48700,0,37036,0,37592,39901,42039,43409,43308,47409,43678,51000,42333,41627,51174,33900,3200,-273000,-273000,-273000,333228,779455,20328408,341010,63,0,224,22,126,0,448,44,0,0,0,0,1640,19443,402336,702,10392,14010,244768,2199,333228,779455,20328408,341010,15475008,548980,7175312,1.53,0.00,0.00,657270,359947,13117176,333672,,,,1228800,1228800,1228800,1228800,1228800,1228800,2438400,2438400,0,,,,,,0,,998304,1001923,277,4935,360,1,494000,4923000,6872000,0,312,4436000,Full,1200000000
1784669977.029992386,25285.23,49000,48600,49800,49800,49800,49400,49000,49800,50200,49200,49200,50000,50500,50400,50000,50800,50800,50000,49600,48000,48800,46900,46900,50500,46900,46500,45300,45700,45700,46500,56700,58700,57100,58300,50900,59000,57900,55200,56300,56700,56000,56300,55600,50400,48000,47900,46900,48800,45700,45700,46500,37000,0,0,37000,37398,48700,95000,0,36407,37000,33900,44327,95000,33614,0,34653,48700,34129,0,40081,0,42175,0,35981,37931,0,41263,49400,0,37001,0,37633,39958,42064,43678,43543,47644,43509,51000,42131,42165,51006,33900,3200,-273000,-273000,-273000,333228,779455,20328408,341010,63,0,224,22,126,0,448,44,0,0,0,0,1640,19443,402336,702,10392,14010,244768,2199,333228,779455,20328408,341010,15475008,552880,7179208,1.53,0.00,0.00,657270,359947,13117176,333672,,,,1996800,1996800,1996800,1996800,1996800,1996800,883200,883200,0,,,,,,0,,998304,1001923,277,4935,360,1,491000,4928000,6872000,0,312,4436000,Full,1200000000
1784669977.296322959,25285.50,49400,49800,50600,50200,49400,50200,52200,49800,49400,49200,49600,50000,50900,50400,50000,50800,50400,50000,49200,48000,49200,47300,46900,50900,46500,46500,44900,45700,45700,46500,56000,57900,56300,57100,51300,57900,57500,55600,56700,56700,56300,56300,55600,50400,48400,48700,46900,48800,45300,45700,45700,37000,0,0,37000,37419,49400,95000,0,36407,37000,33900,44314,95000,33614,0,34653,49000,34136,0,40152,0,42168,0,36077,37964,0,41299,48700,0,37003,0,37651,39999,42067,43644,43644,47140,43476,51400,42131,41930,51107,33900,3200,-273000,-273000,-273000,333228,779455,20328408,341010,63,0,224,22,126,0,448,44,0,0,0,0,1640,19443,402336,702,10392,14010,244768,2199,333228,779455,20328408,341010,15475008,548356,7174672,1.53,0.00,0.00,657270,359947,13117176,333672,,,,1996800,1996800,1996800,1996800,1996800,1996800,883200,883200,0,,,,,,0,,1000561,1001902,277,4935,360,1,494000,4928000,6872000,0,312,4436000,Full,1200000000
1784669977.769827594,25285.97,49000,49400,50600,50600,49800,50200,50600,50200,49400,48800,48800,49600,51300,50000,50000,50800,50000,50000,49600,47300,48000,47300,47300,50900,46900,46900,45300,46100,46500,46900,56300,58700,57100,57900,51700,58700,57900,55600,56300,57100,56300,56700,56000,50400,48400,48300,47300,49200,46100,46100,46900,37000,0,0,37000,37453,49000,95000,0,36407,37000,33900,44387,95000,33614,0,34653,49000,34150,0,40173,0,42232,0,36092,38010,0,41340,49000,0,36973,0,37651,40044,42131,43711,43644,47476,43543,51400,42366,42064,50938,33900,3200,-273000,-273000,-273000,333228,779455,20328408,341010,63,0,224,22,126,0,448,44,0,0,0,0,1640,19443,402336,702,10392,14010,244768,2199,333228,779455,20328408,341010,15475008,562612,7188980,1.53,0.00,0.00,657270,359947,13117176,333672,,,,1440000,1440000,1440000,1440000,1440000,1440000,883200,883200,0,,,,,,0,,1000561,1001902,277,4935,360,1,494000,4923000,6872000,0,312,4436000,Full,1200000000
1784669978.051218480,25286.25,48600,49000,49800,49800,49400,49000,48700,49400,49000,48400,48400,50000,50500,50000,50000,50800,50000,50000,49600,46900,47700,47300,47300,50500,46900,46500,45300,45700,46100,46900,56300,58700,57100,57900,51300,58300,57900,55600,56300,57100,56000,56700,56000,50400,48400,48300,47300,49200,45700,46100,46500,37000,0,0,37000,37477,49000,95000,0,36407,37000,33900,44426,95000,33614,0,34653,48700,34136,0,40203,0,42253,0,36026,38017,0,41374,48300,0,37005,0,37696,40097,42175,43543,43778,47375,43577,51000,42467,41862,50938,33900,3200,-273000,-273000,-273000,333232,779455,20328488,341011,63,0,224,22,126,0,448,44,0,0,0,0,1640,19443,402336,702,10392,14010,244768,2199,333232,779455,20328488,341011,15475008,561404,7187756,1.53,0.00,0.00,657270,359947,13117216,333672,,,,1113600,1113600,1113600,1113600,1113600,1113600,1862400,1862400,0,,,,,,0,,1000561,1001902,277,4935,360,1,494000,4928000,6872000,0,312,4436000,Full,1200000000
1784669978.359887230,25286.56,48600,48600,50200,49800,49400,49400,49800,49400,48700,50000,50000,50800,50900,50800,50400,51200,50800,50000,50000,48400,49600,46900,46900,50500,46900,46500,45300,46100,46100,46900,57100,59400,57500,58300,51300,59800,58300,56000,56700,57100,56300,56700,56000,50800,48400,47900,47300,49200,45700,46100,46500,37000,0,0,37000,37483,48300,95000,0,36407,37000,33900,44469,95000,33614,0,34653,47900,34129,0,40233,0,42298,0,36020,38040,0,41418,47900,0,37012,0,37705,40111,42191,43778,43678,47544,43577,50600,42501,41627,50938,33900,3200,-273000,-273000,-273000,333232,779455,20328488,341011,63,0,224,22,126,0,448,44,0,0,0,0,1640,19443,402336,702,10392,14010,244768,2199,333232,779455,20328488,341011,15475008,558884,7185240,1.43,0.00,0.00,657270,359947,13117216,333672,,,,1113600,1113600,1113600,1113600,1113600,1113600,883200,883200,0,,,,,,0,,998950,1001932,277,4935,360,1,494000,4928000,6872000,0,312,4436000,Full,1200000000
1784669978.665081136,25286.87,48600,48600,50200,49800,49400,49000,48700,49400,48700,48800,48800,50000,50500,50400,50000,50800,50400,50000,49600,47300,48400,46900,46900,50500,46900,46500,45300,46100,46100,47300,56300,58300,56700,57500,50900,58300,57900,54400,55600,56700,56300,56700,56000,50400,48400,48300,47300,49200,45700,45700,46500,37000,0,0,37000,37515,48700,95000,0,36407,37000,33900,44498,95000,33614,0,34653,48300,34120,0,40233,0,42320,0,36064,38052,0,41446,47900,0,37018,0,37743,40152,42227,43644,43778,47476,43577,50600,42400,41930,50838,33900,3200,-273000,-273000,-273000,333232,779455,20328488,341011,63,0,224,22,126,0,448,44,0,0,0,0,1640,19443,402336,702,10392,14010,244768,2199,333232,779455,20328488,341011,15475008,564964,7191384,1.43,0.00,0.00,657270,359947,13117216,333672,,,,1113600,1113600,1324800,1324800,1324800,1324800,883200,883200,0,,,,,,0,,998950,1001932,277,4935,360,1,494000,4927000,6872000,0,312,4436000,Full,1200000000
1784669978.966307229,25287.17,49000,49800,51000,50200,49800,50600,50600,49800,49400,49200,49600,50800,51300,50400,50800,51200,50800,50400,49600,48000,48800,46900,46900,50900,46900,46500,45300,45700,46100,46900,57900,60200,57500,59000,51700,60200,58300,56700,57500,57100,56300,57100,56300,50800,48000,48300,47300,49200,45700,45700,46100,37000,0,0,37000,37532,49400,95000,0,36407,37000,33900,44524,95000,33614,0,34653,49400,34129,0,40282,0,42348,0,36080,38062,0,41473,48700,0,37000,0,37734,40163,42252,43509,43778,47476,43711,51400,42400,42232,50905,33900,3200,-273000,-273000,-273000,333232,779455,20328488,341011,63,0,224,22,126,0,448,44,0,0,0,0,1640,19443,402336,702,10392,14010,244768,2199,333232,779455,20328488,341011,15475008,558644,7185064,1.43,0.00,0.00,657270,359947,13117216,333672,,,,1324800,1324800,1324800,1324800,1324800,1324800,883200,883200,0,,,,,,0,,998950,1001932,277,4935,360,1,494000,4931000,6872000,0,312,4436000,Full,1200000000
1784669979.260986240,25287.46,48600,49000,49800,50200,49400,49400,48700,50200,50200,48800,48400,49600,50900,50000,50000,50400,50400,50000,49600,46900,47300,47300,47300,50900,46900,46500,45300,45700,45700,46900,56300,58300,57100,57900,51300,58700,58300,55600,56300,57100,56700,57100,56000,51200,48400,47900,47700,49600,46100,46100,46500,37000,0,0,37000,37545,48300,95000,0,36407,37000,33900,44568,95000,33614,0,34653,48700,34145,0,40251,0,42418,0,36052,38085,0,41491,49000,0,36992,0,37776,40230,42287,43980,43678,47644,43778,51000,42366,42198,50804,33900,3200,-273000,-273000,-273000,333232,779455,20328488,341011,63,0,224,22,126,0,448,44,0,0,0,0,1640,19443,402336,702,10392,14010,244768,2199,333232,779455,20328488,341011,15475008,564352,7190772,1.43,0.00,0.00,657270,359947,13117216,333672,,,,1440000,1440000,1440000,1440000,1440000,1440000,883200,883200,0,,,,,,0,,998950,1001932,277,4935,360,1,494000,4928000,6872000,0,312,4429000,Full,1200000000
1784669979.541266604,25287.74,49000,49400,50600,50200,49800,50200,49800,49800,49000,50000,50400,50800,50900,51200,50800,51500,50800,50400,50000,50000,51900,47300,46900,50500,46900,46900,45700,46100,46100,47300,56300,58700,57100,57900,51300,58700,58300,54800,55600,56700,56300,57100,56000,50800,48400,48700,47300,49200,45700,46100,46100,37000,0,0,37000,37566,49400,95000,0,36407,37000,33900,44581,95000,33614,0,34653,48300,34132,0,40325,0,42432,0,36020,38114,0,41514,47900,0,36963,0,37784,40224,42315,43947,43678,47644,43879,51400,42602,41862,50905,33900,3200,-273000,-273000,-273000,333232,779455,20328488,341011,63,0,224,22,126,0,448,44,0,0,0,0,1640,19443,402336,702,10392,14010,244768,2199,333232,779455,20328488,341011,15475008,561304,7187724,1.43,0.00,0.00,657270,359947,13117216,333672,,,,1900800,1900800,1900800,1900800,1900800,1900800,883200,883200,0,,,,,,0,,998777,1001921,277,4935,360,1,494000,4931000,6872000,0,302,4429000,Full,1200000000
1784669979.826437958,25288.03,49400,49800,50600,50200,49800,49800,49800,50200,49400,49600,49600,50400,51300,50800,50400,51200,51200,50400,50000,48000,49200,47300,46900,50900,47300,46900,45700,46100,46100,46900,56300,58700,57100,57900,51300,59000,58300,55600,56300,57100,56300,56700,56000,50800,48400,49000,47300,49200,46100,45700,47300,37000,0,0,37000,37579,49400,95000,0,36407,37000,33900,44597,95000,33614,0,34653,49400,34142,0,40346,0,42450,0,36014,38141,0,41572,50600,0,37041,0,37791,40261,42340,43879,43711,47510,43644,51000,42501,41828,50737,33900,3200,-273000,-273000,-273000,333232,779455,20328488,341011,63,0,224,22,126,0,448,44,0,0,0,0,1640,19443,402336,702,10392,14010,244768,2199,333232,779455,20328488,341011,15475008,558136,7184500,1.43,0.00,0.00,657270,359947,13117216,333672,,,,1996800,1996800,1996800,1996800,1996800,1996800,883200,883200,0,,,,,,0,,998777,1001921,277,4935,360,1,494000,4928000,6872000,0,302,4429000,Full,1200000000
1784669980.109324729,25288.31,48600,49000,50200,49800,49400,49400,50200,49400,49000,48400,48400,49600,50900,50000,50000,50400,50000,50000,49600,46900,47700,47300,47300,50500,47300,46500,45300,46100,46500,46900,57100,59400,57100,58300,50900,59400,58700,56300,57100,57500,56300,56700,56000,50800,48400,48300,47300,49200,45700,45700,46100,37000,0,0,37000,37601,49000,95000,0,36407,37000,33900,44637,95000,33614,0,34653,48300,34153,0,40343,0,42475,0,36020,38150,0,41569,47900,0,36973,0,37804,40295,42357,43812,43879,47711,43577,50600,42366,42400,50703,33900,3200,-273000,-273000,-273000,333232,779455,20328488,341011,63,0,224,22,126,0,448,44,0,0,0,0,1640,19443,402336,702,10392,14010,244768,2199,333232,779455,20328488,341011,15475008,554120,7180476,1.43,0.00,0.00,657270,359947,13117216,333672,,,,1996800,1996800,1996800,1996800,1996800,1996800,883200,883200,0,,,,,,0,,998777,1001921,277,4935,360,1,494000,4931000,6872000,0,302,4429000,Full,1200000000
1784669980.385636291,25288.59,48600,49000,50200,50200,49400,49400,49000,49400,48300,50000,50000,50400,50500,50800,50800,51500,51200,50400,50400,48400,49600,47300,47300,50500,47300,46500,45700,46100,46100,46900,56700,58300,57500,57900,51300,58700,58300,55600,56300,56700,56300,57100,56000,50800,48400,47900,46900,49200,46100,46100,46500,37000,0,0,37000,37606,49000,95000,0,36407,37000,33900,44673,95000,33614,0,34653,48300,34136,0,40373,0,42488,0,36023,38161,0,41613,47900,0,37032,0,37825,40291,42382,43711,43879,47980,43745,51000,42501,42501,50804,33900,3200,-273000,-273000,-273000,333232,779455,20328488,341011,63,0,224,22,126,0,448,44,0,0,0,0,1640,19443,402336,702,10392,14010,244768,2199,333232,779455,20328488,341011,15475008,565704,7192124,1.35,0.00,0.00,657270,359947,13117216,333672,,,,1324800,1324800,1324800,1324800,1324800,1324800,883200,883200,0,,,,,,0,,998498,1001934,277,4935,360,1,494000,4932000,6872000,0,302,4429000,Full,1200000000
1784669980.882877281,25289.08,49400,50200,51000,50600,49800,50600,50600,50600,50600,48800,48800,50000,51300,50400,50400,50800,50400,50400,49600,47300,48000,47300,46900,50900,47300,46500,45700,46100,46500,47300,56700,58700,57500,57900,51300,58700,58700,56000,56700,57100,56700,57100,56300,50800,48400,48700,47300,49200,46100,46100,46500,37000,0,0,37000,37647,50600,95000,0,36407,37000,33900,44725,95000,33614,0,34653,49000,34153,0,40398,0,42548,0,36064,38203,0,41643,49400,0,37050,0,37844,40346,42438,43879,43879,47947,43913,51800,42602,42198,50669,33900,3200,-273000,-273000,-273000,333232,779455,20328488,341011,63,0,224,22,126,0,448,44,0,0,0,0,1640,19443,402336,702,10392,14010,244768,2199,333232,779455,20328488,341011,15475008,567048,7193444,1.35,0.00,0.00,657270,359947,13117216,333672,,,,998400,998400,998400,998400,998400,998400,2438400,2438400,0,,,,,,0,,998498,1001934,277,4935,360,1,494000,4935000,6872000,0,302,4429000,Full,1200000000
1784669981.176383479,25289.38,48200,49000,50600,50200,49800,49400,49800,49400,48700,50000,50000,50800,50900,50800,51200,51900,50800,50800,50400,48800,50000,47300,47300,50500,46900,46900,45300,46100,46500,47300,56000,58300,57500,57100,51300,57900,58300,55600,56700,57100,56300,57500,56000,51200,48400,48300,47300,49600,46500,46100,46500,37000,0,0,37000,37658,48700,95000,0,36407,37000,33900,44746,95000,33614,0,34653,48700,34145,0,40456,0,42586,0,36067,38209,0,41707,48300,0,37004,0,37889,40389,42467,43812,43913,47846,43644,51000,42703,42266,50636,33900,3200,-273000,-273000,-273000,333232,779455,20328488,341011,63,0,224,22,126,0,448,44,0,0,0,0,1640,19443,402336,702,10392,14010,244768,2199,333232,779455,20328488,341011,15475008,564016,7190412,1.35,0.00,0.00,657270,359947,13117216,333672,,,,1113600,1113600,1113600,1113600,1113600,1113600,883200,883200,0,,,,,,0,,998498,1001934,277,4935,360,1,494000,4929000,6872000,0,302,4429000,Full,1200000000
1784669981.481872593,25289.68,49800,49800,51000,51000,49800,50600,50600,49800,49800,49600,49600,50400,51700,50800,50800,51200,51200,50400,50000,48000,49200,47300,47300,51300,47300,46900,45700,46500,46100,46900,56700,58700,57500,57900,51700,59000,58300,55600,57100,57500,56300,57100,56300,51200,48800,49000,47300,49600,46100,46100,46500,37000,0,0,37000,37681,49800,95000,0,36407,37000,33900,44732,95000,33614,0,34653,49400,34159,0,40497,0,42601,0,36112,38232,0,41720,50600,0,37033,0,37884,40416,42488,43846,43980,47879,43913,51800,42467,42467,50703,33900,3200,-273000,-273000,-273000,333232,779455,20328488,341011,63,0,224,22,126,0,448,44,0,0,0,0,1640,19443,402336,702,10392,14010,244768,2199,333232,779455,20328488,341011,15475008,555484,7181880,1.35,0.00,0.00,657270,359947,13117216,333672,,,,1996800,1996800,1996800,1996800,1996800,1996800,883200,883200,0,,,,,,0,,1000511,1001914,277,4935,360,1,494000,4931000,6872000,0,302,4429000,Full,1200000000
1784669981.765049728,25289.97,49000,49400,50600,50600,50200,49800,49800,49800,49000,50400,50800,51500,51700,51900,51900,52300,51900,51500,51200,48000,49600,47700,47300,51300,47300,46900,45700,46500,46500,47300,57100,59000,57900,58300,51700,59000,58700,56000,57500,57500,57100,57500,56300,51200,48800,48700,47700,49200,46100,46100,46900,37000,0,0,37000,37708,49000,95000,0,36407,37000,33900,44804,95000,33614,0,34653,48300,34156,0,40476,0,42639,0,36058,38246,0,41747,48300,0,37016,0,37914,40437,42511,43778,44114,47846,44047,51800,42837,42366,50603,33900,3200,-273000,-273000,-273000,333232,779455,20328488,341011,63,0,224,22,126,0,448,44,0,0,0,0,1640,19443,402336,702,10392,14010,244768,2199,333232,779455,20328488,341011,15475008,554232,7180676,1.35,0.00,0.00,657270,359947,13117216,333672,,,,998400,998400,998400,998400,998400,998400,883200,883200,0,,,,,,0,,1000511,1001914,277,4935,360,1,494000,4929000,6872000,0,302,4429000,Full,1200000000
1784669982.073596082,25290.27,49800,49800,50200,51000,50600,49800,49400,50200,50200,48800,49200,50400,51700,50400,50800,51200,50400,50800,50000,47300,48400,47700,47700,51300,47300,46900,45700,46100,46100,47300,57100,59400,57900,58300,51700,59400,59000,56300,57100,57500,56700,57500,56300,50800,48800,49000,47300,49600,46100,46500,46900,37000,0,0,37000,37722,49800,95000,0,36588,37000,33900,44844,95000,33746,0,34937,49400,34136,0,40507,0,42670,0,36007,38317,0,41774,49000,0,37020,0,37904,40476,42564,43846,44081,48115,43879,51400,42770,42669,50535,33900,3200,-273000,-273000,-273000,333232,779455,20328488,341011,63,0,224,22,126,0,448,44,0,0,0,0,1640,19443,402336,702,10392,14010,244768,2199,333232,779455,20328488,341011,15475008,566368,7192764,1.35,0.00,0.00,657270,359947,13117216,333672,,,,787200,787200,787200,787200,787200,787200,883200,883200,0,,,,,,0,,1000511,1001914,277,4935,360,1,494000,4931000,6872000,0,302,4429000,Full,1200000000
1784669982.374464728,25290.58,49800,50500,51400,50600,50600,50600,51000,50200,50200,50000,50000,50800,51700,51200,50800,51500,51200,50800,50400,48400,49600,47700,47300,51700,47700,46900,45700,46500,46100,46900,57100,59000,57500,58300,51700,59400,58700,56000,57100,57500,56700,57500,56300,51200,48800,49400,47300,49600,46100,46100,47300,37000,0,0,37000,37722,50600,95000,0,36588,37000,33900,44885,95000,33746,0,34937,49400,34153,0,40516,0,42702,0,35995,38305,0,41808,49400,0,37025,0,37924,40519,42586,43980,44182,47879,43879,52200,42669,42770,50636,33900,3200,-273000,-273000,-273000,333232,779455,20328488,341011,63,0,224,22,126,0,448,44,0,0,0,0,1640,19443,402336,702,10392,14010,244768,2199,333232,779455,20328488,341011,15475008,561364,7187764,1.29,0.00,0.00,657270,359947,13117216,333672,,,,1996800,1996800,1996800,1996800,1996800,1996800,883200,883200,0,,,,,,0,,998488,1001910,277,4935,360,1,494000,4931000,6872000,0,302,4429000,Full,1200000000
1784669982.646955093,25290.85,48600,49000,50200,50200,49400,49400,49800,49400,49000,49200,49200,50400,50900,50400,50400,51200,50800,50400,50000,47300,48400,47700,47300,50900,47300,47300,45700,46100,46100,47300,57100,59000,57100,58300,51300,59000,58700,55600,56700,57500,56700,57500,56300,51200,48800,48300,47700,49600,46100,46100,46500,37000,0,0,37000,37750,49000,95000,0,36588,37000,33900,44906,95000,33746,0,34937,48300,34132,0,40543,0,42727,0,36074,38293,0,41836,47900,0,37022,0,37957,40497,42603,44013,44216,47846,44013,51000,42669,42366,50367,33900,3200,-273000,-273000,-273000,333232,779455,20328488,341011,63,0,224,22,126,0,448,44,0,0,0,0,1640,19443,402336,702,10392,14010,244768,2199,333232,779455,20328488,341011,15475008,563416,7189768,1.29,0.00,0.00,657270,359947,13117216,333672,,,,998400,998400,998400,998400,998400,998400,883200,883200,0,,,,,,0,,998488,1001910,277,4935,360,1,494000,4929000,6872000,0,302,4429000,Full,1200000000
1784669982.946493790,25291.15,48600,49400,50200,50200,49400,49800,50200,49400,48700,48800,48800,50400,51300,50400,50400,50800,50800,50400,50000,47300,48400,47700,47300,50900,47300,46900,45700,46500,46100,47300,57500,59800,57500,59000,51300,59800,59000,56000,57100,57500,56700,57100,56300,51200,48800,48300,47700,49200,46100,46500,46900,37000,0,0,37000,37767,48700,95000,0,36588,37000,33900,44906,95000,33746,0,34937,48700,34145,0,40588,0,42736,0,36080,38340,0,41852,49000,0,37045,0,37964,40547,42637,44182,44282,48048,43980,51400,42669,42669,50434,33900,3200,-273000,-273000,-273000,333232,779455,20328488,341011,63,0,224,22,126,0,448,44,0,0,0,0,1640,19443,402336,702,10392,14010,244768,2199,333232,779455,20328488,341011,15475008,557356,7183712,1.29,0.00,0.00,657270,359947,13117216,333672,,,,1996800,1996800,1996800,1996800,1996800,1996800,883200,883200,0,,,,,,0,,998488,1001910,277,4935,360,1,494000,4929000,6872000,0,302,4429000,Full,1200000000
1784669983.232545561,25291.43,49000,49800,50600,50600,49800,49800,49800,50200,50200,49600,50000,50800,51700,50800,51200,51500,51200,50800,50800,48400,49200,47700,47300,50900,47300,46900,45700,46100,46100,47300,57500,59800,57900,59000,51300,60200,59000,56300,57100,57500,56700,57500,56000,51200,48800,48300,47700,49200,46100,46500,46900,37000,0,0,37000,37777,49000,95000,0,36588,37000,33900,44964,95000,33746,0,34937,48300,34156,0,40597,0,42778,0,36038,38337,0,41879,48700,0,37035,0,37990,40570,42647,44013,44249,48283,43778,51400,42736,42266,50535,33900,3200,-273000,-273000,-273000,333239,779455,20328584,341013,63,0,224,22,126,0,448,44,0,0,0,0,1640,19443,402336,702,10392,14010,244768,2199,333239,779455,20328584,341013,15475008,555056,7181412,1.29,0.00,0.00,657270,359947,13117264,333672,,,,1228800,1228800,1228800,1228800,1228800,1228800,883200,883200,0,,,,,,0,,998488,1001910,277,4935,360,1,494000,4929000,6872000,0,302,4429000,Full,1200000000
1784669983.536202436,25291.74,49000,49800,51000,50600,49800,49800,49800,50200,49800,48800,48800,50400,51300,50400,50800,51200,50800,50800,50000,47700,48400,47300,47300,50900,47300,46900,45700,46500,46100,47300,57100,59000,57500,58300,51700,59400,59000,56000,57100,57500,57100,57500,56000,51200,49200,49000,47700,49600,46100,46500,46900,37000,0,0,37000,37798,50200,95000,0,36588,37000,33900,44993,95000,33746,0,34937,49000,34159,0,40570,0,42799,0,36035,38379,0,41886,49000,0,37035,0,38023,40585,42682,44350,44350,48115,44148,51400,42804,42366,50434,33900,3200,-273000,-273000,-273000,333239,779455,20328584,341013,63,0,224,22,126,0,448,44,0,0,0,0,1640,19443,402336,702,10392,14010,244768,2199,333239,779455,20328584,341013,15475008,552752,7179100,1.29,0.00,0.00,657270,359947,13117264,333672,,,,787200,787200,787200,787200,787200,787200,2438400,2438400,0,,,,,,0,,1000255,1001922,302,4929,360,1,494000,4932000,6872000,0,302,4429000,Full,1200000000
1784669984.009998530,25292.21,49400,49800,50600,50600,50200,49800,50200,50600,49400,49200,49200,50400,51700,50800,51200,51500,50800,50800,50400,47700,48400,48000,47700,51300,47300,46900,45700,46500,46500,47700,57100,59000,57500,58300,51700,59400,58700,55600,56300,57500,57100,57500,56300,51200,49200,49000,48000,50000,46500,46500,46900,37000,0,0,37000,37814,49800,95000,0,36588,37000,33900,45039,95000,33746,0,34937,48700,34150,0,40621,0,42830,0,36023,38395,0,41929,48700,0,36998,0,38052,40618,42703,44417,44249,48317,43913,51800,42804,42870,50502,33900,3200,-273000,-273000,-273000,333253,779455,20328808,341016,63,0,224,22,126,0,448,44,0,0,0,0,1640,19443,402336,702,10392,14010,244768,2199,333253,779455,20328808,341016,15475008,557960,7184372,1.29,0.00,0.00,657270,359947,13117376,333672,,,,1228800,1228800,1228800,1228800,1228800,1228800,883200,883200,0,,,,,,0,,1000255,1001922,302,4929,360,1,494000,4932000,6872000,0,302,4429000,Full,1200000000
1784669984.308245352,25292.51,49800,50200,50600,50600,50200,50200,50200,50200,49800,49200,48800,50400,51700,50800,50400,51200,50800,50800,49600,47300,48000,48000,48000,51300,47700,46900,46100,46500,46500,47700,57500,59400,58300,58700,51700,59800,59000,56300,57100,57900,57100,57500,56300,50800,48800,49800,47700,50000,46500,46500,46900,37000,0,0,37000,37841,50600,95000,0,36588,37000,33900,45065,95000,33746,0,34937,49400,34145,0,40651,0,42883,0,36035,38392,0,41974,49400,0,37032,0,38052,40648,42735,44081,44350,48384,44047,51400,42837,42266,50400,33900,3200,-273000,-273000,-273000,333253,779455,20328808,341016,63,0,224,22,126,0,448,44,0,0,0,0,1640,19443,402336,702,10392,14010,244768,2199,333253,779455,20328808,341016,15475008,553928,7180340,1.23,0.00,0.00,657270,359947,13117376,333672,,,,998400,998400,998400,998400,998400,998400,883200,883200,0,,,,,,0,,1000255,1001922,302,4929,360,1,494000,4926000,6872000,0,325,4434000,Full,1200000000
1784669984.651726915,25292.85,48600,49400,50600,50600,49800,49800,49800,49800,49000,49200,49200,50400,51300,50400,50400,51200,50800,50800,50400,47700,48000,47700,47700,50900,47300,47300,45700,46500,46500,47300,57100,59800,57900,58700,51700,59400,59000,56300,57100,57900,57100,57500,56300,51200,49200,47900,47700,50000,46500,46500,46900,37000,0,0,37000,37859,49000,95000,0,36588,37000,33900,45092,95000,33746,0,34937,48300,34156,0,40678,0,42903,0,36061,38404,0,42000,49000,0,37027,0,38085,40675,42773,44383,44249,48384,43846,51400,43039,42703,50300,33900,3200,-273000,-273000,-273000,333253,779455,20328808,341016,63,0,224,22,126,0,448,44,0,0,0,0,1640,19443,402336,702,10392,14010,244768,2199,333253,779455,20328808,341016,15475008,552164,7178580,1.23,0.00,0.00,657270,359947,13117376,333672,,,,998400,998400,998400,998400,998400,998400,883200,883200,0,,,,,,0,,1000003,1001905,302,4929,360,1,494000,4932000,6872000,0,325,4434000,Full,1200000000
1784669984.949132435,25293.15,49000,49000,50600,50600,49800,49400,49000,49400,49000,48800,49200,50000,51300,50400,50800,51200,50400,50800,50000,47300,48000,47700,47700,50500,47300,47300,45700,46500,46500,47300,57900,59800,57500,58700,51300,59800,58700,56700,57900,57500,57100,57500,56700,51500,49200,47900,47700,50000,46500,46500,46900,37000,0,0,37000,37862,49000,95000,0,36588,37000,33900,45144,95000,33746,0,34937,48700,34148,0,40684,0,42927,0,36077,38427,0,42012,48700,0,37032,0,38108,40731,42783,44148,44216,48216,44114,51000,42870,42837,50367,33900,3200,-273000,-273000,-273000,333253,779455,20328808,341016,63,0,224,22,126,0,448,44,0,0,0,0,1640,19443,402336,702,10392,14010,244768,2199,333253,779455,20328808,341016,15475008,550696,7177100,1.23,0.00,0.00,657270,359947,13117376,333672,,,,998400,998400,998400,998400,998400,998400,883200,883200,0,,,,,,0,,1000003,1001905,302,4929,360,1,494000,4932000,6872000,0,325,4434000,Full,1200000000
1784669985.266307227,25293.47,49400,50200,50600,51000,49800,50200,50200,49800,49400,50000,50000,50800,51700,51200,51200,51500,51200,50800,50400,48400,49600,47700,47700,51300,47300,47300,45700,46500,46500,47700,57500,59400,58300,58300,51700,59400,58700,56300,57100,57900,57100,57500,56700,51500,48800,48700,47700,49600,46500,46500,46500,37000,0,0,37000,37881,49000,95000,0,36588,37000,33900,45140,95000,33746,0,34937,48700,34150,0,40724,0,42958,0,36038,38469,0,42044,48700,0,37067,0,38125,40724,42820,44619,44350,48317,44114,51400,43039,42165,50233,33900,3200,-273000,-273000,-273000,333253,779455,20328808,341016,63,0,224,22,126,0,448,44,0,0,0,0,1640,19443,402336,702,10392,14010,244768,2199,333253,779455,20328808,341016,15475008,555264,7181668,1.23,0.00,0.00,657270,359947,13117376,333672,,,,1324800,1324800,1324800,1324800,1324800,1324800,883200,883200,0,,,,,,0,,1000003,1001905,302,4929,360,1,494000,4928000,6872000,0,325,4434000,Full,1200000000
1784669985.560458581,25293.76,50200,50900,51000,50600,50200,51000,51000,50600,51400,49200,49200,50400,51700,50800,50400,51200,50400,50400,50000,47300,48000,47700,47700,51300,47300,47300,45700,46500,46500,47300,57100,59000,57500,58700,52100,59000,59000,55600,56300,57500,57100,57500,56700,51200,48800,49400,47700,50000,46500,46500,46900,37000,0,0,37000,37906,50200,95000,0,36588,37000,33900,45194,95000,33746,0,34937,49400,34172,0,40724,0,42980,0,36064,38477,0,42076,49800,0,37009,0,38141,40748,42852,44484,44383,48216,44182,52200,42971,42669,50367,33900,3200,-273000,-273000,-273000,333253,779455,20328808,341016,63,0,224,22,126,0,448,44,0,0,0,0,1640,19443,402336,702,10392,14010,244768,2199,333253,779455,20328808,341016,15475008,550212,7176616,1.23,0.00,0.00,657270,359947,13117376,333672,,,,1996800,1996800,1996800,1996800,1996800,1996800,883200,883200,0,,,,,,0,,997582,1001970,302,4929,360,1,494000,4929000,6872000,0,325,4434000,Full,1200000000
1784669985.829417643,25294.03,50900,51700,52200,51400,51000,52200,53700,52200,52900,50800,51200,51500,52100,51900,51200,52300,51500,51200,50800,50800,53100,47700,47700,52100,48000,47700,45700,46500,46500,47300,57100,59400,57900,58700,52500,59400,59400,56700,57100,57900,57100,57900,57100,51200,48800,51000,48000,50000,46100,46500,46500,37000,0,0,37000,37914,52200,95000,0,36588,37000,33900,45212,95000,33746,0,34937,50200,34169,0,40775,0,43017,0,36010,38477,0,42086,50200,0,37012,0,38164,40784,42862,44451,44451,48552,44518,52600,42971,42703,50199,33900,3200,-273000,-273000,-273000,333253,779455,20328808,341016,63,0,224,22,126,0,448,44,0,0,0,0,1640,19443,402336,702,10392,14010,244768,2199,333253,779455,20328808,341016,15475008,541688,7168124,1.23,0.00,0.00,657270,359947,13117376,333672,,,,1440000,1440000,1440000,1440000,1440000,1440000,2438400,2438400,0,,,,,,0,,997582,1001970,302,4929,360,1,494000,4929000,6872000,0,325,4434000,Full,1200000000
1784669986.116259935,25294.32,49000,49400,50600,51000,50200,49800,50200,49800,49000,50800,51200,51500,51300,52300,51900,52700,51900,51500,51200,50000,51200,47700,47700,51300,47700,47300,46100,46500,46900,47700,57500,59400,57900,58700,51700,59000,59000,55600,56300,57500,57100,57900,56700,51200,49200,48700,48000,49600,46500,46900,46900,37000,0,0,37000,37942,49800,95000,0,36588,37000,33900,45239,95000,33746,0,34937,48700,34148,0,40778,0,43017,0,36074,38501,0,42119,49000,0,37020,0,38190,40787,42881,44148,44451,48753,44216,51800,42971,42535,50233,33900,3200,-273000,-273000,-273000,333253,779455,20328808,341016,63,0,224,22,126,0,448,44,0,0,0,0,1640,19443,402336,702,10392,14010,244768,2199,333253,779455,20328808,341016,15475008,544120,7170620,1.23,0.00,0.00,657270,359947,13117376,333672,,,,1440000,1440000,1440000,1440000,1440000,1440000,883200,883200,0,,,,,,0,,997582,1001970,302,4929,360,1,494000,4932000,6872000,0,325,4434000,Full,1200000000
1784669986.408213997,25294.61,49000,49400,51000,50600,50200,50200,50200,49800,49000,49200,49200,50400,51700,50400,50800,51500,50800,50800,50400,47300,48400,47700,47700,50900,47700,47700,46100,46900,46500,47700,57900,60200,58300,59400,51700,60200,59400,56700,57500,57900,57100,57900,56700,51500,48800,48300,47700,49600,46500,46500,46900,37000,0,0,37000,37950,49000,95000,0,36588,37000,33900,45296,95000,33746,0,34937,48700,34164,0,40808,0,43024,0,36017,38527,0,42158,48700,0,37045,0,38176,40828,42906,44451,44451,48317,44148,51800,42971,42669,50165,33900,3200,-273000,-273000,-273000,333253,779455,20328808,341016,63,0,224,22,126,0,448,44,0,0,0,0,1640,19443,402336,702,10392,14010,244768,2199,333253,779455,20328808,341016,15475008,550152,7176660,1.19,0.00,0.00,657270,359947,13117376,333672,,,,998400,998400,998400,998400,998400,998400,883200,883200,0,,,,,,0,,1000728,1001905,302,4929,360,1,494000,4929000,6872000,0,325,4434000,Full,1200000000
1784669986.713647070,25294.92,49000,49800,51000,50600,50200,50200,50200,50200,49400,50000,50400,51500,51700,51200,51200,51900,51200,51200,50800,48800,50000,47700,47700,51700,47300,47300,46100,46900,46500,47700,57500,59800,58300,58700,52100,59800,59400,56700,57900,57900,57500,57900,56700,51200,49200,48700,48000,50000,46900,46500,47300,37000,0,0,37000,37961,49400,95000,0,36588,37000,33900,45266,95000,33746,0,34937,48700,34169,0,40811,0,43066,0,36046,38559,0,42168,48700,0,37057,0,38199,40864,42944,44585,44417,48484,44148,51400,43073,43274,50233,33900,3200,-273000,-273000,-273000,333253,779455,20328808,341016,63,0,224,22,126,0,448,44,0,0,0,0,1640,19443,402336,702,10392,14010,244768,2199,333253,779455,20328808,341016,15475008,546624,7173132,1.19,0.00,0.00,657270,359947,13117376,333672,,,,1996800,1996800,1996800,1996800,1996800,1996800,883200,883200,0,,,,,,0,,1000728,1001905,302,4929,360,1,494000,4932000,6872000,0,325,4434000,Full,1200000000
1784669987.196214570,25295.40,49800,50200,50600,51000,50600,50600,50200,51400,51000,50000,50400,51200,51700,51500,51500,51900,51500,51200,50800,49200,50000,48000,48000,51700,47700,47700,46100,46500,46900,47700,57500,59800,57900,58700,52100,59400,59000,56000,56700,57900,57100,57900,56700,51500,48800,49400,47700,50000,46500,46900,46900,37000,0,0,37000,37984,50200,95000,0,36757,37000,33900,45310,95000,33933,0,35184,49800,34159,0,40847,0,43086,0,36017,38576,0,42218,50200,0,37020,0,38226,40885,42970,44720,44619,48518,44249,51800,43073,42198,50233,33900,3200,-273000,-273000,-273000,333253,779455,20328808,341016,63,0,224,22,126,0,448,44,0,0,0,0,1640,19443,402336,702,10392,14010,244768,2199,333253,779455,20328808,341016,15475008,545296,7171804,1.19,0.00,0.00,657270,359947,13117376,333672,,,,1113600,1113600,1113600,1113600,1113600,1113600,2438400,2438400,0,,,,,,0,,1000728,1001905,302,4929,360,1,494000,4927000,6872000,0,325,4434000,Full,1200000000
1784669987.504189726,25295.71,49400,49800,51000,51000,50600,49800,49400,50200,49800,50000,50000,51500,51700,51500,51200,51900,51500,51500,51200,48400,49200,48000,48000,51300,47700,47300,46100,46500,46900,47700,57900,59800,58700,59000,52100,60200,59400,56700,57900,58300,57500,57900,57100,51500,49200,48700,48000,50400,46500,46500,47300,37000,0,0,37000,38003,49000,95000,0,36757,37000,33900,45364,95000,33933,0,35184,48700,34159,0,40894,0,43148,0,36055,38585,0,42235,48700,0,37052,0,38249,40910,42998,44451,44686,48451,44282,52200,42971,42736,50132,33900,3200,-273000,-273000,-273000,333253,779455,20328808,341016,63,0,224,22,126,0,448,44,0,0,0,0,1640,19443,402336,702,10392,14010,244768,2199,333253,779455,20328808,341016,15475008,548244,7174752,1.19,0.00,0.00,657270,359947,13117376,333672,,,,1228800,1228800,1228800,1228800,1228800,1228800,883200,883200,0,,,,,,0,,998972,1001929,302,4929,360,1,494000,4931000,6872000,0,325,4434000,Full,1200000000
1784669987.810527122,25296.01,49400,49800,51000,51000,50600,49800,49800,50600,50600,49600,49600,50800,51700,50800,50800,51500,51200,50800,50400,47700,48800,48000,47700,51300,47700,47300,45700,46500,46900,47700,57100,59800,58300,58700,52100,59800,59400,56300,56700,57900,57100,57900,56700,51500,49200,48700,47700,50000,46500,46500,47300,37000,0,0,37000,38023,49400,95000,0,36757,37000,33900,45344,95000,33933,0,35184,48700,34172,0,40910,0,43148,0,36055,38589,0,42238,48700,0,37025,0,38249,40930,43019,44619,44518,48585,44350,51400,43073,43106,50199,33900,3200,-273000,-273000,-273000,333253,779455,20328808,341016,63,0,224,22,126,0,448,44,0,0,0,0,1640,19443,402336,702,10392,14010,244768,2199,333253,779455,20328808,341016,15475008,546776,7173228,1.19,0.00,0.00,657270,359947,13117376,333672,,,,1113600,1113600,1113600,1113600,1113600,1113600,883200,883200,0,,,,,,0,,998972,1001929,302,4929,360,1,494000,4928000,6872000,0,325,4434000,Full,1200000000
1784669988.101199518,25296.30,50200,50200,51400,51400,51400,51000,51400,51400,51800,50400,50800,51200,52100,51500,51200,51900,51500,51200,50400,48800,50000,48000,47700,51700,48000,47300,46100,46900,46500,47700,57500,59400,58300,58700,52100,59800,59400,56300,57500,57900,57500,57900,56700,51500,49200,49000,48400,50000,46500,46900,47300,37000,0,0,37000,38044,50200,95000,0,36757,37000,33900,45428,95000,33933,0,35184,49800,34167,0,40927,0,43187,0,36064,38608,0,42277,51000,0,37070,0,38284,40954,43045,44720,44619,48821,44451,52200,43073,42837,49997,33900,3200,-273000,-273000,-273000,333253,779455,20328808,341016,63,0,224,22,126,0,448,44,0,0,0,0,1640,19443,402336,702,10392,14010,244768,2199,333253,779455,20328808,341016,15475008,544756,7171208,1.19,0.00,0.00,657270,359947,13117376,333672,,,,1996800,1996800,1996800,1996800,1996800,1996800,883200,883200,0,,,,,,0,,998972,1001929,302,4929,360,1,494000,4929000,6872000,0,325,4434000,Full,1200000000
1784669988.380000976,25296.58,49400,49400,51000,51000,50600,50200,50200,50600,49800,49600,49600,50400,51700,50800,51200,51500,50800,51200,50400,47700,48400,48000,48000,51300,47700,47300,46100,46500,46900,47700,57100,59400,57900,58300,52100,59800,59000,56000,57100,57900,57500,57900,57100,51500,49200,48700,47700,50000,46500,46500,46900,37000,0,0,37000,38055,49000,95000,0,36757,37000,33900,45451,95000,33933,0,35184,49000,34175,0,40964,0,43245,0,36010,38634,0,42298,49400,0,37035,0,38293,40957,43067,44518,44720,48417,44350,51800,43173,42635,49964,33900,3200,-273000,-273000,-273000,333282,779455,20329072,341019,63,0,224,22,126,0,448,44,0,0,0,0,1640,19443,402336,702,10392,14010,244768,2199,333282,779455,20329072,341019,15475008,549496,7175932,1.15,0.00,0.00,657270,359947,13117508,333672,,,,1555200,1555200,1555200,1555200,1555200,1555200,883200,883200,0,,,,,,0,,1000470,1001932,302,4929,360,1,494000,4932000,6872000,0,325,4434000,Full,1200000000
1784669988.668077851,25296.87,49800,49800,51000,51000,50200,50200,50200,50200,49800,50400,50800,51200,51700,51500,51500,52300,51200,51200,50800,50000,51900,48000,48000,51300,47700,47300,46100,46500,46900,47700,57500,60200,58300,59000,52100,59800,59400,56300,57500,57900,57100,57900,56700,51500,48800,49400,48000,50400,46900,46500,46900,37000,0,0,37000,38069,50200,95000,0,36757,37000,33900,45468,95000,33933,0,35184,49400,34153,0,40985,0,43228,0,36067,38637,0,42323,49000,0,37041,0,38314,41007,43085,44720,44619,48619,44417,52200,43308,42870,50031,33900,3200,-273000,-273000,-273000,333282,779455,20329072,341019,63,0,224,22,126,0,448,44,0,0,0,0,1640,19443,402336,702,10392,14010,244768,2199,333282,779455,20329072,341019,15475008,550156,7176592,1.15,0.00,0.00,657270,359947,13117508,333672,,,,998400,998400,998400,998400,998400,998400,883200,883200,0,,,,,,0,,1000470,1001932,302,4929,360,1,494000,4927000,6872000,0,325,4434000,Full,1200000000
1784669988.984617799,25297.19,49400,49400,51000,51000,50200,49800,49400,50600,50200,49200,49200,50800,51300,50800,50800,51500,50800,51200,50400,48000,48800,47700,47700,51700,47700,47700,46100,46900,46900,47700,57500,59800,57900,59000,51700,59800,59400,56300,57500,58300,57500,57900,57100,51500,49200,48700,48000,50000,46500,46900,46900,37000,0,0,37000,38077,49000,95000,0,36757,37000,33900,45479,95000,33933,0,35184,48700,34156,0,40964,0,43264,0,36038,38637,0,42323,49000,0,37050,0,38352,40999,43097,44585,44720,48585,44350,51800,43173,42635,50065,33900,3200,-273000,-273000,-273000,333282,779455,20329072,341019,63,0,224,22,126,0,448,44,0,0,0,0,1640,19443,402336,702,10392,14010,244768,2199,333282,779455,20329072,341019,15475008,546548,7172984,1.15,0.00,0.00,657270,359947,13117508,333672,,,,1228800,1228800,1228800,1228800,1228800,1228800,883200,883200,0,,,,,,0,,1000470,1001932,302,4929,360,1,494000,4929000,6872000,0,325,4434000,Full,1200000000
1784669989.283067538,25297.48,50200,50500,51400,51000,51000,51000,51800,51400,51000,49600,49600,50800,52100,50800,50800,51500,50800,51200,50400,47700,48800,48000,48000,52100,47700,47700,46500,46500,46900,47700,57100,59400,57900,58700,52500,59800,59400,56000,57100,57900,57500,58300,56700,51500,49200,49000,48000,50000,46500,46900,46900,37000,0,0,37000,38105,50600,95000,0,36757,37000,33900,45543,95000,33933,0,35184,49800,34187,0,40989,0,43268,0,36007,38672,0,42358,49400,0,37027,0,38343,41051,43126,44619,44753,48753,44518,52200,43173,42804,50132,33900,3200,-273000,-273000,-273000,333282,779455,20329072,341019,63,0,224,22,126,0,448,44,0,0,0,0,1640,19443,402336,702,10392,14010,244768,2199,333282,779455,20329072,341019,15475008,552620,7179056,1.15,0.00,0.00,657270,359947,13117508,333672,,,,998400,998400,998400,998400,998400,998400,2438400,2438400,0,,,,,,0,,1000470,1001932,302,4929,360,1,494000,4935000,6872000,0,325,4434000,Full,1200000000
1784669989.587816652,25297.79,50200,50200,51000,51000,51000,50200,50600,51000,51400,50400,50800,51200,52100,51900,51500,51900,51900,51200,50800,49200,50000,48000,48000,51700,48000,47300,46500,46500,46900,48000,57900,60200,58700,59400,52100,60200,59800,56700,58300,58300,57500,57900,57100,51500,49200,49400,48000,50000,46900,46500,47300,37000,0,0,37000,38116,50200,95000,0,36757,37000,33900,45533,95000,33933,0,35184,49800,34178,0,41027,0,43288,0,36083,38686,0,42387,49800,0,37012,0,38389,41045,43150,44753,44753,48787,44316,52200,43274,42870,49896,33900,3200,-273000,-273000,-273000,333282,779455,20329072,341019,63,0,224,22,126,0,448,44,0,0,0,0,1640,19443,402336,702,10392,14010,244768,2199,333282,779455,20329072,341019,15475008,550376,7176828,1.15,0.00,0.00,657270,359947,13117508,333672,,,,1996800,1996800,1996800,1996800,1996800,1996800,883200,883200,0,,,,,,0,,998048,1001919,302,4929,360,1,494000,4933000,6870000,0,324,4432000,Full,1200000000
1784669989.884523111,25298.09,50200,50900,51800,51400,51000,51400,52600,51000,50200,50000,50000,50800,52100,51200,51500,51900,51200,51200,50800,48800,49600,48000,48000,52100,48000,47300,46500,46500,46900,48000,57900,59800,58700,59000,52500,60200,59400,56700,57500,58300,57900,58300,57100,51900,49600,49400,48000,50400,46900,46900,47300,37000,0,0,37000,38122,51800,95000,0,36757,37000,33900,45547,95000,33933,0,35184,50600,34181,0,41017,0,43303,0,36043,38709,0,42425,50600,0,37028,0,38389,41082,43163,44921,44787,48854,44787,52600,43409,43005,49896,33900,3200,-273000,-273000,-273000,333282,779455,20329072,341019,63,0,224,22,126,0,448,44,0,0,0,0,1640,19443,402336,702,10392,14010,244768,2199,333282,779455,20329072,341019,15475008,569736,7196192,1.15,0.00,0.00,657270,359947,13117508,333672,,,,1785600,1785600,1785600,1785600,1785600,1785600,2438400,2438400,0,,,,,,0,,998048,1001919,302,4929,360,1,494000,4927000,6870000,0,324,4432000,Full,1200000000
1784669990.379783579,25298.58,50500,50900,51800,51400,51400,51400,51400,51400,51800,50000,50000,51200,52500,51500,51500,51900,51200,51200,51200,48800,49600,48000,48400,52100,48000,47700,46500,46900,47300,48000,57900,59800,58300,59400,52900,59800,59800,56700,57900,58700,57900,58700,57500,51900,49600,50600,48400,50400,46900,46900,47700,37000,0,0,37000,38155,51400,95000,0,36757,37000,33900,45607,95000,33933,0,35184,50200,34172,0,41058,0,43343,0,36046,38718,0,42453,50600,0,37035,0,38411,41123,43204,44720,44720,49157,44619,52600,43341,43341,49997,33900,3200,-273000,-273000,-273000,333282,779455,20329072,341019,63,0,224,22,126,0,448,44,0,0,0,0,1640,19443,402336,702,10392,14010,244768,2199,333282,779455,20329072,341019,15475008,568200,7194660,1.12,0.00,0.00,657270,359947,13117508,333672,,,,998400,998400,998400,998400,998400,998400,883200,883200,0,,,,,,0,,998994,1001925,302,4929,360,1,494000,4929000,6870000,0,324,4432000,Full,1200000000
1784669990.683298058,25298.88,50200,50500,51400,51400,51000,51000,51000,51000,51400,49600,49600,51200,52100,51200,51200,51500,51500,51500,50800,48000,48800,48400,48400,52100,48000,47300,46500,46900,47300,48000,57900,60200,58700,59400,52500,61000,59800,57100,58300,58700,57900,58700,57500,51900,49600,49800,48400,50400,46900,47300,47300,37000,0,0,37000,38158,50600,95000,0,36757,37000,33900,45623,95000,33933,0,35184,49800,34203,0,41104,0,43382,0,36103,38735,0,42488,49800,0,37064,0,38404,41155,43254,44820,44652,48922,44720,52200,43308,42635,49796,33900,3200,-273000,-273000,-273000,333282,779455,20329072,341019,63,0,224,22,126,0,448,44,0,0,0,0,1640,19443,402336,702,10392,14010,244768,2199,333282,779455,20329072,341019,15475008,570384,7196848,1.12,0.00,0.00,657270,359947,13117508,333672,,,,1785600,1785600,1785600,1785600,1785600,1785600,883200,883200,0,,,,,,0,,998994,1001925,302,4929,360,1,494000,4926000,6870000,0,324,4432000,Full,1200000000
1784669990.973384673,25299.17,49400,50200,51000,51000,51000,50200,50600,50600,49800,50800,51200,51900,52100,51900,51900,52700,52300,51900,51200,49600,50400,48400,48000,51700,48000,47700,46500,47300,47300,48000,57900,60200,58700,59400,52500,61000,59800,57100,58300,58700,57900,58300,57500,51900,49200,48700,48000,50400,47300,46900,47700,37000,0,0,37000,38175,50200,95000,0,36757,37000,33900,45653,95000,33933,0,35184,49000,34187,0,41096,0,43410,0,36086,38753,0,42482,49000,0,37045,0,38434,41166,43238,44652,44720,49257,44686,52200,43442,43240,49796,33900,3200,-273000,-273000,-273000,333282,779455,20329072,341019,63,0,224,22,126,0,448,44,0,0,0,0,1640,19443,402336,702,10392,14010,244768,2199,333282,779455,20329072,341019,15475008,567288,7193752,1.12,0.00,0.00,657270,359947,13117508,333672,,,,883200,883200,883200,883200,883200,883200,883200,883200,0,,,,,,0,,998994,1001925,302,4929,360,1,494000,4929000,6870000,0,324,4432000,Full,1200000000
1784669991.275633006,25299.48,49400,49800,51000,51000,50600,50200,49800,50200,49800,50000,50000,51200,52100,51200,51500,51900,51500,51500,50800,48400,49200,48400,48000,51700,48000,47700,46500,46900,47300,48000,57900,59800,58700,59000,52500,60200,59800,56300,57100,58300,57900,58300,57500,51900,49600,49000,48000,50400,46900,47300,47700,37000,0,0,37000,38197,49800,95000,0,36757,37000,33900,45667,95000,33933,0,35184,49000,34187,0,41132,0,43422,0,36046,38747,0,42505,48700,0,37042,0,38463,41176,43275,44888,44820,48787,44753,51800,43274,43375,49796,33900,3200,-273000,-273000,-273000,333282,779455,20329072,341019,63,0,224,22,126,0,448,44,0,0,0,0,1640,19443,402336,702,10392,14010,244768,2199,333282,779455,20329072,341019,15475008,566192,7192656,1.12,0.00,0.00,657270,359947,13117508,333672,,,,998400,998400,998400,998400,998400,998400,883200,883200,0,,,,,,0,,998994,1001925,302,4929,360,1,494000,4933000,6870000,0,324,4432000,Full,1200000000
1784669991.585872277,25299.79,50200,50500,51800,51400,51000,50600,50600,51000,50600,51200,51200,51500,52100,52300,51900,52700,51900,51500,51200,50000,50800,48400,48400,52100,48000,47700,46500,46900,47300,48000,58300,61000,59000,59800,52500,60600,60200,57500,58700,59000,57900,58700,57500,51500,49600,49400,48400,50400,46900,46900,47300,37000,0,0,37000,38210,50200,95000,0,36757,37000,33900,45727,95000,33933,0,35184,49400,34181,0,41114,0,43432,0,36046,38782,0,42540,49400,0,37036,0,38483,41179,43293,44820,44787,49257,44686,52600,43543,42736,49863,33900,3200,-273000,-273000,-273000,333282,779455,20329072,341019,63,0,224,22,126,0,448,44,0,0,0,0,1640,19443,402336,702,10392,14010,244768,2199,333282,779455,20329072,341019,15475008,564756,7191220,1.12,0.00,0.00,657270,359947,13117508,333672,,,,1113600,1113600,1113600,1113600,1113600,1113600,883200,883200,0,,,,,,0,,1000048,1001939,302,4929,360,1,494000,4932000,6870000,0,324,4432000,Full,1200000000
1784669991.885889204,25300.09,50200,50500,51800,51000,51400,51000,51000,51400,51000,49600,49600,51200,52500,51200,51200,51900,51500,51500,50800,48000,48800,48400,48400,52100,48000,47700,46500,46900,47700,48000,57900,60200,58700,59000,52500,60600,59800,57100,57900,58700,58300,58700,57100,52300,49600,49800,48000,50400,47300,47300,47300,37000,0,0,37000,38218,50200,95000,0,36757,37000,33900,45731,95000,33933,0,35184,49800,34191,0,41155,0,43472,0,36038,38788,0,42566,50200,0,37070,0,38509,41232,43317,44854,44820,49056,44619,52600,43375,43073,49863,33900,3200,-273000,-273000,-273000,333282,779455,20329072,341019,63,0,224,22,126,0,448,44,0,0,0,0,1640,19443,402336,702,10392,14010,244768,2199,333282,779455,20329072,341019,15475008,571676,7198148,1.12,0.00,0.00,657270,359947,13117508,333672,,,,1670400,1670400,1670400,1670400,1670400,1670400,883200,883200,0,,,,,,0,,1000048,1001939,302,4929,360,1,494000,4928000,6870000,0,324,4432000,Full,1200000000
1784669992.168300141,25300.37,49800,49800,51000,51000,50600,51000,50600,50200,49800,49600,49600,50800,52100,50800,51500,51900,51200,51200,50800,48000,48400,48400,48400,51700,48000,47700,46500,46900,47300,48000,58300,60200,59000,59000,52500,60200,59800,56700,57900,58300,57500,58300,57500,52300,49600,49000,48400,50800,46900,46500,47300,37000,0,0,37000,38235,49400,95000,0,36912,37000,33900,45761,95000,34102,0,35420,49400,34187,0,41186,0,43497,0,36035,38811,0,42584,50200,0,37057,0,38518,41251,43353,45056,44585,48989,44619,52200,43341,43106,49829,33900,3200,-273000,-273000,-273000,333282,779455,20329072,341019,63,0,224,22,126,0,448,44,0,0,0,0,1640,19443,402336,702,10392,14010,244768,2199,333282,779455,20329072,341019,15475008,567920,7194392,1.12,0.00,0.00,657270,359947,13117508,333672,,,,1440000,1440000,1440000,1440000,1440000,1440000,2438400,2438400,0,,,,,,0,,1000048,1001939,302,4929,360,1,494000,4932000,6870000,0,324,4432000,Full,1200000000
1784669992.450432381,25300.65,49400,49800,51400,51400,50600,50200,49800,50200,49800,50400,50800,51900,52100,51900,51900,52300,51900,51500,51200,49200,50400,48400,48000,51700,48000,47700,46500,46900,47300,47700,58300,60200,59000,59800,52500,60600,59800,57100,58300,58700,57900,58700,57100,51900,50000,48700,48400,50400,46900,47300,46900,37000,0,0,37000,38252,49800,95000,0,36912,37000,33900,45778,95000,34102,0,35420,49000,34200,0,41179,0,43514,0,36071,38850,0,42606,49000,0,37079,0,38515,41248,43378,44820,44720,49325,44451,51800,43509,42904,49661,33900,3200,-273000,-273000,-273000,333282,779455,20329072,341019,63,0,224,22,126,0,448,44,0,0,0,0,1640,19443,402336,702,10392,14010,244768,2199,333282,779455,20329072,341019,15475008,565400,7191872,1.10,0.00,0.00,657270,359947,13117508,333672,,,,1228800,1228800,1228800,1228800,1228800,1228800,883200,883200,0,,,,,,0,,999708,1001917,302,4929,360,1,494000,4928000,6870000,0,324,4432000,Full,1200000000
1784669992.748660922,25300.95,49400,50200,51400,51400,50600,50200,49800,50600,50200,49600,49600,51200,52100,51200,51500,51500,51200,51200,50400,48000,49200,48000,48400,51700,48000,47300,46100,46900,47300,48000,57900,59800,58300,59000,52100,60200,59800,56300,57100,58300,57500,58300,57100,52300,49600,49000,48400,50400,46900,46900,47300,37000,0,0,37000,38252,49800,95000,0,36912,37000,33900,45816,95000,34102,0,35420,49400,34178,0,41217,0,43526,0,36046,38840,0,42637,49400,0,37035,0,38530,41291,43388,45022,44854,49157,44720,52200,43509,42736,49728,33900,3200,-273000,-273000,-273000,333282,779455,20329072,341019,63,0,224,22,126,0,448,44,0,0,0,0,1640,19443,402336,702,10392,14010,244768,2199,333282,779455,20329072,341019,15475008,571188,7197724,1.10,0.00,0.00,657270,359947,13117508,333672,,,,998400,998400,998400,998400,998400,998400,883200,883200,0,,,,,,0,,999708,1001917,302,4929,360,1,494000,4926000,6870000,0,324,4432000,Full,1200000000
1784669993.058686339,25301.26,50500,51300,52200,51400,51000,51800,52200,51000,50600,50400,50400,51200,52100,51900,51500,52300,51500,51500,51200,49200,50000,48400,48400,52100,48400,47700,46500,46900,47300,48000,60200,62500,59000,61400,52500,62900,60200,59400,60200,59000,57900,58700,57500,52300,49600,49800,48400,50400,46500,46900,47700,37000,0,0,37000,38284,50600,95000,0,36912,37000,33900,45816,95000,34102,0,35420,50200,34197,0,41238,0,43568,0,36058,38850,0,42652,49800,0,37068,0,38573,41304,43416,45022,44820,49022,44720,52600,43543,43375,49762,33900,3200,-273000,-273000,-273000,333282,779455,20329072,341019,63,0,224,22,126,0,448,44,0,0,0,0,1640,19443,402336,702,10392,14010,244768,2199,333282,779455,20329072,341019,15475008,565896,7192440,1.10,0.00,0.00,657270,359947,13117508,333672,,,,1996800,1996800,1996800,1996800,1996800,1996800,883200,883200,0,,,,,,0,,999708,1001917,302,4929,360,1,494000,4928000,6870000,0,324,4432000,Full,1200000000
1784669993.537751651,25301.74,49800,50200,51400,51400,51000,50600,50600,50600,49800,50000,49600,51200,52500,51200,51200,51900,51500,51500,50800,48400,49200,48400,48400,52100,48000,48000,46500,47300,46900,48400,58300,60600,59000,59800,52500,61000,60200,57500,58300,59000,58300,58700,57500,51900,50000,49400,48400,50800,47300,47300,47300,37000,0,0,37000,38295,50200,95000,0,36912,37000,33900,45875,95000,34102,0,35420,49000,34181,0,41256,0,43590,0,36080,38874,0,42689,49000,0,37100,0,38593,41321,43448,45089,44787,49325,44854,52200,43476,43139,49661,33900,3200,-273000,-273000,-273000,333291,779455,20329184,341020,63,0,224,22,126,0,448,44,0,0,0,0,1640,19443,402336,702,10392,14010,244768,2199,333291,779455,20329184,341020,15475008,565968,7192496,1.10,0.00,0.00,657270,359947,13117564,333672,,,,1324800,1324800,1324800,1324800,1324800,1324800,883200,883200,0,,,,,,0,,1000183,1001899,302,4929,360,1,494000,4927000,6870000,0,324,4432000,Full,1200000000
1784669993.825713890,25302.03,51300,51300,51800,52200,51800,51400,51400,52600,52900,50400,50400,51500,52900,51500,51900,52300,51900,51900,51200,48400,49600,48800,48400,52900,48400,47700,46500,46900,47300,48400,59000,61400,59800,60600,52900,61700,60600,57900,59000,59000,58300,59000,57900,51900,50000,50200,48000,50400,46900,46900,47700,37000,0,0,37000,38320,51000,95000,0,36912,37000,33900,45909,95000,34102,0,35420,50600,34181,0,41301,0,43632,0,36055,38908,0,42713,50600,0,37037,0,38589,41359,43479,44652,45056,49157,44820,52900,43543,43375,49728,33900,3200,-273000,-273000,-273000,333291,779455,20329184,341020,63,0,224,22,126,0,448,44,0,0,0,0,1640,19443,402336,702,10392,14010,244768,2199,333291,779455,20329184,341020,15475008,560904,7187432,1.10,0.00,0.00,657270,359947,13117564,333672,,,,1785600,1785600,1785600,1785600,1785600,1785600,2438400,2438400,0,,,,,,0,,1000183,1001899,302,4929,360,1,494000,4927000,6870000,0,324,4432000,Full,1200000000
1784669994.107352067,25302.31,50900,51700,52200,52600,51800,52200,52600,52200,51800,50800,50800,51900,53200,51900,51900,52300,51900,51900,51500,49200,50800,48400,48400,52500,48400,47700,46500,47300,47300,48400,58700,61400,59400,60200,53200,61400,60200,57900,58700,59000,58300,59000,57900,52300,50000,50200,48800,50800,46900,47300,47700,37000,0,0,37000,38330,51000,95000,0,36912,37000,33900,45915,95000,34102,0,35420,50600,34184,0,41291,0,43612,0,36026,38900,0,42731,50200,0,37096,0,38637,41393,43472,45056,44888,49191,44955,53300,43644,43543,49661,33900,3200,-273000,-273000,-273000,333291,779455,20329184,341020,63,0,224,22,126,0,448,44,0,0,0,0,1640,19443,402336,702,10392,14010,244768,2199,333291,779455,20329184,341020,15475008,570664,7197160,1.10,0.00,0.00,657270,359947,13117564,333672,,,,1670400,1670400,1670400,1670400,1670400,1670400,883200,883200,0,,,,,,0,,1000183,1001899,302,4929,360,1,494000,4927000,6870000,0,324,4432000,Full,1200000000
1784669994.390465713,25302.59,50500,50500,52200,51800,51400,51800,51400,51400,51400,51500,50800,52700,52900,52700,53100,53500,53100,52700,52700,48400,49200,48400,48800,52100,48400,48000,46900,47300,47300,48400,59400,61700,59000,60600,52900,61700,59800,59000,60200,59000,57900,58700,58300,52300,49600,49400,48400,50800,46900,47300,47300,37000,0,0,37000,38348,50200,95000,0,36912,37000,33900,45912,95000,34102,0,35420,49800,34203,0,41310,0,43654,0,36095,38903,0,42745,49800,0,37067,0,38637,41407,43511,45089,45123,49392,44955,52900,43644,42837,49594,33900,3200,-273000,-273000,-273000,333291,779455,20329184,341020,63,0,224,22,126,0,448,44,0,0,0,0,1640,19443,402336,702,10392,14010,244768,2199,333291,779455,20329184,341020,15475008,566832,7193328,1.08,0.00,0.00,657270,359947,13117564,333672,,,,1785600,1785600,1785600,1785600,1785600,1785600,883200,883200,0,,,,,,0,,998745,1001919,302,4929,360,1,494000,4927000,6870000,0,324,4432000,Full,1200000000
1784669994.673742328,25302.88,49800,50200,51400,51400,51000,50600,49800,51000,51000,50800,51200,51900,52500,51900,52300,52700,52300,51900,51500,49200,50000,48400,48400,52100,48000,48000,46500,47300,47300,48400,57900,60200,59000,59400,52500,60200,60200,57500,58300,58700,58700,59000,57500,52300,49600,49000,48400,50800,47300,47300,47700,37000,0,0,37000,38351,49400,95000,0,36912,37000,33900,45931,95000,34102,0,35420,49000,34191,0,41301,0,43648,0,36074,38947,0,42755,49400,0,37047,0,38643,41428,43533,44854,45089,49325,44720,52200,43644,43509,49560,33900,3200,-273000,-273000,-273000,333291,779455,20329184,341020,63,0,224,22,126,0,448,44,0,0,0,0,1640,19443,402336,702,10392,14010,244768,2199,333291,779455,20329184,341020,15475008,568272,7194772,1.08,0.00,0.00,657270,359947,13117564,333672,,,,998400,998400,998400,998400,998400,998400,883200,883200,0,,,,,,0,,998745,1001919,302,4929,360,1,494000,4929000,6870000,0,349,4431000,Full,1200000000
1784669995.012167327,25303.21,49800,50200,51400,51400,51000,51000,50600,50600,50600,50000,50000,51200,52500,51500,51500,51900,51900,51500,51200,48000,48800,48400,48400,52100,48400,48000,46900,46900,47300,48400,59000,61000,59000,60600,52500,61400,60600,57900,58700,59000,57900,58700,57900,52300,49600,49000,48800,50800,46900,47300,47700,37000,0,0,37000,38369,49800,95000,0,36912,37000,33900,45954,95000,34102,0,35420,49000,34203,0,41338,0,43690,0,36058,38927,0,42791,49400,0,37070,0,38660,41465,43555,45123,44955,49426,45056,52200,43543,42904,49560,33900,3200,-273000,-273000,-273000,333291,779455,20329184,341020,63,0,224,22,126,0,448,44,0,0,0,0,1640,19443,402336,702,10392,14010,244768,2199,333291,779455,20329184,341020,15475008,564744,7191244,1.08,0.00,0.00,657270,359947,13117564,333672,,,,1785600,1785600,1785600,1785600,1785600,1785600,883200,883200,0,,,,,,0,,998745,1001919,302,4929,360,1,494000,4928000,6870000,0,349,4431000,Full,1200000000
1784669995.283922223,25303.48,50900,51300,52200,52200,51400,52200,52600,51800,51400,50800,50400,51900,52500,51900,51900,52700,52300,51900,51900,48800,49200,48800,48400,52500,48400,47700,46500,47700,47300,48000,58700,60600,59000,59800,52900,61000,60600,57900,58700,59000,58300,59000,57500,52300,49600,50200,48800,50800,47300,46900,47700,37000,0,0,37000,38375,51000,95000,0,36912,37000,33900,46002,95000,34102,0,35420,49800,34191,0,41353,0,43722,0,36038,38947,0,42791,49800,0,37089,0,38677,41462,43561,45190,44989,49460,44720,52600,43644,42938,49526,33900,3200,-273000,-273000,-273000,333291,779455,20329184,341020,63,0,224,22,126,0,448,44,0,0,0,0,1640,19443,402336,702,10392,14010,244768,2199,333291,779455,20329184,341020,15475008,559976,7186480,1.08,0.00,0.00,657270,359947,13117564,333672,,,,787200,787200,787200,787200,787200,787200,883200,883200,0,,,,,,0,,998745,1001919,302,4929,360,1,494000,4928000,6870000,0,349,4431000,Full,1200000000
1784669995.585685192,25303.79,50500,51300,51800,51800,51400,51800,52200,51400,50600,50000,50000,50800,52500,51500,51500,52300,51900,51500,51200,48400,48800,48400,48400,52100,48400,48000,46500,47300,47300,48400,58300,60600,59000,59400,52900,60600,60200,56700,57900,58700,58300,58700,57500,52300,50000,50200,48400,50800,46900,47300,47700,37000,0,0,37000,38389,51800,95000,0,36912,37000,33900,46005,95000,34102,0,35420,50200,34209,0,41362,0,43768,0,36067,38947,0,42812,49800,0,37057,0,38686,41493,43597,45325,44921,49526,44921,52200,43543,43106,49493,33900,3200,-273000,-273000,-273000,333291,779455,20329184,341020,63,0,224,22,126,0,448,44,0,0,0,0,1640,19443,402336,702,10392,14010,244768,2199,333291,779455,20329184,341020,15475008,554960,7181464,1.08,0.00,0.00,657270,359947,13117564,333672,,,,1996800,1996800,1996800,1996800,1996800,1996800,883200,883200,0,,,,,,0,,999938,1001925,302,4929,360,1,494000,4924000,6870000,0,349,4431000,Full,1200000000
1784669995.862331494,25304.06,50200,50900,52600,51800,51400,51800,51800,50600,50200,51500,51500,52300,52500,52300,52700,53100,52300,51900,51500,50000,50800,48400,48400,52500,48000,48000,46900,47300,47700,48400,59000,61400,59400,60600,52900,61400,60600,58300,58700,59400,58700,59400,58300,52300,50000,50200,48800,50800,47300,47300,48400,37000,0,0,37000,38403,51000,95000,0,36912,37000,33900,46012,95000,34102,0,35420,49400,34206,0,41407,0,43736,0,36071,38984,0,42827,49400,0,37085,0,38706,41530,43612,45022,45190,49594,44921,52900,43812,43442,49493,33900,3200,-273000,-273000,-273000,333291,779455,20329184,341020,63,0,224,22,126,0,448,44,0,0,0,0,1640,19443,402336,702,10392,14010,244768,2199,333291,779455,20329184,341020,15475008,557400,7183912,1.08,0.00,0.00,657270,359947,13117564,333672,,,,1113600,1113600,1113600,1113600,1113600,1113600,883200,883200,0,,,,,,0,,999938,1001925,302,4929,360,1,494000,4933000,6870000,0,349,4431000,Full,1200000000
1784669996.172160348,25304.37,49800,50200,51000,51400,50600,50200,50200,51000,50200,50400,50000,51200,52500,51500,51500,52300,51900,51900,51200,48000,49200,48400,48800,52100,48400,48000,46500,47300,47300,48400,60200,62900,59400,61700,52500,62900,60200,59800,60600,59400,58300,58700,57500,52300,50000,49000,48800,50800,47300,47300,47700,37000,0,0,37000,38408,50200,95000,0,36912,37000,33900,46032,95000,34102,0,35420,49400,34197,0,41415,0,43783,0,36106,39007,0,42858,49000,0,37070,0,38730,41511,43622,45291,45156,49493,44888,52600,43577,43543,49661,33900,3200,-273000,-273000,-273000,333291,779455,20329184,341020,63,0,224,22,126,0,448,44,0,0,0,0,1640,19443,402336,702,10392,14010,244768,2199,333291,779455,20329184,341020,15475008,558988,7185500,1.08,0.00,0.00,657270,359947,13117564,333672,,,,1785600,1785600,1785600,1785600,1785600,1785600,2438400,2438400,0,,,,,,0,,999938,1001925,302,4929,360,1,494000,4931000,6870000,0,349,4431000,Full,1200000000
1784669996.668523264,25304.87,50900,50900,51800,51800,51400,51400,51000,51800,51800,50800,50800,51900,52900,51900,52300,52700,52300,51900,51500,48800,50000,48400,48400,52500,48400,48000,46900,47300,47700,48400,59000,61700,59800,60600,52900,61700,61000,58300,59000,59800,58300,59000,58300,52300,50000,49800,48800,51200,47700,47300,48400,37000,0,0,37000,38441,50200,95000,0,36912,37000,33900,46099,95000,34102,0,35420,50600,34209,0,41415,0,43836,0,36071,39014,0,42889,51800,0,37088,0,38738,41551,43648,45089,45257,49426,45089,52900,43711,43644,49560,33900,3200,-273000,-273000,-273000,333291,779455,20329184,341020,63,0,224,22,126,0,448,44,0,0,0,0,1640,19443,402336,702,10392,14010,244768,2199,333291,779455,20329184,341020,15475008,569800,7196308,1.07,0.00,0.00,657270,359947,13117564,333672,,,,1440000,1440000,1440000,1440000,1440000,1440000,883200,883200,0,,,,,,0,,998643,1001941,302,4929,360,1,494000,4927000,6870000,0,349,4431000,Full,1200000000
1784669996.949527170,25305.15,50500,50500,52900,52200,51400,51400,51800,51400,51400,50800,50800,51900,52900,52300,51900,52700,52300,52300,51500,48800,50000,48400,48400,52500,48800,48000,46900,47700,47700,48400,59000,61400,59400,60600,52900,61700,60600,58300,59000,59800,58700,59000,57900,52300,50000,49800,48800,51200,47300,47300,47700,37000,0,0,37000,38460,50200,95000,0,37027,37000,33900,46113,95000,34252,0,35603,49800,34209,0,41465,0,43853,0,36092,39047,0,42904,49800,0,37088,0,38782,41566,43685,45325,45325,49560,44989,53300,43745,43106,49359,33900,3200,-273000,-273000,-273000,333295,779455,20332368,341038,63,0,224,22,126,0,448,44,0,0,0,0,1640,19443,402336,702,10392,14010,244768,2199,333295,779455,20332368,341038,15475008,569676,7197780,1.07,0.00,0.00,657270,359947,13119156,333672,,,,1440000,1440000,1440000,1440000,1440000,1440000,883200,883200,0,,,,,,0,,998643,1001941,302,4929,360,1,494000,4931000,6870000,0,349,4431000,Full,1200000000
1784669997.230801441,25305.43,50900,50900,52200,51800,51800,52200,52600,51800,51000,50400,50400,51900,53200,52300,52300,52700,52300,51900,51500,48400,49600,48800,48400,52900,48400,48000,46900,47700,47700,48000,58700,61000,59000,60200,53200,61400,60200,57900,58700,59000,58700,59000,57900,52700,50000,49800,48800,50800,47300,47700,47700,37000,0,0,37000,38466,50200,95000,0,37027,37000,33900,46230,95000,34252,0,35603,51000,34209,0,41473,0,43882,0,36038,39020,0,42929,50600,0,37096,0,38785,41576,43688,45392,45291,49526,45190,52900,43778,43106,49460,33900,3200,-273000,-273000,-273000,333420,779455,20337656,341177,63,0,224,22,126,0,448,44,0,0,0,0,1640,19443,402336,702,10392,14010,244768,2199,333420,779455,20337656,341177,15475008,563656,7194292,1.07,0.00,0.00,657270,359947,13121800,333672,,,,1113600,1113600,1113600,1113600,1113600,1113600,2438400,2438400,0,,,,,,0,,998643,1001941,302,4929,360,1,494000,4926000,6870000,0,349,4431000,Full,1200000000
1784669997.514842743,25305.72,50900,51700,52600,52200,51800,51800,52200,52200,52600,51200,50800,52700,53200,52700,52700,53500,52700,52700,52300,48400,49600,48800,48400,52900,48800,48000,46900,47700,47700,48400,58700,61000,59000,60200,53200,61000,60200,57900,58700,59400,58700,59000,58300,52700,50000,51000,48400,50800,47300,47300,48000,37000,0,0,37000,38477,51400,95000,0,37027,37000,33900,46221,95000,34252,0,35603,50600,34206,0,41455,0,43878,0,36103,39080,0,42942,50600,0,37073,0,38782,41585,43720,45291,45224,49661,45089,53300,43711,43812,49392,33900,3200,-273000,-273000,-273000,333425,779455,20341632,341179,63,0,224,22,126,0,448,44,0,0,0,0,1640,19443,402336,702,10392,14010,244768,2199,333425,779455,20341632,341179,15475008,565896,7198452,1.07,0.00,0.00,657270,359947,13123788,333672,,,,1113600,1113600,1113600,1113600,1113600,1113600,883200,883200,0,,,,,,0,,998719,1001928,302,4929,360,1,494000,4926000,6870000,0,349,4431000,Full,1200000000
1784669997.811653160,25306.01,50500,51300,52200,51800,51400,51800,51800,51400,51400,50800,50400,51500,52900,51500,51900,52700,51900,51500,51200,48800,50000,48800,48800,52500,48400,48400,46900,47700,47700,48400,57900,60200,59000,59400,53200,60600,60200,57100,58300,58700,58300,59000,57900,52300,50000,50600,48800,51200,46900,47300,47700,37000,0,0,37000,38495,51000,95000,0,37027,37000,33900,46322,95000,34252,0,35603,49800,34203,0,41499,0,43917,0,36074,39071,0,42967,50200,0,37086,0,38811,41600,43732,45459,45392,49695,45392,52900,43745,43711,49392,33900,3200,-273000,-273000,-273000,333806,779455,20381176,341352,63,0,224,22,126,0,448,44,0,0,0,0,1640,19443,402336,702,10392,14010,244768,2199,333806,779455,20381176,341352,15475008,558624,7185144,1.07,0.00,0.00,657270,359947,13143560,333672,,,,1785600,1785600,1785600,1785600,1785600,1785600,883200,883200,0,,,,,,0,,998719,1001928,302,4929,360,1,494000,4933000,6870000,0,349,4431000,Full,1200000000
1784669998.082124410,25306.28,51700,51700,52900,52600,52200,52200,52200,52600,52600,51900,51900,52700,53600,52700,52700,53100,52700,52300,52300,50800,51500,48800,48800,53200,48400,48000,46900,47300,47700,48400,59000,61700,59800,60600,53600,61700,61000,58300,59400,59400,59000,59800,58300,52700,50000,51000,48800,50800,47300,47300,47700,37000,0,0,37000,38509,52900,95000,0,37027,37000,33900,46356,95000,34252,0,35603,50600,34209,0,41538,0,43910,0,36100,39098,0,42970,51000,0,37074,0,38808,41631,43729,45594,45459,50132,45325,54100,43778,43308,49493,33900,3200,-273000,-273000,-273000,333839,779455,20383488,341363,63,0,224,22,126,0,448,44,0,0,0,0,1640,19443,402336,702,10392,14010,244768,2199,333841,779455,20385568,341364,15475008,559632,7186152,1.07,0.00,0.00,657270,359947,13147712,333672,,,,1996800,1996800,1996800,1996800,1996800,1996800,2438400,2438400,0,,,,,,0,,998719,1001928,302,4929,360,1,494000,4932000,6870000,0,349,4431000,Full,1200000000
1784669998.363833264,25306.57,50500,50900,52600,52600,51800,51800,51800,51800,51000,51500,51200,52300,53600,52700,52700,53500,52700,52300,51900,49200,50800,48800,49200,52900,48800,48400,46900,47700,47700,48800,58700,61400,59800,60600,53600,61400,61000,58300,59400,59800,59000,59400,58300,52700,50000,49800,48800,51200,47700,47700,48400,37000,0,0,37000,38523,51000,95000,0,37027,37000,33900,46412,95000,34252,0,35603,50200,34200,0,41527,0,43917,0,36074,39114,0,43016,49800,0,37077,0,38831,41668,43771,45392,45459,49964,45257,53300,44114,43509,49426,33900,3200,-273000,-273000,-273000,334011,779455,20421584,341457,63,0,224,22,126,0,448,44,0,0,0,0,1640,19443,402336,702,10392,14010,244768,2199,334011,779455,20421584,341457,15475008,567960,7196484,1.05,0.00,0.00,657270,359947,13163764,333672,,,,998400,998400,998400,998400,998400,998400,883200,883200,0,,,,,,0,,1000821,1001901,302,4929,360,1,494000,4935000,6870000,0,349,4431000,Full,1200000000
1784669998.679890347,25306.88,50500,51300,52600,51800,51800,51800,51800,51800,50600,51900,51500,53100,53200,53500,53900,53900,53900,54300,55000,48800,50000,49200,49200,52900,48800,48000,46900,47700,47700,48800,60200,62900,59800,61700,53200,62900,61000,59800,60600,60200,58700,59400,58300,52700,50400,49800,49200,51200,47300,47300,48000,37000,0,0,37000,38526,50600,95000,0,37027,37000,33900,46408,95000,34252,0,35603,50200,34211,0,41551,0,43955,0,36067,39118,0,43030,50200,0,37097,0,38850,41681,43813,45392,45459,50065,45392,53300,43846,43947,49257,33900,3200,-273000,-273000,-273000,334011,779455,20421584,341457,63,0,224,22,126,0,448,44,0,0,0,0,1640,19443,402336,702,10392,14010,244768,2199,334011,779455,20421584,341457,15475008,563452,7191980,1.05,0.00,0.00,657270,359947,13163764,333672,,,,1228800,1228800,1228800,1228800,1228800,1228800,2438400,2438400,0,,,,,,0,,1000821,1001901,302,4929,360,1,494000,4924000,6870000,0,349,4431000,Full,1200000000
1784669998.981975555,25307.18,50900,50900,52200,52200,51800,51400,51400,51800,51400,51900,51500,53500,53200,53100,53500,53900,53100,53500,52700,48800,50000,48800,48800,52900,48400,48000,47300,47700,48000,48800,59800,62100,59400,61000,53200,61700,60600,59000,59800,59000,58700,59000,58300,52700,50400,50200,48800,51200,47700,47700,48000,37000,0,0,37000,38540,51800,95000,0,37027,37000,33900,46404,95000,34252,0,35603,50600,34203,0,41569,0,43987,0,36061,39121,0,43048,50600,0,37113,0,38868,41712,43821,45661,45425,49896,45022,52900,43980,43207,49224,33900,3200,-273000,-273000,-273000,334011,779455,20421584,341457,63,0,224,22,126,0,448,44,0,0,0,0,1640,19443,402336,702,10392,14010,244768,2199,334011,779455,20421584,341457,15475008,564312,7192844,1.05,0.00,0.00,657270,359947,13163764,333672,,,,1670400,1670400,1670400,1670400,1670400,1670400,883200,883200,0,,,,,,0,,1000821,1001901,302,4929,360,1,494000,4928000,6870000,0,349,4431000,Full,1200000000
1784669999.256733055,25307.46,50200,50200,51800,51800,51800,50600,50600,51800,51400,50400,50400,51500,52900,51500,51900,52300,51900,51900,51500,48400,49600,49200,48800,52100,48400,48400,46900,47700,47700,48800,58700,61000,59400,60200,52900,61000,60600,57500,58300,58700,58700,59000,57900,52300,50400,49400,48800,51200,47300,47700,48000,37000,0,0,37000,38553,50200,95000,0,37027,37000,33900,46415,95000,34252,0,35603,50200,34227,0,41582,0,44013,0,36112,39137,0,43078,49800,0,37113,0,38865,41729,43850,45661,45325,49796,45190,52900,43745,43644,49257,33900,3200,-273000,-273000,-273000,334011,779455,20421584,341457,63,0,224,22,126,0,448,44,0,0,0,0,1640,19443,402336,702,10392,14010,244768,2199,334011,779455,20421584,341457,15475008,561752,7190284,1.05,0.00,0.00,657270,359947,13163764,333672,,,,1670400,1670400,1670400,1670400,1670400,1670400,2227200,2227200,0,,,,,,0,,1000131,1001910,302,4929,370,1,494000,4928000,6870000,0,349,4431000,Full,1200000000
1784669999.783846596,25307.99,50900,51300,52600,52200,51800,51800,51800,51800,51400,50800,50400,51500,52900,51900,52700,52700,52300,52300,51900,48800,49600,48800,48800,52900,48800,48400,46500,47700,47700,48800,59000,61000,59400,60600,53200,61000,60600,57900,59000,59400,58700,59400,58300,52700,50400,50200,49200,51500,47700,47700,48000,37000,0,0,37000,38572,51400,95000,0,37027,37000,33900,46439,95000,34252,0,35603,50200,34230,0,41634,0,44006,0,36074,39174,0,43117,50600,0,37062,0,38927,41750,43874,45728,45627,49796,45190,53300,43846,43543,49291,33900,3200,-273000,-273000,-273000,334011,779455,20421584,341457,63,0,224,22,126,0,448,44,0,0,0,0,1640,19443,402336,702,10392,14010,244768,2199,334011,779455,20421584,341457,15475008,566768,7195316,1.05,0.00,0.00,657270,359947,13163764,333672,,,,1785600,1785600,1785600,1785600,1785600,1785600,883200,883200,0,,,,,,0,,1000131,1001910,302,4929,370,1,494000,4931000,6868000,0,353,4427000,Full,1200000000
1784670000.131692898,25308.33,51300,51700,52200,52200,52200,51800,52900,52200,52600,50800,50400,51500,53200,51900,51900,52700,52300,52300,51200,48400,49600,49200,48800,52900,48800,48400,46900,47700,47700,48800,58700,61000,59400,60200,53600,60600,60600,57100,58300,59000,59000,59400,57900,53100,50400,50600,49200,51200,47300,47700,47700,37000,0,0,37000,38596,51800,95000,0,37027,37000,33900,46415,95000,34252,0,35603,50600,34224,0,41634,0,44045,0,36035,39200,0,43134,51000,0,37084,0,38933,41776,43905,45459,45359,49829,45325,53300,44081,43778,49291,33900,3200,-273000,-273000,-273000,334015,779455,20421616,341458,63,0,224,22,126,0,448,44,0,0,0,0,1640,19443,402336,702,10392,14010,244768,2199,334015,779455,20421616,341458,15475008,565384,7193864,1.05,0.00,0.00,657270,359947,13163780,333672,,,,1113600,1113600,1113600,1113600,1113600,1113600,2438400,2438400,0,,,,,,0,,1000131,1001910,302,4929,370,1,494000,4931000,6868000,0,353,4427000,Full,1200000000
1784670000.420682169,25308.62,50500,50900,51800,52200,51000,51400,51400,51400,51000,51500,51500,53100,52900,53100,53100,53900,53100,53100,52700,49200,50400,49200,49200,52500,48800,48400,47300,47700,47700,49200,58700,61400,59400,60200,52900,61400,61000,57900,58700,59400,58700,59400,58300,53100,50400,49400,49200,51200,47700,47700,48000,37000,0,0,37000,38605,50200,95000,0,37027,37000,33900,46477,95000,34252,0,35603,49400,34233,0,41647,0,44105,0,36089,39187,0,43156,50200,0,37068,0,38903,41791,43912,45459,45425,50065,45156,52600,44047,43778,49291,33900,3200,-273000,-273000,-273000,334015,779455,20421616,341458,63,0,224,22,126,0,448,44,0,0,0,0,1640,19443,402336,702,10392,14010,244768,2199,334015,779455,20421616,341458,15475008,561820,7190300,1.04,0.00,0.00,657270,359947,13163780,333672,,,,1113600,1113600,1113600,1113600,1113600,1113600,883200,883200,0,,,,,,0,,999506,1001936,302,4929,370,1,494000,4929000,6868000,0,353,4427000,Full,1200000000
1784670000.726495086,25308.93,50200,50500,51800,51800,51400,50600,50600,51000,50600,50000,50000,51500,52500,51900,51900,52300,51900,51500,51500,48400,49200,49200,49200,52500,48800,48000,46900,47700,48000,48800,59400,61700,59800,60600,52900,61700,61400,58700,59400,59400,58700,59400,58300,52700,50400,49400,48800,51200,47700,47300,47700,37000,0,0,37000,38619,50200,95000,0,37027,37000,33900,46484,95000,34252,0,35603,49800,34242,0,41650,0,44127,0,36118,39208,0,43165,49800,0,37086,0,38950,41821,43929,45425,45493,49964,45291,52900,43913,43509,49224,33900,3200,-273000,-273000,-273000,334015,779455,20421616,341458,63,0,224,22,126,0,448,44,0,0,0,0,1640,19443,402336,702,10392,14010,244768,2199,334015,779455,20421616,341458,15475008,556504,7185100,1.04,0.00,0.00,657270,359947,13163780,333672,,,,1113600,1113600,1113600,1113600,1113600,1113600,883200,883200,0,,,,,,0,,999506,1001936,302,4929,370,1,494000,4929000,6868000,0,353,4427000,Full,1200000000
1784670001.029134409,25309.23,50500,50900,52200,52200,51400,51400,51000,51400,51000,51200,50800,52300,53200,52300,53100,53100,52700,53100,52700,48800,49600,49200,49200,52500,48800,48400,47300,48000,48000,48800,59400,61700,60200,61000,53200,62100,61400,58700,59400,59800,59000,59800,58700,52700,50400,49800,49200,51200,47300,47300,47700,37000,0,0,37000,38631,50600,95000,0,37027,37000,33900,46484,95000,34252,0,35603,50200,34242,0,41678,0,44167,0,36086,39221,0,43170,51000,0,37099,0,38960,41824,43961,45661,45694,50199,45257,52900,44047,43846,49224,33900,3200,-273000,-273000,-273000,334015,779455,20421616,341458,63,0,224,22,126,0,448,44,0,0,0,0,1640,19443,402336,702,10392,14010,244768,2199,334015,779455,20421616,341458,15475008,571908,7200492,1.04,0.00,0.00,657270,359947,13163780,333672,,,,998400,998400,998400,998400,998400,998400,883200,883200,0,,,,,,0,,999506,1001936,302,4929,370,1,494000,4933000,6868000,0,353,4427000,Full,1200000000
1784670001.339150710,25309.54,50900,51300,52200,51800,51800,51400,51400,51800,51800,50800,50400,51200,52900,51900,52300,52700,52300,52300,51500,48800,49600,48800,49200,52500,48800,48400,47300,47700,48000,48800,58700,61000,59800,60200,53200,61400,60600,58300,59000,59400,59000,59400,58700,52700,50800,50600,48800,51200,47700,47700,48400,37000,0,0,37000,38642,51400,95000,0,37027,37000,33900,46515,95000,34252,0,35603,50200,34255,0,41708,0,44175,0,36109,39211,0,43191,51000,0,37106,0,38963,41855,43979,45627,45694,49997,45224,52900,44047,43644,49191,33900,3200,-273000,-273000,-273000,334015,779455,20421616,341458,63,0,224,22,126,0,448,44,0,0,0,0,1640,19443,402336,702,10392,14010,244768,2199,334015,779455,20421616,341458,15475008,569624,7198212,1.04,0.00,0.00,657270,359947,13163780,333672,,,,1555200,1555200,1555200,1555200,1555200,1555200,883200,883200,0,,,,,,0,,999506,1001936,302,4929,370,1,494000,4933000,6868000,0,353,4427000,Full,1200000000
1784670001.619194304,25309.82,50500,50900,52200,51800,51400,51000,51000,51400,50600,51900,51500,53900,52900,53900,53900,54300,54300,54300,55400,48800,49600,48800,49200,52500,48400,48400,46900,47700,47700,48400,58700,61400,59400,60200,53200,61400,61000,57900,59400,59400,59000,59400,58300,53100,50400,49800,49200,51200,47700,47700,48000,37000,0,0,37000,38653,50200,95000,0,37027,37000,33900,46539,95000,34252,0,35603,49800,34227,0,41726,0,44178,0,36023,39263,0,43230,49800,0,37094,0,39028,41883,43981,45795,45661,49863,45089,52900,44081,43341,49224,33900,3200,-273000,-273000,-273000,334015,779455,20421616,341458,63,0,224,22,126,0,448,44,0,0,0,0,1640,19443,402336,702,10392,14010,244768,2199,334015,779455,20421616,341458,15475008,573104,7201612,1.04,0.00,0.00,657270,359947,13163780,333672,,,,1440000,1440000,1440000,1440000,1440000,1440000,883200,883200,0,,,,,,0,,1000025,1001902,302,4929,370,1,494000,4928000,6868000,0,353,4427000,Full,1200000000
1784670001.920567169,25310.12,50500,50500,52200,52200,51400,50600,50600,51000,50200,50800,50400,51900,53200,51900,51900,52700,52300,51900,51500,48400,49600,49200,49200,52500,48800,48400,47700,47700,48400,49200,59000,61400,59800,60600,52900,61400,61000,57900,59400,59800,59000,59400,58700,52700,50400,49400,48800,51200,47700,47300,48000,37000,0,0,37000,38663,50600,95000,0,37027,37000,33900,46542,95000,34252,0,35603,49400,34252,0,41729,0,44167,0,36089,39263,0,43233,49400,0,37126,0,39023,41858,44006,45594,45762,50233,45359,52900,44182,44350,49325,33900,3200,-273000,-273000,-273000,334015,779455,20421616,341458,63,0,224,22,126,0,448,44,0,0,0,0,1640,19443,402336,702,10392,14010,244768,2199,334015,779455,20421616,341458,15475008,569324,7197832,1.04,0.00,0.00,657270,359947,13163780,333672,,,,1113600,1113600,1113600,1113600,1113600,1113600,883200,883200,0,,,,,,0,,1000025,1001902,302,4929,370,1,494000,4926000,6868000,0,353,4427000,Full,1200000000
1784670002.224831491,25310.43,51700,51700,52600,52900,51800,52600,52900,52600,51800,51200,50800,51900,53200,52300,52300,53100,52700,52300,51900,48800,49600,49200,49200,53200,48800,48400,47300,47700,48000,48400,58700,61000,59400,60200,53600,61400,60600,57900,59000,59800,58700,59400,58700,52700,50400,50600,49200,51500,47300,47700,48000,37000,0,0,37000,38672,51800,95000,0,37203,37000,33900,46622,95000,34414,0,35782,51400,34255,0,41757,0,44194,0,36074,39301,0,43276,51800,0,37103,0,39014,41913,44016,45627,45594,50165,45425,53700,44081,43610,49123,33900,3200,-273000,-273000,-273000,334015,779455,20421616,341458,63,0,224,22,126,0,448,44,0,0,0,0,1640,19443,402336,702,10392,14010,244768,2199,334015,779455,20421616,341458,15475008,561048,7189556,1.04,0.00,0.00,657270,359947,13163780,333672,,,,1555200,1555200,1555200,1555200,1555200,1555200,2438400,2438400,0,,,,,,0,,1000025,1001902,302,4929,370,1,494000,4928000,6868000,0,353,4427000,Full,1200000000
1784670002.492061752,25310.69,51700,52500,53300,52900,52600,52900,53300,52900,52200,52300,52700,53100,53600,53100,53500,53900,53500,52700,52300,51200,52700,49200,49200,53600,48400,48400,47300,47700,48000,48800,61400,63300,60600,62500,53600,64100,61400,59800,61400,60200,59000,59800,58300,53100,50400,50600,49200,51500,47700,47700,48800,37000,0,0,37000,38680,51400,95000,0,37203,37000,33900,46592,95000,34414,0,35782,51400,34260,0,41766,0,44234,0,36071,39304,0,43288,51400,0,37100,0,39020,41934,44052,45795,45762,50300,45459,54100,44282,43778,49123,33900,3200,-273000,-273000,-273000,334015,779455,20421616,341458,63,0,224,22,126,0,448,44,0,0,0,0,1640,19443,402336,702,10392,14010,244768,2199,334015,779455,20421616,341458,15475008,566804,7195316,1.03,0.00,0.00,657270,359947,13163780,333672,,,,1996800,1996800,1996800,1996800,1996800,1996800,883200,883200,0,,,,,,0,,997007,1001946,302,4929,370,1,494000,4924000,6868000,0,353,4427000,Full,1200000000
1784670002.980678314,25311.18,50900,50900,52200,52600,51800,51400,51400,52200,51000,51500,51500,52300,53200,52700,52300,53100,52300,52300,51900,49600,50800,49200,48800,52900,49200,48400,47300,48000,48000,48800,59000,61700,60200,60600,53600,61700,61000,58700,59000,60200,59400,59400,58700,53100,50400,49800,49200,51500,48000,48000,48400,37000,0,0,37000,38694,51000,95000,0,37203,37000,33900,46618,95000,34414,0,35782,50200,34260,0,41791,0,44278,0,36149,39290,0,43327,50200,0,37109,0,39064,41953,44085,45728,45762,50367,45459,53300,44148,43644,49090,33900,3200,-273000,-273000,-273000,334015,779455,20421616,341458,63,0,224,22,126,0,448,44,0,0,0,0,1640,19443,402336,702,10392,14010,244768,2199,334015,779455,20421616,341458,15475008,582556,7211052,1.03,0.00,0.00,657270,359947,13163780,333672,,,,998400,998400,998400,998400,998400,998400,1862400,1862400,0,,,,,,0,,997007,1001946,302,4929,370,1,494000,4926000,6868000,0,353,4427000,Full,1200000000
1784670003.293242949,25311.49,50500,51300,52600,52600,52200,51800,51400,51400,50600,51900,51900,52700,53200,53500,53100,53900,53100,52700,52300,50000,51200,49600,49200,53200,49200,48400,47300,48000,48400,49200,59400,61700,60200,61000,53600,61700,61400,58700,59400,59800,59400,59800,58700,53100,50400,49800,49200,51500,48000,47700,48000,37000,0,0,37000,38715,50600,95000,0,37203,37000,33900,46629,95000,34414,0,35782,50600,34274,0,41807,0,44300,0,36100,39313,0,43347,50600,0,37097,0,39064,41984,44105,45896,45762,50434,45493,53300,44249,43947,49022,33900,3200,-273000,-273000,-273000,334015,779455,20421616,341458,63,0,224,22,126,0,448,44,0,0,0,0,1640,19443,402336,702,10392,14010,244768,2199,334015,779455,20421616,341458,15475008,579004,7207500,1.03,0.00,0.00,657270,359947,13163780,333672,,,,998400,998400,998400,998400,998400,998400,883200,883200,0,,,,,,0,,997007,1001946,302,4929,370,1,494000,4928000,6868000,0,353,4427000,Full,1200000000
1784670003.601666439,25311.80,51300,52100,52900,52600,52200,51800,51800,52200,52200,50800,50800,51900,53200,52300,52300,53100,52300,52300,51900,48800,49600,49200,49200,52900,49200,48400,47300,47700,48000,49200,60200,62500,59800,62100,53600,62900,61000,60200,60600,59800,59400,59800,58700,53100,50800,51000,49200,51900,48000,48000,48400,37000,0,0,37000,38721,52200,95000,0,37203,37000,33900,46687,95000,34414,0,35782,50600,34260,0,41821,0,44300,0,36100,39316,0,43353,50200,0,37091,0,39101,42002,44127,45795,45694,50468,45359,53700,44249,43778,49090,33900,3200,-273000,-273000,-273000,334028,779458,20423600,341463,63,0,224,22,126,0,448,44,0,0,0,0,1640,19443,402336,702,10392,14010,244768,2199,334028,779458,20423600,341463,15475008,580884,7209380,1.03,0.00,0.00,657270,359947,13164772,333672,,,,1900800,1900800,1900800,1900800,1900800,1900800,883200,883200,0,,,,,,0,,1000611,1001901,302,4929,370,1,494000,4927000,6868000,0,353,4427000,Full,1200000000
1784670003.887177897,25312.09,50900,51300,52600,52600,51800,51800,52600,51800,51000,51900,51200,53100,53200,53100,53500,53900,53500,53100,52700,48800,50000,49200,49200,53200,48800,48400,47300,48000,48000,49200,59400,61700,60200,61000,53600,61700,61400,58300,59400,59800,59400,60200,58700,53100,50400,50600,49200,51200,47700,47700,48000,37000,0,0,37000,38742,51800,95000,0,37203,37000,33900,46729,95000,34414,0,35782,50200,34258,0,41842,0,44321,0,36083,39367,0,43380,50200,0,37120,0,39137,41998,44141,45863,45762,50132,45560,53300,44316,44013,49090,33900,3200,-273000,-273000,-273000,334031,779458,20423632,341464,63,0,224,22,126,0,448,44,0,0,0,0,1640,19443,402336,702,10392,14010,244768,2199,334031,779458,20423632,341464,15475008,578272,7206776,1.03,0.00,0.00,657270,359947,13164788,333672,,,,1900800,1900800,1900800,1900800,1900800,1900800,883200,883200,0,,,,,,0,,1000611,1001901,302,4929,370,1,494000,4927000,6868000,0,353,4427000,Full,1200000000
1784670004.166456126,25312.37,50200,50900,52200,52200,51800,51000,51000,51400,50600,51500,51900,52300,53200,53100,52700,53500,53500,52700,52300,50800,51500,49600,49200,52900,48800,48800,47300,48400,48000,49200,59400,61700,60200,61000,53200,61700,61400,58300,59400,59800,59000,59800,58300,53100,50400,49800,49200,51500,47700,48000,48400,37000,0,0,37000,38748,50600,95000,0,37203,37000,33900,46722,95000,34414,0,35782,50200,34274,0,41828,0,44354,0,36052,39382,0,43373,49400,0,37088,0,39143,42034,44178,45661,45762,50199,45325,52900,44350,43778,48888,33900,3200,-273000,-273000,-273000,334031,779458,20423632,341464,63,0,224,22,126,0,448,44,0,0,0,0,1640,19443,402336,702,10392,14010,244768,2199,334031,779458,20423632,341464,15475008,586408,7214920,1.03,0.00,0.00,657270,359947,13164788,333672,,,,1113600,1113600,1113600,1113600,1113600,1113600,883200,883200,0,,,,,,0,,1000611,1001901,302,4929,370,1,494000,4929000,6868000,0,353,4427000,Full,1200000000
1784670004.476307949,25312.68,50200,50900,52200,52200,51400,51400,51800,51400,51000,50800,50800,51500,52900,51900,51900,52700,52300,52300,51900,48800,50000,49200,49200,52500,48800,48800,47300,48000,48000,48800,60200,62500,61000,61700,53200,63300,61700,58700,59800,60200,59400,59800,58700,53100,50800,49400,49200,51500,47700,47700,48400,37000,0,0,37000,38764,50600,95000,0,37203,37000,33900,46722,95000,34414,0,35782,50200,34266,0,41862,0,44366,0,36137,39376,0,43405,50600,0,37126,0,39131,42027,44188,45795,45762,50434,45425,52900,44316,44182,49022,33900,3200,-273000,-273000,-273000,334031,779458,20423632,341464,63,0,224,22,126,0,448,44,0,0,0,0,1640,19443,402336,702,10392,14010,244768,2199,334031,779458,20423632,341464,15475008,583132,7211644,1.03,0.00,0.00,657270,359947,13164788,333672,,,,1996800,1996800,1996800,1996800,1996800,1996800,883200,883200,0,,,,,,0,,1000174,1001907,302,4929,370,1,494000,4928000,6868000,0,353,4427000,Full,1200000000
1784670004.756919980,25312.96,50900,51300,52600,52600,51800,51400,51000,52200,52200,51200,51200,52700,53200,52700,52700,53100,52700,52700,52300,49200,50000,49200,49200,53200,48800,48400,47300,48000,48000,49200,59400,61700,59800,60600,53600,61700,61400,58300,59400,60200,59000,59400,58700,53500,50800,50200,49200,51900,47700,47700,48400,37000,0,0,37000,38770,51000,95000,0,37203,37000,33900,46739,95000,34414,0,35782,50600,34269,0,41903,0,44377,0,36086,39403,0,43432,50600,0,37114,0,39170,42047,44197,45997,45762,50367,45325,53300,44350,43812,48787,33900,3200,-273000,-273000,-273000,334031,779458,20423632,341464,63,0,224,22,126,0,448,44,0,0,0,0,1640,19443,402336,702,10392,14010,244768,2199,334031,779458,20423632,341464,15475008,583040,7211536,1.03,0.00,0.00,657270,359947,13164788,333672,,,,1900800,1900800,1900800,1900800,1900800,1900800,883200,883200,0,,,,,,0,,1000174,1001907,302,4929,370,1,494000,4926000,6868000,0,346,4432000,Full,1200000000
1784670005.145984928,25313.35,50900,51700,52200,52200,51800,51800,52200,52600,52600,51200,50800,52300,53200,52300,52300,53100,52300,52300,51900,49200,50000,49200,49200,52900,48800,48400,47300,48000,48000,48800,59000,61700,59800,61000,53200,61700,61400,58700,59400,59800,59000,59800,58700,53100,50400,50600,49600,51200,47700,47700,48000,37000,0,0,37000,38791,51800,95000,0,37203,37000,34000,46745,95000,34414,0,35782,50600,34279,0,41876,0,44403,0,36071,39417,0,43457,51000,0,37096,0,39164,42076,44216,45963,45863,50300,45459,53300,44249,43812,48955,34000,3200,-273000,-273000,-273000,334031,779458,20423632,341464,63,0,224,22,126,0,448,44,0,0,0,0,1640,19443,402336,702,10392,14010,244768,2199,334031,779458,20423632,341464,15475008,577780,7206276,1.03,0.00,0.00,657270,359947,13164788,333672,,,,1900800,1900800,1900800,1900800,1900800,1900800,883200,883200,0,,,,,,0,,1000174,1001907,302,4929,370,1,494000,4928000,6868000,0,341,4432000,Full,1200000000
1784670005.427402063,25313.63,50900,51300,52600,52600,51800,51800,51800,51800,51000,51900,51500,53100,53200,53100,53900,53900,53900,53500,53100,49200,50000,49200,48800,52900,49200,48800,47300,47700,48000,49200,59800,62500,60600,61400,53600,62500,61400,59000,59800,60200,59800,60200,59000,53100,50800,50200,49600,51500,48000,47700,48400,37000,0,0,37000,38805,51400,95000,0,37203,37000,34000,46783,95000,34414,0,35782,50200,34279,0,41923,0,44420,0,36089,39403,0,43472,50200,0,37117,0,39200,42101,44230,46031,45762,50367,45257,53300,44249,44148,48854,34000,3200,-273000,-273000,-273000,334031,779458,20423632,341464,63,0,224,22,126,0,448,44,0,0,0,0,1640,19443,402336,702,10392,14010,244768,2199,334031,779458,20423632,341464,15475008,580992,7209492,1.03,0.00,0.00,657270,359947,13164788,333672,,,,1785600,1785600,1785600,1785600,1785600,1785600,883200,883200,0,,,,,,0,,997902,1002052,302,4929,370,1,494000,4929000,6868000,0,341,4432000,Full,1200000000
1784670005.712853313,25313.91,50500,50900,52200,52200,51400,51400,51000,51400,50600,50800,51200,52300,53200,51900,52300,53100,52300,52700,51900,48800,50000,49200,49200,52500,49200,48400,47300,48000,48000,48800,59800,62500,60600,61700,53200,62500,61700,59000,59800,60600,59400,59800,58700,53100,50800,49800,49200,51500,47700,47700,48000,37000,0,0,37000,38815,50200,95000,0,37203,37000,34000,46801,95000,34414,0,35782,49800,34276,0,41943,0,44465,0,36100,39423,0,43501,49800,0,37173,0,39174,42111,44265,45997,45963,50367,45459,52900,44316,43711,49056,34000,3200,-273000,-273000,-273000,334031,779458,20423632,341464,63,0,224,22,126,0,448,44,0,0,0,0,1640,19443,402336,702,10392,14010,244768,2199,334031,779458,20423632,341464,15475008,578472,7206972,1.03,0.00,0.00,657270,359947,13164788,333672,,,,1324800,1324800,1324800,1324800,1324800,1324800,883200,883200,0,,,,,,0,,997902,1002052,302,4929,370,1,494000,4924000,6868000,0,341,4432000,Full,1200000000
1784670006.233668782,25314.43,52100,52500,52900,52900,52600,52600,52200,52600,51800,52300,52300,53100,54000,53100,53500,53900,53100,53100,52700,50800,51500,49200,49200,53200,49200,48800,47700,48000,48000,48800,59400,61700,60600,61000,54000,62100,61700,58700,59800,60600,59400,60200,58700,53100,50800,51400,49600,51500,48000,48000,48800,37000,0,0,37000,38832,52900,95000,0,37203,37000,34000,46828,95000,34414,0,35782,51400,34294,0,41961,0,44465,0,36083,39442,0,43519,51400,0,37093,0,39214,42155,44288,45963,46064,50367,45762,53700,44417,43913,48854,34000,3200,-273000,-273000,-273000,334031,779458,20423632,341464,63,0,224,22,126,0,448,44,0,0,0,0,1640,19443,402336,702,10392,14010,244768,2199,334031,779458,20423632,341464,15475008,576636,7205168,1.03,0.00,0.00,657270,359947,13164788,333672,,,,1900800,1900800,1900800,1900800,1900800,1900800,883200,883200,0,,,,,,0,,997902,1002052,302,4929,370,1,494000,4929000,6868000,0,341,4432000,Full,1200000000
1784670006.509358209,25314.71,51700,52100,52900,52900,52900,52200,52200,52900,53300,51500,51500,52300,54000,52700,53100,53500,52700,52700,52300,49600,50400,49200,49600,53600,49200,48800,47700,48000,48400,48800,59400,62100,60600,61400,54400,62100,61700,58700,59800,60200,59800,60200,59000,53500,50800,51400,49600,51900,48000,48000,48400,37000,0,0,37000,38842,51800,95000,0,37203,37000,34000,46835,95000,34414,0,35782,51400,34288,0,41956,0,44491,0,36124,39492,0,43529,51400,0,37129,0,39244,42161,44306,46098,45896,50502,45493,54100,44350,43879,48989,34000,3200,-273000,-273000,-273000,334031,779458,20423632,341464,63,0,224,22,126,0,448,44,0,0,0,0,1640,19443,402336,702,10392,14010,244768,2199,334031,779458,20423632,341464,15475008,577724,7206256,1.20,0.00,0.00,657270,359947,13164788,333672,,,,1996800,1996800,1996800,1996800,1996800,1996800,2438400,2438400,0,,,,,,0,,1000107,1001895,302,4929,370,1,494000,4931000,6868000,0,341,4432000,Full,1200000000
1784670006.788364875,25314.99,51300,52100,53700,52900,52200,52900,53700,51800,51400,52700,53100,53500,53600,53900,53100,54300,53900,53100,52700,52300,53900,49600,49200,53200,49200,48400,47700,48000,48000,49200,60200,62500,60200,61400,54000,62900,61700,59000,59800,60600,59400,60200,59000,53500,50800,51400,49600,51900,48000,48000,48800,37000,0,0,37000,38859,52600,95000,0,37203,37000,34000,46859,95000,34414,0,35782,50600,34255,0,41984,0,44512,0,36052,39450,0,43539,50600,0,37113,0,39257,42178,44328,45997,45896,50468,45493,54500,44619,43745,48854,34000,3200,-273000,-273000,-273000,334031,779458,20423632,341464,63,0,224,22,126,0,448,44,0,0,0,0,1640,19443,402336,702,10392,14010,244768,2199,334031,779458,20423632,341464,15475008,573376,7201948,1.20,0.00,0.00,657270,359947,13164788,333672,,,,1228800,1228800,1228800,1228800,1228800,1228800,883200,883200,0,,,,,,0,,1000107,1001895,302,4929,370,1,494000,4924000,6868000,0,341,4432000,Full,1200000000
1784670007.084895292,25315.29,50500,51300,52600,52600,51800,52200,52200,51800,51000,51200,50800,52300,53600,52700,52700,53500,52700,52700,52300,49200,50000,49600,49200,53200,49200,48800,47700,48000,48400,49600,61700,64100,60600,62900,54000,64100,61700,60600,62100,60200,59400,59800,59400,53500,50800,50200,49600,51500,48000,48000,48800,37000,0,0,37000,38877,51000,95000,0,37440,37000,34000,46904,95000,34574,0,36017,50200,34288,0,41984,0,44542,0,36106,39471,0,43558,50200,0,37138,0,39263,42190,44332,46165,45762,50468,45863,53300,44484,43980,48922,34000,3200,-273000,-273000,-273000,334031,779458,20423632,341464,63,0,224,22,126,0,448,44,0,0,0,0,1640,19443,402336,702,10392,14010,244768,2199,334031,779458,20423632,341464,15475008,574608,7203180,1.20,0.00,0.00,657270,359947,13164788,333672,,,,998400,998400,998400,998400,998400,998400,883200,883200,0,,,,,,0,,1000107,1001895,302,4929,370,1,494000,4928000,6868000,0,341,4432000,Full,1200000000
1784670007.393195552,25315.59,51700,51700,52600,52600,52200,52200,52200,52200,51400,50800,51200,52300,53600,52700,52700,53100,52700,52700,51900,49200,50000,49600,49200,53200,49200,48800,47700,48000,48000,48800,59800,62500,60600,61400,53600,62500,61700,59000,59800,60600,59800,60200,59400,53500,51200,51000,49600,51500,48000,48000,48400,37000,0,0,37000,38884,51400,95000,0,37440,37000,34000,46916,95000,34574,0,36017,51400,34297,0,42027,0,44516,0,36118,39498,0,43584,51000,0,37093,0,39268,42196,44368,46031,46031,50603,45627,53700,44585,44350,48821,34000,3200,-273000,-273000,-273000,334031,779458,20423632,341464,63,0,224,22,126,0,448,44,0,0,0,0,1640,19443,402336,702,10392,14010,244768,2199,334031,779458,20423632,341464,15475008,574980,7203576,1.20,0.00,0.00,657270,359947,13164788,333672,,,,1324800,1324800,1324800,1324800,1324800,1324800,883200,883200,0,,,,,,0,,999779,1001914,302,4929,370,1,494000,4929000,6868000,0,341,4432000,Full,1200000000
1784670007.673146125,25315.87,51300,52500,53300,52600,52200,52600,52600,52200,52900,51500,51200,52300,53200,53100,53100,53500,53100,53100,52300,49200,50400,49600,49200,53600,49200,48800,47300,48000,48400,49200,59800,61700,60600,61400,54000,62100,61700,59000,59800,60600,59400,60600,59400,53500,51200,50600,49600,51900,48000,48000,48800,37000,0,0,37000,38891,52200,95000,0,37440,37000,34000,46924,95000,34574,0,36017,51400,34297,0,42030,0,44531,0,36106,39501,0,43604,51000,0,37096,0,39304,42250,44382,45997,46132,50569,45627,53700,44417,44518,48787,34000,3200,-273000,-273000,-273000,334031,779458,20423632,341464,63,0,224,22,126,0,448,44,0,0,0,0,1640,19443,402336,702,10392,14010,244768,2199,334031,779458,20423632,341464,15475008,572220,7200816,1.20,0.00,0.00,657270,359947,13164788,333672,,,,1996800,1996800,1996800,1996800,1996800,1996800,883200,883200,0,,,,,,0,,999779,1001914,302,4929,370,1,494000,4927000,6868000,0,341,4432000,Full,1200000000
1784670007.952341385,25316.15,50900,50900,52200,52600,51800,51400,51400,51800,51000,51200,51500,52300,53200,53100,52700,53500,53100,52700,52300,49600,51200,49600,49200,52900,49600,49200,47700,48000,48000,49600,60200,62100,60600,61400,53600,62100,61700,58700,59400,60200,59400,60200,59000,53500,50800,50200,49600,51900,48000,48000,48400,37000,0,0,37000,38897,50600,95000,0,37440,37000,34000,46924,95000,34574,0,36017,50600,34315,0,42037,0,44575,0,36083,39483,0,43622,50200,0,37103,0,39307,42242,44394,46198,45829,50569,45694,53300,44383,44451,48989,34000,3200,-273000,-273000,-273000,334031,779458,20423632,341464,63,0,224,22,126,0,448,44,0,0,0,0,1640,19443,402336,702,10392,14010,244768,2199,334031,779458,20423632,341464,15475008,568712,7197312,1.20,0.00,0.00,657270,359947,13164788,333672,,,,998400,998400,998400,998400,998400,998400,883200,883200,0,,,,,,0,,999779,1001914,302,4929,370,1,494000,4926000,6868000,0,341,4432000,Full,1200000000
1784670008.259693000,25316.46,50900,51300,52900,52600,51800,52200,52200,52200,51800,52300,52700,52700,53600,53100,53100,53900,53100,52700,51900,51500,53500,49600,49200,52900,49200,48800,47300,48000,48000,49200,59800,61700,60200,61000,53600,61700,61400,58300,59000,59800,59800,59800,59000,53100,50800,51000,49600,51500,48000,47700,48400,37000,0,0,37000,38911,51800,95000,0,37440,37000,34000,46961,95000,34574,0,36017,50600,34313,0,42047,0,44611,0,36095,39512,0,43629,50200,0,37096,0,39331,42288,44419,45997,46064,50703,45627,53700,44720,44551,48821,34000,3200,-273000,-273000,-273000,334031,779458,20423632,341464,63,0,224,22,126,0,448,44,0,0,0,0,1640,19443,402336,702,10392,14010,244768,2199,334031,779458,20423632,341464,15475008,582340,7210964,1.20,0.00,0.00,657270,359947,13164788,333672,,,,1785600,1785600,1785600,1785600,1785600,1785600,883200,883200,0,,,,,,0,,999779,1001914,302,4929,370,1,494000,4928000,6868000,0,341,4432000,Full,1200000000
1784670008.541033885,25316.74,51300,52100,52900,52600,52200,52200,51800,52900,52200,51500,51900,52700,53600,53100,53100,53900,53100,52700,52300,50000,51200,49200,49200,53200,49200,48800,47700,48000,48000,49600,60600,62500,61000,61700,54000,62900,62100,59400,60200,60600,59400,60200,59000,53500,50800,50600,49600,51900,47700,48400,48400,37000,0,0,37000,38918,51400,95000,0,37440,37000,34000,46957,95000,34574,0,36017,50600,34310,0,42079,0,44615,0,36100,39531,0,43654,50600,0,37120,0,39337,42267,44426,46098,46031,50468,45627,53700,44551,44316,48787,34000,3200,-273000,-273000,-273000,334031,779458,20423632,341464,63,0,224,22,126,0,448,44,0,0,0,0,1640,19443,402336,702,10392,14010,244768,2199,334031,779458,20423632,341464,15475008,583160,7211752,1.16,0.00,0.00,657270,359947,13164788,333672,,,,1113600,1113600,1113600,1113600,1113600,1113600,883200,883200,0,,,,,,0,,996874,1001975,302,4929,370,1,494000,4931000,6868000,0,341,4432000,Full,1200000000
1784670008.838658833,25317.04,51300,52100,52900,52600,52200,52600,52900,52200,52600,51200,51200,52300,53600,52700,52700,53500,52700,52700,52300,49200,50400,49600,49200,53200,49200,48400,47700,48400,48000,49200,59800,62100,60600,61400,53600,62500,61700,58700,59800,60600,59400,60200,59000,53100,50800,51000,49600,51900,48000,48000,48000,37000,0,0,37000,38936,51800,95000,0,37440,37000,34000,47026,95000,34574,0,36017,50600,34297,0,42091,0,44618,0,36071,39554,0,43665,51000,0,37117,0,39357,42285,44436,46367,46098,50838,46031,53700,44585,44316,48787,34000,3200,-273000,-273000,-273000,334037,779458,20423736,341465,63,0,224,22,126,0,448,44,0,0,0,0,1640,19443,402336,702,10392,14010,244768,2199,334037,779458,20423736,341465,15475008,578896,7207488,1.16,0.00,0.00,657270,359947,13164840,333672,,,,998400,998400,998400,998400,998400,998400,2438400,2438400,0,,,,,,0,,996874,1001975,302,4929,370,1,494000,4928000,6868000,0,341,4432000,Full,1200000000
1784670009.315401593,25317.52,51300,51700,53300,52600,52600,52600,51800,52600,52200,51500,51500,52300,54000,53100,53100,53900,53100,52700,52700,50000,50800,49600,49600,53600,49600,49200,47700,48000,48400,49600,59800,61700,60600,60600,54000,62100,61400,58700,59800,60200,59400,60200,59400,53500,50800,51000,49600,51900,48400,48400,48800,37000,0,0,37000,38944,51800,95000,0,37440,37000,34000,47022,95000,34574,0,36017,50600,34294,0,42123,0,44644,0,36052,39554,0,43690,50600,0,37117,0,39360,42342,44462,46064,45963,50502,45896,53700,44619,43644,48787,34000,3200,-273000,-273000,-273000,334037,779458,20423736,341465,63,0,224,22,126,0,448,44,0,0,0,0,1640,19443,402336,702,10392,14010,244768,2199,334037,779458,20423736,341465,15475008,572316,7200912,1.16,0.00,0.00,657270,359947,13164840,333672,,,,1113600,1113600,1324800,1324800,1324800,1324800,883200,883200,0,,,,,,0,,996874,1001975,302,4929,370,1,494000,4932000,6868000,0,341,4432000,Full,1200000000
1784670009.614442843,25317.82,51300,52100,52900,52900,52600,52200,52600,52200,51800,51200,50800,52300,53600,52700,53100,53500,52700,52700,51900,49600,50400,50000,49600,53600,49600,48800,47700,48400,48400,49200,60600,62900,61000,61700,54000,63300,62100,59400,60600,60600,59800,60600,59000,53500,50800,50600,50000,51500,48000,47700,48400,37000,0,0,37000,38955,51800,95000,0,37440,37000,34000,47053,95000,34574,0,36017,51000,34324,0,42140,0,44689,0,36137,39581,0,43707,50600,0,37111,0,39406,42323,44479,46367,46064,50703,45459,53700,44518,44484,48821,34000,3200,-273000,-273000,-273000,334037,779458,20423736,341465,63,0,224,22,126,0,448,44,0,0,0,0,1640,19443,402336,702,10392,14010,244768,2199,334037,779458,20423736,341465,15475008,571056,7199640,1.16,0.00,0.00,657270,359947,13164840,333672,,,,1324800,1324800,1324800,1324800,1324800,1324800,883200,883200,0,,,,,,0,,1000397,1001902,302,4929,370,1,494000,4929000,6868000,0,341,4432000,Full,1200000000
1784670009.896416853,25318.10,51300,51300,52600,52600,52200,51800,51800,52200,52200,52300,52300,53100,53600,53500,53500,54300,53500,53100,52300,50800,51900,49600,49600,53200,49600,48800,47700,48400,48400,49200,59800,62100,60600,61400,54000,62100,61400,59000,59800,60600,59800,60600,59400,53500,51200,50600,49600,51900,48000,48000,48800,37000,0,0,37000,38972,51400,95000,0,37440,37000,34000,47060,95000,34574,0,36017,50200,34321,0,42126,0,44673,0,36080,39590,0,43724,50600,0,37118,0,39379,42337,44498,46198,46198,50737,45627,53700,44619,44720,48787,34000,3200,-273000,-273000,-273000,334037,779458,20423736,341465,63,0,224,22,126,0,448,44,0,0,0,0,1640,19443,402336,702,10392,14010,244768,2199,334037,779458,20423736,341465,15475008,573516,7202100,1.16,0.00,0.00,657270,359947,13164840,333672,,,,1113600,1113600,1113600,1113600,1113600,1113600,883200,883200,0,,,,,,0,,1000397,1001902,302,4929,370,1,494000,4932000,6866000,0,373,4430000,Full,1200000000
1784670010.235783572,25318.44,50900,50900,52600,52600,52200,51400,51400,51800,51000,51200,50800,52300,53200,52700,52700,53100,52700,52700,51900,49200,50400,49600,49600,53200,49600,48800,47700,48000,48400,49200,59800,62100,60600,61000,53600,62100,61700,58700,59400,60200,59400,60200,59000,53500,50800,50200,49600,51900,48000,48400,48400,37000,0,0,37000,38987,51000,95000,0,37440,37000,34000,47101,95000,34574,0,36017,50600,34297,0,42151,0,44692,0,36128,39590,0,43746,49800,0,37108,0,39426,42377,44524,46098,46165,50703,45661,53700,44551,44249,48787,34000,3200,-273000,-273000,-273000,334037,779458,20423736,341465,63,0,224,22,126,0,448,44,0,0,0,0,1640,19443,402336,702,10392,14010,244768,2199,334037,779458,20423736,341465,15475008,575256,7203824,1.16,0.00,0.00,657270,359947,13164840,333672,,,,998400,998400,998400,998400,998400,998400,883200,883200,0,,,,,,0,,1000397,1001902,302,4929,370,1,494000,4929000,6866000,0,366,4430000,Full,1200000000
1784670010.551675082,25318.75,52100,52500,53700,52900,52900,52600,52900,52900,52600,52700,52300,53900,54400,53900,53900,54600,53900,53500,53100,50800,51900,49600,49600,54000,49600,48800,47700,48400,48400,49600,60200,62900,60600,62100,54400,63300,61400,59400,60600,60600,59800,60600,59400,53500,51200,51400,49600,51900,48000,48400,48400,37000,0,0,37000,39001,52200,95000,0,37440,37000,34000,47116,95000,34574,0,36017,51000,34315,0,42161,0,44725,0,36100,39610,0,43739,51000,0,37089,0,39430,42383,44524,46132,46198,50938,45829,54500,44820,44182,48720,34000,3200,-273000,-273000,-273000,334037,779458,20423736,341465,63,0,224,22,126,0,448,44,0,0,0,0,1640,19443,402336,702,10392,14010,244768,2199,334037,779458,20423736,341465,15475008,574344,7202912,1.13,0.00,0.00,657270,359947,13164840,333672,,,,1996800,1996800,1996800,1996800,1996800,1996800,883200,883200,0,,,,,,0,,1000266,1001953,302,4929,370,1,494000,4931000,6866000,0,366,4430000,Full,1200000000
1784670010.834888936,25319.04,52100,52500,53300,52900,52900,52900,52600,53300,52900,51900,51900,53100,54000,53500,53500,53500,53900,53100,52300,50400,51900,50000,49600,54000,49600,49200,47700,48400,48400,49600,59800,62100,60600,61700,54000,62500,61700,59000,60200,60600,59800,60600,59800,53500,51200,51000,49600,51900,48400,48400,48800,37000,0,0,37000,39006,51800,95000,0,37440,37000,34000,47148,95000,34574,0,36017,51000,34321,0,42196,0,44761,0,36118,39649,0,43774,51400,0,37109,0,39423,42418,44544,46266,46064,51006,45896,54100,44820,44451,48619,34000,3200,-273000,-273000,-273000,334037,779458,20423736,341465,63,0,224,22,126,0,448,44,0,0,0,0,1640,19443,402336,702,10392,14010,244768,2199,334037,779458,20423736,341465,15475008,580532,7209104,1.13,0.00,0.00,657270,359947,13164840,333672,,,,1113600,1113600,1113600,1113600,1113600,1113600,883200,883200,0,,,,,,0,,1000266,1001953,302,4929,370,1,494000,4929000,6866000,0,366,4430000,Full,1200000000
1784670011.133426228,25319.33,51700,52500,52900,52900,52600,52900,52600,52900,53300,51200,51200,52300,53600,52700,52700,53500,53100,53100,52300,49200,50400,50000,49600,53600,49600,49200,47700,48400,48400,49600,59400,62100,60600,61400,54000,62500,61700,58700,59000,60200,60200,60600,59000,53500,51200,50600,50000,51900,48400,48400,48800,37000,0,0,37000,39015,51400,95000,0,37440,37000,34000,47169,95000,34574,0,36017,51400,34321,0,42193,0,44728,0,36089,39640,0,43789,51400,0,37100,0,39471,42428,44561,46333,46299,50871,46198,54100,44753,44216,48787,34000,3200,-273000,-273000,-273000,334037,779458,20423736,341465,63,0,224,22,126,0,448,44,0,0,0,0,1640,19443,402336,702,10392,14010,244768,2199,334037,779458,20423736,341465,15475008,578524,7207096,1.13,0.00,0.00,657270,359947,13164840,333672,,,,1996800,1996800,1996800,1996800,1996800,1996800,2438400,2438400,0,,,,,,0,,1000266,1001953,302,4929,370,1,494000,4928000,6866000,0,366,4430000,Full,1200000000
1784670011.417125134,25319.62,51300,52100,52900,52600,52600,52600,52900,52200,51400,52300,52700,53100,54000,53900,53900,54300,53900,53100,53100,50800,51900,49600,49600,53600,49200,48800,48000,48400,48400,49600,59800,62500,61000,61700,54000,62900,62100,59000,59800,60600,60200,60600,59400,53900,50800,50600,49600,52300,48000,48000,48400,37000,0,0,37000,39026,51800,95000,0,37440,37000,34000,47169,95000,34574,0,36017,50600,34310,0,42200,0,44761,0,36071,39663,0,43806,50600,0,37156,0,39483,42428,44578,46232,46098,50804,45829,53300,44518,44013,48720,34000,3200,-273000,-273000,-273000,334037,779458,20423736,341465,63,0,224,22,126,0,448,44,0,0,0,0,1640,19443,402336,702,10392,14010,244768,2199,334037,779458,20423736,341465,15475008,575496,7204068,1.13,0.00,0.00,657270,359947,13164840,333672,,,,1113600,1113600,1113600,1113600,1113600,1113600,883200,883200,0,,,,,,0,,998393,1001924,302,4929,370,1,494000,4926000,6866000,0,366,4430000,Full,1200000000
1784670011.726489717,25319.93,50900,50900,52600,52600,51800,51800,51400,51800,51000,51200,51500,52700,53600,52700,53100,53500,53100,53100,52300,50000,50800,50000,49600,53200,49600,49200,47700,48400,48400,49600,59800,62100,60600,61000,54000,62100,61700,58300,59800,60200,59800,60200,59000,53900,51200,50200,49600,52300,48400,48000,48800,37000,0,0,37000,39045,50600,95000,0,37440,37000,34000,47216,95000,34574,0,36017,51000,34324,0,42235,0,44779,0,36089,39663,0,43820,50600,0,37122,0,39483,42453,44589,46434,46266,50938,45728,53300,44720,44383,48687,34000,3200,-273000,-273000,-273000,334037,779458,20423736,341465,63,0,224,22,126,0,448,44,0,0,0,0,1640,19443,402336,702,10392,14010,244768,2199,334037,779458,20423736,341465,15475008,571260,7199852,1.13,0.00,0.00,657270,359947,13164840,333672,,,,1113600,1113600,1113600,1113600,1113600,1113600,883200,883200,0,,,,,,0,,998393,1001924,302,4929,370,1,494000,4927000,6866000,0,366,4430000,Full,1200000000
1784670012.027103467,25320.23,51700,52100,53300,52600,52600,52600,52600,51800,51400,52300,52700,53500,53600,53900,53900,54300,53500,53100,52700,50800,51900,49600,49600,53600,49200,49200,47700,48400,48400,49600,60200,62500,61000,61700,54400,62500,62100,59400,60200,60600,60200,60600,59400,53500,51200,51000,49600,51900,48400,48400,48800,37000,0,0,37000,39052,52200,95000,0,37620,37000,34000,47216,95000,34727,0,36177,51000,34340,0,42250,0,44814,0,36089,39670,0,43826,50600,0,37102,0,39509,42443,44621,46266,46400,51006,46031,54100,44955,44350,48687,34000,3200,-273000,-273000,-273000,334037,779458,20423736,341465,63,0,224,22,126,0,448,44,0,0,0,0,1640,19443,402336,702,10392,14010,244768,2199,334037,779458,20423736,341465,15475008,577284,7205892,1.13,0.00,0.00,657270,359947,13164840,333672,,,,998400,998400,998400,998400,998400,998400,2112000,2112000,0,,,,,,0,,998393,1001924,302,4929,370,1,494000,4929000,6866000,0,366,4430000,Full,1200000000
1784670012.504886019,25320.71,50900,51700,52900,52600,52200,51800,51800,52600,52200,51900,51900,53100,54000,53900,53500,54300,53500,53500,52700,50800,51500,50000,49600,53600,49200,49200,47700,48400,48400,49200,60200,62900,61400,61700,54000,62500,62100,59000,60200,60600,60200,61000,59400,53900,51200,50600,50000,52300,48400,48400,49200,37000,0,0,37000,39066,51400,95000,0,37620,37000,34000,47229,95000,34727,0,36177,50600,34334,0,42250,0,44844,0,36128,39686,0,43843,50200,0,37108,0,39525,42482,44635,46400,46165,51207,45997,54100,44686,44619,48619,34000,3200,-273000,-273000,-273000,334037,779458,20423736,341465,63,0,224,22,126,0,448,44,0,0,0,0,1640,19443,402336,702,10392,14010,244768,2199,334037,779458,20423736,341465,15475008,575664,7204260,1.11,0.00,0.00,657270,359947,13164840,333672,,,,1440000,1440000,1440000,1440000,1440000,1440000,883200,883200,0,,,,,,0,,1000268,1001922,302,4929,370,1,494000,4929000,6866000,0,366,4430000,Full,1200000000
1784670012.791608571,25320.99,51300,52100,53300,53300,52200,52600,51800,52600,51800,52300,52300,53100,54000,53500,53500,54300,53500,53100,52700,50800,51500,49600,49600,53600,49600,48800,47700,48400,48800,49600,62100,64500,61000,63700,54400,64500,62100,61000,62100,61000,60200,60600,59800,53900,51200,51000,50000,51900,48400,48400,48400,37000,0,0,37000,39080,51800,95000,0,37620,37000,34000,47240,95000,34727,0,36177,50600,34334,0,42267,0,44880,0,36089,39728,0,43882,50600,0,37117,0,39539,42495,44635,46568,46266,51207,46098,54100,44820,44216,48619,34000,3200,-273000,-273000,-273000,334037,779458,20423736,341465,63,0,224,22,126,0,448,44,0,0,0,0,1640,19443,402336,702,10392,14010,244768,2199,334037,779458,20423736,341465,15475008,571020,7199584,1.11,0.00,0.00,657270,359947,13164840,333672,,,,1228800,1228800,1228800,1228800,1228800,1228800,883200,883200,0,,,,,,0,,1000268,1001922,302,4929,370,1,494000,4926000,6866000,0,366,4430000,Full,1200000000
1784670013.099477893,25321.30,51300,51700,52900,52900,52600,52600,52200,52200,51400,51500,51500,52700,53600,53100,53100,53900,53100,53500,52300,50000,51200,49600,49600,53600,49600,49200,47700,48400,48400,49600,60600,62900,61000,62100,54000,63300,62500,59800,60600,61400,60200,60600,59400,53900,51200,50600,50000,51900,48400,48400,48800,37000,0,0,37000,39096,51400,95000,0,37620,37000,34000,47272,95000,34727,0,36177,50600,34334,0,42267,0,44859,0,36067,39735,0,43888,51000,0,37114,0,39525,42523,44661,46434,46333,50905,45963,53700,44686,44350,48552,34000,3200,-273000,-273000,-273000,334037,779458,20423736,341465,63,0,224,22,126,0,448,44,0,0,0,0,1640,19443,402336,702,10392,14010,244768,2199,334037,779458,20423736,341465,15475008,571656,7200224,1.11,0.00,0.00,657270,359947,13164840,333672,,,,883200,883200,883200,883200,883200,883200,883200,883200,0,,,,,,0,,1000268,1001922,302,4929,370,1,494000,4929000,6866000,0,366,4430000,Full,1200000000
1784670013.402598414,25321.60,51700,52500,53300,53300,52900,52200,53300,52900,53300,51500,51200,52300,54000,52700,53100,53900,53100,52700,52300,49600,50800,49600,50000,54000,49600,49200,48000,48400,48400,49600,60200,62900,61400,61700,54000,62900,62500,59000,60200,61000,60200,61000,59400,53900,51200,51800,50000,51900,48400,48400,48800,37000,0,0,37000,39117,52600,95000,0,37620,37000,34000,47290,95000,34727,0,36177,51800,34324,0,42302,0,44880,0,36089,39738,0,43913,52200,0,37114,0,39565,42531,44671,46501,46299,51207,46266,54100,44619,44451,48653,34000,3200,-273000,-273000,-273000,334037,779458,20423736,341465,63,0,224,22,126,0,448,44,0,0,0,0,1640,19443,402336,702,10392,14010,244768,2199,334037,779458,20423736,341465,15475008,571088,7199656,1.11,0.00,0.00,657270,359947,13164840,333672,,,,1113600,1113600,1113600,1113600,1113600,1113600,2438400,2438400,0,,,,,,0,,999628,1001938,302,4929,370,1,494000,4931000,6866000,0,366,4430000,Full,1200000000
1784670013.696633414,25321.90,51300,51700,52900,52900,52600,52600,52600,52200,51800,52700,52700,53500,54000,53900,53900,54300,53900,53500,53100,51200,52300,50000,49600,53600,49600,49200,48000,48400,48400,49600,61000,63700,61700,62900,54400,64100,62900,60200,61400,61400,60200,61000,59400,53900,51500,50600,50000,52300,48400,48000,49200,37000,0,0,37000,39114,51000,95000,0,37620,37000,34000,47300,95000,34727,0,36177,51000,34337,0,42313,0,44899,0,36089,39755,0,43913,51400,0,37137,0,39572,42541,44701,46367,46266,50938,45829,54100,44720,44551,48585,34000,3200,-273000,-273000,-273000,334037,779458,20423736,341465,63,0,224,22,126,0,448,44,0,0,0,0,1640,19443,402336,702,10392,14010,244768,2199,334037,779458,20423736,341465,15475008,572000,7200572,1.11,0.00,0.00,657270,359947,13164840,333672,,,,1785600,1785600,1785600,1785600,1785600,1785600,883200,883200,0,,,,,,0,,999628,1001938,302,4929,370,1,494000,4933000,6866000,0,366,4430000,Full,1200000000
1784670013.978936851,25322.18,50900,51300,52600,52600,52200,51800,51400,51800,51400,51500,51500,52700,53600,53100,53100,53900,53500,53100,52700,50000,51200,49600,50000,53600,49200,49600,48000,48400,48800,49600,60200,62100,61000,61400,54000,62500,62100,58700,59800,60600,59800,60600,59400,53900,51200,50600,50000,52300,48400,48400,48800,37000,0,0,37000,39131,51400,95000,0,37620,37000,34000,47393,95000,34727,0,36177,50200,34315,0,42330,0,44912,0,36118,39719,0,43924,50600,0,37105,0,39575,42510,44718,46737,46434,51174,46098,53700,44888,44114,48552,34000,3200,-273000,-273000,-273000,334040,779458,20423824,341466,63,0,224,22,126,0,448,44,0,0,0,0,1640,19443,402336,702,10392,14010,244768,2199,334040,779458,20423824,341466,15475008,580500,7209072,1.11,0.00,0.00,657270,359947,13164884,333672,,,,1113600,1113600,1113600,1113600,1113600,1113600,883200,883200,0,,,,,,0,,999628,1001938,302,4929,370,1,494000,4929000,6866000,0,366,4430000,Full,1200000000
1784670014.287052581,25322.49,51300,52100,53300,52900,52600,52900,52600,52200,51400,51900,52300,53500,54000,53500,53900,54300,53500,53100,52700,50400,51200,50000,49600,53600,49200,49200,47700,48400,48400,49200,60200,62100,61000,61000,54400,62500,62100,58700,59800,61000,60200,61000,59800,53500,51200,50600,50000,52300,48400,48400,48800,37000,0,0,37000,39145,51400,95000,0,37620,37000,34000,47375,95000,34727,0,36177,51000,34361,0,42345,0,44950,0,36137,39755,0,43939,50600,0,37120,0,39587,42558,44715,46367,46535,51308,45963,54100,44787,44753,48451,34000,3200,-273000,-273000,-273000,334040,779458,20423824,341466,63,0,224,22,126,0,448,44,0,0,0,0,1640,19443,402336,702,10392,14010,244768,2199,334040,779458,20423824,341466,15475008,576412,7204984,1.09,0.00,0.00,657270,359947,13164884,333672,,,,998400,998400,998400,998400,998400,998400,883200,883200,0,,,,,,0,,999628,1001938,302,4929,370,1,494000,4933000,6866000,0,366,4430000,Full,1200000000
1784670014.602963362,25322.80,52100,52900,53700,53700,52900,53300,53300,52900,52900,51900,51900,53100,54400,53500,53500,54300,53500,53100,52700,50400,51500,50000,50000,54000,49600,49200,47700,48400,48800,49600,60600,62900,61400,62100,54400,63300,62500,59800,60600,61400,59800,61000,59800,53900,51200,51000,50000,51900,48000,48400,48800,37000,0,0,37000,39156,52200,95000,0,37620,37000,34000,47371,95000,34727,0,36177,51400,34361,0,42380,0,44931,0,36089,39778,0,43936,51800,0,37126,0,39619,42601,44727,46501,46501,50938,46098,54500,44820,44518,48552,34000,3200,-273000,-273000,-273000,334040,779458,20423824,341466,63,0,224,22,126,0,448,44,0,0,0,0,1640,19443,402336,702,10392,14010,244768,2199,334040,779458,20423824,341466,15475008,576644,7205216,1.09,0.00,0.00,657270,359947,13164884,333672,,,,1900800,1900800,1900800,1900800,1900800,1900800,883200,883200,0,,,,,,0,,996765,1001955,302,4929,370,1,494000,4936000,6866000,0,366,4430000,Full,1200000000
1784670014.876040914,25323.08,52500,52900,53700,53300,53300,53300,53300,52900,52600,52300,52300,53500,54400,53500,53900,54300,53500,53500,52700,50400,51900,49600,50000,54400,49600,49200,48000,48400,48800,49600,60200,62500,61000,61700,54400,62500,62100,58700,59400,61000,60200,60600,59400,53900,51500,52200,50000,52300,48400,48400,49200,37000,0,0,37000,39167,53300,95000,0,37620,37000,34000,47393,95000,34727,0,36177,51800,34356,0,42390,0,44942,0,36061,39767,0,43974,51800,0,37137,0,39601,42614,44730,46434,46535,51207,46098,54500,44888,45257,48585,34000,3200,-273000,-273000,-273000,334040,779458,20423824,341466,63,0,224,22,126,0,448,44,0,0,0,0,1640,19443,402336,702,10392,14010,244768,2199,334040,779458,20423824,341466,15475008,575052,7203628,1.09,0.00,0.00,657270,359947,13164884,333672,,,,1440000,1440000,1440000,1440000,1440000,1440000,1862400,1862400,0,,,,,,0,,996765,1001955,302,4929,370,1,494000,4936000,6866000,0,366,4430000,Full,1200000000
1784670015.157974924,25323.36,52100,52500,53300,53300,53700,52600,52600,53300,52900,51900,51900,53100,54400,53500,53500,53900,53900,53500,52700,50000,50800,50000,50000,54400,49600,49200,48000,48400,48800,50000,60600,63300,61400,62100,54400,63700,62900,59400,61000,61000,60200,61400,59800,54300,51500,51000,50000,52300,48400,48800,49200,37000,0,0,37000,39170,51400,95000,0,37620,37000,34000,47438,95000,34727,0,36177,51400,34359,0,42440,0,44971,0,36115,39814,0,43974,51400,0,37195,0,39660,42617,44747,46468,46468,51241,46031,54100,44921,44619,48653,34000,3200,-273000,-273000,-273000,334040,779458,20423824,341466,63,0,224,22,126,0,448,44,0,0,0,0,1640,19443,402336,702,10392,14010,244768,2199,334040,779458,20423824,341466,15475008,573324,7201904,1.09,0.00,0.00,657270,359947,13164884,333672,,,,1996800,1996800,1996800,1996800,1996800,1996800,883200,883200,0,,,,,,0,,996765,1001955,398,4936,370,1,494000,4933000,6866000,0,398,4428000,Full,1200000000
1784670015.651485184,25323.85,52500,52900,54100,53300,53300,53300,53300,53300,52600,51900,51900,53100,54800,53100,53500,53900,53500,53500,52700,50400,51200,50000,50000,54000,50000,49200,48000,48800,48800,50000,60600,62900,61700,62500,54400,63700,62500,59800,61000,61400,60600,61000,59800,54300,51500,52200,50400,52300,48800,48800,49200,37000,0,0,37000,39203,54100,95000,0,37620,37000,34000,47417,95000,34727,0,36177,52600,34361,0,42453,0,45003,0,36080,39817,0,44014,52200,0,37106,0,39649,42652,44790,46602,46434,51275,46299,54900,45089,44652,48585,34000,3200,-273000,-273000,-273000,334040,779458,20423824,341466,63,0,224,22,126,0,448,44,0,0,0,0,1640,19443,402336,702,10392,14010,244768,2199,334040,779458,20423824,341466,15475008,568620,7197344,1.09,0.00,0.00,657270,359947,13164884,333672,,,,1996800,1996800,1996800,1996800,1996800,1996800,2438400,2438400,0,,,,,,0,,1000234,1001902,398,4936,370,1,494000,4935000,6866000,0,398,4428000,Full,1200000000
1784670015.924339299,25324.13,51700,52100,53300,53300,52600,52600,52200,52900,52200,52700,52700,53500,54400,54300,53900,54600,53900,53500,53500,51200,52700,50000,50000,54000,49600,49200,48000,48400,48400,50000,60200,62900,61000,61700,54400,62900,62100,59800,60600,61000,60600,61400,59800,54300,51200,50600,50000,52700,48800,48400,49200,37000,0,0,37000,39206,51800,95000,0,37620,37000,34000,47433,95000,34727,0,36177,51400,34351,0,42437,0,45022,0,36086,39855,0,44023,51400,0,37138,0,39660,42670,44826,46770,46535,50972,46198,54100,44921,44518,48417,34000,3200,-273000,-273000,-273000,334040,779458,20423824,341466,63,0,224,22,126,0,448,44,0,0,0,0,1640,19443,402336,702,10392,14010,244768,2199,334040,779458,20423824,341466,15475008,574100,7202744,1.09,0.00,0.00,657270,359947,13164884,333672,,,,1324800,1324800,1324800,1324800,1324800,1324800,883200,883200,0,,,,,,0,,1000234,1001902,398,4936,370,1,494000,4928000,6866000,0,398,4428000,Full,1200000000
1784670016.219665653,25324.42,51300,51700,52900,52900,52200,52200,52200,52600,51400,51500,51500,53100,54400,53100,53100,53900,53500,53500,53100,50000,51200,50400,50000,53600,50000,49200,48000,48400,48800,50000,59800,62900,61000,61700,54400,62500,62100,59400,60200,61000,60600,61000,59800,54300,51500,50600,50000,52300,48800,48400,48800,37000,0,0,37000,39218,51800,95000,0,37620,37000,34000,47485,95000,34727,0,36177,51000,34361,0,42450,0,45036,0,36121,39826,0,44043,51000,0,37138,0,39670,42677,44825,46636,46535,51207,46198,53700,44888,44989,48518,34000,3200,-273000,-273000,-273000,334040,779458,20423824,341466,63,0,224,22,126,0,448,44,0,0,0,0,1640,19443,402336,702,10392,14010,244768,2199,334040,779458,20423824,341466,15475008,570572,7199216,1.09,0.00,0.00,657270,359947,13164884,333672,,,,883200,883200,883200,883200,883200,883200,883200,883200,0,,,,,,0,,1000234,1001902,398,4936,370,1,494000,4932000,6866000,0,398,4428000,Full,1200000000
1784670016.535219246,25324.74,51700,52500,53700,53700,52900,52900,53300,52900,51400,52700,52700,53500,54400,53900,53900,54300,53900,53500,53100,50800,51900,50000,50000,54000,49600,49200,48000,48800,48800,49600,60200,62900,61000,62100,54800,62900,62500,59400,60200,61000,60200,61000,59800,53900,51500,51000,50000,52300,48800,48400,48800,37000,0,0,37000,39228,52200,95000,0,37620,37000,34000,47499,95000,34727,0,36177,51000,34373,0,42485,0,45048,0,36137,39860,0,44068,51000,0,37131,0,39686,42698,44849,46568,46568,51577,46098,54500,45156,44888,48451,34000,3200,-273000,-273000,-273000,334040,779458,20423824,341466,63,0,224,22,126,0,448,44,0,0,0,0,1640,19443,402336,702,10392,14010,244768,2199,334040,779458,20423824,341466,15475008,567052,7195700,1.07,0.00,0.00,657270,359947,13164884,333672,,,,998400,998400,998400,998400,998400,998400,883200,883200,0,,,,,,0,,1000350,1001975,398,4936,370,1,494000,4933000,6866000,0,398,4428000,Full,1200000000
1784670016.848883257,25325.05,51700,52100,52900,53300,52900,52200,51800,53300,52600,51500,51500,53100,54400,53500,53500,53500,53500,53100,52700,50000,50800,50000,49600,54400,50000,49200,47700,48400,49200,50000,62500,64800,61700,64100,54000,64800,62900,61700,62500,61400,60200,61000,59800,53900,51500,51400,50400,52300,48800,48800,49200,37000,0,0,37000,39246,51400,95000,0,37620,37000,34000,47499,95000,34727,0,36177,51400,34376,0,42492,0,45076,0,36095,39846,0,44074,51000,0,37134,0,39699,42712,44871,46804,46501,51409,46400,54100,44989,44551,48451,34000,3200,-273000,-273000,-273000,334040,779458,20423824,341466,63,0,224,22,126,0,448,44,0,0,0,0,1640,19443,402336,702,10392,14010,244768,2199,334040,779458,20423824,341466,15475008,562024,7190676,1.07,0.00,0.00,657270,359947,13164884,333672,,,,1113600,1113600,1113600,1113600,1113600,1113600,883200,883200,0,,,,,,0,,1000350,1001975,398,4936,370,1,494000,4932000,6866000,0,398,4428000,Full,1200000000
1784670017.150990548,25325.35,52100,52100,53300,53300,52900,52600,52600,52900,52600,51500,51500,52700,54000,53100,53100,53900,53500,53100,52700,49600,50400,50000,50000,53600,49600,49600,48400,48800,48800,49600,61400,63700,61700,62900,54400,64100,62900,60200,61000,61400,60200,61400,59800,54300,51500,51800,50400,52300,48400,48400,48800,37000,0,0,37000,39249,52600,95000,0,37730,37000,34000,47520,95000,34856,0,36316,51800,34376,0,42513,0,45110,0,36103,39866,0,44108,51800,0,37123,0,39719,42708,44882,46837,46602,51510,46299,54500,44888,44518,48384,34000,3200,-273000,-273000,-273000,334040,779458,20423824,341466,63,0,224,22,126,0,448,44,0,0,0,0,1640,19443,402336,702,10392,14010,244768,2199,334040,779458,20423824,341466,15475008,569928,7198612,1.07,0.00,0.00,657270,359947,13164884,333672,,,,1996800,1996800,1996800,1996800,1996800,1996800,883200,883200,0,,,,,,0,,1000350,1001975,398,4936,370,1,494000,4932000,6866000,0,398,4428000,Full,1200000000
1784670017.433092579,25325.63,51300,52100,53300,53300,52600,52600,52200,52600,52600,52700,53100,53900,54400,53900,53900,54300,53900,53500,52700,50800,51900,50400,50400,53600,50000,49200,48000,48400,49200,50000,60200,62900,61400,61700,54400,63300,62500,59400,60200,61000,60200,61400,59800,53900,51200,51000,50400,52300,48400,48800,48800,37000,0,0,37000,39254,51400,95000,0,37730,37000,34000,47563,95000,34856,0,36316,51000,34359,0,42478,0,45099,0,36128,39879,0,44115,50600,0,37147,0,39735,42774,44902,46669,46568,51207,46031,54100,44921,44484,48249,34000,3200,-273000,-273000,-273000,334040,779458,20423824,341466,63,0,224,22,126,0,448,44,0,0,0,0,1640,19443,402336,702,10392,14010,244768,2199,334040,779458,20423824,341466,15475008,567156,7195840,1.07,0.00,0.00,657270,359947,13164884,333672,,,,1324800,1324800,1324800,1324800,1324800,1324800,883200,883200,0,,,,,,0,,997930,1002006,398,4936,370,1,494000,4929000,6866000,0,398,4428000,Full,1200000000
1784670017.731555913,25325.93,50900,51700,52900,52900,52600,51800,51800,52200,51400,51900,51500,53100,54000,53500,53500,54300,53100,53100,52300,50000,51200,50000,50000,53600,49600,49200,47700,48400,48800,50000,60200,62500,61400,61700,54400,62900,62100,59400,60200,61000,60600,61000,59800,53900,51500,50600,50400,52300,48400,48400,49200,37000,0,0,37000,39282,51400,95000,0,37730,37000,34000,47567,95000,34856,0,36316,51000,34389,0,42545,0,45133,0,36115,39905,0,44136,50600,0,37167,0,39738,42764,44911,46602,46400,51241,46098,53700,44820,44955,48350,34000,3200,-273000,-273000,-273000,334040,779458,20423824,341466,63,0,224,22,126,0,448,44,0,0,0,0,1640,19443,402336,702,10392,14010,244768,2199,334040,779458,20423824,341466,15475008,568856,7197544,1.07,0.00,0.00,657270,359947,13164884,333672,,,,1113600,1113600,1113600,1113600,1113600,1113600,883200,883200,0,,,,,,0,,997930,1002006,398,4936,370,1,494000,4926000,6866000,0,398,4428000,Full,1200000000
1784670018.036989298,25326.24,51700,52100,53300,53300,52900,52900,52600,53300,52600,52300,52700,53500,54400,53900,53900,54300,53900,53900,53100,51200,51900,50000,50000,54000,50000,49200,48000,48800,48800,49600,60600,63300,61400,62500,54800,63300,62900,59800,61000,61700,60600,61400,60200,53900,51500,51400,50000,52300,48000,48400,48800,37000,0,0,37000,39285,51800,95000,0,37730,37000,34000,47598,95000,34856,0,36316,51000,34389,0,42555,0,45153,0,36146,39898,0,44159,51400,0,37164,0,39772,42768,44954,47106,46703,51510,46367,54100,45089,44551,48182,34000,3200,-273000,-273000,-273000,334040,779458,20423824,341466,63,0,224,22,126,0,448,44,0,0,0,0,1640,19443,402336,702,10392,14010,244768,2199,334040,779458,20423824,341466,15475008,569564,7198252,1.07,0.00,0.00,657270,359947,13164884,333672,,,,998400,998400,998400,998400,998400,998400,883200,883200,0,,,,,,0,,997930,1002006,398,4936,370,1,494000,4926000,6866000,0,398,4428000,Full,1200000000
1784670018.349622787,25326.55,52100,52500,53300,53300,52900,52600,52200,53300,53300,51900,51500,52700,54000,53500,53500,53900,53500,53500,52700,49600,50800,50400,49600,53600,49600,49600,48000,48400,49200,50000,60200,62900,61000,61700,54400,62500,62100,58300,59800,61000,60600,61000,59800,53900,51500,51400,50400,52300,48400,48400,49200,37000,0,0,37000,39299,52900,95000,0,37730,37000,34000,47591,95000,34856,0,36316,51400,34386,0,42576,0,45150,0,36080,39931,0,44164,51400,0,37134,0,39784,42768,44929,46837,46636,51376,46031,54100,44989,44720,48216,34000,3200,-273000,-273000,-273000,334040,779458,20423824,341466,63,0,224,22,126,0,448,44,0,0,0,0,1640,19443,402336,702,10392,14010,244768,2199,334040,779458,20423824,341466,15475008,564292,7192984,1.06,0.00,0.00,657270,359947,13164884,333672,,,,787200,787200,787200,787200,787200,787200,883200,883200,0,,,,,,0,,1000204,1001915,398,4936,370,1,494000,4931000,6866000,0,398,4428000,Full,1200000000
1784670018.852600443,25327.05,53200,53200,54500,54100,53700,53700,53700,54100,54500,53100,53500,53900,55200,54600,54300,55000,54600,54300,53900,51500,52300,50000,50400,54800,50000,49200,48400,48800,48800,50000,61000,62900,61700,62100,55600,63300,62500,59800,61000,61700,61000,61400,60600,54300,51500,52900,50400,52700,48800,48400,49200,37000,0,0,37000,39324,54500,95000,0,37730,37000,34000,47609,95000,34856,0,36316,52200,34383,0,42594,0,45178,0,36137,39940,0,44180,52200,0,37154,0,39764,42799,44962,46837,46636,51611,46299,55300,45123,45056,48115,34000,3200,-273000,-273000,-273000,334047,779458,20423928,341467,63,0,224,22,126,0,448,44,0,0,0,0,1640,19443,402336,702,10392,14010,244768,2199,334047,779458,20423928,341467,15475008,566768,7195460,1.06,0.00,0.00,657270,359947,13164936,333672,,,,998400,998400,998400,998400,998400,998400,883200,883200,0,,,,,,0,,1000204,1001915,398,4936,370,1,494000,4928000,6866000,0,398,4428000,Full,1200000000
1784670019.148904558,25327.35,52100,52900,53700,53700,52900,52900,52900,53300,52600,52700,52700,53500,54800,54300,53900,54600,54300,53900,53500,51500,52300,50400,50400,54400,49600,49200,48000,48800,49200,50400,61000,62900,61400,62100,54800,63300,62500,59400,60200,61400,61000,61400,59800,54300,51900,51800,50400,52700,48800,48800,49200,37000,0,0,37000,39318,52600,95000,0,37730,37000,34000,47650,95000,34856,0,36316,51800,34389,0,42589,0,45178,0,36080,39965,0,44204,51800,0,37108,0,39787,42817,44966,46636,46602,51645,46333,54500,45123,44921,48417,34000,3200,-273000,-273000,-273000,334047,779458,20423928,341467,63,0,224,22,126,0,448,44,0,0,0,0,1640,19443,402336,702,10392,14010,244768,2199,334047,779458,20423928,341467,15475008,570660,7199308,1.06,0.00,0.00,657270,359947,13164936,333672,,,,998400,998400,998400,998400,998400,998400,883200,883200,0,,,,,,0,,1000204,1001915,398,4936,370,1,494000,4931000,6866000,0,398,4428000,Full,1200000000
1784670019.464780808,25327.67,52500,53200,54500,53700,53300,54100,54500,53300,52200,53100,53900,53900,54800,54600,54300,54600,54300,53500,53500,53100,55000,50400,50000,54400,50000,49600,48000,48800,48800,50000,61400,64100,61700,63700,54800,64500,63300,60200,61700,61700,60600,61400,60200,53900,51900,52600,50400,52700,48400,48400,49200,37000,0,0,37000,39346,53700,95000,0,37730,37000,34000,47661,95000,34856,0,36316,51800,34386,0,42598,0,45212,0,36134,39955,0,44203,51800,0,37202,0,39817,42855,44997,46871,46703,51611,46299,55300,45392,44652,48317,34000,3200,-273000,-273000,-273000,334047,779458,20423928,341467,63,0,224,22,126,0,448,44,0,0,0,0,1640,19443,402336,702,10392,14010,244768,2199,334047,779458,20423928,341467,15475008,567384,7196032,1.06,0.00,0.00,657270,359947,13164936,333672,,,,1670400,1670400,1670400,1670400,1670400,1670400,2438400,2438400,0,,,,,,0,,1000156,1001915,398,4936,370,1,494000,4931000,6866000,0,398,4428000,Full,1200000000
1784670019.752587578,25327.95,52500,52500,53700,53300,52900,52900,52900,52900,52900,52300,52700,53500,54800,53900,53900,54300,53900,53900,53100,50000,51500,50000,50000,54400,50000,49600,48400,48800,49200,50000,60600,63300,61700,62500,54800,63300,62900,59800,61000,61700,61000,61700,60200,53900,51500,51400,50800,52700,48800,48800,49600,37000,0,0,37000,39353,52200,95000,0,37730,37000,34000,47689,95000,34856,0,36316,51400,34406,0,42611,0,45259,0,36131,39986,0,44236,51800,0,37152,0,39834,42868,45003,46837,46770,51577,46468,54500,45089,45224,48317,34000,3200,-273000,-273000,-273000,334047,779458,20423928,341467,63,0,224,22,126,0,448,44,0,0,0,0,1640,19443,402336,702,10392,14010,244768,2199,334047,779458,20423928,341467,15475008,567536,7196184,1.06,0.00,0.00,657270,359947,13164936,333672,,,,1996800,1996800,1996800,1996800,1996800,1996800,883200,883200,0,,,,,,0,,1000156,1001915,398,4936,370,1,494000,4931000,6866000,0,398,4428000,Full,1200000000
1784670020.032214349,25328.23,51300,52100,53300,53300,52600,52600,52600,52600,51800,52300,51900,53500,54400,53500,53900,53900,53900,53500,52700,50400,51200,50400,50000,54000,50000,49200,48000,48800,49200,50000,61000,64100,62100,63300,54800,64500,63300,60600,61400,61700,60600,61700,60200,54300,51500,51000,50400,52700,48800,48800,49200,37000,0,0,37000,39363,51800,95000,0,37730,37000,34000,47728,95000,34856,0,36316,51000,34389,0,42629,0,45259,0,36089,40002,0,44242,51000,0,37149,0,39834,42868,45029,46837,46636,51678,46198,54100,45224,44585,48249,34000,3200,-273000,-273000,-273000,334047,779458,20423928,341467,63,0,224,22,126,0,448,44,0,0,0,0,1640,19443,402336,702,10392,14010,244768,2199,334047,779458,20423928,341467,15475008,563744,7192392,1.06,0.00,0.00,657270,359947,13164936,333672,,,,1113600,1324800,1324800,1324800,1324800,1324800,883200,883200,0,,,,,,0,,1000156,1001915,398,4936,370,1,494000,4929000,6866000,0,398,4428000,Full,1200000000
1784670020.338918724,25328.54,51700,52900,53700,53700,53300,52900,52600,52900,52200,52700,53500,53900,54800,54300,53900,54600,54300,53900,53500,51500,52700,50400,50400,54400,50000,49200,48000,48800,48800,50000,62900,65200,62100,64100,54800,65600,63300,61700,62900,61700,61000,61400,60200,54600,51500,51800,50400,52300,48400,48800,49200,37000,0,0,37000,39378,52600,95000,0,37730,37000,34000,47732,95000,34856,0,36316,51400,34397,0,42684,0,45246,0,36089,40036,0,44272,51000,0,37176,0,39831,42880,45065,46972,46905,51611,46266,54500,45257,44585,48182,34000,3200,-273000,-273000,-273000,334047,779458,20423928,341467,63,0,224,22,126,0,448,44,0,0,0,0,1640,19443,402336,702,10392,14010,244768,2199,334047,779458,20423928,341467,15475008,565348,7193980,1.05,0.00,0.00,657270,359947,13164936,333672,,,,787200,787200,787200,787200,787200,787200,883200,883200,0,,,,,,0,,1000156,1001915,398,4936,370,1,494000,4928000,6864000,0,382,4427000,Full,1200000000
1784670020.649556276,25328.85,52100,52900,53700,54100,53300,53300,53300,53300,52900,51900,51900,53100,54800,53500,53500,54300,53500,53500,53100,50400,51200,50000,50400,54400,50000,49600,48000,48800,48800,50000,61700,64100,61700,62900,54800,64500,63300,60600,61400,61700,61000,61400,60600,54300,51500,51400,50800,52700,48800,48400,49200,37000,0,0,37000,39396,52200,95000,0,37730,37000,34000,47743,95000,34856,0,36316,51800,34379,0,42667,0,45269,0,36166,40016,0,44291,51400,0,37167,0,39846,42899,45048,46905,47006,51611,46232,54500,45224,44148,48148,34000,3200,-273000,-273000,-273000,334047,779458,20423928,341467,63,0,224,22,126,0,448,44,0,0,0,0,1640,19443,402336,702,10392,14010,244768,2199,334047,779458,20423928,341467,15475008,566244,7194868,1.05,0.00,0.00,657270,359947,13164936,333672,,,,1228800,1228800,1228800,1228800,1228800,1228800,883200,883200,0,,,,,,0,,997181,1001957,398,4936,370,1,494000,4927000,6864000,0,382,4427000,Full,1200000000
1784670020.945834661,25329.15,52100,52500,53300,53300,52900,52900,53300,53300,52600,51900,51500,53100,54400,53100,53500,54300,53500,53500,52700,50000,50800,50400,50000,54000,50000,49600,48000,48800,48800,50000,61400,63700,62100,62900,54400,64100,62900,60200,61000,61400,60600,61400,59800,54300,51500,51000,50400,52300,48400,48800,48800,37000,0,0,37000,39403,51800,95000,0,37730,37000,34000,47781,95000,34856,0,36316,51800,34406,0,42677,0,45296,0,36143,40013,0,44283,51400,0,37173,0,39855,42911,45088,46905,46871,51678,46299,54500,45190,44888,48182,34000,3200,-273000,-273000,-273000,334047,779458,20423928,341467,63,0,224,22,126,0,448,44,0,0,0,0,1640,19443,402336,702,10392,14010,244768,2199,334047,779458,20423928,341467,15475008,564224,7192848,1.05,0.00,0.00,657270,359947,13164936,333672,,,,1996800,1996800,1996800,1996800,1996800,1996800,883200,883200,0,,,,,,0,,997181,1001957,398,4936,370,1,494000,4931000,6864000,0,382,4427000,Full,1200000000
1784670021.222525807,25329.42,51700,51700,53300,53300,52600,52200,52200,52600,51800,53100,52700,53900,54400,54300,53900,54600,54300,53900,53100,51200,52300,50400,50000,54000,50400,49600,48000,48800,48800,50000,61000,63700,61400,62500,54400,63700,62900,59800,61000,61700,61000,61700,60200,54300,51900,51000,50400,52700,48400,48800,49600,37000,0,0,37000,39408,51400,95000,0,37730,37000,34000,47778,95000,34856,0,36316,51400,34389,0,42705,0,45307,0,36067,40047,0,44321,51400,0,37159,0,39889,42931,45096,46871,46938,51745,46299,54100,45190,44484,48148,34000,3200,-273000,-273000,-273000,334047,779458,20423928,341467,63,0,224,22,126,0,448,44,0,0,0,0,1640,19443,402336,702,10392,14010,244768,2199,334047,779458,20423928,341467,15475008,572152,7200776,1.05,0.00,0.00,657270,359947,13164936,333672,,,,998400,998400,998400,998400,998400,998400,883200,883200,0,,,,,,0,,997181,1001957,398,4936,370,1,494000,4929000,6864000,0,382,4427000,Full,1200000000
1784670021.530023255,25329.73,51300,52100,52900,53300,52900,52200,51800,52600,52600,51500,51500,52700,54400,53100,53500,53900,53500,53500,52700,50000,50800,50400,50000,54000,50000,49600,48000,48800,48800,50000,60600,62900,61700,62100,54800,63300,62500,59400,60600,61000,60600,61400,60200,54600,51900,50200,50400,52700,48400,48800,49200,37000,0,0,37000,39417,51000,95000,0,37730,37000,34000,47781,95000,34856,0,36316,51000,34419,0,42712,0,45326,0,36121,40057,0,44339,50600,0,37131,0,39885,42962,45112,47039,46871,51544,46333,54100,45056,45392,48451,34000,3200,-273000,-273000,-273000,334047,779458,20423928,341467,63,0,224,22,126,0,448,44,0,0,0,0,1640,19443,402336,702,10392,14010,244768,2199,334047,779458,20423928,341467,15475008,567868,7196492,1.05,0.00,0.00,657270,359947,13164936,333672,,,,787200,787200,787200,787200,787200,787200,2438400,2438400,0,,,,,,0,,1000608,1001919,398,4936,370,1,494000,4936000,6864000,0,382,4427000,Full,1200000000
1784670022.017300182,25330.22,52100,52500,53700,53700,53300,52900,53300,53300,52900,53500,53500,54300,54400,54600,54300,55400,54600,53900,53900,51500,52300,50400,50000,54000,50400,49600,48400,48800,48800,50400,61700,64800,62500,63700,54800,64800,63700,60600,62100,61700,61000,61700,60200,54600,51900,51000,50400,52700,49200,48800,50000,37000,0,0,37000,39428,51800,95000,0,37730,37000,34000,47805,95000,34967,0,36316,51800,34425,0,42733,0,45314,0,36089,40071,0,44351,51800,0,37152,0,39922,42976,45119,46938,46703,51712,46501,54500,45190,45123,48148,34000,3200,-273000,-273000,-273000,334047,779458,20423928,341467,63,0,224,22,126,0,448,44,0,0,0,0,1640,19443,402336,702,10392,14010,244768,2199,334047,779458,20423928,341467,15475008,566120,7194748,1.05,0.00,0.00,657270,359947,13164936,333672,,,,1785600,1785600,1785600,1785600,1785600,1785600,883200,883200,0,,,,,,0,,1000608,1001919,398,4936,370,1,494000,4937000,6864000,0,382,4427000,Full,1200000000
1784670022.299395234,25330.50,51700,52500,53300,53300,52600,52600,52200,52200,52200,52300,52300,53500,54400,53500,53900,54300,53500,53500,53100,50800,51500,50400,50400,54000,50000,49600,48400,48800,49200,50000,60200,62900,61700,62100,54800,63300,62900,59400,60200,61000,60600,61400,60200,54300,51900,51000,50400,52700,48800,48800,49600,37000,0,0,37000,39439,51800,95000,0,37730,37000,34000,47861,95000,34967,0,36316,51400,34422,0,42740,0,45364,0,36103,40057,0,44370,51000,0,37122,0,39934,42993,45135,46938,46770,51645,46468,54500,45156,44720,48115,34000,3200,-273000,-273000,-273000,334047,779458,20423928,341467,63,0,224,22,126,0,448,44,0,0,0,0,1640,19443,402336,702,10392,14010,244768,2199,334047,779458,20423928,341467,15475008,572136,7200816,1.05,0.00,0.00,657270,359947,13164936,333672,,,,787200,787200,883200,883200,883200,883200,883200,883200,0,,,,,,0,,1000608,1001919,398,4936,370,1,494000,4931000,6864000,0,382,4427000,Full,1200000000
1784670022.616324713,25330.82,52100,52900,53700,53700,53300,52600,52600,52900,52200,52700,52700,53500,54800,53900,54300,54600,54300,53900,53100,51200,51900,50400,50400,54400,50000,49600,48000,49200,48800,50000,61400,63700,61400,62900,55200,64100,62500,60200,61000,61400,61000,61400,60200,54300,51900,51400,50400,52700,48800,48800,49200,37000,0,0,37000,39461,52200,95000,0,37730,37000,34000,47876,95000,34967,0,36316,51400,34422,0,42733,0,45360,0,36061,40084,0,44384,51400,0,37163,0,39928,43004,45155,47207,46905,51880,46232,54500,45089,45056,48216,34000,3200,-273000,-273000,-273000,334047,779458,20423928,341467,63,0,224,22,126,0,448,44,0,0,0,0,1640,19443,402336,702,10392,14010,244768,2199,334047,779458,20423928,341467,15475008,567112,7195792,1.04,0.00,0.00,657270,359947,13164936,333672,,,,787200,787200,787200,787200,787200,787200,883200,883200,0,,,,,,0,,1000237,1001945,398,4936,370,1,494000,4929000,6864000,0,382,4427000,Full,1200000000
1784670022.932049452,25331.13,52500,52900,54500,54100,53300,53700,53700,53300,53300,52300,52700,53500,54800,54300,53900,54600,54300,53900,53100,50800,51900,50400,50000,54800,50400,49600,48400,48800,48800,49600,61400,64500,62100,63300,55200,64500,63700,60600,61400,62100,60600,61700,60200,54300,51900,52200,50400,52700,48800,48400,49600,37000,0,0,37000,39467,52600,95000,0,37730,37000,34000,47865,95000,34967,0,36316,52600,34425,0,42774,0,45384,0,36124,40097,0,44399,52900,0,37163,0,39949,43021,45166,47073,46871,51846,46501,54900,45156,44787,48081,34000,3200,-273000,-273000,-273000,334047,779458,20423928,341467,63,0,224,22,126,0,448,44,0,0,0,0,1640,19443,402336,702,10392,14010,244768,2199,334047,779458,20423928,341467,15475008,571560,7200256,1.04,0.00,0.00,657270,359947,13164936,333672,,,,1900800,1900800,1900800,1900800,1900800,1900800,883200,883200,0,,,,,,0,,1000237,1001945,398,4936,370,1,494000,4935000,6864000,0,382,4427000,Full,1200000000
1784670023.205445754,25331.41,53200,54000,54500,54100,54100,54100,54900,54100,54100,52300,52700,53900,55200,54300,53900,54600,54300,53900,53500,50800,51900,50800,50400,54800,50400,50000,48400,49200,48800,50000,61000,63300,61700,62500,55200,63300,63300,60200,61000,61700,61400,61700,60600,54600,51500,52200,50400,52700,48800,48800,49600,37000,0,0,37000,39481,52600,95000,0,37730,37000,34000,47880,95000,34967,0,36316,52200,34440,0,42774,0,45408,0,36128,40091,0,44414,52200,0,37185,0,39965,43028,45189,47106,46837,51712,46636,55300,45291,45089,47947,34000,3200,-273000,-273000,-273000,334047,779458,20423928,341467,63,0,224,22,126,0,448,44,0,0,0,0,1640,19443,402336,702,10392,14010,244768,2199,334047,779458,20423928,341467,15475008,584328,7213012,1.04,0.00,0.00,657270,359947,13164936,333672,,,,1555200,1555200,1555200,1555200,1555200,1555200,1862400,1862400,0,,,,,,0,,1000237,1001945,398,4936,370,1,494000,4928000,6864000,0,382,4427000,Full,1200000000
1784670023.486032837,25331.69,52100,52500,53700,53700,53700,52600,52600,53300,53300,53500,53500,54300,54800,54600,54600,55000,54600,54600,53900,51900,52700,50400,50400,54400,50400,49600,48400,49200,49200,50400,61700,64100,61700,63300,54800,64800,62900,61400,62500,61700,60600,61400,60200,54600,52300,51400,50400,53100,49200,48800,49600,37000,0,0,37000,39486,51800,95000,0,37730,37000,34000,47903,95000,34967,0,36316,52200,34433,0,42796,0,45421,0,36109,40124,0,44429,51800,0,37197,0,40016,43028,45200,47039,46770,51981,46333,54500,45359,44921,48081,34000,3200,-273000,-273000,-273000,334049,779458,20423944,341467,63,0,224,22,126,0,448,44,0,0,0,0,1640,19443,402336,702,10392,14010,244768,2199,334049,779458,20423944,341467,15475008,582052,7210736,1.04,0.00,0.00,657270,359947,13164944,333672,,,,1324800,1324800,1324800,1324800,1324800,1324800,883200,883200,0,,,,,,0,,998577,1001923,398,4936,370,1,494000,4929000,6864000,0,382,4427000,Full,1200000000
1784670023.793109296,25331.99,51700,52500,54100,53700,52900,52900,53300,53300,52200,52300,52700,53900,54800,53900,53900,54600,53900,53900,53500,50400,51500,50400,50400,54400,50000,49600,48400,49200,49200,50400,61700,64500,62500,63700,54800,64800,63700,60600,62100,62100,61000,61700,60600,54600,51500,51000,50400,52300,48800,49200,49200,37000,0,0,37000,39499,51800,95000,0,37730,37000,34000,47925,95000,34967,0,36316,51400,34433,0,42817,0,45462,0,36157,40124,0,44439,51400,0,37159,0,39979,43060,45215,47039,47106,52081,45963,54500,45257,44787,48014,34000,3200,-273000,-273000,-273000,334052,779458,20423976,341468,63,0,224,22,126,0,448,44,0,0,0,0,1640,19443,402336,702,10392,14010,244768,2199,334052,779458,20423976,341468,15475008,578648,7207432,1.04,0.00,0.00,657270,359947,13164960,333672,,,,998400,998400,998400,998400,998400,998400,883200,883200,0,,,,,,0,,998577,1001923,398,4936,370,1,494000,4928000,6864000,0,382,4427000,Full,1200000000
1784670024.107055389,25332.31,52500,53200,54500,53700,53300,53300,53300,53700,52900,53100,53500,54300,55200,54300,54300,55000,54300,54300,53900,51500,52700,50400,50400,54400,50400,50000,48400,48800,48800,50000,62100,65200,62500,64500,55200,66000,64100,61000,62100,62500,61000,62100,61000,54600,51900,52200,50400,52700,48800,48800,49200,37000,0,0,37000,39517,52600,95000,0,37730,37000,34000,47970,95000,34967,0,36316,51800,34440,0,42827,0,45458,0,36128,40139,0,44459,51800,0,37187,0,40005,43073,45243,46871,46938,51981,46568,54900,45459,45728,47980,34000,3200,-273000,-273000,-273000,334055,779458,20424048,341468,63,0,224,22,126,0,448,44,0,0,0,0,1640,19443,402336,702,10392,14010,244768,2199,334055,779458,20424048,341468,15475008,578692,7207524,1.04,0.00,0.00,657270,359947,13164996,333672,,,,998400,998400,998400,998400,998400,998400,883200,883200,0,,,,,,0,,998577,1001923,398,4936,370,1,494000,4935000,6864000,0,382,4427000,Full,1200000000
1784670024.420701223,25332.62,52900,53200,54100,54100,53700,54100,55300,53300,52900,51900,52300,53500,55200,53500,53500,54300,53900,53900,53100,50000,51200,50400,50400,54400,50400,49600,48400,49200,49600,50000,61700,64100,62100,63300,55200,64500,63300,60600,61400,61700,61000,62100,60200,54600,51900,51800,50800,53100,48800,48800,49200,37000,0,0,37000,39514,52900,95000,0,37730,37000,34000,47977,95000,34967,0,36316,52600,34461,0,42802,0,45472,0,36100,40158,0,44477,52600,0,37176,0,39986,43069,45257,47106,46905,52081,46568,54900,45359,45359,48148,34000,3200,-273000,-273000,-273000,334055,779458,20424048,341468,63,0,224,22,126,0,448,44,0,0,0,0,1640,19443,402336,702,10392,14010,244768,2199,334055,779458,20424048,341468,15475008,585320,7214056,1.03,0.00,0.00,657270,359947,13164996,333672,,,,998400,998400,998400,998400,998400,998400,883200,883200,0,,,,,,0,,1000298,1001938,398,4936,370,1,494000,4931000,6864000,0,382,4427000,Full,1200000000
1784670024.722538879,25332.92,52100,52900,53700,53700,53300,52600,52600,53700,53300,51900,51500,52700,54400,53500,53500,53900,53500,53500,53100,50000,51200,50400,50400,54400,50400,50000,48400,49200,49200,50000,61400,63700,61700,62900,54800,64100,63300,60200,61000,61700,61400,61700,60600,54300,51900,51400,50800,52700,48800,48800,49200,37000,0,0,37000,39531,52200,95000,0,37730,37000,34000,48001,95000,34967,0,36316,52200,34433,0,42855,0,45485,0,36118,40166,0,44495,53300,0,37161,0,40047,43101,45266,46871,47073,51913,46468,54900,45325,45089,48048,34000,3200,-273000,-273000,-273000,334055,779458,20424048,341468,63,0,224,22,126,0,448,44,0,0,0,0,1640,19443,402336,702,10392,14010,244768,2199,334055,779458,20424048,341468,15475008,580648,7209424,1.03,0.00,0.00,657270,359947,13164996,333672,,,,1785600,1785600,1785600,1785600,1785600,1785600,883200,883200,0,,,,,,0,,1000298,1001938,398,4936,370,1,494000,4929000,6864000,0,382,4427000,Full,1200000000
1784670025.210738931,25333.41,52900,53600,54100,54100,53700,54100,53700,54100,54100,52300,52300,53500,55200,53900,53900,54600,54300,53900,53500,50800,51500,50400,50800,54800,50400,49600,48400,49200,49200,50400,61000,63700,62100,62900,55200,63300,62900,59400,60600,61400,61000,61700,60200,54600,51900,52200,50800,52700,48800,49200,49600,37000,0,0,37000,39542,52600,95000,0,37730,37000,34000,47992,95000,34967,0,36316,52600,34428,0,42871,0,45529,0,36115,40173,0,44519,52600,0,37172,0,40067,43105,45289,47409,46905,51779,46568,54900,45359,45123,48014,34000,3200,-273000,-273000,-273000,334055,779458,20424048,341468,63,0,224,22,126,0,448,44,0,0,0,0,1640,19443,402336,702,10392,14010,244768,2199,334055,779458,20424048,341468,15475008,574384,7203176,1.03,0.00,0.00,657270,359947,13164996,333672,,,,883200,883200,883200,883200,883200,883200,883200,883200,0,,,,,,0,,1000298,1001938,398,4936,370,1,494000,4931000,6862000,0,394,4425000,Full,1200000000
1784670025.609270649,25333.81,52900,53600,54500,54100,53700,53700,53700,53300,52900,53500,53900,53900,55200,54600,54600,55000,54600,54300,53500,52700,55000,50800,50400,54400,50000,50000,48400,49200,49200,50400,61000,63300,61700,62500,55600,63300,62900,59800,61000,61400,61400,61700,60200,54600,51900,52600,50800,53100,48800,49200,49200,37000,0,0,37000,39553,53300,95000,0,37730,37000,34100,48027,95000,34967,0,36316,52200,34468,0,42880,0,45529,0,36118,40193,0,44523,51800,0,37178,0,40077,43141,45312,47241,46972,51913,46636,55300,45392,45392,48216,34100,3200,-273000,-273000,-273000,334055,779458,20424048,341468,63,0,224,22,126,0,448,44,0,0,0,0,1640,19443,402336,702,10392,14010,244768,2199,334055,779458,20424048,341468,15475008,576992,7205772,1.03,0.00,0.00,657270,359947,13164996,333672,,,,1113600,1113600,1113600,1113600,1113600,1113600,883200,883200,0,,,,,,0,,999799,1001907,398,4936,370,1,494000,4924000,6862000,0,394,4425000,Full,1200000000
1784670025.909854712,25334.11,52900,53200,54100,54100,53300,53300,54100,53700,54100,51900,52300,53500,55200,53500,53900,54600,54300,53900,53500,50400,51200,50400,50400,54400,50000,49600,48400,49200,49600,50400,61400,64100,62500,63300,55200,64500,63700,60600,61700,61700,61000,62100,60600,54600,52300,51800,50800,52700,48800,49200,49200,37000,0,0,37000,39570,52200,95000,0,37730,37000,34100,48051,95000,34967,0,36316,52200,34443,0,42896,0,45563,0,36131,40200,0,44556,52200,0,37158,0,40063,43148,45330,47275,46938,51913,46568,54900,45325,45056,47846,34100,3200,-273000,-273000,-273000,334055,779458,20424048,341468,63,0,224,22,126,0,448,44,0,0,0,0,1640,19443,402336,702,10392,14010,244768,2199,334055,779458,20424048,341468,15475008,577788,7206552,1.03,0.00,0.00,657270,359947,13164996,333672,,,,1555200,1555200,1555200,1555200,1555200,1555200,883200,883200,0,,,,,,0,,999799,1001907,398,4936,370,1,494000,4931000,6862000,0,394,4425000,Full,1200000000
1784670026.186138878,25334.39,51700,52100,53700,53700,52900,52900,52900,52900,52600,51900,51900,53100,54800,53500,53900,54600,53900,53500,53100,49600,50800,50400,50400,54000,50400,50000,48400,49200,49200,50400,62100,64500,61700,63700,54800,65200,63300,61400,62900,61700,60600,61700,60200,54600,51900,51000,50800,52700,48800,49200,49600,37000,0,0,37000,39578,52200,95000,0,37730,37000,34100,48054,95000,34967,0,36316,51400,34468,0,42880,0,45552,0,36106,40216,0,44561,51400,0,37164,0,40067,43170,45351,47442,47073,52115,46367,54500,45325,45123,47947,34100,3200,-273000,-273000,-273000,334055,779458,20424048,341468,63,0,224,22,126,0,448,44,0,0,0,0,1640,19443,402336,702,10392,14010,244768,2199,334055,779458,20424048,341468,15475008,582704,7211440,1.03,0.00,0.00,657270,359947,13164996,333672,,,,998400,998400,998400,998400,998400,998400,883200,883200,0,,,,,,0,,999799,1001907,398,4936,370,1,494000,4928000,6862000,0,394,4425000,Full,1200000000
1784670026.493342680,25334.69,51700,52500,53700,53700,53300,52600,52600,53300,52600,53500,53100,54600,54800,54600,55000,55400,55000,54600,54600,50800,51500,50400,50400,54800,50400,50000,48400,49200,49200,50000,61400,63700,62100,62900,54800,63700,63300,59800,60600,61700,61000,61700,60600,54600,52300,51000,50800,53100,49200,48800,49600,37000,0,0,37000,39592,51800,95000,0,37730,37000,34100,48082,95000,34967,0,36316,51400,34461,0,42934,0,45543,0,36146,40237,0,44569,51400,0,37118,0,40108,43203,45351,47409,46972,52014,46636,54900,45392,45156,47980,34100,3200,-273000,-273000,-273000,334055,779458,20424048,341468,63,0,224,22,126,0,448,44,0,0,0,0,1640,19443,402336,702,10392,14010,244768,2199,334055,779458,20424048,341468,15475008,578924,7207660,1.02,0.00,0.00,657270,359947,13164996,333672,,,,998400,998400,998400,998400,998400,998400,883200,883200,0,,,,,,0,,997464,1001960,398,4936,370,1,494000,4928000,6862000,0,394,4425000,Full,1200000000
1784670026.807763513,25335.01,52100,52500,53700,53700,53300,52600,52600,53700,52900,52300,51900,53500,54400,53500,53900,54300,53900,53500,53100,50400,51200,50400,50400,54400,50000,50000,48800,49200,49200,50000,62900,66000,62500,65200,54800,66400,64100,61700,63300,62500,61400,61700,60600,54600,52300,51000,50800,53100,49200,49200,49600,37000,0,0,37000,39595,51800,95000,0,37730,37000,34100,48106,95000,34967,0,36316,51400,34485,0,42931,0,45600,0,36166,40240,0,44594,51400,0,37179,0,40135,43199,45371,47207,47174,52115,46568,54100,45425,45156,47846,34100,3200,-273000,-273000,-273000,334055,779458,20424048,341468,63,0,224,22,126,0,448,44,0,0,0,0,1640,19443,402336,702,10392,14010,244768,2199,334055,779458,20424048,341468,15475008,575420,7204156,1.02,0.00,0.00,657270,359947,13164996,333672,,,,787200,787200,787200,787200,787200,787200,883200,883200,0,,,,,,0,,997464,1001960,398,4936,370,1,494000,4932000,6862000,0,394,4425000,Full,1200000000
1784670027.123797003,25335.33,52900,53600,54500,54100,53700,54500,54100,52900,52900,53500,53900,54600,55200,55000,55000,55000,54600,54300,53900,53100,55400,50400,50400,54800,50400,49600,48800,49200,49200,50400,61400,64100,62100,63300,55200,64500,63300,61000,61400,62100,61000,62100,60600,54600,52300,52900,50800,53100,49200,48800,48800,37000,0,0,37000,39609,54100,95000,0,38004,37000,34100,48097,95000,35107,0,36608,51800,34471,0,42973,0,45611,0,36118,40233,0,44606,52600,0,37172,0,40115,43203,45390,47207,47073,51913,46568,55300,45560,44989,47913,34100,3200,-273000,-273000,-273000,334055,779458,20424048,341468,63,0,224,22,126,0,448,44,0,0,0,0,1640,19443,402336,702,10392,14010,244768,2199,334055,779458,20424048,341468,15475008,580500,7209252,1.02,0.00,0.00,657270,359947,13164996,333672,,,,1900800,1900800,1900800,1900800,1900800,1900800,2438400,2438400,0,,,,,,0,,997464,1001960,398,4936,370,1,494000,4927000,6862000,0,394,4425000,Full,1200000000
1784670027.393453461,25335.59,53600,54400,54900,54900,54100,54100,54100,54100,53700,53100,53100,53900,55200,54600,54600,55000,54600,54300,53500,53100,57000,50400,50400,55200,50400,50000,48400,49200,49200,50400,61700,64500,62100,63300,56000,64800,63700,60600,62100,62500,61400,62100,61000,54600,51900,52600,50800,53100,49200,49200,49600,37000,0,0,37000,39627,53700,95000,0,38004,37000,34100,48135,95000,35107,0,36608,52900,34488,0,42931,0,45634,0,36115,40270,0,44618,53300,0,37207,0,40128,43213,45401,47275,47073,52418,46636,56100,45627,45257,47745,34100,3200,-273000,-273000,-273000,334055,779458,20424048,341468,63,0,224,22,126,0,448,44,0,0,0,0,1640,19443,402336,702,10392,14010,244768,2199,334055,779458,20424048,341468,15475008,580928,7209684,1.02,0.00,0.00,657270,359947,13164996,333672,,,,1996800,1996800,1996800,1996800,1996800,1996800,883200,883200,0,,,,,,0,,997464,1001960,398,4936,370,1,494000,4926000,6862000,0,394,4425000,Full,1200000000
1784670027.673137003,25335.87,52100,52500,53300,54100,53700,52600,52200,53700,53300,52300,52300,53500,55200,54300,53900,54600,54300,54300,53500,50800,51200,50800,50800,54400,50400,50000,48800,49200,49200,50400,63700,66000,62100,64800,55200,66400,63700,62500,63700,62100,61000,62100,61000,55000,51900,51000,50800,53100,49200,48800,49600,37000,0,0,37000,39627,51800,95000,0,38004,37000,34100,48153,95000,35107,0,36608,51800,34473,0,42952,0,45607,0,36058,40274,0,44628,52200,0,37175,0,40149,43232,45405,47275,47275,52081,46400,54500,45493,45560,47779,34100,3200,-273000,-273000,-273000,334055,779458,20424048,341468,63,0,224,22,126,0,448,44,0,0,0,0,1640,19443,402336,702,10392,14010,244768,2199,334055,779458,20424048,341468,15475008,579288,7208048,1.02,0.00,0.00,657270,359947,13164996,333672,,,,1228800,1228800,1228800,1228800,1228800,1228800,883200,883200,0,,,,,,0,,1000772,1001932,398,4936,370,1,494000,4923000,6862000,0,394,4425000,Full,1200000000
1784670027.962133461,25336.16,52500,53200,54500,54100,53700,53700,53300,53300,52600,53500,53900,54300,55600,54600,54600,55400,54600,54300,53900,51900,52700,50800,50800,54800,50400,49600,48800,49200,49600,50400,61700,64500,62500,63700,55200,64800,63700,61000,61700,62100,61700,62500,61000,54600,51900,52600,50800,52700,49200,48800,50000,37000,0,0,37000,39645,53300,95000,0,38004,37000,34100,48165,95000,35107,0,36608,52200,34495,0,42976,0,45653,0,36109,40277,0,44628,51800,0,37164,0,40135,43249,45401,47476,47174,51981,46669,55300,45493,44955,48014,34100,3200,-273000,-273000,-273000,334055,779458,20424048,341468,63,0,224,22,126,0,448,44,0,0,0,0,1640,19443,402336,702,10392,14010,244768,2199,334055,779458,20424048,341468,15475008,584868,7213580,1.02,0.00,0.00,657270,359947,13164996,333672,,,,1996800,1996800,1996800,1996800,1996800,1996800,883200,883200,0,,,,,,0,,1000772,1001932,398,4936,370,1,494000,4933000,6862000,0,394,4425000,Full,1200000000
1784670028.464992523,25336.67,52900,52900,54100,54100,53700,53300,52900,54100,54100,52300,52300,53900,54800,53900,54300,54600,54300,54300,53900,50400,51500,50800,50800,54800,50400,50400,48400,49600,49200,50400,61700,64800,62500,63300,55200,64800,63700,61000,61700,62500,61400,62100,61000,55000,52300,51800,50800,53100,49200,48800,49600,37000,0,0,37000,39655,52600,95000,0,38004,37000,34100,48168,95000,35107,0,36608,52200,34479,0,42996,0,45664,0,36080,40304,0,44644,52600,0,37176,0,40185,43293,45424,47510,47241,52283,46568,55300,45560,45056,47846,34100,3200,-273000,-273000,-273000,334055,779458,20424048,341468,63,0,224,22,126,0,448,44,0,0,0,0,1640,19443,402336,702,10392,14010,244768,2199,334055,779458,20424048,341468,15475008,581256,7210000,1.02,0.00,0.00,657270,359947,13164996,333672,,,,1670400,1670400,1670400,1670400,1670400,1670400,883200,883200,0,,,,,,0,,1000218,1001905,398,4936,370,1,494000,4935000,6862000,0,394,4425000,Full,1200000000
1784670028.743740960,25336.95,52100,52500,54100,54500,53300,53300,52900,53300,52600,53500,53100,54600,55200,55000,55000,55800,55000,55000,54600,50400,51500,50400,50800,54800,50400,50000,48800,49600,49600,50400,61700,64100,62500,63700,55200,64500,63700,61000,61700,62100,61700,62500,61000,55000,51900,51800,50800,53100,49200,48800,49600,37000,0,0,37000,39662,52200,95000,0,38004,37000,34100,48209,95000,35107,0,36608,51800,34495,0,42980,0,45687,0,36134,40322,0,44673,51800,0,37193,0,40224,43320,45451,47174,47073,52250,46770,55300,45526,45526,47879,34100,3200,-273000,-273000,-273000,334055,779458,20424048,341468,63,0,224,22,126,0,448,44,0,0,0,0,1640,19443,402336,702,10392,14010,244768,2199,334055,779458,20424048,341468,15475008,578232,7206976,1.02,0.00,0.00,657270,359947,13164996,333672,,,,1228800,1228800,1228800,1228800,1228800,1228800,883200,883200,0,,,,,,0,,1000218,1001905,398,4936,370,1,494000,4936000,6862000,0,394,4425000,Full,1200000000
1784670029.051317887,25337.25,52100,52500,54100,53700,53300,52900,52600,53300,52600,52300,52700,53500,55200,53900,54300,54600,54300,54300,53500,50400,51500,51200,50800,54800,50400,50000,48800,49200,49200,50400,61400,63700,62100,62900,55200,64100,63300,60600,61700,61700,61400,62100,60600,55000,52300,51400,50800,53100,49200,49200,49600,37000,0,0,37000,39677,52600,95000,0,38004,37000,34100,48215,95000,35107,0,36608,51400,34488,0,42996,0,45697,0,36092,40291,0,44682,51800,0,37187,0,40200,43317,45460,47207,47275,52451,46568,54900,45560,45056,47812,34100,3200,-273000,-273000,-273000,334055,779458,20424048,341468,63,0,224,22,126,0,448,44,0,0,0,0,1640,19443,402336,702,10392,14010,244768,2199,334055,779458,20424048,341468,15475008,579340,7208088,1.02,0.00,0.00,657270,359947,13164996,333672,,,,883200,883200,883200,883200,883200,883200,883200,883200,0,,,,,,0,,1000218,1001905,398,4936,370,1,494000,4935000,6862000,0,394,4425000,Full,1200000000
1784670029.362415752,25337.56,52500,54000,54500,53700,53700,54500,54500,53300,52600,52700,52300,53500,54800,53900,54300,54600,54300,53900,53500,50800,51500,50800,50800,54800,50400,50000,48800,49200,49200,50400,61000,63700,62100,62900,55600,64100,63300,60600,61400,61700,61400,61700,60600,54600,51900,52200,50800,53100,49200,49200,49600,37000,0,0,37000,39686,52600,95000,0,38004,37000,34100,48241,95000,35107,0,36608,52200,34504,0,43017,0,45704,0,36118,40338,0,44711,52200,0,37190,0,40188,43303,45463,47409,47140,52250,46871,54900,45594,45694,48048,34100,3200,-273000,-273000,-273000,334059,779458,20424136,341470,63,0,224,22,126,0,448,44,0,0,0,0,1640,19443,402336,702,10392,14010,244768,2199,334059,779458,20424136,341470,15475008,586740,7215476,1.02,0.00,0.00,657270,359947,13165040,333672,,,,787200,787200,787200,787200,787200,787200,2438400,2438400,0,,,,,,0,,1000218,1001905,398,4936,370,1,494000,4933000,6862000,0,394,4425000,Full,1200000000
1784670029.666905804,25337.87,52500,53200,54100,54100,53700,53300,53700,53700,53700,52700,52300,54300,55200,54300,54300,54600,54600,54600,53900,50800,51500,50800,50800,54800,50400,50000,48800,49600,50000,50800,61700,64500,62100,63300,55600,64500,63700,60600,61400,62100,61400,62100,61000,55000,52300,52200,51200,53100,49200,49200,49600,37000,0,0,37000,39694,53700,95000,0,38004,37000,34100,48259,95000,35107,0,36608,52600,34495,0,43021,0,45731,0,36074,40325,0,44699,52200,0,37170,0,40221,43339,45493,47241,47275,52081,46871,54900,45392,45392,47745,34100,3200,-273000,-273000,-273000,334059,779458,20424136,341470,63,0,224,22,126,0,448,44,0,0,0,0,1640,19443,402336,702,10392,14010,244768,2199,334059,779458,20424136,341470,15475008,586844,7215548,1.02,0.00,0.00,657270,359947,13165040,333672,,,,1324800,1324800,1324800,1324800,1324800,1324800,883200,883200,0,,,,,,0,,999895,1001919,398,4936,370,1,494000,4935000,6862000,0,394,4425000,Full,1200000000
1784670029.945359554,25338.15,52100,52500,53700,53700,53300,52900,52600,52900,52600,52300,51900,53500,54800,53500,54300,54300,54300,53900,53500,50000,51200,51200,51200,54400,50400,50000,48800,49200,49600,50800,64100,66800,62500,66000,55200,66800,64100,62900,63700,62500,61400,61700,60600,55000,52300,51400,51200,53100,49200,49200,49600,37000,0,0,37000,39705,52600,95000,0,38004,37000,34100,48226,95000,35107,0,36608,51800,34498,0,43054,0,45754,0,36128,40346,0,44732,51800,0,37167,0,40233,43349,45508,47275,47174,52081,46501,54500,45560,45123,47846,34100,3200,-273000,-273000,-273000,334059,779458,20424136,341470,63,0,224,22,126,0,448,44,0,0,0,0,1640,19443,402336,702,10392,14010,244768,2199,334059,779458,20424136,341470,15475008,585404,7214108,1.02,0.00,0.00,657270,359947,13165040,333672,,,,1113600,1113600,1113600,1113600,1113600,1113600,883200,883200,0,,,,,,0,,999895,1001919,398,4936,370,1,494000,4932000,6862000,0,394,4425000,Full,1200000000
1784670030.248580283,25338.45,52500,52900,54100,54100,53700,52900,52600,53700,53300,53900,53100,55400,55200,55800,56200,56200,55800,56600,57400,50400,51500,51200,50800,54800,50800,50400,48800,49600,49600,50400,64500,66400,62900,66000,55200,67200,64100,62900,64100,62900,61400,62100,61000,55000,52300,51400,50800,53500,49200,49200,49600,37000,0,0,37000,39722,51800,95000,0,38004,37000,34100,48266,95000,35107,0,36608,51800,34515,0,43073,0,45754,0,36146,40358,0,44744,51800,0,37187,0,40243,43339,45520,47510,47241,52451,46636,55300,45627,45526,47779,34100,3200,-273000,-273000,-273000,334059,779458,20424136,341470,63,0,224,22,126,0,448,44,0,0,0,0,1640,19443,402336,702,10392,14010,244768,2199,334059,779458,20424136,341470,15475008,580376,7209088,1.02,0.00,0.00,657270,359947,13165040,333672,,,,1228800,1228800,1228800,1228800,1228800,1228800,883200,883200,0,,,,,,0,,999895,1001919,398,4936,370,1,494000,4935000,6862000,0,394,4425000,Full,1200000000
1784670030.546876220,25338.75,52900,53200,54100,54500,53700,52900,52900,53700,53300,52300,52300,53900,55600,53900,54300,54600,53900,54300,53500,50400,51500,50800,50800,54800,50400,50000,48800,49600,50000,50400,61700,64500,62500,63300,55600,64500,63700,61000,61700,62500,61700,62500,60600,54600,52300,52200,51200,53100,49200,49200,49600,37000,0,0,37000,39730,52900,95000,0,38004,37000,34100,48278,95000,35107,0,36608,52200,34501,0,43112,0,45778,0,36137,40368,0,44776,52200,0,37179,0,40261,43361,45531,47476,47140,52149,46737,55300,45661,45930,47812,34100,3200,-273000,-273000,-273000,334059,779458,20424136,341470,63,0,224,22,126,0,448,44,0,0,0,0,1640,19443,402336,702,10392,14010,244768,2199,334059,779458,20424136,341470,15475008,580892,7209604,1.01,0.00,0.00,657270,359947,13165040,333672,,,,1113600,1113600,1113600,1113600,1113600,1113600,883200,883200,0,,,,,,0,,998249,1001923,398,4936,370,1,494000,4935000,6862000,0,385,4427000,Full,1200000000
1784670030.853995439,25339.06,52500,52900,54100,54100,53300,53700,53700,53700,53300,52300,52300,53500,54800,53900,53900,54300,54300,54300,53500,50400,51200,50800,50800,54800,50400,50000,48800,48800,49200,50400,61400,63700,62100,63300,55200,64100,63700,60600,61400,62100,61000,62100,61000,54600,52300,51800,50800,53100,49200,49200,49600,37000,0,0,37000,39744,52600,95000,0,38004,37000,34100,48295,95000,35107,0,36608,52200,34498,0,43122,0,45798,0,36146,40382,0,44768,51800,0,37219,0,40301,43394,45547,47409,47174,52283,46905,54900,45694,45459,47745,34100,3200,-273000,-273000,-273000,334059,779458,20424136,341470,63,0,224,22,126,0,448,44,0,0,0,0,1640,19443,402336,702,10392,14010,244768,2199,334059,779458,20424136,341470,15475008,576860,7205588,1.01,0.00,0.00,657270,359947,13165040,333672,,,,1785600,1785600,1785600,1785600,1785600,1785600,883200,883200,0,,,,,,0,,998249,1001923,398,4936,370,1,494000,4935000,6862000,0,385,4427000,Full,1200000000
1784670031.132248303,25339.33,52100,52500,54100,53700,53700,53300,53300,53300,53300,53100,52700,54300,55200,54600,54600,55000,55000,54600,53900,50400,51500,50800,50800,54400,50400,50000,48800,49600,49600,50800,61700,64100,62500,62900,55600,64500,63300,59800,61000,62100,61700,62500,60600,55000,52300,51800,51200,53100,49600,49200,49600,37000,0,0,37000,39750,52600,95000,0,38004,37000,34100,48324,95000,35107,0,36608,51400,34488,0,43134,0,45794,0,36071,40382,0,44809,51800,0,37217,0,40264,43397,45574,47510,47241,52350,46501,55300,45829,45661,47745,34100,3200,-273000,-273000,-273000,334059,779458,20424136,341470,63,0,224,22,126,0,448,44,0,0,0,0,1640,19443,402336,702,10392,14010,244768,2199,334059,779458,20424136,341470,15475008,579696,7208520,1.01,0.00,0.00,657270,359947,13165040,333672,,,,998400,998400,998400,998400,998400,998400,883200,883200,0,,,,,,0,,998249,1001923,398,4936,380,1,494000,4926000,6862000,0,385,4427000,Full,1200000000
1784670031.607219970,25339.81,54000,54800,55700,54900,54500,54900,55300,54900,54100,53500,53100,54300,56000,54600,54600,55400,54600,54600,54300,51900,54600,51200,50800,56000,50800,50400,48800,49600,49600,50800,64100,66800,63300,65600,56300,67200,64500,62900,64100,63300,61700,62500,61400,55000,52300,53700,51200,53500,49600,49200,50000,37000,0,0,37000,39764,54500,95000,0,38004,37000,34100,48328,95000,35107,0,36608,52900,34506,0,43155,0,45831,0,36074,40403,0,44820,53300,0,37190,0,40282,43450,45621,47577,47476,52519,46837,56100,45661,45123,47711,34100,3200,-273000,-273000,-273000,334059,779458,20424136,341470,63,0,224,22,126,0,448,44,0,0,0,0,1640,19443,402336,702,10392,14010,244768,2199,334059,779458,20424136,341470,15475008,578872,7207604,1.01,0.00,0.00,657270,359947,13165040,333672,,,,1900800,1900800,1900800,1900800,1900800,1900800,883200,883200,0,,,,,,0,,999977,1001907,398,4936,380,1,494000,4929000,6862000,0,385,4427000,Full,1200000000
1784670031.881581220,25340.08,53200,53600,54900,54900,54100,53700,53300,54100,53300,54300,54300,55000,56000,55000,55400,55800,55400,55000,54600,52300,53500,51200,50800,55200,50400,50400,48800,49600,50000,51200,62900,66000,63700,64800,56000,66400,64800,62100,62900,63300,62100,62900,61700,55000,52300,52200,51200,53500,49600,49200,50400,37000,0,0,37000,39783,52900,95000,0,38004,37000,34100,48372,95000,35107,0,36608,52600,34525,0,43173,0,45861,0,36134,40434,0,44816,52200,0,37192,0,40322,43436,45596,47476,47341,52418,46871,55700,45728,45526,47678,34100,3200,-273000,-273000,-273000,334059,779458,20424136,341470,63,0,224,22,126,0,448,44,0,0,0,0,1640,19443,402336,702,10392,14010,244768,2199,334059,779458,20424136,341470,15475008,579512,7208216,1.01,0.00,0.00,657270,359947,13165040,333672,,,,1113600,1113600,1113600,1113600,1113600,1113600,883200,883200,0,,,,,,0,,999977,1001907,398,4936,380,1,494000,4932000,6862000,0,385,4427000,Full,1200000000
1784670032.183482990,25340.38,52100,52500,54100,54100,53300,53300,52900,53300,52900,53100,53100,54600,55600,54600,54600,55400,54600,54600,54300,51500,52300,51200,51200,54800,50800,50400,48800,49600,50000,50400,62900,65600,63300,65200,55200,66000,64500,62100,62900,63300,61700,62100,61400,55000,52700,51800,51200,53500,49200,49600,50000,37000,0,0,37000,39783,52900,95000,0,38136,37000,34100,48372,95000,35231,0,36744,51800,34506,0,43170,0,45865,0,36086,40406,0,44831,51800,0,37187,0,40301,43458,45607,47577,47341,52519,46938,54900,45795,45694,47812,34100,3200,-273000,-273000,-273000,334059,779458,20424136,341470,63,0,224,22,126,0,448,44,0,0,0,0,1640,19443,402336,702,10392,14010,244768,2199,334059,779458,20424136,341470,15475008,576992,7205696,1.01,0.00,0.00,657270,359947,13165040,333672,,,,1113600,1113600,1113600,1113600,1113600,1113600,883200,883200,0,,,,,,0,,999977,1001907,398,4936,380,1,494000,4933000,6862000,0,385,4427000,Full,1200000000
1784670032.492045594,25340.69,52500,52900,54100,54500,53700,53300,52900,53700,52900,52700,52700,53900,55200,54300,54300,55000,54300,54300,53900,50800,51500,51200,50800,55200,50800,50000,48800,49600,49600,50800,62100,65200,63300,64500,55600,65600,64500,61400,62500,62900,62100,62900,61000,55000,52300,51800,51200,53100,49200,49600,49600,37000,0,0,37000,39780,52900,95000,0,38136,37000,34100,48412,95000,35231,0,36744,52200,34509,0,43181,0,45875,0,36140,40419,0,44852,52900,0,37181,0,40322,43458,45641,47476,47476,52451,47039,55300,45728,45291,47678,34100,3200,-273000,-273000,-273000,334059,779458,20424136,341470,63,0,224,22,126,0,448,44,0,0,0,0,1640,19443,402336,702,10392,14010,244768,2199,334059,779458,20424136,341470,15475008,569964,7198668,1.01,0.00,0.00,657270,359947,13165040,333672,,,,1996800,1996800,1996800,1996800,1996800,1996800,883200,883200,0,,,,,,0,,999021,1001921,398,4936,380,1,494000,4932000,6862000,0,385,4427000,Full,1200000000
1784670032.765805907,25340.97,53200,54000,54900,54500,53700,54100,53700,54500,54900,53500,53500,54600,55600,55000,55000,55400,55000,54300,54300,51900,52700,50800,50800,55200,50800,50400,48800,49600,49600,50800,62900,65200,63300,64500,55600,66400,64500,61700,62500,62900,61700,62500,61400,55400,52300,52900,51200,53500,49600,49600,50000,37000,0,0,37000,39800,54900,95000,0,38136,37000,34100,48416,95000,35231,0,36744,52600,34536,0,43177,0,45875,0,36131,40446,0,44861,52600,0,37213,0,40355,43511,45624,47610,47375,52720,47039,55300,45594,45694,47711,34100,3200,-273000,-273000,-273000,334059,779458,20424136,341470,63,0,224,22,126,0,448,44,0,0,0,0,1640,19443,402336,702,10392,14010,244768,2199,334059,779458,20424136,341470,15475008,576040,7204760,1.01,0.00,0.00,657270,359947,13165040,333672,,,,1785600,1785600,1785600,1785600,1785600,1785600,883200,883200,0,,,,,,0,,999021,1001921,398,4936,380,1,494000,4937000,6862000,0,385,4427000,Full,1200000000
1784670033.041590907,25341.24,52100,52900,54100,54100,53700,53300,52900,53300,53300,52700,52300,53900,55200,54300,54600,55000,54300,54300,53900,50800,51500,51200,51200,54800,50400,50000,49200,49200,49600,50800,61400,64100,62500,63300,55200,64500,63700,61000,61700,62100,61700,62500,61000,55000,52300,51800,50800,53100,49600,49200,50000,37000,0,0,37000,39810,52200,95000,0,38136,37000,34100,48473,95000,35231,0,36744,51400,34534,0,43177,0,45887,0,36109,40486,0,44885,51800,0,37176,0,40355,43501,45672,47577,47275,52216,46703,54900,45728,45661,47577,34100,3200,-273000,-273000,-273000,334059,779458,20424136,341470,63,0,224,22,126,0,448,44,0,0,0,0,1640,19443,402336,702,10392,14010,244768,2199,334059,779458,20424136,341470,15475008,583392,7212104,1.01,0.00,0.00,657270,359947,13165040,333672,,,,1113600,1113600,1113600,1113600,1113600,1113600,883200,883200,0,,,,,,0,,999021,1001921,398,4936,380,1,494000,4931000,6862000,0,385,4427000,Full,1200000000
1784670033.343909448,25341.55,52100,52500,54100,53700,53300,52900,52900,53300,52200,54600,53900,56200,54800,56200,56600,56600,56600,57000,57400,50800,51500,51200,51200,54400,50800,50000,48800,49200,49600,50800,61700,64100,62100,63700,55600,64100,64100,61000,61700,62500,61700,62100,61400,55400,52300,51800,51200,53500,49200,49200,50000,37000,0,0,37000,39825,52600,95000,0,38136,37000,34100,48444,95000,35231,0,36744,51400,34542,0,43209,0,45915,0,36074,40486,0,44899,51800,0,37240,0,40382,43490,45706,47577,47476,52451,46804,55300,45728,45056,47577,34100,3200,-273000,-273000,-273000,334059,779458,20424136,341470,63,0,224,22,126,0,448,44,0,0,0,0,1640,19443,402336,702,10392,14010,244768,2199,334059,779458,20424136,341470,15475008,580144,7208856,1.01,0.00,0.00,657270,359947,13165040,333672,,,,1228800,1228800,1228800,1228800,1228800,1228800,883200,883200,0,,,,,,0,,999021,1001921,398,4936,380,1,494000,4932000,6862000,0,385,4427000,Full,1200000000
1784670033.650504136,25341.85,52500,53200,54500,54100,53700,53300,52900,53700,52900,52700,52300,53900,55200,54300,54300,55000,54600,54600,53900,50800,51900,51200,51200,54800,50800,50400,48800,49600,50000,50800,62500,65200,63300,64100,56000,65600,64100,61400,62500,62900,61700,62500,61000,55000,52300,51800,51500,53500,49200,49600,49600,37000,0,0,37000,39832,52600,95000,0,38136,37000,34100,48460,95000,35231,0,36744,51800,34506,0,43242,0,45931,0,36100,40479,0,44917,51800,0,37190,0,40352,43536,45702,47610,47375,52519,47039,54900,45728,45627,47341,34100,3200,-273000,-273000,-273000,334059,779458,20424136,341470,63,0,224,22,126,0,448,44,0,0,0,0,1640,19443,402336,702,10392,14010,244768,2199,334059,779458,20424136,341470,15475008,576364,7205076,1.01,0.00,0.00,657270,359947,13165040,333672,,,,1113600,1113600,1113600,1113600,1113600,1113600,883200,883200,0,,,,,,0,,998608,1001929,398,4936,380,1,494000,4928000,6862000,0,385,4427000,Full,1200000000
1784670033.948009031,25342.15,52900,53200,54100,54500,53300,53300,52900,53300,52900,52700,51900,53500,55200,53900,53900,54600,54300,54300,53500,50800,51500,51200,50800,54800,50400,50400,48800,49600,50000,50800,64500,66800,62900,66000,55200,67200,64100,63700,64800,62900,61700,62100,61400,55000,52700,52200,51200,53500,49200,49600,49600,37000,0,0,37000,39835,53700,95000,0,38136,37000,34100,48480,95000,35231,0,36744,52600,34542,0,43232,0,45931,0,36118,40494,0,44914,52900,0,37187,0,40398,43533,45706,47711,47711,52350,46871,55300,45930,45661,47544,34100,3200,-273000,-273000,-273000,334059,779458,20424136,341470,63,0,224,22,126,0,448,44,0,0,0,0,1640,19443,402336,702,10392,14010,244768,2199,334059,779458,20424136,341470,15475008,570088,7198800,1.01,0.00,0.00,657270,359947,13165040,333672,,,,1555200,1555200,1555200,1555200,1555200,1555200,883200,883200,0,,,,,,0,,998608,1001929,398,4936,380,1,494000,4932000,6862000,0,385,4427000,Full,1200000000
1784670034.230459188,25342.43,52900,53200,54500,54100,54100,53300,52900,53700,53300,53500,53500,54600,55200,54600,54600,55000,54600,54600,53900,51500,52300,50800,51200,54800,50800,50000,48800,49600,50000,50400,62500,65200,62900,64500,55600,65600,64500,61400,62100,62500,61700,62500,61400,55000,52300,51800,50800,53100,49200,49200,50400,37000,0,0,37000,39852,52900,95000,0,38136,37000,34100,48520,95000,35231,0,36744,52200,34549,0,43245,0,45931,0,36109,40503,0,44931,51800,0,37155,0,40395,43523,45725,47577,47476,52519,46972,54900,45896,45762,47644,34100,3200,-273000,-273000,-273000,334065,779458,20424256,341471,63,0,224,22,126,0,448,44,0,0,0,0,1640,19443,402336,702,10392,14010,244768,2199,334065,779458,20424256,341471,15475008,565564,7194308,1.01,0.00,0.00,657270,359947,13165100,333672,,,,1555200,1555200,1555200,1555200,1555200,1555200,883200,883200,0,,,,,,0,,998608,1001929,398,4936,380,1,494000,4931000,6862000,0,385,4427000,Full,1200000000
1784670034.755786114,25342.96,53200,54000,54500,54500,54100,54100,53700,54500,54900,52300,52700,53900,55200,54300,54300,55000,54300,54300,53900,50800,51900,51200,50800,55200,50800,50400,48800,49600,50000,51200,61700,64500,62500,63700,56000,64800,64100,61000,62100,62500,61700,62500,61400,55000,52300,52900,51200,53900,49200,49600,50000,37000,0,0,37000,39874,53700,95000,0,38136,37000,34100,48524,95000,35231,0,36744,52200,34546,0,43268,0,45991,0,36203,40534,0,44928,52600,0,37205,0,40416,43568,45743,47846,47476,52720,47039,55300,45829,45392,47544,34100,3200,-273000,-273000,-273000,334065,779458,20424256,341471,63,0,224,22,126,0,448,44,0,0,0,0,1640,19443,402336,702,10392,14010,244768,2199,334065,779458,20424256,341471,15475008,574908,7203704,1.01,0.00,0.00,657270,359947,13165100,333672,,,,1785600,1785600,1785600,1785600,1785600,1785600,883200,883200,0,,,,,,0,,1000050,1001905,398,4936,380,1,494000,4931000,6862000,0,385,4427000,Full,1200000000
1784670035.037334187,25343.24,52500,53200,54500,54500,53700,53300,52900,54500,54100,53100,53500,54600,55600,55000,54600,55400,55000,55000,54300,51900,52700,51200,51200,55200,50800,50400,49200,49600,50000,51200,61700,64500,62900,63700,55600,64500,63700,61000,61700,62500,61700,62500,61400,55000,52300,51800,51200,53500,49200,49200,50000,37000,0,0,37000,39877,52600,95000,0,38136,37000,34100,48513,95000,35231,0,36744,52600,34567,0,43275,0,46012,0,36115,40500,0,44964,52900,0,37204,0,40434,43593,45739,47577,47476,52821,46972,55300,45930,45291,47544,34100,3200,-273000,-273000,-273000,334065,779458,20424256,341471,63,0,224,22,126,0,448,44,0,0,0,0,1640,19443,402336,702,10392,14010,244768,2199,334065,779458,20424256,341471,15475008,574720,7203516,1.01,0.00,0.00,657270,359947,13165100,333672,,,,1996800,1996800,1996800,1996800,1996800,1996800,883200,883200,0,,,,,,0,,1000050,1001905,398,4936,380,1,494000,4936000,6862000,0,385,4427000,Full,1200000000
1784670035.314983041,25343.52,52100,52900,54100,53700,53300,53700,53700,53300,52600,53100,52700,54300,55200,54600,54600,55400,54600,54600,53900,51200,51900,51200,51200,54800,50800,50400,48800,50000,50000,50800,63300,65600,63300,64800,55600,66000,64500,61700,62900,62900,61700,62900,61400,55000,52300,51800,51200,53500,49200,49200,50000,37000,0,0,37000,39895,52200,95000,0,38136,37000,34100,48572,95000,35231,0,36744,51800,34569,0,43281,0,45998,0,36157,40540,0,44969,51800,0,37185,0,40446,43597,45759,47678,47610,52585,46871,55300,45829,46165,47644,34100,3200,-273000,-273000,-273000,334065,779458,20424256,341471,63,0,224,22,126,0,448,44,0,0,0,0,1640,19443,402336,702,10392,14010,244768,2199,334065,779458,20424256,341471,15475008,571936,7200732,1.01,0.00,0.00,657270,359947,13165100,333672,,,,1113600,1113600,1113600,1113600,1113600,1113600,883200,883200,0,,,,,,0,,1000050,1001905,398,4936,380,1,494000,4933000,6862000,0,385,4427000,Full,1200000000
1784670035.615372312,25343.82,53600,54000,54900,54900,54900,54500,54900,54900,54500,53500,53500,54600,55600,54600,55000,55400,55400,55400,55800,52300,55800,51200,50800,55600,50800,50400,49200,49600,49600,50800,63300,65600,62500,64500,56300,66000,64100,62900,63700,62900,61700,62100,61400,55000,52300,52600,51200,53500,49600,49200,49600,37000,0,0,37000,39888,53700,95000,0,38136,37000,34100,48593,95000,35231,0,36744,52900,34567,0,43300,0,46021,0,36140,40540,0,44986,52900,0,37204,0,40437,43616,45769,47779,47610,52720,47140,56100,46098,45359,47544,34100,3200,-273000,-273000,-273000,334065,779458,20424256,341471,63,0,224,22,126,0,448,44,0,0,0,0,1640,19443,402336,702,10392,14010,244768,2199,334065,779458,20424256,341471,15475008,569032,7197800,1.01,0.00,0.00,657270,359947,13165100,333672,,,,1785600,1785600,1785600,1785600,1785600,1785600,2438400,2438400,0,,,,,,0,,999666,1001938,398,4936,380,1,494000,4933000,6860000,0,395,4422000,Full,1200000000
1784670035.967446114,25344.17,52900,53200,54900,54900,53700,53700,53300,53700,52900,54600,54600,55800,56000,56200,56200,57000,56200,55400,55000,52700,53900,51200,51200,55200,51200,50400,48800,50000,50400,51200,62100,64500,62900,63700,55600,64800,64500,61400,62100,62900,62100,62500,61400,55400,52700,52200,51200,53500,49600,49600,50000,37000,0,0,37000,39901,52900,95000,0,38136,37000,34100,48597,95000,35231,0,36744,52200,34588,0,43329,0,46032,0,36137,40570,0,44998,52200,0,37188,0,40456,43629,45801,47577,47476,52653,47241,55300,45829,45493,47375,34100,3200,-273000,-273000,-273000,334065,779458,20424256,341471,63,0,224,22,126,0,448,44,0,0,0,0,1640,19443,402336,702,10392,14010,244768,2199,334065,779458,20424256,341471,15475008,571480,7200280,1.01,0.00,0.00,657270,359947,13165100,333672,,,,1113600,1113600,1113600,1324800,1324800,1324800,883200,883200,0,,,,,,0,,999666,1001938,398,4936,380,1,494000,4932000,6860000,0,395,4422000,Full,1200000000
1784670036.267579030,25344.47,52900,52900,54900,54900,54100,53700,53300,53700,52900,53100,52700,54300,55200,54300,54300,55000,54600,54600,53900,50800,51500,51200,51200,54800,51200,50400,49200,49600,50000,50800,62100,64800,63300,64100,55600,64800,64500,61400,62500,62900,62100,62900,61700,55400,52700,51800,51200,53500,49600,49600,50000,37000,0,0,37000,39923,52900,95000,0,38136,37000,34100,48641,95000,35231,0,36744,52600,34574,0,43325,0,46038,0,36143,40591,0,45010,52200,0,37234,0,40467,43629,45801,47879,47745,52619,47174,55300,45896,45627,47476,34100,3200,-273000,-273000,-273000,334065,779458,20424256,341471,63,0,224,22,126,0,448,44,0,0,0,0,1640,19443,402336,702,10392,14010,244768,2199,334065,779458,20424256,341471,15475008,575716,7204548,1.01,0.00,0.00,657270,359947,13165100,333672,,,,998400,998400,998400,998400,998400,998400,883200,883200,0,,,,,,0,,999666,1001938,398,4936,380,1,494000,4931000,6860000,0,395,4422000,Full,1200000000
1784670036.578023614,25344.78,53200,54000,54900,54500,54500,54100,53700,54500,54500,53900,53900,55400,55600,55400,55800,55800,55400,55400,54600,52300,53500,51200,51200,55600,50800,50800,49200,49600,50000,51200,63300,66400,64100,65200,56000,66400,65200,62100,63700,63700,62500,62900,61700,55400,52700,52600,51500,53500,49200,49600,50000,37000,0,0,37000,39929,52900,95000,0,38136,37000,34100,48626,95000,35231,0,36744,53700,34561,0,43339,0,46078,0,36124,40573,0,45046,54500,0,37231,0,40486,43658,45831,47510,47476,52687,47510,55700,45997,45493,47476,34100,3200,-273000,-273000,-273000,334065,779458,20424256,341471,63,0,224,22,126,0,448,44,0,0,0,0,1640,19443,402336,702,10392,14010,244768,2199,334065,779458,20424256,341471,15475008,570928,7199764,1.00,0.00,0.00,657270,359947,13165100,333672,,,,998400,998400,998400,998400,998400,998400,883200,883200,0,,,,,,0,,1000527,1001902,398,4936,380,1,494000,4931000,6860000,0,395,4422000,Full,1200000000
1784670036.874051634,25345.08,52500,53200,54100,54900,54100,53300,52900,54500,54100,52700,52300,53900,55600,54300,54300,55000,54600,54300,53900,50800,51500,51200,50800,54800,50800,50400,48800,49600,49600,51200,63300,66000,62900,64800,55600,66400,64100,62900,63700,62500,61700,62100,61400,55400,52700,52200,51500,53500,50000,49600,50000,37000,0,0,37000,39937,52900,95000,0,38136,37000,34100,48673,95000,35231,0,36744,52200,34593,0,43358,0,46061,0,36143,40576,0,45048,52200,0,37192,0,40513,43683,45848,47577,47510,52821,47442,55300,45863,45425,47375,34100,3200,-273000,-273000,-273000,334065,779458,20424256,341471,63,0,224,22,126,0,448,44,0,0,0,0,1640,19443,402336,702,10392,14010,244768,2199,334065,779458,20424256,341471,15475008,574032,7202804,1.00,0.00,0.00,657270,359947,13165100,333672,,,,1670400,1670400,1670400,1670400,1670400,1670400,883200,883200,0,,,,,,0,,1000527,1001902,398,4936,380,1,494000,4936000,6860000,0,395,4422000,Full,1200000000
1784670037.153265853,25345.35,52100,52900,54100,54100,53700,53300,52900,52900,52600,52700,52700,54300,55200,54300,54600,55000,54300,54300,54300,50800,51500,51200,51200,54800,50800,50400,49200,49600,49600,51200,62500,64500,62900,64100,55600,64800,64100,61000,62100,62500,62100,62900,61400,55400,52700,51800,51200,53500,49200,49600,50000,37000,0,0,37000,39955,52600,95000,0,38277,37000,34100,48686,95000,35356,0,36848,51800,34564,0,43382,0,46082,0,36092,40597,0,45044,51800,0,37204,0,40513,43683,45863,47879,47476,52821,47241,54900,45728,45459,47577,34100,3200,-273000,-273000,-273000,334065,779458,20424256,341471,63,0,224,22,126,0,448,44,0,0,0,0,1640,19443,402336,702,10392,14010,244768,2199,334065,779458,20424256,341471,15475008,569756,7198532,1.00,0.00,0.00,657270,359947,13165100,333672,,,,1324800,1324800,1324800,1324800,1324800,1324800,883200,883200,0,,,,,,0,,1000527,1001902,398,4936,380,1,494000,4931000,6860000,0,395,4422000,Full,1200000000
1784670037.449722936,25345.65,52500,52900,54100,54100,53700,53300,52900,53300,52900,53900,53500,55000,55600,55400,55400,56200,55800,55000,55000,51200,52300,51200,51200,55200,51200,50400,49200,49600,50000,51200,61400,64100,62500,62900,55600,64100,63700,60600,61400,62100,61700,62900,61000,55400,52700,51800,51500,53900,49600,49600,50000,37000,0,0,37000,39955,52600,95000,0,38277,37000,34100,48665,95000,35356,0,36848,51800,34574,0,43375,0,46103,0,36137,40634,0,45064,52200,0,37172,0,40534,43697,45863,47846,47476,52720,47140,54900,45795,45896,47476,34100,3200,-273000,-273000,-273000,334065,779458,20424256,341471,63,0,224,22,126,0,448,44,0,0,0,0,1640,19443,402336,702,10392,14010,244768,2199,334065,779458,20424256,341471,15475008,573260,7202020,1.00,0.00,0.00,657270,359947,13165100,333672,,,,883200,883200,883200,883200,883200,883200,883200,883200,0,,,,,,0,,998735,1002015,398,4936,380,1,494000,4931000,6860000,0,395,4422000,Full,1200000000
1784670037.936477051,25346.14,52500,53200,54500,54500,54100,53700,53700,54100,53700,53900,53900,55000,55600,55000,55400,55800,55400,55000,54300,53100,53900,51200,51200,55200,50800,50400,49200,50000,50000,50800,62500,64800,63300,64100,55600,65200,64800,61700,62500,62500,62100,62900,61400,55400,53100,51800,51500,53500,49200,49600,50000,37000,0,0,37000,39969,52600,95000,0,38277,37000,34100,48694,95000,35356,0,36848,52200,34569,0,43378,0,46158,0,36128,40637,0,45099,52200,0,37193,0,40513,43712,45907,47980,47745,52854,46972,54900,46031,45795,47476,34100,3200,-273000,-273000,-273000,334065,779458,20424256,341471,63,0,224,22,126,0,448,44,0,0,0,0,1640,19443,402336,702,10392,14010,244768,2199,334065,779458,20424256,341471,15475008,570728,7199440,1.00,0.00,0.00,657270,359947,13165100,333672,,,,1113600,1113600,1113600,1113600,1113600,1113600,1862400,1862400,0,,,,,,0,,998735,1002015,398,4936,380,1,494000,4931000,6860000,0,395,4422000,Full,1200000000
1784670038.247957884,25346.45,52900,53600,54500,54500,54100,53300,53300,54100,53700,54600,54300,56200,55600,56600,56600,57000,56600,56200,55800,51500,52700,51200,51200,55600,51200,50400,49200,49600,50000,51500,64100,66800,63300,65600,56000,67200,64800,63300,64500,63300,62500,62900,62100,55800,52700,51800,51500,53900,50000,49600,50400,37000,0,0,37000,39986,52900,95000,0,38277,37000,34100,48701,95000,35356,0,36848,52600,34579,0,43404,0,46117,0,36092,40648,0,45122,52200,0,37205,0,40543,43722,45914,48148,47678,52821,47039,55700,46165,45560,47409,34100,3200,-273000,-273000,-273000,334065,779458,20424256,341471,63,0,224,22,126,0,448,44,0,0,0,0,1640,19443,402336,702,10392,14010,244768,2199,334065,779458,20424256,341471,15475008,576424,7205140,1.00,0.00,0.00,657270,359947,13165100,333672,,,,998400,998400,998400,998400,998400,998400,883200,883200,0,,,,,,0,,998735,1002015,398,4936,380,1,494000,4931000,6860000,0,395,4422000,Full,1200000000
1784670038.560064290,25346.76,52900,53200,54100,54500,53700,53300,53300,54100,53700,53100,53100,54300,56000,54300,55000,55400,54600,54600,54300,50800,51900,51200,51200,55200,51200,50800,49200,49600,50000,51200,64800,67500,63700,66800,55600,68300,65200,64100,65200,63700,62100,62900,61700,55800,52700,51800,51200,53900,49600,49600,50000,37000,0,0,37000,40003,52600,95000,0,38277,37000,34100,48726,95000,35356,0,36848,52200,34597,0,43443,0,46158,0,36089,40651,0,45133,52200,0,37219,0,40554,43757,45907,47879,47678,52821,47106,55300,45997,45560,47375,34100,3200,-273000,-273000,-273000,334065,779458,20424256,341471,63,0,224,22,126,0,448,44,0,0,0,0,1640,19443,402336,702,10392,14010,244768,2199,334065,779458,20424256,341471,15475008,571628,7200348,1.18,0.00,0.00,657270,359947,13165100,333672,,,,998400,998400,998400,998400,998400,998400,883200,883200,0,,,,,,0,,998955,1001926,398,4936,380,1,494000,4933000,6860000,0,395,4422000,Full,1200000000
1784670038.875623665,25347.08,53200,53200,55300,55300,55300,54100,53700,54500,53700,55000,53900,56200,56000,56200,57000,57000,56600,57400,57700,51900,52300,51500,51200,55200,50800,50400,49200,49600,50000,50800,62900,65600,63300,64500,56300,66000,64800,61700,62900,62900,62100,62900,61700,55400,53100,52900,51200,53900,49600,50000,50000,37000,0,0,37000,39992,53700,95000,0,38277,37000,34100,48749,95000,35356,0,36848,52600,34601,0,43429,0,46179,0,36172,40648,0,45121,52900,0,37199,0,40594,43761,45926,47980,47812,52888,47308,56100,46132,45627,47544,34100,3200,-273000,-273000,-273000,334065,779458,20424256,341471,63,0,224,22,126,0,448,44,0,0,0,0,1640,19443,402336,702,10392,14010,244768,2199,334065,779458,20424256,341471,15475008,565384,7194184,1.18,0.00,0.00,657270,359947,13165100,333672,,,,1996800,1996800,1996800,1996800,1996800,1996800,883200,883200,0,,,,,,0,,998955,1001926,398,4936,380,1,494000,4931000,6860000,0,395,4422000,Full,1200000000
1784670039.166528456,25347.37,52100,53200,54500,54500,53700,53700,53700,54100,53300,53100,52300,54300,55200,54600,54600,55000,54600,54600,53900,50800,51500,51500,51500,55200,51200,50400,49600,50000,50400,51200,62500,65200,63300,64100,55600,65200,64500,61700,62100,62900,62100,62900,61700,55800,52700,51800,51200,53900,49600,49600,50000,37000,0,0,37000,40015,52600,95000,0,38277,37000,34100,48795,95000,35356,0,36848,52600,34593,0,43436,0,46192,0,36149,40654,0,45158,52600,0,37214,0,40573,43757,45946,47812,47678,52922,47207,54900,45997,45829,47409,34100,3200,-273000,-273000,-273000,334065,779458,20424256,341471,63,0,224,22,126,0,448,44,0,0,0,0,1640,19443,402336,702,10392,14010,244768,2199,334065,779458,20424256,341471,15475008,567464,7196280,1.18,0.00,0.00,657270,359947,13165100,333672,,,,1440000,1440000,1440000,1440000,1440000,1440000,883200,883200,0,,,,,,0,,998955,1001926,398,4936,380,1,494000,4931000,6860000,0,395,4422000,Full,1200000000
1784670039.448127467,25347.65,52500,52900,54100,54500,53700,53300,52900,53300,52900,52700,52700,54300,55600,54600,54600,54600,54600,54300,53900,50800,51900,51200,51500,55200,51200,50400,48800,49600,49600,51200,64500,67200,63300,66400,55600,67900,64500,63300,64500,62900,62100,62500,61400,55400,52700,52200,51200,53900,49600,49200,50000,37000,0,0,37000,40026,52900,95000,0,38277,37000,34100,48795,95000,35356,0,36848,51800,34604,0,43465,0,46179,0,36121,40661,0,45166,51800,0,37231,0,40585,43768,45956,47846,47644,52955,47207,55300,45997,45526,47409,34100,3200,-273000,-273000,-273000,334069,779458,20424336,341472,63,0,224,22,126,0,448,44,0,0,0,0,1640,19443,402336,702,10392,14010,244768,2199,334069,779458,20424336,341472,15475008,571076,7199892,1.18,0.00,0.00,657270,359947,13165140,333672,,,,1113600,1324800,1324800,1324800,1324800,1324800,883200,883200,0,,,,,,0,,1000314,1001917,398,4936,380,1,494000,4928000,6860000,0,395,4422000,Full,1200000000
1784670039.748443144,25347.95,53600,54000,55300,54900,54500,55300,55300,54500,53700,54300,54600,55400,56300,56200,55800,57000,55800,55400,55000,52300,53900,51500,51200,55600,50800,50400,49200,49600,50000,50400,62500,65200,63300,64500,56300,65600,64800,61700,62900,63700,62500,63300,61700,55400,52700,53300,51200,53900,50000,49600,50400,37000,0,0,37000,40036,54900,95000,0,38277,37000,34100,48798,95000,35356,0,36848,52900,34574,0,43443,0,46196,0,36071,40684,0,45173,52900,0,37205,0,40597,43800,45958,47980,47745,52653,47207,56100,46132,45863,47341,34100,3200,-273000,-273000,-273000,334069,779458,20424336,341472,63,0,224,22,126,0,448,44,0,0,0,0,1640,19443,402336,702,10392,14010,244768,2199,334069,779458,20424336,341472,15475008,574552,7203308,1.18,0.00,0.00,657270,359947,13165140,333672,,,,1785600,1785600,1785600,1785600,1785600,1785600,883200,883200,0,,,,,,0,,1000314,1001917,398,4936,380,1,494000,4928000,6860000,0,395,4422000,Full,1200000000
1784670040.032631529,25348.23,53200,54000,54900,54900,54900,54100,54100,54100,53300,54300,54300,55000,56000,55400,55000,56200,55000,55000,54600,52700,53900,51200,51500,55600,51200,50400,49200,50000,50000,51200,64800,67500,63300,66400,56300,67500,64800,64100,64800,63700,62100,62900,61700,55400,52700,52900,51200,53900,50000,50000,50400,37000,0,0,37000,40047,53300,95000,0,38277,37000,34100,48834,95000,35356,0,36848,52600,34591,0,43507,0,46241,0,36086,40708,0,45203,52200,0,37217,0,40610,43789,45968,47980,47745,53191,47174,55700,46132,46299,47308,34100,3200,-273000,-273000,-273000,334069,779458,20424336,341472,63,0,224,22,126,0,448,44,0,0,0,0,1640,19443,402336,702,10392,14010,244768,2199,334069,779458,20424336,341472,15475008,568016,7196772,1.18,0.00,0.00,657270,359947,13165140,333672,,,,1228800,1228800,1228800,1228800,1228800,1228800,883200,883200,0,,,,,,0,,1000314,1001917,398,4936,380,1,494000,4931000,6860000,0,395,4422000,Full,1200000000
1784670040.331551112,25348.53,53200,54000,56400,55300,54500,54100,53700,54500,54100,53100,53100,54300,56000,54600,55000,55000,54600,55000,54300,51200,51900,51500,51500,55600,51200,50800,49200,50000,50400,51200,62100,64500,62900,64100,56300,64800,64100,61000,62100,62900,62100,62900,61700,55400,53100,52600,51500,53900,50000,49600,50400,37000,0,0,37000,40047,53700,95000,0,38277,37000,34100,48857,95000,35356,0,36848,53300,34615,0,43507,0,46218,0,36128,40697,0,45215,54100,0,37220,0,40615,43828,45978,48115,47678,52955,47409,56100,45863,45392,47308,34100,3200,-273000,-273000,-273000,334069,779458,20424336,341472,63,0,224,22,126,0,448,44,0,0,0,0,1640,19443,402336,702,10392,14010,244768,2199,334069,779458,20424336,341472,15475008,566152,7194908,1.18,0.00,0.00,657270,359947,13165140,333672,,,,1996800,1996800,1996800,1996800,1996800,1996800,883200,883200,0,,,,,,0,,1000314,1001917,398,4936,380,1,494000,4933000,6860000,0,395,4422000,Full,1200000000
1784670040.607963612,25348.81,52900,53600,54500,54900,54100,53700,53300,54100,54100,54600,53900,56200,55600,56200,56600,56600,56600,56600,55800,51500,52300,51500,51200,55600,51200,50800,49200,50000,50000,51200,62100,64500,63300,63700,56000,64500,64500,60600,61400,62900,62100,62900,61700,55800,52700,52600,51500,53900,49600,49600,50000,37000,0,0,37000,40070,52900,95000,0,38277,37000,34100,48838,95000,35356,0,36848,52600,34615,0,43504,0,46266,0,36109,40718,0,45223,52900,0,37179,0,40628,43814,45991,48115,47678,53090,47241,56100,46064,46132,47308,34100,3200,-273000,-273000,-273000,334069,779458,20424336,341472,63,0,224,22,126,0,448,44,0,0,0,0,1640,19443,402336,702,10392,14010,244768,2199,334069,779458,20424336,341472,15475008,571904,7200664,1.15,0.00,0.00,657270,359947,13165140,333672,,,,998400,998400,998400,998400,998400,998400,883200,883200,0,,,,,,0,,999041,1001922,398,4936,380,1,494000,4924000,6860000,0,434,4425000,Full,1200000000
1784670041.114050695,25349.32,53600,54400,55300,54900,54500,54100,54100,54900,55300,53100,53100,54300,56300,54600,55000,55400,54600,54600,54300,51200,52300,51500,51200,56000,51200,50800,49200,50000,50400,51200,62100,64800,63300,64100,56300,65200,64800,61700,62500,62900,62500,63300,62100,55800,52700,52900,51500,53900,50000,50000,50400,37000,0,0,37000,40092,54500,95000,0,38277,37000,34200,48857,95000,35356,0,36848,53300,34618,0,43539,0,46284,0,36143,40754,0,45244,53700,0,37229,0,40645,43825,46037,47913,47812,52821,47510,56400,46198,46064,47241,34200,3200,-273000,-273000,-273000,334069,779458,20424336,341472,63,0,224,22,126,0,448,44,0,0,0,0,1640,19443,402336,702,10392,14010,244768,2199,334069,779458,20424336,341472,15475008,569860,7198604,1.15,0.00,0.00,657270,359947,13165140,333672,,,,1996800,1996800,1996800,1996800,1996800,1996800,2438400,2438400,0,,,,,,0,,999041,1001922,398,4936,380,1,494000,4928000,6860000,0,434,4425000,Full,1200000000
1784670041.395704706,25349.60,53200,53600,55300,54900,54500,53700,54100,54500,54100,53500,53500,55000,56000,55000,55000,55800,55400,55400,55000,51500,52300,51500,51500,55200,51200,50800,49200,50400,50400,51500,62500,65200,63700,64100,56300,65200,64800,61400,62100,62900,62900,63300,61700,56200,53100,52600,51500,53900,50000,50000,50400,37000,0,0,37000,40087,53300,95000,0,38277,37000,34200,48870,95000,35356,0,36848,52900,34585,0,43552,0,46284,0,36121,40731,0,45266,54100,0,37195,0,40667,43863,46063,48081,47711,52989,47442,56100,46132,46266,47207,34200,3200,-273000,-273000,-273000,334069,779458,20424336,341472,63,0,224,22,126,0,448,44,0,0,0,0,1640,19443,402336,702,10392,14010,244768,2199,334069,779458,20424336,341472,15475008,570956,7199704,1.15,0.00,0.00,657270,359947,13165140,333672,,,,1996800,1996800,1996800,1996800,1996800,1996800,883200,883200,0,,,,,,0,,999041,1001922,398,4936,380,1,494000,4928000,6860000,0,434,4425000,Full,1200000000
1784670041.679022987,25349.88,52500,53200,54500,54900,54500,53300,52900,54100,53700,53500,52700,54600,55600,54600,55000,55400,55000,55000,54300,51200,52300,51200,51500,55600,51200,50800,49600,50400,50400,51200,63300,65600,64100,64800,56000,66000,65200,62100,62900,63700,62900,63700,62100,55800,52700,51800,51500,53900,50000,49600,50400,37000,0,0,37000,40102,52600,95000,0,38277,37000,34200,48896,95000,35356,0,36848,52600,34621,0,43565,0,46307,0,36080,40745,0,45261,52200,0,37199,0,40664,43885,46056,48048,47745,53224,47341,55700,46132,45728,47241,34200,3200,-273000,-273000,-273000,334069,779458,20424336,341472,63,0,224,22,126,0,448,44,0,0,0,0,1640,19443,402336,702,10392,14010,244768,2199,334069,779458,20424336,341472,15475008,574412,7203160,1.15,0.00,0.00,657270,359947,13165140,333672,,,,998400,998400,998400,998400,998400,998400,883200,883200,0,,,,,,0,,999705,1001954,398,4936,380,1,494000,4932000,6860000,0,434,4425000,Full,1200000000
1784670041.992344757,25350.19,52900,53200,54900,54500,54100,53700,53700,53700,53300,55000,54300,56600,56000,56600,57400,57000,57000,57400,58100,51500,52300,51500,51500,55600,51200,50800,49200,50000,50400,51500,62900,65600,63700,64500,56300,66000,64800,61700,62900,63700,62900,63300,61700,55400,52700,52200,51500,54300,50000,49600,50000,37000,0,0,37000,40124,52900,95000,0,38382,37000,34200,48957,95000,35478,0,36990,52600,34634,0,43590,0,46307,0,36137,40768,0,45282,52200,0,37217,0,40675,43895,46078,47947,47812,53325,47174,56100,46266,45863,47073,34200,3200,-273000,-273000,-273000,334069,779458,20424336,341472,63,0,224,22,126,0,448,44,0,0,0,0,1640,19443,402336,702,10392,14010,244768,2199,334069,779458,20424336,341472,15475008,571096,7199848,1.15,0.00,0.00,657270,359947,13165140,333672,,,,1228800,1228800,1228800,1228800,1228800,1228800,1862400,1862400,0,,,,,,0,,999705,1001954,398,4936,380,1,494000,4931000,6860000,0,434,4425000,Full,1200000000
1784670042.294614809,25350.50,53600,54400,55300,54900,54500,54500,54500,54900,54900,54300,53900,55800,56000,56200,56200,57000,56200,56200,55800,51500,52700,51500,51500,55600,51200,50800,49200,50000,50000,51200,62500,65200,63300,64100,56300,65200,64500,61400,62100,63300,62500,63300,61700,55800,53100,52600,51900,53900,50400,50000,50800,37000,0,0,37000,40128,53700,95000,0,38382,37000,34200,48950,95000,35478,0,36990,52900,34623,0,43593,0,46349,0,36178,40748,0,45294,52900,0,37205,0,40684,43904,46068,48283,47711,53090,47207,56100,46098,45694,47275,34200,3200,-273000,-273000,-273000,334069,779458,20424336,341472,63,0,224,22,126,0,448,44,0,0,0,0,1640,19443,402336,702,10392,14010,244768,2199,334069,779458,20424336,341472,15475008,571932,7200684,1.15,0.00,0.00,657270,359947,13165140,333672,,,,1228800,1228800,1228800,1228800,1228800,1228800,883200,883200,0,,,,,,0,,999705,1001954,398,4936,380,1,494000,4932000,6860000,0,434,4425000,Full,1200000000
1784670042.588148768,25350.79,53200,54000,54500,54900,54100,54500,54500,54500,54500,53100,53100,54300,56000,54600,55000,55000,54600,54600,54300,50800,51500,51500,51500,55200,51500,50800,49600,50000,50000,51200,62900,65600,63300,64500,56300,65600,64800,61700,62500,63300,62500,63700,61700,55800,52700,52600,51500,54300,50000,50000,50400,37000,0,0,37000,40128,54100,95000,0,38382,37000,34200,48928,95000,35478,0,36990,52900,34628,0,43619,0,46356,0,36109,40781,0,45298,53700,0,37220,0,40694,43907,46097,47846,47846,53023,47442,55700,46266,46031,47207,34200,3200,-273000,-273000,-273000,334069,779458,20424336,341472,63,0,224,22,126,0,448,44,0,0,0,0,1640,19443,402336,702,10392,14010,244768,2199,334069,779458,20424336,341472,15475008,567544,7196300,1.12,0.00,0.00,657270,359947,13165140,333672,,,,1900800,1900800,1900800,1900800,1900800,1900800,883200,883200,0,,,,,,0,,1000406,1001909,398,4936,380,1,494000,4932000,6860000,0,434,4425000,Full,1200000000
1784670042.876881059,25351.08,52900,53600,54900,54500,54100,54100,54100,53700,52900,53900,53500,55400,55600,55400,55800,56600,55800,55400,55000,51200,52300,51200,51200,55200,51500,50800,49200,50000,50400,51200,62500,64800,63300,64500,56300,65600,64800,60600,61700,62900,62500,63300,61700,55800,53100,52200,51500,53900,49600,50000,50400,37000,0,0,37000,40142,52900,95000,0,38382,37000,34200,48957,95000,35478,0,36990,52200,34636,0,43607,0,46384,0,36131,40804,0,45337,52200,0,37187,0,40697,43913,46139,47980,47879,53325,47241,55700,46165,45863,47207,34200,3200,-273000,-273000,-273000,334069,779458,20424336,341472,63,0,224,22,126,0,448,44,0,0,0,0,1640,19443,402336,702,10392,14010,244768,2199,334069,779458,20424336,341472,15475008,562272,7191076,1.12,0.00,0.00,657270,359947,13165140,333672,,,,1228800,1228800,1228800,1228800,1228800,1228800,883200,883200,0,,,,,,0,,1000406,1001909,398,4936,380,1,494000,4931000,6860000,0,434,4425000,Full,1200000000
1784670043.166091632,25351.37,52500,53200,54900,54900,54500,53700,53300,54100,53300,53900,53900,55000,55600,55400,55400,55800,55400,55000,55000,51900,52700,51500,51500,55200,51200,51200,49600,50400,50400,51200,62500,65600,63700,64500,56000,65600,64800,61700,62500,63700,62100,63300,61700,55800,53100,52200,51900,53900,50000,49600,50400,37000,0,0,37000,40139,52900,95000,0,38382,37000,34200,48978,95000,35478,0,36990,52200,34636,0,43644,0,46356,0,36128,40801,0,45356,52200,0,37213,0,40724,43949,46159,48283,47879,53090,47140,55700,46266,45997,47140,34200,3200,-273000,-273000,-273000,334069,779458,20424336,341472,63,0,224,22,126,0,448,44,0,0,0,0,1640,19443,402336,702,10392,14010,244768,2199,334069,779458,20424336,341472,15475008,568484,7197320,1.12,0.00,0.00,657270,359947,13165140,333672,,,,1113600,1324800,1324800,1324800,1324800,1324800,883200,883200,0,,,,,,0,,1000406,1001909,398,4936,380,1,494000,4928000,6860000,0,434,4425000,Full,1200000000
1784670043.465324757,25351.67,53600,54000,54900,54900,54500,54500,54900,54500,53700,53100,53100,54300,56000,54600,55000,55400,54600,55000,54300,50800,51900,51500,51500,55600,51500,50800,49600,50000,50400,51200,65200,68300,64100,67500,56300,68700,65200,64100,65600,63700,62100,62900,62100,55800,53100,53300,51500,53900,49600,49600,50400,37000,0,0,37000,40158,54100,95000,0,38382,37000,34200,48978,95000,35478,0,36990,52900,34621,0,43629,0,46376,0,36100,40804,0,45356,53300,0,37236,0,40738,43949,46146,48249,47913,53090,47341,56100,46132,45829,47106,34200,3200,-273000,-273000,-273000,334069,779458,20424336,341472,63,0,224,22,126,0,448,44,0,0,0,0,1640,19443,402336,702,10392,14010,244768,2199,334069,779458,20424336,341472,15475008,578040,7206864,1.12,0.00,0.00,657270,359947,13165140,333672,,,,998400,998400,998400,998400,998400,998400,883200,883200,0,,,,,,0,,1000252,1001924,398,4936,380,1,494000,4927000,6860000,0,434,4425000,Full,1200000000
1784670043.758807413,25351.96,53600,54400,55300,55300,54900,54900,55300,54500,54100,54300,53500,55400,56300,55400,55800,56200,55800,55400,55400,51200,52300,51500,51500,56000,51200,50800,49600,50000,50000,51200,62900,66000,64100,64800,56300,66400,65200,62100,62900,63700,62500,63300,62100,55800,53100,52600,51900,53900,50000,49600,50000,37000,0,0,37000,40168,53300,95000,0,38382,37000,34200,49025,95000,35478,0,36990,52900,34663,0,43632,0,46401,0,36118,40814,0,45387,53300,0,37271,0,40748,43981,46167,48048,48014,53393,47275,56100,46299,45694,47140,34200,3200,-273000,-273000,-273000,334072,779458,20424440,341472,63,0,224,22,126,0,448,44,0,0,0,0,1640,19443,402336,702,10392,14010,244768,2199,334072,779458,20424440,341472,15475008,580296,7209164,1.12,0.00,0.00,657270,359947,13165192,333672,,,,883200,883200,883200,883200,883200,883200,1017600,1017600,0,,,,,,0,,1000252,1001924,434,4929,380,1,494000,4926000,6860000,0,434,4425000,Full,1200000000
1784670044.234537725,25352.44,53200,54000,55300,55700,55300,54100,54100,54100,54100,54600,54600,55800,56300,55800,55800,56200,56200,55400,55000,53100,54300,51900,51500,56300,51500,50800,49600,50000,50400,51200,62900,64800,63300,64500,56700,65600,64500,61700,62500,63700,62100,63300,62100,55800,53100,52600,51900,54300,50000,50000,50800,37000,0,0,37000,40187,52900,95000,0,38382,37000,34200,49072,95000,35478,0,36990,53300,34658,0,43629,0,46426,0,36169,40825,0,45414,53300,0,37251,0,40775,44006,46190,48283,47947,53359,47442,55700,46132,45795,47106,34200,3200,-273000,-273000,-273000,334072,779458,20424440,341472,63,0,224,22,126,0,448,44,0,0,0,0,1640,19443,402336,702,10392,14010,244768,2199,334072,779458,20424440,341472,15475008,565728,7194580,1.12,0.00,0.00,657270,359947,13165192,333672,,,,1113600,1113600,1113600,1113600,1113600,1113600,883200,883200,0,,,,,,0,,1000252,1001924,434,4929,380,1,494000,4929000,6860000,0,434,4425000,Full,1200000000
1784670044.535237569,25352.74,54000,55200,55700,55700,55300,54900,54900,55300,55300,54300,54300,55400,56700,55800,55800,56200,55800,55400,55400,52300,53500,51500,51500,56300,51200,51200,50000,50000,50400,51200,64100,66800,63700,65600,57100,66800,64800,62900,64100,62900,62900,63700,62500,55800,53100,53700,51500,53900,50000,50000,50400,37000,0,0,37000,40198,55300,95000,0,38382,37000,34200,49093,95000,35478,0,36990,52900,34660,0,43639,0,46430,0,36149,40858,0,45414,53300,0,37233,0,40771,44006,46209,48148,48048,53426,47610,56800,46333,45997,47039,34200,3200,-273000,-273000,-273000,334086,779458,20424608,341474,63,0,224,22,126,0,448,44,0,0,0,0,1640,19443,402336,702,10392,14010,244768,2199,334086,779458,20424608,341474,15475008,571032,7199880,1.10,0.00,0.00,657270,359947,13165276,333672,,,,998400,998400,998400,998400,998400,998400,883200,883200,0,,,,,,0,,996782,1001951,434,4929,380,1,494000,4932000,6860000,0,434,4425000,Full,1200000000
1784670044.832251683,25353.03,53600,54400,55300,55300,54900,54500,54500,54900,55300,53500,53100,54600,56300,55000,55000,55400,55400,55000,54600,51200,52300,51900,51500,56000,51500,50800,49600,50400,50400,51500,62900,65200,63700,64500,56000,65600,65200,61700,62900,63700,62500,63300,61700,55800,53100,52600,51900,54300,50000,50000,50400,37000,0,0,37000,40202,52900,95000,0,38382,37000,34200,49076,95000,35478,0,36990,52900,34642,0,43680,0,46470,0,36118,40874,0,45419,53300,0,37263,0,40781,44027,46234,48451,47947,53426,47678,56100,46266,45661,47174,34200,3200,-273000,-273000,-273000,334086,779458,20424608,341474,63,0,224,22,126,0,448,44,0,0,0,0,1640,19443,402336,702,10392,14010,244768,2199,334086,779458,20424608,341474,15475008,572964,7201816,1.10,0.00,0.00,657270,359947,13165276,333672,,,,1670400,1670400,1670400,1670400,1670400,1670400,883200,883200,0,,,,,,0,,996782,1001951,434,4929,380,1,494000,4927000,6860000,0,434,4425000,Full,1200000000
1784670045.108132725,25353.31,52900,53200,54900,54900,54100,54100,53300,54100,53300,53900,53500,54600,55600,55000,55000,55800,55400,55000,55000,51900,52700,51500,51500,55600,51500,51200,49600,50000,50400,51500,65200,67900,64500,67200,56000,68700,65600,64500,65200,64100,62500,63300,61700,56200,53100,52600,51900,54300,50000,50000,50400,37000,0,0,37000,40212,52900,95000,0,38382,37000,34200,49097,95000,35478,0,36990,52900,34658,0,43712,0,46453,0,36118,40877,0,45422,52900,0,37231,0,40814,44019,46230,48283,47947,53393,47341,55700,46266,45930,47039,34200,3200,-273000,-273000,-273000,334086,779458,20424608,341474,63,0,224,22,126,0,448,44,0,0,0,0,1640,19443,402336,702,10392,14010,244768,2199,334086,779458,20424608,341474,15475008,569436,7198292,1.10,0.00,0.00,657270,359947,13165276,333672,,,,1996800,1996800,1996800,1996800,1996800,1996800,883200,883200,0,,,,,,0,,996782,1001951,434,4929,380,1,494000,4929000,6860000,0,434,4425000,Full,1200000000
1784670045.388221840,25353.59,53200,53600,55300,54900,54500,54500,54100,54100,53300,53900,53500,55000,56300,54600,55400,55800,55000,55000,54600,51200,52300,51500,51500,55600,51200,50800,49600,50400,50400,51200,64500,67500,64500,66400,56300,67900,66000,63700,64800,64100,62500,63300,62500,55800,53100,52200,51500,53900,50000,50000,50400,37000,0,0,37000,40233,52900,95000,0,38382,37000,34200,49086,95000,35478,0,36990,52600,34660,0,43661,0,46484,0,36118,40885,0,45433,52600,0,37210,0,40795,44045,46249,48148,47947,53393,47375,56100,46367,45930,47006,34200,3200,-273000,-273000,-273000,334086,779458,20424608,341474,63,0,224,22,126,0,448,44,0,0,0,0,1640,19443,402336,702,10392,14010,244768,2199,334086,779458,20424608,341474,15475008,565936,7194792,1.10,0.00,0.00,657270,359947,13165276,333672,,,,1113600,1113600,1113600,1113600,1113600,1113600,883200,883200,0,,,,,,0,,996782,1001951,434,4929,380,1,494000,4929000,6860000,0,434,4425000,Full,1200000000
1784670045.695154027,25353.90,53600,54400,55300,55300,54500,54500,54500,54500,54100,53100,53100,54300,56300,54600,55000,55400,55000,55000,54600,51500,52700,51500,51900,55600,51500,51200,49600,50400,50400,51200,62100,64800,63300,63700,56300,65200,64800,61000,61700,62900,62900,63300,61700,55800,53100,53300,51900,54300,50000,50000,50400,37000,0,0,37000,40238,54500,95000,0,38382,37000,34200,49161,95000,35478,0,36990,52900,34690,0,43676,0,46481,0,36118,40901,0,45451,52900,0,37195,0,40828,44034,46243,48148,48014,53393,47644,55700,46333,45997,47073,34200,3200,-273000,-273000,-273000,334086,779458,20424608,341474,63,0,224,22,126,0,448,44,0,0,0,0,1640,19443,402336,702,10392,14010,244768,2199,334086,779458,20424608,341474,15475008,570104,7198948,1.10,0.00,0.00,657270,359947,13165276,333672,,,,1113600,1113600,1324800,1324800,1324800,1324800,883200,883200,0,,,,,,0,,1000448,1001935,434,4929,380,1,494000,4932000,6860000,0,394,4426000,Full,1200000000
1784670046.065138923,25354.27,54000,54800,55300,55700,54900,54500,54100,54900,54100,54300,54300,55800,56300,56200,56200,57000,56200,56200,55400,51500,52700,51500,51900,56000,51200,51200,49600,50400,50400,51500,62900,65200,64100,64500,56700,66000,64800,62100,62900,63300,62900,63700,62500,55800,52700,53700,51500,54300,50000,49600,50400,37000,0,0,37000,40253,54500,95000,0,38382,37000,34200,49136,95000,35478,0,36990,53300,34682,0,43715,0,46530,0,36143,40904,0,45470,52900,0,37237,0,40862,44045,46256,48115,48014,53157,47610,56100,46299,46333,47073,34200,3200,-273000,-273000,-273000,334086,779458,20424608,341474,63,0,224,22,126,0,448,44,0,0,0,0,1640,19443,402336,702,10392,14010,244768,2199,334086,779458,20424608,341474,15475008,565332,7194176,1.10,0.00,0.00,657270,359947,13165276,333672,,,,787200,787200,787200,787200,787200,787200,883200,883200,0,,,,,,0,,1000448,1001935,434,4929,380,1,497000,4935000,6858000,0,402,4426000,Full,1200000000
1784670046.366659704,25354.57,53600,54000,54900,54900,54500,54500,54500,54900,54500,53100,53100,54600,56300,55000,55000,55800,55000,55400,54300,51200,52300,51900,51900,55600,51500,50800,49600,50000,50400,51200,62900,65600,63700,64500,56300,65600,64800,61700,62500,63700,62500,63300,61700,55800,53500,53300,51500,54300,50000,50400,50400,37000,0,0,37000,40248,54500,95000,0,38382,37000,34200,49165,95000,35478,0,36990,52900,34688,0,43761,0,46530,0,36137,40901,0,45481,53300,0,37223,0,40858,44078,46278,48283,48182,53258,47341,55700,46232,46232,47140,34200,3200,-273000,-273000,-273000,334086,779458,20424608,341474,63,0,224,22,126,0,448,44,0,0,0,0,1640,19443,402336,702,10392,14010,244768,2199,334086,779458,20424608,341474,15475008,568020,7196864,1.08,0.00,0.00,657270,359947,13165276,333672,,,,1996800,1996800,1996800,1996800,1996800,1996800,883200,883200,0,,,,,,0,,1000448,1001935,434,4929,380,1,494000,4932000,6858000,0,402,4426000,Full,1200000000
1784670046.638131110,25354.84,52500,53600,54500,54900,54100,54100,53700,53700,53300,53100,53100,54300,56000,54600,55000,55400,54600,55000,54300,51200,51900,51900,51500,55200,51500,51200,49600,50000,50400,51500,62500,64800,63300,64100,56300,64800,64500,60600,61700,62900,62500,63300,61400,55800,53100,52200,51900,54300,50000,50000,50400,37000,0,0,37000,40259,53300,95000,0,38382,37000,34200,49157,95000,35478,0,36990,52200,34688,0,43732,0,46526,0,36134,40907,0,45509,52600,0,37267,0,40838,44098,46286,48283,48115,53325,47241,55300,46198,46602,47073,34200,3200,-273000,-273000,-273000,334086,779458,20424608,341474,63,0,224,22,126,0,448,44,0,0,0,0,1640,19443,402336,702,10392,14010,244768,2199,334086,779458,20424608,341474,15475008,571004,7199836,1.08,0.00,0.00,657270,359947,13165276,333672,,,,883200,883200,883200,883200,883200,883200,883200,883200,0,,,,,,0,,1000434,1001899,434,4929,380,1,494000,4932000,6858000,0,402,4426000,Full,1200000000
1784670046.939574599,25355.14,52900,53600,54900,54900,54500,53700,53700,54100,53300,54300,54600,55400,56000,55800,55800,56200,55800,55400,55000,52700,53500,51900,51500,55600,51200,51200,49600,50000,50400,51500,63300,66800,64100,66000,56000,66800,65600,62500,63700,64100,62900,63700,62100,55800,53100,52600,51500,54300,50000,50000,50800,37000,0,0,37000,40264,52600,95000,0,38533,37000,34200,49181,95000,35587,0,37110,52900,34693,0,43764,0,46557,0,36149,40921,0,45506,52600,0,37233,0,40885,44089,46300,48317,48014,53426,47341,55700,46400,45829,47140,34200,3200,-273000,-273000,-273000,334086,779458,20424608,341474,63,0,224,22,126,0,448,44,0,0,0,0,1640,19443,402336,702,10392,14010,244768,2199,334086,779458,20424608,341474,15475008,573348,7202180,1.08,0.00,0.00,657270,359947,13165276,333672,,,,1900800,1900800,1900800,1900800,1900800,1900800,883200,883200,0,,,,,,0,,1000434,1001899,434,4929,380,1,494000,4929000,6858000,0,402,4426000,Full,1200000000
1784670047.441107985,25355.64,53200,54000,55300,54900,54100,54500,54900,54100,53300,53500,53100,54600,56300,54600,55000,55400,55000,55000,54600,51500,52300,51900,51500,56000,51200,51200,49600,50000,50400,51200,62500,64800,63300,64500,56000,65200,64500,61400,62100,62900,62500,63300,62100,55800,53100,52600,51900,54300,50000,50000,50400,37000,0,0,37000,40282,53700,95000,0,38533,37000,34200,49181,95000,35587,0,37110,52600,34704,0,43740,0,46584,0,36140,40954,0,45550,52600,0,37238,0,40877,44141,46316,48350,48148,53224,47544,56100,46198,46165,47039,34200,3200,-273000,-273000,-273000,334086,779458,20424608,341474,63,0,224,22,126,0,448,44,0,0,0,0,1640,19443,402336,702,10392,14010,244768,2199,334086,779458,20424608,341474,15475008,566736,7195604,1.08,0.00,0.00,657270,359947,13165276,333672,,,,1228800,1228800,1228800,1228800,1228800,1228800,883200,883200,0,,,,,,0,,1000434,1001899,434,4929,380,1,494000,4933000,6858000,0,402,4426000,Full,1200000000
1784670047.723934182,25355.93,53200,53600,54900,55300,54500,53700,53700,54500,53700,53900,53900,55000,56300,55400,55400,56200,55800,55400,55000,51900,53100,51500,51500,55600,51200,51200,50000,50000,50000,51200,61700,64800,63300,64100,56300,65200,64800,61000,62100,63300,62500,63300,61700,55800,53100,52900,51900,54300,50400,50000,51200,37000,0,0,37000,40290,53300,95000,0,38533,37000,34200,49232,95000,35587,0,37110,52600,34715,0,43768,0,46584,0,36178,40964,0,45543,52600,0,37255,0,40901,44122,46327,48350,48182,53393,47341,56100,46198,46198,47006,34200,3200,-273000,-273000,-273000,334086,779458,20424608,341474,63,0,224,22,126,0,448,44,0,0,0,0,1640,19443,402336,702,10392,14010,244768,2199,334086,779458,20424608,341474,15475008,573996,7202944,1.08,0.00,0.00,657270,359947,13165276,333672,,,,1113600,1113600,1113600,1113600,1113600,1113600,883200,883200,0,,,,,,0,,1000505,1001917,434,4929,380,1,494000,4931000,6858000,0,402,4426000,Full,1200000000
1784670048.035510745,25356.24,54000,54400,55700,55300,54900,55300,55300,54900,54100,53900,53900,55000,56700,55400,55400,56200,55800,55400,54600,51900,52700,51900,51900,56000,51500,51200,50000,50000,50400,51500,62500,64800,63700,64100,56700,65200,64800,61000,62100,63300,62900,63300,61700,55800,53100,52900,51500,53900,50000,50000,50800,37000,0,0,37000,40314,54100,95000,0,38533,37000,34200,49186,95000,35587,0,37110,53700,34704,0,43783,0,46602,0,36092,40954,0,45574,54500,0,37223,0,40915,44181,46344,48350,48148,53359,47409,56400,46535,46299,46871,34200,3200,-273000,-273000,-273000,334086,779458,20424608,341474,63,0,224,22,126,0,448,44,0,0,0,0,1640,19443,402336,702,10392,14010,244768,2199,334086,779458,20424608,341474,15475008,578316,7207220,1.08,0.00,0.00,657270,359947,13165276,333672,,,,1900800,1900800,1900800,1900800,1900800,1900800,883200,883200,0,,,,,,0,,1000505,1001917,434,4929,380,1,494000,4931000,6858000,0,402,4426000,Full,1200000000
1784670048.306558661,25356.51,54400,54800,55700,55700,55300,55300,54900,55700,55300,53900,53900,55000,56700,55400,55400,56200,55800,55400,54600,52300,53500,51900,51500,56000,51500,50800,49600,50400,50800,51500,62100,64500,63300,64500,56700,65200,64800,61000,62500,63300,62500,63300,62100,55800,53500,53300,51900,54300,50400,50000,50800,37000,0,0,37000,40319,54500,95000,0,38533,37000,34200,49252,95000,35587,0,37110,54100,34717,0,43776,0,46584,0,36197,40954,0,45591,53700,0,37226,0,40904,44145,46369,48148,48014,53426,48081,56400,46333,46031,46972,34200,3200,-273000,-273000,-273000,334086,779458,20424608,341474,63,0,224,22,126,0,448,44,0,0,0,0,1640,19443,402336,702,10392,14010,244768,2199,334086,779458,20424608,341474,15475008,572816,7201720,1.08,0.00,0.00,657270,359947,13165276,333672,,,,787200,787200,787200,787200,787200,787200,2438400,2438400,0,,,,,,0,,1000505,1001917,434,4929,380,1,494000,4927000,6858000,0,402,4426000,Full,1200000000
1784670048.606998245,25356.81,54000,54400,55300,55300,54900,54900,54900,55300,55300,53500,53500,55000,56300,55400,55400,56200,55800,55400,54600,51900,52700,51900,51500,56000,51500,50800,49600,50400,50400,51500,63300,66800,64100,65600,56700,66400,66000,62900,63700,64100,62900,63700,62500,56200,53500,53700,51500,54300,50400,50000,51500,37000,0,0,37000,40329,54500,95000,0,38533,37000,34200,49240,95000,35587,0,37110,53700,34715,0,43793,0,46642,0,36134,40970,0,45587,53700,0,37243,0,40915,44178,46376,48350,48216,53662,47846,56400,46434,46400,46938,34200,3200,-273000,-273000,-273000,334086,779458,20424608,341474,63,0,224,22,126,0,448,44,0,0,0,0,1640,19443,402336,702,10392,14010,244768,2199,334086,779458,20424608,341474,15475008,569056,7197960,1.06,0.00,0.00,657270,359947,13165276,333672,,,,1996800,1996800,1996800,1996800,1996800,1996800,883200,883200,0,,,,,,0,,997988,1001936,434,4929,380,1,494000,4928000,6858000,0,402,4426000,Full,1200000000
1784670048.890998140,25357.09,53200,53600,54900,54900,54100,54100,54100,54100,53300,53900,53900,55400,56000,55400,55800,56200,55800,55000,54600,51900,53100,51900,51500,55600,51500,50800,50000,50000,50800,51500,62500,64800,63300,63700,56300,65200,64800,61400,62100,63300,62500,63300,61700,56200,53100,52200,51900,54300,50400,50400,50800,37000,0,0,37000,40336,52900,95000,0,38533,37000,34200,49252,95000,35587,0,37110,52900,34712,0,43811,0,46636,0,36121,40995,0,45598,53300,0,37196,0,40945,44201,46389,48115,48148,53662,47577,56100,46232,46636,46905,34200,3200,-273000,-273000,-273000,334086,779458,20424608,341474,63,0,224,22,126,0,448,44,0,0,0,0,1640,19443,402336,702,10392,14010,244768,2199,334086,779458,20424608,341474,15475008,565040,7193944,1.06,0.00,0.00,657270,359947,13165276,333672,,,,998400,998400,998400,998400,998400,998400,883200,883200,0,,,,,,0,,997988,1001936,434,4929,380,1,494000,4928000,6858000,0,402,4426000,Full,1200000000
1784670049.196421057,25357.40,53200,53600,55300,55300,54900,53700,53700,54100,53700,55000,54300,56600,56000,56600,57400,57400,57000,57400,58100,51200,52700,51900,51500,56000,51500,51200,49600,50400,50400,51500,62900,65200,63700,64500,56300,65600,65200,61700,62900,63300,62900,63700,61700,55800,53500,52200,51900,54300,50000,50000,50400,37000,0,0,37000,40350,52900,95000,0,38533,37000,34200,49289,95000,35587,0,37110,52900,34717,0,43821,0,46633,0,36194,41007,0,45602,52900,0,37228,0,40954,44197,46408,48518,48014,53426,47510,56100,46468,45930,46871,34200,3200,-273000,-273000,-273000,334086,779458,20424608,341474,63,0,224,22,126,0,448,44,0,0,0,0,1640,19443,402336,702,10392,14010,244768,2199,334086,779458,20424608,341474,15475008,564856,7193768,1.06,0.00,0.00,657270,359947,13165276,333672,,,,883200,883200,883200,883200,883200,883200,883200,883200,0,,,,,,0,,997988,1001936,434,4929,380,1,494000,4931000,6858000,0,402,4426000,Full,1200000000
1784670049.513163869,25357.71,55600,56700,57600,56400,56100,57200,57600,56400,56100,56200,57000,57000,57500,57400,57000,57700,57000,56600,56200,58500,61200,51900,51500,57100,51500,50800,50000,50000,50800,51900,63700,66400,64500,65600,57900,66800,66000,62900,63700,64500,63700,64100,62900,56200,53500,56100,51900,54300,50400,50400,50800,37000,0,0,37000,40365,57600,95000,0,38533,37000,34200,49289,95000,35587,0,37110,54500,34726,0,43814,0,46664,0,36166,41002,0,45627,54100,0,37219,0,40934,44201,46421,48350,48216,53561,47913,58000,46871,45997,46938,34200,3200,-273000,-273000,-273000,334259,779458,20436536,341496,63,0,224,22,126,0,448,44,0,0,0,0,1640,19443,402336,702,10392,14010,244768,2199,334259,779458,20436536,341496,15475008,565828,7192916,1.06,0.00,0.00,657270,359947,13171240,333672,,,,1228800,1228800,1228800,1228800,1228800,1228800,883200,883200,0,,,,,,0,,1000442,1001919,434,4929,380,1,494000,4923000,6858000,0,402,4426000,Full,1200000000
1784670049.797115275,25358.00,55200,55200,56100,56400,56100,55300,54900,56400,56800,54600,54600,55800,57100,56200,56200,57000,56200,55800,55400,52700,53900,51900,51900,56700,51900,51200,50000,50400,50800,51500,62900,66000,64100,64500,57500,65600,65600,61700,62900,63700,63700,64100,62900,56600,53500,53300,52300,54600,50800,50400,51200,37000,0,0,37000,40370,54500,95000,0,38533,37000,34200,49401,95000,35587,0,37110,54900,34729,0,43868,0,46664,0,36140,41017,0,45644,55300,0,37260,0,40960,44230,46441,48518,48417,53325,47711,57200,46703,46198,46871,34200,3200,-273000,-273000,-273000,334261,779458,20436576,341497,63,0,224,22,126,0,448,44,0,0,0,0,1640,19443,402336,702,10392,14010,244768,2199,334261,779458,20436576,341497,15475008,567300,7194304,1.06,0.00,0.00,657270,359948,13171260,333673,,,,1555200,1555200,1555200,1555200,1555200,1555200,883200,883200,0,,,,,,0,,1000442,1001919,434,4929,380,1,494000,4928000,6858000,0,402,4426000,Full,1200000000
1784670050.073730431,25358.27,54400,54800,56400,56100,55300,54900,54900,55300,54500,55000,54600,56600,57100,56600,56600,57400,56600,56600,56600,51900,53500,51900,51900,56700,51900,51200,50000,50400,50800,51900,63300,66400,64500,64800,57100,66400,65600,61700,62500,63700,63300,64100,62900,56600,53900,53300,52300,54600,50800,50400,51200,37000,0,0,37000,40384,54500,95000,0,38533,37000,34200,49434,95000,35587,0,37110,53700,34723,0,43900,0,46684,0,36128,41023,0,45653,53700,0,37210,0,40957,44234,46468,48249,48384,53897,47846,56800,46602,46031,46871,34200,3200,-273000,-273000,-273000,334261,779458,20436576,341497,63,0,224,22,126,0,448,44,0,0,0,0,1640,19443,402336,702,10392,14010,244768,2199,334261,779458,20436576,341497,15475008,565028,7192020,1.06,0.00,0.00,657270,359948,13171260,333673,,,,998400,998400,998400,998400,998400,998400,883200,883200,0,,,,,,0,,1000442,1001919,434,4929,380,1,494000,4926000,6858000,0,402,4426000,Full,1200000000
1784670050.611042723,25358.81,55200,56000,56400,56400,56400,55700,56100,56400,55700,54300,54300,55400,57100,55800,55800,56600,55800,55800,55000,52700,53500,51900,51900,57100,51500,51500,50000,50800,50800,51500,65600,68300,64800,67200,57500,68700,66000,64500,66000,64500,63700,64100,62900,56600,53900,54500,52300,55000,50800,50400,51500,37000,0,0,37000,40401,55300,95000,0,38533,37000,34200,49493,95000,35587,0,37110,55300,34747,0,43917,0,46745,0,36140,41045,0,45655,54900,0,37202,0,40989,44264,46464,48384,48417,53931,48014,57200,46669,46098,46938,34200,3200,-273000,-273000,-273000,334490,779458,20439544,341521,63,0,224,22,126,0,448,44,0,0,0,0,1640,19443,402336,702,10392,14010,244768,2199,334490,779458,20439544,341521,15475008,560604,7186440,1.23,0.00,0.00,657270,359948,13172744,333673,,,,998400,998400,998400,998400,998400,998400,883200,883200,0,,,,,,0,,999905,1001907,434,4929,380,1,494000,4932000,6858000,0,402,4426000,Full,1200000000
1784670050.914412150,25359.12,54800,55600,56400,56400,56400,56100,56400,56400,56100,55400,55400,57000,57500,57400,57400,57700,57400,57000,56600,53100,54300,52300,51900,57100,51900,51500,50000,50800,50800,51900,64500,67500,65200,66400,57500,67500,66400,63300,64500,65200,64100,64800,63300,56600,53900,54100,52300,54600,51200,50400,51200,37000,0,0,37000,40427,55300,95000,0,38533,37000,34200,49526,95000,35587,0,37110,55300,34717,0,43968,0,46733,0,36152,41086,0,45672,54900,0,37245,0,41007,44274,46492,48687,48317,53997,47812,57600,46602,46266,46804,34200,3200,-273000,-273000,-273000,334490,779458,20439544,341521,63,0,224,22,126,0,448,44,0,0,0,0,1640,19443,402336,702,10392,14010,244768,2199,334490,779458,20439544,341521,15475008,562408,7188036,1.23,0.00,0.00,657270,359948,13172744,333673,,,,1996800,1996800,1996800,1996800,1996800,1996800,2438400,2438400,0,,,,,,0,,999905,1001907,434,4929,380,1,494000,4932000,6858000,0,489,4419000,Full,1200000000
1784670051.234385379,25359.44,54000,54400,56400,56100,55300,55300,55300,54900,54500,54300,53900,55400,57100,55800,55800,56200,55800,55800,55000,51900,53100,52300,52300,56300,51500,51500,50000,50800,51200,51900,63700,66800,65200,65200,57100,67200,66000,62900,64100,64500,63700,64500,62900,56600,53900,52900,52300,54600,50800,50400,51200,37000,0,0,37000,40445,54100,95000,0,38533,37000,34300,49568,95000,35587,0,37110,53300,34750,0,44052,0,46767,0,36109,41076,0,45702,53700,0,37225,0,41007,44321,46519,48518,48417,53830,47980,56800,46669,46299,46972,34300,3200,-273000,-273000,-273000,334503,779458,20439640,341523,63,0,224,22,126,0,448,44,0,0,0,0,1640,19443,402336,702,10392,14010,244768,2199,334503,779458,20439640,341523,15475008,563344,7188856,1.23,0.00,0.00,657270,359948,13172792,333673,,,,1324800,1324800,1324800,1324800,1324800,1324800,883200,883200,0,,,,,,0,,999905,1001907,434,4929,380,1,494000,4928000,6858000,0,489,4419000,Full,1200000000
1784670051.528982775,25359.73,54000,54400,56100,56100,55700,54900,54900,54900,54500,53900,53900,55800,57100,55800,55800,56600,55800,55400,55000,51900,52700,52300,52300,56300,51500,51500,50000,50800,50800,51500,66400,69900,65200,68300,57500,70200,66800,65600,66800,65200,63300,64500,63300,56600,53500,52900,52300,54600,50800,50800,51200,37000,0,0,37000,40450,54100,95000,0,38533,37000,34300,49605,95000,35587,0,37110,53300,34759,0,44098,0,46783,0,36160,41120,0,45719,54100,0,37248,0,41033,44333,46535,48451,48484,54132,48182,56800,46602,46434,46737,34300,3200,-273000,-273000,-273000,334505,779458,20439680,341523,63,0,224,22,126,0,448,44,0,0,0,0,1640,19443,402336,702,10392,14010,244768,2199,334505,779458,20439680,341523,15475008,560220,7185732,1.23,0.00,0.00,657270,359948,13172812,333673,,,,1785600,1785600,1785600,1785600,1785600,1785600,883200,883200,0,,,,,,0,,998394,1001943,434,4929,380,1,494000,4931000,6858000,0,489,4419000,Full,1200000000
1784670051.816641577,25360.02,54400,54800,56100,56100,56100,55300,55300,55300,54900,55000,54600,56600,57100,56600,57400,57700,57000,57000,56200,52300,53100,52300,52700,56700,51900,51500,50000,50800,51200,51900,64800,68300,65200,66800,57100,68700,66800,64100,65200,65200,64100,64500,63300,56600,53900,53700,52300,54600,50800,50800,51200,37000,0,0,37000,40464,54500,95000,0,38533,37000,34300,49634,95000,35587,0,37110,53700,34774,0,44145,0,46794,0,36163,41120,0,45749,54100,0,37233,0,41033,44285,46562,48451,48552,53830,48048,57200,46837,46266,46804,34300,3200,-273000,-273000,-273000,334505,779458,20439680,341523,63,0,224,22,126,0,448,44,0,0,0,0,1640,19443,402336,702,10392,14010,244768,2199,334505,779458,20439680,341523,15475008,555160,7180668,1.23,0.00,0.00,657270,359948,13172812,333673,,,,1324800,1324800,1324800,1324800,1324800,1324800,883200,883200,0,,,,,,0,,998394,1001943,434,4929,380,1,494000,4928000,6858000,0,489,4419000,Full,1200000000
1784670052.115781837,25360.32,54400,55200,56100,56100,55700,54900,54900,55700,56100,54300,53900,55400,57100,55800,55800,56600,56200,55800,55400,51900,53100,52300,51900,56700,52300,51200,50000,50800,50800,51900,63300,66000,64500,64800,57100,66400,65600,62100,62900,64100,63300,64500,62900,56600,53900,53700,52300,54600,50800,50400,51200,37000,0,0,37000,40470,54500,95000,0,38769,37000,34300,49642,95000,35712,0,37305,54100,34774,0,44145,0,46818,0,36185,41135,0,45749,54500,0,37233,0,41054,44303,46593,48687,48451,54098,48115,57200,46669,46636,46837,34300,3200,-273000,-273000,-273000,334505,779458,20439680,341523,63,0,224,22,126,0,448,44,0,0,0,0,1640,19443,402336,702,10392,14010,244768,2199,334505,779458,20439680,341523,15475008,565324,7190868,1.23,0.00,0.00,657270,359948,13172812,333673,,,,1785600,1785600,1785600,1785600,1785600,1785600,883200,883200,0,,,,,,0,,998394,1001943,434,4929,380,1,494000,4929000,6858000,0,489,4419000,Full,1200000000
1784670052.383034129,25360.58,55600,56700,57200,56400,55700,57200,58800,56100,56400,55400,55800,56600,57100,56600,56600,56600,56200,55800,55800,55000,57000,51900,52300,57100,51900,51500,50400,50800,50800,52300,63300,66000,64100,65200,57500,66000,65600,61700,62500,63700,63300,64100,62500,56200,53500,55700,52300,54600,50400,50400,51200,37000,0,0,37000,40484,57200,95000,0,38769,37000,34300,49658,95000,35712,0,37305,54500,34768,0,44155,0,46831,0,36152,41151,0,45789,54100,0,37222,0,41069,44354,46607,48653,48417,53527,48182,57600,46804,46468,46737,34300,3200,-273000,-273000,-273000,334505,779458,20439680,341523,63,0,224,22,126,0,448,44,0,0,0,0,1640,19443,402336,702,10392,14010,244768,2199,334505,779458,20439680,341523,15475008,562328,7187856,1.37,0.00,0.00,657270,359948,13172812,333673,,,,1113600,1113600,1113600,1113600,1113600,1113600,2438400,2438400,0,,,,,,0,,998394,1001943,434,4929,380,1,494000,4924000,6858000,0,489,4419000,Full,1200000000
1784670052.672500847,25360.87,53600,54400,55700,55700,55300,54900,54500,54900,54100,55800,56200,57400,56700,57700,57400,58500,58100,57400,57000,53900,55000,52300,52300,56300,51900,51200,50400,50800,51200,52300,66000,69100,64800,67900,57100,69100,66000,65200,66400,64800,63700,64100,63300,56600,53900,53300,52300,55000,50800,50800,51200,37000,0,0,37000,40484,54100,95000,0,38769,37000,34300,49646,95000,35712,0,37305,52900,34768,0,44167,0,46851,0,36166,41114,0,45786,52900,0,37272,0,41058,44340,46645,48518,48384,53863,48182,56400,46905,46367,46703,34300,3200,-273000,-273000,-273000,334505,779458,20439680,341523,63,0,224,22,126,0,448,44,0,0,0,0,1640,19443,402336,702,10392,14010,244768,2199,334505,779458,20439680,341523,15475008,560256,7185784,1.37,0.00,0.00,657270,359948,13172812,333673,,,,998400,998400,998400,998400,998400,998400,883200,883200,0,,,,,,0,,998941,1001917,434,4929,380,1,494000,4926000,6858000,0,489,4419000,Full,1200000000
1784670052.983187670,25361.18,54000,54400,55300,55700,55300,55300,55300,54500,54100,54300,53900,55400,56300,55400,55800,56200,55800,55400,55400,51900,52700,52300,52300,56000,51900,51500,50400,50800,51200,51900,64800,67200,64100,66400,56700,67900,65600,64100,65200,64500,62900,63700,62900,56600,53900,53300,52300,54600,50400,50400,51200,37000,0,0,37000,40493,53300,95000,0,38769,37000,34300,49620,95000,35712,0,37305,52900,34771,0,44127,0,46870,0,36149,41135,0,45806,53300,0,37254,0,41092,44363,46649,48854,48451,54266,48048,56400,46636,46501,46636,34300,3200,-273000,-273000,-273000,334505,779458,20439680,341523,63,0,224,22,126,0,448,44,0,0,0,0,1640,19443,402336,702,10392,14010,244768,2199,334505,779458,20439680,341523,15475008,552968,7178500,1.37,0.00,0.00,657270,359948,13172812,333673,,,,1113600,1113600,1113600,1113600,1113600,1113600,883200,883200,0,,,,,,0,,998941,1001917,434,4929,380,1,494000,4926000,6858000,0,489,4419000,Full,1200000000
1784670053.285908555,25361.49,54800,55600,56400,56100,55700,56400,57200,55700,55300,55400,54600,56600,57100,56600,56600,57700,57400,57000,56200,52300,53500,52300,52300,56700,51900,51500,50000,50800,51200,51900,65200,67900,65600,67500,57500,69100,67500,64100,64800,65200,64100,64800,63300,56200,53900,54500,52300,54600,50400,50400,50800,37000,0,0,37000,40503,55300,95000,0,38769,37000,34300,49642,95000,35712,0,37305,54500,34780,0,44167,0,46862,0,36140,41148,0,45836,53700,0,37292,0,41092,44363,46676,48518,48317,54098,48249,57200,46804,46468,46602,34300,3200,-273000,-273000,-273000,334505,779458,20439680,341523,63,0,224,22,126,0,448,44,0,0,0,0,1640,19443,402336,702,10392,14010,244768,2199,334505,779458,20439680,341523,15475008,557628,7183244,1.37,0.00,0.00,657270,359948,13172812,333673,,,,1996800,1996800,1996800,1996800,1996800,1996800,883200,883200,0,,,,,,0,,998941,1001917,434,4929,380,1,494000,4931000,6858000,0,489,4419000,Full,1200000000
1784670053.785180638,25361.99,54000,54400,55700,56100,55300,54500,54500,54900,54100,54600,54300,55400,57100,56200,56200,57000,55800,55800,55400,52300,52700,52700,52300,56700,51900,51500,50000,50800,50800,51900,63300,65600,64100,64800,57100,66000,65600,62100,62900,64100,62900,64100,62500,56600,53900,52900,52300,54600,50400,50800,51200,37000,0,0,37000,40518,53700,95000,0,38769,37000,34300,49665,95000,35712,0,37305,52900,34780,0,44145,0,46927,0,36100,41179,0,45861,52900,0,37269,0,41104,44406,46696,48653,48417,53931,47812,56400,46871,46501,46636,34300,3200,-273000,-273000,-273000,334505,779458,20439680,341523,63,0,224,22,126,0,448,44,0,0,0,0,1640,19443,402336,702,10392,14010,244768,2199,334505,779458,20439680,341523,15475008,567632,7193200,1.37,0.00,0.00,657270,359948,13172812,333673,,,,787200,787200,787200,787200,787200,787200,883200,883200,0,,,,,,0,,1000107,1001904,434,4929,380,1,494000,4933000,6858000,0,489,4419000,Full,1200000000
1784670054.099448295,25362.30,54000,54800,56100,56100,55700,55300,55300,55300,54900,55000,55400,56200,57500,57000,56600,57000,56600,56200,55400,53500,54300,52300,51900,56700,51900,51500,50400,50800,51200,51900,64100,66800,65200,66400,57500,67200,66400,62900,64500,64800,64100,64500,63300,56600,53900,53700,52300,55000,50800,50400,51200,37000,0,0,37000,40532,54100,95000,0,38769,37000,34300,49679,95000,35712,0,37305,53300,34795,0,44127,0,46942,0,36175,41182,0,45865,53300,0,37278,0,41110,44414,46704,48922,48484,54334,48148,57200,46972,46804,46703,34300,3200,-273000,-273000,-273000,334505,779458,20439680,341523,63,0,224,22,126,0,448,44,0,0,0,0,1640,19443,402336,702,10392,14010,244768,2199,334505,779458,20439680,341523,15475008,564284,7189852,1.37,0.00,0.00,657270,359948,13172812,333673,,,,787200,787200,787200,787200,787200,787200,883200,883200,0,,,,,,0,,1000107,1001904,434,4929,380,1,487000,4929000,6858000,0,489,4419000,Full,1200000000
1784670054.407140169,25362.61,54400,55600,56100,56100,55300,55700,56400,55300,55300,54300,53900,55400,57100,55800,55400,56200,55800,55800,55400,51900,53100,52300,51900,56300,51900,51500,50000,50800,51200,51900,65600,68700,65200,67900,57100,69100,66800,65200,66400,65200,63300,64100,62900,56600,53500,54100,52300,54600,50800,50400,51200,37000,0,0,37000,40540,54900,95000,0,38769,37000,34300,49665,95000,35712,0,37305,54100,34786,0,44160,0,46972,0,36146,41220,0,45879,54100,0,37260,0,41135,44446,46711,48653,48484,54065,48081,57200,46770,47006,46737,34300,3200,-273000,-273000,-273000,334505,779458,20439680,341523,63,0,224,22,126,0,448,44,0,0,0,0,1640,19443,402336,702,10392,14010,244768,2199,334505,779458,20439680,341523,15475008,565560,7191132,1.30,0.00,0.00,657270,359948,13172812,333673,,,,998400,998400,998400,998400,998400,1113600,883200,883200,0,,,,,,0,,1000107,1001904,434,4929,380,1,494000,4929000,6858000,0,489,4419000,Full,1200000000
1784670054.702159909,25362.90,54000,54400,55300,55700,55300,54500,54500,55700,56400,53900,53900,55400,56700,55400,55800,56600,55400,55800,55000,51900,52700,52300,52300,56300,51500,51500,50400,50800,51200,51900,63300,66400,64100,65200,56700,66000,65600,62100,62900,64100,63700,64100,62500,56200,53500,52900,52300,54600,50800,50400,51200,37000,0,0,37000,40547,54100,95000,0,38769,37000,34300,49675,95000,35712,0,37305,54100,34774,0,44155,0,46992,0,36146,41214,0,45879,54100,0,37266,0,41132,44450,46711,48787,48417,53863,47913,56800,46636,47006,46602,34300,3200,-273000,-273000,-273000,334546,779458,20440504,341528,63,0,224,22,126,0,448,44,0,0,0,0,1640,19443,402336,702,10392,14010,244768,2199,334546,779458,20440504,341528,15475008,559804,7185360,1.30,0.00,0.00,657270,359948,13173224,333673,,,,1996800,1996800,1996800,1996800,1996800,1996800,883200,883200,0,,,,,,0,,999805,1002086,434,4929,380,1,494000,4929000,6858000,0,489,4419000,Full,1200000000
1784670054.984335742,25363.19,53600,54000,55700,55700,55300,54500,54100,54500,54100,55400,54600,56600,56700,57000,57000,57700,57000,57000,56600,52300,53100,52300,51900,56300,51900,51500,50000,50800,50800,51900,63300,66000,64500,65200,57100,66400,66000,62100,62900,64100,63300,64500,63300,56600,53500,52900,52300,54600,50800,50400,51200,37000,0,0,37000,40557,53700,95000,0,38769,37000,34300,49686,95000,35712,0,37305,52900,34801,0,44181,0,47013,0,36203,41210,0,45902,52900,0,37223,0,41135,44479,46748,48720,48585,54031,48048,56400,46871,46400,46737,34300,3200,-273000,-273000,-273000,334546,779458,20440504,341528,63,0,224,22,126,0,448,44,0,0,0,0,1640,19443,402336,702,10392,14010,244768,2199,334546,779458,20440504,341528,15475008,555800,7181360,1.30,0.00,0.00,657270,359948,13173224,333673,,,,1113600,1113600,1113600,1113600,1113600,1113600,883200,883200,0,,,,,,0,,999805,1002086,434,4929,380,1,494000,4935000,6858000,0,489,4419000,Full,1200000000
1784670055.281277721,25363.48,53600,54400,55700,55700,54900,54900,54500,54500,54100,53900,53900,55400,56700,55800,55800,56200,55800,55800,55400,52300,53500,52300,51900,56300,52300,51500,50400,50800,50800,51900,63700,66800,64500,65600,57100,67200,66400,62500,63700,64500,63300,64800,62900,56600,53500,52600,52300,54600,50800,50800,51200,37000,0,0,37000,40572,53300,95000,0,38769,37000,34300,49702,95000,35712,0,37305,53300,34807,0,44167,0,46996,0,36157,41248,0,45902,52900,0,37269,0,41155,44479,46745,48922,48484,53964,47913,56100,46871,46501,46669,34300,3200,-273000,-273000,-273000,334546,779458,20440504,341528,63,0,224,22,126,0,448,44,0,0,0,0,1640,19443,402336,702,10392,14010,244768,2199,334546,779458,20440504,341528,15475008,565576,7191104,1.30,0.00,0.00,657270,359948,13173224,333673,,,,1228800,1228800,1228800,1228800,1228800,1228800,883200,883200,0,,,,,,0,,999805,1002086,434,4929,380,1,494000,4932000,6858000,0,489,4419000,Full,1200000000
1784670055.587246627,25363.79,54000,54000,55700,55700,54900,54900,54500,54900,54500,54300,53900,55400,56700,55400,55800,56600,55400,55800,55000,51500,52700,51900,52300,56000,51900,51900,50000,50800,50800,51900,64800,67200,65200,66400,57100,67900,66800,63700,64500,64800,63300,64500,62900,56600,53500,53300,52300,54600,50800,50800,50800,37000,0,0,37000,40586,53700,95000,0,38769,37000,34300,49716,95000,35712,0,37305,52900,34823,0,44181,0,47019,0,36146,41245,0,45928,52900,0,37217,0,41163,44498,46758,48821,48619,54065,48182,56400,46703,46468,46602,34300,3200,-273000,-273000,-273000,334546,779458,20440504,341528,63,0,224,22,126,0,448,44,0,0,0,0,1640,19443,402336,702,10392,14010,244768,2199,334546,779458,20440504,341528,15475008,561040,7186576,1.30,0.00,0.00,657270,359948,13173224,333673,,,,1996800,1996800,1996800,1996800,1996800,1996800,883200,883200,0,,,,,,0,,1000293,1001907,434,4929,380,1,494000,4931000,6858000,0,489,4419000,Full,1200000000
1784670055.865882721,25364.07,54400,54800,55700,56100,55300,54900,55300,55300,54500,54300,53900,55400,57100,55800,55800,56200,55800,55800,55000,51900,52700,52300,52300,56700,51900,51500,50000,50800,50800,52300,66400,69100,64800,68700,56700,70200,66400,66000,66800,65200,63300,64100,63300,56600,53900,53700,52300,54600,50800,50400,51200,37000,0,0,37000,40583,54500,95000,0,38769,37000,34300,49702,95000,35712,0,37305,53300,34807,0,44181,0,46996,0,36143,41279,0,45935,53300,0,37240,0,41166,44524,46768,49056,48518,54132,47980,56800,46770,46871,46602,34300,3200,-273000,-273000,-273000,334546,779458,20440504,341528,63,0,224,22,126,0,448,44,0,0,0,0,1640,19443,402336,702,10392,14010,244768,2199,334546,779458,20440504,341528,15475008,558012,7183548,1.30,0.00,0.00,657270,359948,13173224,333673,,,,1555200,1555200,1555200,1555200,1555200,1555200,883200,883200,0,,,,,,0,,1000293,1001907,434,4929,380,1,494000,4933000,6858000,0,489,4419000,Full,1200000000
1784670056.143130846,25364.34,53200,54000,55700,55700,54900,54500,54900,54900,54100,53900,53500,55000,56700,55400,55800,56600,55800,55800,55000,51500,52700,52300,52300,56000,51900,51500,50000,50800,50800,51900,63700,66800,64800,65600,56700,67200,66000,62900,64100,64500,63700,64500,62900,56600,53500,52900,52300,54600,50400,50800,51200,37000,0,0,37000,40594,53700,95000,0,38769,37000,34300,49760,95000,35712,0,37305,53300,34810,0,44201,0,47019,0,36106,41276,0,45942,53300,0,37249,0,41204,44531,46779,48552,48687,54031,47980,56400,46972,46804,46636,34300,3200,-273000,-273000,-273000,334546,779458,20440504,341528,63,0,224,22,126,0,448,44,0,0,0,0,1640,19443,402336,702,10392,14010,244768,2199,334546,779458,20440504,341528,15475008,560860,7186400,1.30,0.00,0.00,657270,359948,13173224,333673,,,,1113600,1113600,1113600,1113600,1113600,1113600,883200,883200,0,,,,,,0,,1000293,1001907,434,4929,380,1,494000,4932000,6856000,0,409,4420000,Full,1200000000
1784670056.444765794,25364.65,54800,55200,56400,56100,55300,55700,56400,56100,56100,55800,55400,57700,56700,57700,58100,58100,58100,58100,58900,52700,53500,52300,52300,56700,51900,51500,50000,50800,50800,51900,65200,67500,64500,67200,56700,69100,66000,64500,65600,64500,63300,64500,62900,57000,53900,53700,52300,54600,50800,50400,51200,37000,0,0,37000,40594,55300,95000,0,38769,37000,34300,49776,95000,35712,0,37305,54100,34804,0,44178,0,47053,0,36112,41270,0,45975,54100,0,37278,0,41200,44531,46803,48854,48619,53964,48115,57600,47039,46468,46636,34300,3200,-273000,-273000,-273000,334546,779458,20440504,341528,63,0,224,22,126,0,448,44,0,0,0,0,1640,19443,402336,702,10392,14010,244768,2199,334546,779458,20440504,341528,15475008,562032,7187572,1.25,0.00,0.00,657270,359948,13173224,333673,,,,1785600,1785600,1785600,1785600,1785600,1785600,883200,883200,0,,,,,,0,,998530,1001925,434,4929,380,1,494000,4929000,6856000,0,409,4420000,Full,1200000000
1784670056.906089283,25365.11,54400,54800,55700,56100,55300,55300,54500,54900,54500,54300,53900,55400,57100,55800,55800,57000,56200,56200,55000,52300,52700,52700,52700,56700,51900,51500,50400,50800,51200,52300,64500,67200,65200,66000,57100,67200,66400,63300,64500,64500,64100,64800,63300,57000,53900,53700,52300,55000,50800,50800,51500,37000,0,0,37000,40626,54500,95000,0,38769,37000,34300,49801,95000,35712,0,37305,54100,34829,0,44221,0,47071,0,36152,41287,0,46012,54900,0,37252,0,41241,44564,46819,48720,48687,54266,48148,56800,46871,46938,46434,34300,3200,-273000,-273000,-273000,334546,779458,20440504,341528,63,0,224,22,126,0,448,44,0,0,0,0,1640,19443,402336,702,10392,14010,244768,2199,334546,779458,20440504,341528,15475008,554340,7179900,1.25,0.00,0.00,657270,359948,13173224,333673,,,,1900800,1900800,1900800,1900800,1900800,1900800,883200,883200,0,,,,,,0,,998530,1001925,434,4929,380,1,494000,4927000,6856000,0,409,4420000,Full,1200000000
1784670057.184600220,25365.39,54000,54000,55700,55300,54900,54500,54100,54900,54100,54600,54600,56200,56700,56200,56600,57000,56200,56200,55800,52700,53500,52300,52300,56700,51900,51500,50400,51200,50800,51900,64100,66000,64500,65200,57100,66400,66000,62500,63700,64500,63700,64500,62900,56600,53900,52900,52300,54600,50800,50800,51500,37000,0,0,37000,40629,53700,95000,0,38848,37000,34300,49801,95000,35812,0,37305,53300,34829,0,44218,0,47094,0,36128,41287,0,46002,53300,0,37284,0,41204,44575,46833,48552,48619,54031,48148,56400,46905,46703,46400,34300,3200,-273000,-273000,-273000,334546,779458,20440504,341528,63,0,224,22,126,0,448,44,0,0,0,0,1640,19443,402336,702,10392,14010,244768,2199,334546,779458,20440504,341528,15475008,554704,7180344,1.25,0.00,0.00,657270,359948,13173224,333673,,,,1324800,1324800,1324800,1324800,1324800,1324800,883200,883200,0,,,,,,0,,998530,1001925,434,4929,380,1,494000,4927000,6856000,0,409,4420000,Full,1200000000
1784670057.476759022,25365.68,54400,54400,56100,56100,55300,54900,54900,54900,54500,55400,55000,56600,57100,57400,57400,57700,57400,57000,56600,52700,53900,52300,52700,56700,51900,51500,50400,50800,51200,51900,63700,66800,64800,65600,57500,66800,66000,63300,64100,64500,63700,64500,63300,57000,53900,53300,52300,55000,50800,50800,51500,37000,0,0,37000,40645,54100,95000,0,38848,37000,34300,49776,95000,35812,0,37305,53300,34845,0,44234,0,47105,0,36166,41294,0,46010,53300,0,37245,0,41263,44615,46850,48989,48787,54166,48317,56800,46972,46636,46501,34300,3200,-273000,-273000,-273000,334546,779458,20440504,341528,63,0,224,22,126,0,448,44,0,0,0,0,1640,19443,402336,702,10392,14010,244768,2199,334546,779458,20440504,341528,15475008,555788,7181432,1.25,0.00,0.00,657270,359948,13173224,333673,,,,998400,998400,998400,998400,998400,998400,883200,883200,0,,,,,,0,,999013,1002018,434,4929,380,1,494000,4931000,6856000,0,409,4420000,Full,1200000000
1784670057.786325741,25365.99,54800,54800,55700,56100,55300,54900,54900,56100,56400,54300,53900,55400,57100,55400,56200,56200,55800,55800,55400,51900,52700,52300,52300,56700,51900,51900,50400,50800,51200,52300,64100,66800,64800,66000,57500,67500,66400,63300,64500,64800,63700,64800,62900,57000,53900,53300,52300,55000,50800,50800,51200,37000,0,0,37000,40659,54100,95000,0,38848,37000,34300,49813,95000,35812,0,37305,55300,34832,0,44234,0,47098,0,36134,41307,0,46032,54900,0,37289,0,41225,44604,46861,48787,48687,54266,48182,56800,46737,47073,46568,34300,3200,-273000,-273000,-273000,334546,779458,20440504,341528,63,0,224,22,126,0,448,44,0,0,0,0,1640,19443,402336,702,10392,14010,244768,2199,334546,779458,20440504,341528,15475008,556644,7182256,1.25,0.00,0.00,657270,359948,13173224,333673,,,,1228800,1228800,1228800,1228800,1228800,1228800,883200,883200,0,,,,,,0,,999013,1002018,434,4929,380,1,494000,4931000,6856000,0,409,4420000,Full,1200000000
1784670058.076986678,25366.28,54400,54800,56100,56100,55700,55300,56100,56400,57200,54300,53900,55400,56700,55800,56200,56600,55800,55800,55400,51900,53100,52700,52300,56700,51900,51500,50400,50800,51200,51900,63300,66000,64500,65200,57100,66400,66000,61700,62900,64100,63300,64100,62900,56200,53900,53700,52300,55000,50800,50400,51200,37000,0,0,37000,40648,54100,95000,0,38848,37000,34300,49842,95000,35812,0,37305,54500,34832,0,44255,0,47133,0,36166,41307,0,46040,54900,0,37283,0,41256,44618,46870,49291,48585,54435,48317,56800,46871,46804,46468,34300,3200,-273000,-273000,-273000,334546,779458,20440504,341528,63,0,224,22,126,0,448,44,0,0,0,0,1640,19443,402336,702,10392,14010,244768,2199,334546,779458,20440504,341528,15475008,557656,7183252,1.25,0.00,0.00,657270,359948,13173224,333673,,,,1996800,1996800,1996800,1996800,1996800,1996800,2438400,2438400,0,,,,,,0,,999013,1002018,434,4929,380,1,494000,4931000,6856000,0,409,4420000,Full,1200000000
1784670058.360383032,25366.56,53600,54000,55700,55700,54900,54500,54100,54500,54100,55000,55000,56200,56700,57000,57000,57400,57000,56600,56200,52300,53500,52700,52300,56700,52300,51900,50400,51200,51200,52300,63700,65200,64100,64500,57100,65200,65200,61400,62500,63700,63700,64100,62900,56600,53900,52900,52300,54600,50800,50800,51500,37000,0,0,37000,40659,54100,95000,0,38848,37000,34300,49860,95000,35812,0,37305,53300,34848,0,44270,0,47122,0,36146,41338,0,46044,52900,0,37266,0,41266,44630,46861,48854,48585,54334,48148,56400,47073,46434,46501,34300,3200,-273000,-273000,-273000,334546,779458,20440504,341528,63,0,224,22,126,0,448,44,0,0,0,0,1640,19443,402336,702,10392,14010,244768,2199,334546,779458,20440504,341528,15475008,560160,7185740,1.25,0.00,0.00,657270,359948,13173224,333673,,,,1228800,1228800,1228800,1228800,1228800,1228800,883200,883200,0,,,,,,0,,999013,1002018,434,4929,380,1,494000,4932000,6856000,0,409,4420000,Full,1200000000
1784670058.658130532,25366.86,53600,54000,55700,55700,55300,54100,54100,55300,54900,53900,53500,55400,56700,55400,56200,56600,55800,55800,55000,51900,53100,52300,51900,56300,51900,51500,50400,50800,51200,51900,64100,66800,64800,65600,57100,67200,66000,62900,64100,64500,63700,64500,62900,56600,53500,52600,52300,55000,50400,50800,50800,37000,0,0,37000,40684,53300,95000,0,38848,37000,34300,49875,95000,35812,0,37305,52900,34866,0,44274,0,47130,0,36143,41321,0,46061,52900,0,37283,0,41297,44630,46888,49090,48619,54435,47980,56400,46871,47375,46636,34300,3200,-273000,-273000,-273000,334546,779458,20440504,341528,63,0,224,22,126,0,448,44,0,0,0,0,1640,19443,402336,702,10392,14010,244768,2199,334546,779458,20440504,341528,15475008,556928,7182512,1.20,0.00,0.00,657270,359948,13173224,333673,,,,1113600,1113600,1113600,1113600,1113600,1113600,883200,883200,0,,,,,,0,,1000383,1001917,434,4929,380,1,494000,4927000,6856000,0,409,4420000,Full,1200000000
1784670058.968593136,25367.17,54000,54800,56400,56100,55300,54900,54900,54900,54100,55400,55000,57400,57100,57700,57700,58500,58100,57700,57400,52300,53500,52300,52300,56700,51900,51500,50400,50800,50800,51900,65200,67900,65200,67200,57500,68700,66400,64100,65600,64500,63700,64500,63300,56600,53900,53300,52300,54600,50800,50800,51200,37000,0,0,37000,40680,54500,95000,0,38848,37000,34300,49887,95000,35812,0,37305,53300,34841,0,44255,0,47169,0,36146,41353,0,46080,53300,0,37276,0,41294,44656,46904,48922,48687,54502,48048,57200,47073,47006,46400,34300,3200,-273000,-273000,-273000,334546,779458,20440504,341528,63,0,224,22,126,0,448,44,0,0,0,0,1640,19443,402336,702,10392,14010,244768,2199,334546,779458,20440504,341528,15475008,551632,7177220,1.20,0.00,0.00,657270,359948,13173224,333673,,,,998400,998400,998400,998400,998400,998400,883200,883200,0,,,,,,0,,1000383,1001917,434,4929,380,1,497000,4932000,6856000,0,409,4420000,Full,1200000000
1784670059.274521574,25367.48,54400,54800,56100,55700,55300,55300,54900,55300,54500,54300,53900,55400,57100,55800,55800,56600,55800,55800,55000,52300,53100,52700,52700,56300,51900,51900,50400,51200,51200,52300,63700,66400,64800,65600,57100,66800,66000,62900,64100,64500,63700,64500,63300,56600,53900,54100,52700,55000,50800,50800,51500,37000,0,0,37000,40699,54500,95000,0,38848,37000,34300,49860,95000,35812,0,37305,54500,34863,0,44278,0,47177,0,36121,41381,0,46112,55700,0,37276,0,41297,44656,46911,49090,48787,54065,48081,56800,46770,46535,46501,34300,3200,-273000,-273000,-273000,334546,779458,20440504,341528,63,0,224,22,126,0,448,44,0,0,0,0,1640,19443,402336,702,10392,14010,244768,2199,334546,779458,20440504,341528,15475008,546360,7172044,1.20,0.00,0.00,657270,359948,13173224,333673,,,,1996800,1996800,1996800,1996800,1996800,1996800,2438400,2438400,0,,,,,,0,,1000383,1001917,434,4929,380,1,494000,4926000,6856000,0,409,4420000,Full,1200000000
1784670059.554083397,25367.76,54000,54400,55700,55700,55300,54900,54900,55300,54900,54600,54300,55400,56700,56200,56200,57000,56200,55800,55400,52300,53100,52300,52300,56000,51900,51900,50400,51200,50800,51900,64800,67900,64100,66800,57100,67900,66000,64500,65600,64500,63700,64100,62900,56600,53900,52900,52700,55000,50800,50800,51200,37000,0,0,37000,40699,53700,95000,0,38848,37000,34300,49912,95000,35812,0,37305,53700,34857,0,44288,0,47184,0,36191,41359,0,46119,53700,0,37280,0,41338,44683,46929,49056,48753,54065,48182,56400,46905,47039,46434,34300,3200,-273000,-273000,-273000,334546,779458,20440504,341528,63,0,224,22,126,0,448,44,0,0,0,0,1640,19443,402336,702,10392,14010,244768,2199,334546,779458,20440504,341528,15475008,561100,7186760,1.20,0.00,0.00,657270,359948,13173224,333673,,,,787200,787200,787200,787200,883200,883200,2438400,2438400,0,,,,,,0,,1000407,1001927,434,4929,380,1,494000,4926000,6856000,0,409,4420000,Full,1200000000
1784670060.058213136,25368.26,54800,55600,56100,56400,55700,56400,56800,56100,55300,54300,54300,55400,57500,56200,55800,56600,56200,56200,55400,52700,53500,52700,52700,57100,52300,51500,50400,50800,51200,52300,66400,69500,64800,67900,57500,69500,66400,65200,66400,65200,64100,64800,63300,57000,54300,54900,52700,55000,50800,50800,51200,37000,0,0,37000,40719,56400,95000,0,38848,37000,34300,49930,95000,35812,0,37305,54100,34851,0,44307,0,47193,0,36181,41384,0,46137,53700,0,37311,0,41319,44695,46938,48854,48687,54266,48384,57200,47073,47140,46333,34300,3200,-273000,-273000,-273000,334548,779458,20440576,341528,63,0,224,22,126,0,448,44,0,0,0,0,1640,19443,402336,702,10392,14010,244768,2199,334548,779458,20440576,341528,15475008,554620,7180240,1.20,0.00,0.00,657270,359948,13173260,333673,,,,998400,998400,998400,998400,998400,998400,883200,883200,0,,,,,,0,,1000407,1001927,434,4929,380,1,494000,4928000,6856000,0,409,4420000,Full,1200000000
1784670060.362886625,25368.56,54400,55600,56100,56100,55300,55700,55700,55700,56100,53900,53900,55400,57100,55800,55800,56600,55800,55800,55400,51900,53100,52700,52300,56300,52300,51500,50800,51200,51500,51900,63700,66400,64500,65600,57100,66400,66000,62500,63700,64500,63700,64500,62900,56600,53900,54100,52300,55000,50800,50400,51200,37000,0,0,37000,40724,55300,95000,0,38848,37000,34300,49924,95000,35812,0,37305,53700,34869,0,44318,0,47193,0,36169,41418,0,46132,53700,0,37278,0,41325,44699,46936,48821,48787,54098,48451,56800,46972,47174,46299,34300,3200,-273000,-273000,-273000,334548,779458,20440576,341528,63,0,224,22,126,0,448,44,0,0,0,0,1640,19443,402336,702,10392,14010,244768,2199,334548,779458,20440576,341528,15475008,566576,7192200,1.20,0.00,0.00,657270,359948,13173260,333673,,,,1996800,1996800,1996800,1996800,1996800,1996800,883200,883200,0,,,,,,0,,1000407,1001927,434,4929,380,1,494000,4932000,6856000,0,409,4420000,Full,1200000000
1784670060.633846209,25368.83,55600,56300,57200,56400,55700,57200,58400,56100,56100,55800,55400,57000,57900,57700,57700,58100,57700,57700,57000,52700,53900,52700,52700,57500,52300,51500,50800,50800,51500,52300,64800,67500,65600,66400,58300,67900,66800,63700,64800,65200,64500,64800,63700,57000,54300,54500,52700,55400,50400,50800,51200,37000,0,0,37000,40734,56800,95000,0,38848,37000,34300,49957,95000,35812,0,37305,55300,34891,0,44321,0,47201,0,36166,41418,0,46144,54500,0,37295,0,41359,44739,46954,49191,48888,54468,48384,58000,47241,46804,46434,34300,3200,-273000,-273000,-273000,334548,779458,20440576,341528,63,0,224,22,126,0,448,44,0,0,0,0,1640,19443,402336,702,10392,14010,244768,2199,334548,779458,20440576,341528,15475008,585412,7211016,1.16,0.00,0.00,657270,359948,13173260,333673,,,,1113600,1113600,1113600,1113600,1113600,1113600,883200,883200,0,,,,,,0,,1000459,1001910,434,4929,380,1,494000,4933000,6856000,0,409,4420000,Full,1200000000
1784670060.931470115,25369.13,54000,54800,56100,56100,55700,54900,54500,55300,54100,55000,55400,56200,57100,57000,57000,57700,57000,57000,56200,53500,54300,52700,52700,56700,52300,51900,50800,51200,51500,52700,66800,69500,65600,68700,57500,70200,67200,65200,67200,66000,64100,64800,63700,57000,54300,53300,52700,55400,51200,50800,51200,37000,0,0,37000,40745,54100,95000,0,38848,37000,34300,49941,95000,35812,0,37305,53300,34882,0,44354,0,47232,0,36175,41431,0,46159,53300,0,37263,0,41372,44695,46965,49022,48787,54569,48081,56800,47174,46837,46434,34300,3200,-273000,-273000,-273000,334548,779458,20440576,341528,63,0,224,22,126,0,448,44,0,0,0,0,1640,19443,402336,702,10392,14010,244768,2199,334548,779458,20440576,341528,15475008,580616,7206220,1.16,0.00,0.00,657270,359948,13173260,333673,,,,998400,998400,998400,998400,998400,998400,883200,883200,0,,,,,,0,,1000459,1001910,434,4929,380,1,494000,4931000,6856000,0,409,4420000,Full,1200000000
1784670061.232181573,25369.43,54400,55200,56100,56100,55700,56100,56400,55300,55300,54300,54300,55400,57100,56200,56200,56600,56200,55800,55400,52300,53100,52700,52700,56700,52300,51500,50000,50800,51500,52300,63700,66400,64800,65600,57500,66800,66000,62500,64100,64800,64100,64800,63700,57000,54300,54100,52700,55000,51200,50800,51200,37000,0,0,37000,40756,55700,95000,0,38848,37000,34400,49949,95000,35812,0,37305,54500,34879,0,44344,0,47252,0,36166,41434,0,46178,54500,0,37260,0,41369,44732,46981,49056,48753,54132,48081,57200,47106,46972,46266,34400,3200,-273000,-273000,-273000,334548,779458,20440576,341528,63,0,224,22,126,0,448,44,0,0,0,0,1640,19443,402336,702,10392,14010,244768,2199,334548,779458,20440576,341528,15475008,581848,7207420,1.16,0.00,0.00,657270,359948,13173260,333673,,,,787200,787200,787200,787200,787200,787200,883200,883200,0,,,,,,0,,1000459,1001910,434,4929,380,1,494000,4935000,6854000,0,442,4421000,Full,1200000000
1784670061.571136677,25369.77,54800,55200,56400,56400,56100,56100,56400,56400,56800,55800,55000,57000,57500,57400,57700,58100,57700,57700,57000,52300,53500,52700,52700,57100,52700,51900,50400,51200,51200,52300,64100,66800,65200,66000,57900,67200,66400,62900,64500,64800,63700,64800,63700,57000,53900,53700,52700,55000,51200,50800,51200,37000,0,0,37000,40756,54500,95000,0,38848,37000,34400,49986,95000,35812,0,37305,54100,34888,0,44363,0,47276,0,36152,41431,0,46187,54500,0,37275,0,41390,44761,47007,49123,48753,54401,48317,57200,47106,46938,46367,34400,3300,-273000,-273000,-273000,334548,779458,20440576,341528,63,0,224,22,126,0,448,44,0,0,0,0,1640,19443,402336,702,10392,14010,244768,2199,334548,779458,20440576,341528,15475008,587200,7212776,1.16,0.00,0.00,657270,359948,13173260,333673,,,,1670400,1670400,1670400,1670400,1670400,1670400,883200,883200,0,,,,,,0,,998515,1001922,434,4929,380,1,494000,4933000,6854000,0,442,4421000,Full,1200000000
1784670061.847022614,25370.05,54000,54000,55700,55700,55300,54900,54900,54900,54100,54600,54300,55800,57100,56200,56200,57000,56200,56200,55400,52300,53500,52700,52300,56300,51900,51500,50800,51200,51200,52300,64100,66800,64500,66000,56700,67200,66000,63300,64100,64500,64100,64500,62900,57000,54300,52900,52700,55400,50800,50800,51500,37000,0,0,37000,40767,53700,95000,0,38848,37000,34400,50015,95000,35812,0,37305,53300,34904,0,44330,0,47276,0,36143,41434,0,46201,53300,0,37275,0,41387,44782,46999,49291,48720,54737,48115,56400,47106,47073,46333,34400,3200,-273000,-273000,-273000,334548,779458,20440576,341528,63,0,224,22,126,0,448,44,0,0,0,0,1640,19443,402336,702,10392,14010,244768,2199,334548,779458,20440576,341528,15475008,581820,7207396,1.16,0.00,0.00,657270,359948,13173260,333673,,,,1113600,1113600,1113600,1113600,1113600,1113600,883200,883200,0,,,,,,0,,998515,1001922,434,4929,380,1,494000,4933000,6854000,0,442,4421000,Full,1200000000
1784670062.158883812,25370.36,53600,54000,55300,54900,54500,54900,54900,54500,53700,55400,55800,56200,55600,56600,56200,57000,57000,55800,55800,54600,55400,52700,51900,55600,51900,51500,50800,50800,51200,51900,59400,61400,60200,60200,56000,61400,61400,59000,59800,60200,60200,60600,59800,56600,54300,52900,52700,55000,50800,50800,51200,37000,0,0,37000,40781,53700,95000,0,39050,37000,34400,50034,95000,35938,0,37547,52600,34888,0,44384,0,47287,0,36166,41473,0,46212,52600,0,37266,0,41421,44771,47033,48922,48922,53393,48317,56100,47140,46266,46266,34400,3300,-273000,-273000,-273000,334647,779458,20448032,341597,63,0,224,22,126,0,448,44,0,0,0,0,1640,19443,402336,702,10392,14010,244768,2199,334647,779458,20448032,341597,15475008,580280,7210020,1.16,0.00,0.00,657270,359955,13176988,333679,,,,998400,998400,998400,998400,998400,998400,883200,883200,0,,,,,,0,,998515,1001922,434,4929,380,1,494000,4928000,6854000,0,442,4421000,Full,726000000
1784670062.462269177,25370.66,53200,54000,55300,54500,54100,54100,54100,53700,53700,54600,55000,55000,55200,55400,55000,55400,55000,54600,54600,53500,53900,51900,51900,54800,51500,51200,50000,50400,50800,51500,57900,59400,58700,58700,55200,59400,59000,57500,58300,58700,58300,58700,58300,55000,52700,53300,51500,53500,50800,50400,51900,37000,0,0,37000,40803,53700,95000,0,39050,37000,34400,49949,95000,35938,0,37547,53300,34891,0,44414,0,47279,0,36175,41493,0,46225,52900,0,37255,0,41418,44794,47046,48922,48821,52922,48249,55700,47174,46602,46198,34400,3300,-273000,-273000,-273000,334653,779458,20451688,341599,63,0,224,22,126,0,448,44,0,0,0,0,1640,19443,402336,702,10392,14010,244768,2199,334653,779458,20451688,341599,15475008,571460,7204736,1.31,0.00,0.00,657270,359955,13179840,333679,,,,1113600,1113600,1113600,1113600,1113600,1113600,883200,883200,0,,,,,,0,,998515,1001922,434,4929,380,1,494000,4927000,6854000,0,442,4421000,Full,726000000
1784670062.767433187,25370.97,53600,53600,54500,54100,53700,53700,53300,54100,54100,52700,52700,53900,54400,53900,53900,54300,54300,53500,53500,51900,52700,51200,51200,54400,51200,50800,49600,50400,50400,51200,56700,57900,57100,56700,54400,57500,57900,55600,56700,56700,56700,57100,56700,53900,52300,52600,51200,53100,50000,49600,50800,37000,0,0,37000,40806,53300,95000,0,39050,37000,34400,49875,95000,35938,0,37547,53700,34894,0,44443,0,47296,0,36197,41486,0,46238,53300,0,37307,0,41434,44794,47042,48787,48821,52585,48317,54500,47039,46568,46266,34400,3300,-273000,-273000,-273000,334990,779458,20493864,341757,63,0,224,22,126,0,448,44,0,0,0,0,1640,19443,402336,702,10392,14010,244768,2199,334990,779458,20493864,341757,15475008,573628,7201672,1.31,0.00,0.00,657270,359955,13199904,333679,,,,1996800,1996800,1996800,1996800,1996800,1996800,883200,883200,0,,,,,,0,,1000310,1001978,434,4929,390,1,494000,4932000,6854000,0,442,4421000,Full,726000000
1784670063.238457354,25371.44,52100,52500,53300,52600,52600,52600,53300,52900,52600,52300,52700,53100,53200,53500,53100,53500,53500,53100,52700,51200,51900,50400,50400,53200,50400,50400,49200,49600,49600,50400,56700,58300,56000,56300,53200,57900,56700,55600,56700,56300,55600,56000,56000,53100,51200,51800,50400,51500,49200,49600,49600,37000,0,0,37000,40839,52200,95000,0,39050,37000,34400,49679,95000,35938,0,37547,52200,34897,0,44450,0,47279,0,36166,41499,0,46225,51800,0,37258,0,41465,44814,47019,48922,48552,51947,48283,53700,46804,46905,46501,34400,3300,-273000,-273000,-273000,335291,779458,20540440,342127,63,0,224,22,126,0,448,44,0,0,0,0,1640,19443,402336,702,10392,14010,244768,2199,335291,779458,20540440,342127,15475008,574028,7200568,1.31,0.00,0.00,657270,359955,13223192,333679,,,,998400,998400,998400,998400,998400,998400,883200,883200,0,,,,,,0,,1000310,1001978,434,4929,390,1,494000,4931000,6854000,0,442,4421000,Full,726000000
1784670063.549960322,25371.75,51300,51700,52600,52600,52200,52200,52200,52200,51800,51200,51500,51900,52900,52300,52300,52700,52300,52300,52300,50800,51200,49600,49600,52500,49600,49600,48400,48800,48800,49600,54400,56000,55600,54800,52900,55200,56000,54000,54800,55200,54800,55600,54800,52300,50800,51000,50000,51200,49200,49200,49600,37000,0,0,37000,40834,51400,95000,0,39050,37000,34400,49521,95000,35938,0,37547,51400,34915,0,44427,0,47258,0,36158,41496,0,46253,51400,0,37272,0,41438,44828,47005,48518,48518,51409,48249,52900,46804,46804,46333,34400,3300,-273000,-273000,-273000,335291,779458,20540440,342127,63,0,224,22,126,0,448,44,0,0,0,0,1640,19443,402336,702,10392,14010,244768,2199,335291,779458,20540440,342127,15475008,583240,7209784,1.31,0.00,0.00,657270,359955,13223192,333679,,,,1324800,1324800,1324800,1324800,1324800,1324800,883200,883200,0,,,,,,0,,1001981,1001984,434,4929,390,1,494000,4933000,6854000,0,442,4421000,Full,726000000
1784670063.840471312,25372.04,52100,52500,52900,52200,52200,52600,52600,52600,52600,51900,51900,53100,52900,53100,53500,53500,53100,52700,52700,50000,51200,49600,49600,52900,49600,49600,48400,48800,49200,50000,55200,56000,55600,54800,53200,55600,55600,54000,55200,55200,55200,55200,55200,51900,50400,52200,49600,50800,48800,49200,49200,37000,0,0,37000,40843,54100,95000,0,39050,37000,34400,49397,95000,35938,0,37547,52200,34909,0,44446,0,47223,0,36201,41519,0,46246,51800,0,37255,0,41454,44851,46970,48552,48484,51376,48216,52900,46804,46871,46501,34400,3300,-273000,-273000,-273000,335430,779458,20577944,342187,63,0,224,22,126,0,448,44,0,0,0,0,1640,19443,402336,702,10392,14010,244768,2199,335430,779458,20577944,342187,15475008,579636,7205948,1.31,0.00,0.00,657270,359955,13241944,333679,,,,1324800,1324800,1324800,1324800,1324800,1324800,883200,883200,0,,,,,,0,,1001981,1001984,434,4929,390,1,494000,4932000,6854000,0,442,4421000,Full,726000000
1784670064.129159176,25372.33,50500,50500,51400,51000,51000,50600,51000,51400,51400,50000,50400,51200,51300,51200,51200,51500,51200,51500,51200,49200,50000,49200,49200,51300,49200,48800,48000,48400,48400,49600,54000,55200,54400,54000,51700,54800,54800,53200,54000,54400,54000,54400,54000,51900,50400,50200,49600,51200,49200,48800,49600,37000,0,0,37000,40846,50600,95000,0,39050,37000,34400,49222,95000,35938,0,37547,50200,34909,0,44423,0,47199,0,36178,41527,0,46258,49800,0,37321,0,41465,44854,46956,48484,48249,50737,47812,51800,46770,46871,46367,34400,3300,-273000,-273000,-273000,335430,779458,20577944,342187,63,0,224,22,126,0,448,44,0,0,0,0,1640,19443,402336,702,10392,14010,244768,2199,335430,779458,20577944,342187,15475008,580760,7207056,1.31,0.00,0.00,657270,359955,13241944,333679,,,,1113600,1113600,1113600,1113600,1113600,1113600,883200,883200,0,,,,,,0,,1001981,1001984,434,4929,390,1,494000,4926000,6854000,0,442,4421000,Full,726000000
1784670064.439365947,25372.64,50200,50500,51000,51000,50600,50200,50200,50600,50200,50400,50000,51200,51300,50800,50800,51200,51200,50800,50400,49200,50000,49200,49200,51300,48800,48800,47700,48400,48800,49200,54000,55200,54400,54400,51300,54800,55200,53200,54000,54400,54000,54000,53600,51200,50000,49800,49200,50000,48000,48400,48400,37000,0,0,37000,40867,50600,95000,0,39050,37000,34400,49029,95000,35938,0,37547,50200,34925,0,44408,0,47180,0,36145,41506,0,46273,49400,0,37308,0,41493,44840,46925,48317,48249,50804,47812,51400,46770,46905,46602,34400,3300,-273000,-273000,-273000,335432,779458,20577984,342187,63,0,224,22,126,0,448,44,0,0,0,0,1640,19443,402336,702,10392,14010,244768,2199,335432,779458,20577984,342187,15475008,577728,7204028,1.26,0.00,0.00,657270,359955,13241964,333679,,,,1113600,1113600,1113600,1324800,1324800,1324800,883200,883200,0,,,,,,0,,1001981,1001984,434,4929,390,1,450000,4924000,6854000,0,442,4421000,Full,726000000
1784670064.737707040,25372.94,51300,52100,51800,50600,50600,52200,53300,51400,51000,50000,50000,50800,51300,50800,50800,51200,50800,50400,50400,48800,50000,48400,48800,51300,48800,48400,47700,48000,47700,48800,53200,54400,53600,53600,51700,54000,54400,52500,53200,53600,53200,54000,53600,51200,49600,50600,49200,50000,48000,48400,48400,37000,0,0,37000,40860,51800,95000,0,39050,37000,34400,48893,95000,35938,0,37547,51000,34900,0,44427,0,47141,0,36192,41519,0,46246,51000,0,37297,0,41485,44837,46891,48317,48081,50266,48014,52200,46602,46535,46434,34400,3300,-273000,-273000,-273000,335432,779458,20577984,342187,63,0,224,22,126,0,448,44,0,0,0,0,1640,19443,402336,702,10392,14010,244768,2199,335432,779458,20577984,342187,15475008,579220,7205536,1.26,0.00,0.00,657270,359955,13241964,333679,,,,1996800,1996800,1996800,1996800,1996800,1996800,883200,883200,0,,,,,,0,,1000021,1002033,434,4929,390,1,494000,4927000,6854000,0,442,4421000,Full,726000000
1784670065.014650426,25373.22,50900,51300,52900,51000,51000,52200,51800,51800,52600,51200,51900,51500,51700,51500,51200,51900,51500,50800,50400,51500,54300,48400,48400,51700,48800,48400,47300,47700,48000,48800,53200,54000,53200,52900,51700,54000,54000,52100,52900,53600,52900,53600,53200,50800,49600,51000,48800,49600,48000,48000,48800,37000,0,0,37000,40863,51800,95000,0,39050,37000,34400,48764,95000,35938,0,37547,50200,34928,0,44405,0,47099,0,36206,41537,0,46230,51800,0,37286,0,41502,44837,46839,48014,47980,49997,47678,52600,46501,46703,46535,34400,3300,-273000,-273000,-273000,335456,779458,20578784,342194,63,0,224,22,126,0,448,44,0,0,0,0,1640,19443,402336,702,10392,14010,244768,2199,335456,779458,20578784,342194,15475008,573468,7199848,1.26,0.00,0.00,657270,359955,13242364,333679,,,,998400,998400,998400,998400,998400,998400,2438400,2438400,0,,,,,,0,,1000021,1002033,434,4929,390,1,494000,4928000,6854000,0,442,4421000,Full,726000000
1784670065.317211155,25373.52,50900,50500,51400,50200,49800,51400,51800,50600,49800,53100,52300,55000,50500,54300,55400,54600,55400,56200,58900,49200,50400,48000,48400,50900,48400,47700,47300,47700,48000,49200,50900,51700,51300,50500,50900,50900,51300,50200,50900,51700,51300,51300,51700,50800,49200,49800,48800,50000,48400,48000,49600,37000,0,0,37000,40871,50600,95000,0,39050,37000,34400,48591,95000,35938,0,37547,50600,34950,0,44408,0,47040,0,36218,41523,0,46189,50600,0,37290,0,41519,44828,46774,47879,47745,49426,47812,51800,46871,46198,46703,34400,3300,-273000,-273000,-273000,335456,779458,20578784,342194,63,0,224,22,126,0,448,44,0,0,0,0,1640,19443,402336,702,10392,14010,244768,2199,335456,779458,20578784,342194,15475008,564680,7181680,1.26,0.00,0.00,657270,359955,13242364,333679,,,,1900800,1900800,1900800,1900800,1900800,1900800,2438400,2438400,0,,,,,,0,,1000021,1002033,434,4929,390,1,444000,4952000,6854000,0,442,4421000,Full,726000000
1784670065.605047769,25373.81,50500,50900,51000,49800,49800,51000,51800,51000,51800,52700,52300,53900,50200,53900,54300,53900,53900,53900,54300,49600,50800,48400,48400,50500,48400,47700,47300,48000,48400,49600,50200,50500,50200,49400,50500,50200,50200,49400,50500,50900,50500,50200,51300,50400,49200,49800,48400,49600,48400,48400,49200,37000,0,0,37000,40871,50600,95000,0,39050,37000,34400,48402,95000,35938,0,37547,49400,34928,0,44390,0,46979,0,36178,41523,0,46170,49800,0,37255,0,41530,44822,46725,47779,47745,48989,47544,51400,46568,46535,46703,34400,3300,-273000,-273000,-273000,335456,779458,20578784,342194,63,0,224,22,126,0,448,44,0,0,0,0,1640,19443,402336,702,10392,14010,244768,2199,335456,779458,20578784,342194,15475008,565408,7172364,1.26,0.00,0.00,657270,359955,13242364,333679,,,,787200,787200,787200,787200,787200,787200,2438400,2438400,0,,,,,,0,,0,0,434,4929,390,1,494000,4929000,6854000,0,442,4421000,Full,726000000
1784670065.922480165,25374.12,50500,51300,51800,49400,49400,51800,52900,50200,49400,51900,54300,51500,50200,51500,50800,50800,51200,50000,50400,56200,60100,48000,47700,50200,48000,48000,47300,47700,47700,48400,49000,49800,49400,48600,50200,48600,49400,48600,49400,49800,49800,49400,50200,49200,48000,52200,47700,48400,48400,48000,50400,37000,0,0,37000,40888,53700,95000,0,39050,37000,34400,48209,95000,35938,0,37547,49800,34956,0,44405,0,46938,0,36230,41533,0,46135,49000,0,37252,0,41509,44822,46680,47644,47375,48384,47207,51800,47106,46535,46737,34400,3300,-273000,-273000,-273000,335456,779458,20578784,342194,63,0,224,22,126,0,448,44,0,0,0,0,1640,19443,402336,702,10392,14010,244768,2199,335456,779458,20578784,342194,15475008,569232,7176108,1.26,0.00,0.00,657270,359955,13242364,333679,,,,1785600,1785600,1785600,1785600,1785600,1785600,2438400,2438400,0,,,,,,0,,0,0,434,4929,390,1,494000,4928000,6854000,0,442,4421000,Full,726000000
1784670066.428503081,25374.63,49800,50200,50600,49800,49400,50200,51000,50200,49400,50800,50800,50800,50200,51200,50400,51200,51200,50800,50400,50000,50400,47700,48000,49800,48000,47300,46900,47700,48000,48400,50500,51300,51300,50200,50200,50900,50900,50200,50500,50900,50900,50500,50900,49200,48000,49800,47700,48800,48000,48000,48800,37000,0,0,37000,40888,50600,95000,0,39050,37000,34500,47870,95000,35938,0,37547,49400,34937,0,44357,0,46853,0,36209,41530,0,46084,49400,0,37246,0,41530,44799,46602,47442,47341,48182,47544,50200,46636,46568,46804,34500,3300,-273000,-273000,-273000,335456,779458,20578784,342194,63,0,224,22,126,0,448,44,0,0,0,0,1640,19443,402336,702,10392,14010,244768,2199,335456,779458,20578784,342194,15475008,550196,7156944,1.39,0.00,0.00,657270,359955,13242364,333679,,,,1113600,1113600,1113600,1113600,1113600,1113600,883200,883200,0,,,,,,0,,0,0,434,4929,390,1,494000,4944000,6854000,0,37,4442000,Full,726000000
1784670066.752087977,25374.95,49000,49400,49800,49400,49000,49400,49800,49000,49000,48800,49200,49600,49800,49600,49600,50000,49600,49200,49200,48400,48800,47300,47700,49800,47700,47300,46900,47300,47300,47700,51300,52100,51700,50900,50200,51300,51700,50200,51300,51700,50900,51300,51300,49600,48400,48700,47700,48800,47700,47700,48000,37000,0,0,37000,40896,49400,95000,0,39050,37000,34500,47698,95000,35938,0,37547,49000,34946,0,44342,0,46823,0,36227,41533,0,46051,49000,0,37222,0,41561,44763,46553,47241,47207,48484,47375,50200,46400,46568,46804,34500,3300,-273000,-273000,-273000,335456,779458,20578784,342194,63,0,224,22,126,0,448,44,0,0,0,0,1640,19443,402336,702,10392,14010,244768,2199,335456,779458,20578784,342194,15475008,540040,7146724,1.39,0.00,0.00,657270,359955,13242364,333679,,,,998400,998400,998400,998400,998400,998400,883200,883200,0,,,,,,0,,939729,1002367,434,4929,390,1,494000,4928000,6854000,0,37,4442000,Full,726000000
1784670067.053227665,25375.25,49400,49400,49800,49000,49000,49800,49800,49400,49400,48800,49600,49200,49800,50000,49600,50000,49600,49200,49200,48400,49200,47300,47300,49800,47300,47300,46500,47300,46900,47700,51300,52100,51700,51300,50200,51300,51700,50900,51300,51700,51300,51300,51700,49600,48000,49000,47300,48400,47700,47300,47700,37000,0,0,37000,40893,49400,95000,0,38967,37000,34500,47567,95000,36220,0,37663,49000,34946,0,44314,0,46767,0,36215,41543,0,46021,48700,0,37269,0,41561,44785,46515,47140,47039,48283,47375,50200,46333,46400,46972,34500,3300,-273000,-273000,-273000,335456,779458,20578784,342194,63,0,224,22,126,0,448,44,0,0,0,0,1640,19443,402336,702,10392,14010,244768,2199,335456,779458,20578784,342194,15475008,537796,7144512,1.39,0.00,0.00,657270,359955,13242364,333679,,,,998400,998400,998400,998400,998400,998400,883200,883200,0,,,,,,0,,939729,1002367,434,4929,390,1,466000,4935000,6854000,0,37,4442000,Full,726000000
1784670067.360987612,25375.56,49400,49400,50200,49400,49000,49800,50200,49400,49000,48800,49600,49600,50200,50000,49600,50000,49600,49600,49200,48800,49600,47300,47300,49800,47300,46900,46500,47300,46900,47300,52100,52900,51700,52100,49800,52900,52100,51300,52100,52100,51300,51700,51700,49200,47700,48700,47700,48400,47300,47300,47700,37000,0,0,37000,40902,49400,95000,0,38967,37000,34500,47507,95000,36220,0,37663,49000,34965,0,44285,0,46709,0,36195,41537,0,45961,49000,0,37231,0,41574,44742,46441,47039,47039,48384,47375,50200,46232,46198,47006,34500,3300,-273000,-273000,-273000,335456,779458,20578784,342194,63,0,224,22,126,0,448,44,0,0,0,0,1640,19443,402336,702,10392,14010,244768,2199,335456,779458,20578784,342194,15475008,539792,7146468,1.39,0.00,0.00,657270,359955,13242364,333679,,,,1555200,1555200,1555200,1555200,1555200,1555200,883200,883200,0,,,,,,0,,0,0,434,4929,390,1,256000,4985000,6854000,0,37,4442000,Full,726000000
1784670067.658558446,25375.86,49800,49800,50200,49400,49400,50200,51000,49800,49400,48800,49200,49600,50200,49600,49600,50000,49600,49200,49200,48400,49200,46900,47300,50200,47300,47300,46500,46500,46900,47300,52900,54000,52500,53200,50200,53600,53200,52100,52900,52900,52100,52500,52500,49200,47700,49800,47300,48000,47300,47300,47300,37000,0,0,37000,40913,50600,95000,0,38967,37000,34500,47405,95000,36220,0,37663,49400,34971,0,44285,0,46682,0,36158,41550,0,45905,49800,0,37211,0,41574,44690,46371,47073,46871,48619,47409,51000,46064,46031,47140,34500,3300,-273000,-273000,-273000,335456,779458,20578784,342194,63,0,224,22,126,0,448,44,0,0,0,0,1640,19443,402336,702,10392,14010,244768,2199,335456,779458,20578784,342194,15475008,557228,7162804,1.39,0.00,0.00,657270,359955,13242364,333679,,,,1785600,1785600,1785600,1785600,1785600,1785600,883200,883200,0,,,,,,0,,0,0,434,4929,390,1,494000,4954000,6854000,0,37,4442000,Full,726000000
1784670067.938729539,25376.14,49800,49800,51000,50600,50600,50200,50200,50600,50600,49600,49600,50400,50900,50800,50800,50800,50800,50400,50400,48400,49200,47700,47700,50900,47700,47300,46500,46900,47300,47700,53600,55200,54800,54400,51300,55200,55200,53200,54000,54800,54000,54400,54400,50400,48800,49400,48000,48800,47700,47700,48000,37000,0,0,37000,40893,50200,95000,0,38967,37000,34500,47393,95000,36220,0,37663,49800,34953,0,44255,0,46609,0,36167,41537,0,45858,49400,0,37249,0,41577,44668,46309,46770,46871,49123,47275,51400,46132,45795,47174,34500,3300,-273000,-273000,-273000,335456,779458,20578784,342194,63,0,224,22,126,0,448,44,0,0,0,0,1640,19443,402336,702,10392,14010,244768,2199,335456,779458,20578784,342194,15475008,558236,7163780,1.39,0.00,0.00,657270,359955,13242364,333679,,,,1113600,1113600,1113600,1113600,1113600,1113600,883200,883200,0,,,,,,0,,913512,1003105,434,4929,390,1,494000,4928000,6854000,0,37,4442000,Full,726000000
1784670068.256128914,25376.46,50200,50200,51400,51400,51000,50600,50600,51400,51000,50000,50000,51200,52100,51200,51200,51500,51200,51200,50800,49200,50000,48000,48000,51300,48000,48000,46500,47300,47300,48000,55600,57500,55600,56300,52100,57500,56700,55200,56700,56300,55600,56000,56000,51200,49600,49400,48400,50000,47700,47700,48000,37000,0,0,37000,40913,49800,95000,0,38967,37000,34500,47408,95000,36220,0,37663,50200,34956,0,44185,0,46530,0,36149,41533,0,45826,49800,0,37257,0,41568,44677,46262,46871,47006,49460,47544,52200,46132,45661,47308,34500,3300,-273000,-273000,-273000,335456,779458,20578784,342194,63,0,224,22,126,0,448,44,0,0,0,0,1640,19443,402336,702,10392,14010,244768,2199,335456,779458,20578784,342194,15475008,554708,7160252,1.39,0.00,0.00,657270,359955,13242364,333679,,,,1228800,1228800,1228800,1228800,1228800,1228800,883200,883200,0,,,,,,0,,913512,1003105,434,4929,390,1,494000,4931000,6854000,0,37,4442000,Full,726000000
1784670068.564407195,25376.77,50900,51300,52200,52200,51400,51800,51400,51800,51400,51200,51200,52700,52900,52700,52700,53100,53100,52300,52300,49600,50000,48800,48800,52900,48800,48800,47300,48000,48000,48800,56700,59000,57100,57900,52900,58700,57500,56300,57900,57500,56700,57100,57100,51500,49600,50200,48400,50400,48000,48000,48400,37000,0,0,37000,40910,51000,95000,0,38967,37000,34500,47468,95000,36220,0,37663,50600,34943,0,44192,0,46522,0,36130,41527,0,45766,51000,0,37222,0,41568,44647,46196,47207,46938,49829,47442,52900,46165,45997,47275,34500,3300,-273000,-273000,-273000,335456,779458,20578784,342194,63,0,224,22,126,0,448,44,0,0,0,0,1640,19443,402336,702,10392,14010,244768,2199,335456,779458,20578784,342194,15475008,558928,7164460,1.50,0.00,0.00,657270,359955,13242364,333679,,,,998400,998400,998400,998400,998400,998400,883200,883200,0,,,,,,0,,913512,1003105,434,4929,390,1,494000,4932000,6854000,0,37,4442000,Full,726000000
1784670068.875763966,25377.08,51700,52100,52900,52600,52200,52200,52200,52600,52900,51500,51500,52700,53600,53100,52700,53900,53100,52300,52300,50000,51200,49200,49200,53200,48800,48800,47300,48400,48400,49200,57500,59000,57900,58300,54000,59000,58700,57100,58300,57900,57500,57900,57500,51900,50000,51000,49200,50800,48400,48400,48800,37000,0,0,37000,40913,51800,95000,0,38967,37000,34500,47561,95000,36220,0,37663,51400,34985,0,44218,0,46472,0,36149,41527,0,45736,51800,0,37257,0,41608,44632,46170,46871,47039,50300,47544,54100,46064,45560,47308,34500,3300,-273000,-273000,-273000,335456,779458,20578784,342194,63,0,224,22,126,0,448,44,0,0,0,0,1640,19443,402336,702,10392,14010,244768,2199,335456,779458,20578784,342194,15475008,557480,7163012,1.50,0.00,0.00,657270,359955,13242364,333679,,,,1900800,1900800,1900800,1900800,1900800,1900800,883200,883200,0,,,,,,0,,836406,1000587,434,4929,390,1,494000,4928000,6854000,0,37,4442000,Full,726000000
1784670069.153929174,25377.35,53200,53200,53700,53300,53300,53300,54100,54500,54900,52300,52300,53500,54400,53900,53900,54600,53900,53500,53500,50400,51500,49600,49200,54000,49200,49200,48000,48800,48400,49600,58300,59800,58300,58700,54400,59800,59400,57900,58700,58700,57900,58300,58300,52700,50400,52200,49600,51200,48400,48400,49200,37000,0,0,37000,40910,53700,95000,0,38967,37000,34500,47589,95000,36220,0,37663,53700,34971,0,44188,0,46422,0,36139,41537,0,45709,53300,0,37264,0,41602,44581,46144,46871,47073,50468,47913,54900,46132,45291,47308,34500,3300,-273000,-273000,-273000,335456,779458,20578784,342194,63,0,224,22,126,0,448,44,0,0,0,0,1640,19443,402336,702,10392,14010,244768,2199,335456,779458,20578784,342194,15475008,550304,7155836,1.50,0.00,0.00,657270,359955,13242364,333679,,,,998400,998400,998400,998400,998400,998400,883200,883200,0,,,,,,0,,836406,1000587,434,4929,380,1,491000,4931000,6854000,0,37,4442000,Full,726000000
1784670069.687547559,25377.89,52900,53600,54100,54100,53700,53700,53300,53700,53300,52700,52300,53900,54800,53900,53900,54600,54300,53500,53500,50800,51900,50000,50400,54400,50000,49600,48000,48800,48800,50400,58300,59800,58700,59400,55200,60600,59800,57900,59400,59400,58700,59000,58700,53900,51200,52200,50000,51900,49600,49200,49600,37000,0,0,37000,40902,52600,95000,0,38967,37000,34500,47778,95000,36220,0,37663,52600,34990,0,44176,0,46378,0,36092,41540,0,45623,52200,0,37207,0,41626,44540,46099,47039,47341,50535,48484,54900,46165,45896,47275,34500,3300,-273000,-273000,-273000,335460,779458,20578840,342195,63,0,224,22,126,0,448,44,0,0,0,0,1640,19443,402336,702,10392,14010,244768,2199,335460,779458,20578840,342195,15475008,553908,7159512,1.50,0.00,0.00,657270,359955,13242392,333679,,,,1113600,1113600,1113600,1113600,1113600,1113600,883200,883200,0,,,,,,0,,0,0,434,4929,380,1,494000,4929000,6854000,0,37,4442000,Full,726000000
1784670069.995298028,25378.20,53200,53600,54100,54100,53700,54100,54100,54100,54100,51900,52300,53500,54800,53500,53900,54600,53900,53900,53500,50400,51500,50000,50000,54800,49600,49600,48800,49200,49200,50400,59400,61000,59400,60200,55200,61000,60200,58700,60200,59800,59000,59400,59400,53500,51200,52200,50400,51900,49200,49600,49600,37000,0,0,37000,40913,52900,95000,0,38967,37000,34500,47866,95000,36220,0,37663,54100,34985,0,44185,0,46371,0,36158,41537,0,45598,55300,0,37223,0,41629,44526,46088,47207,47308,50972,48148,54900,46198,45795,47409,34500,3300,-273000,-273000,-273000,335460,779458,20578840,342195,63,0,224,22,126,0,448,44,0,0,0,0,1640,19443,402336,702,10392,14010,244768,2199,335460,779458,20578840,342195,15475008,548860,7154468,1.50,0.00,0.00,657270,359955,13242392,333679,,,,1324800,1324800,1324800,1324800,1324800,1324800,883200,883200,0,,,,,,0,,855859,1000085,434,4929,380,1,494000,4931000,6854000,0,37,4442000,Full,726000000
1784670070.283976049,25378.49,52500,52900,53700,53700,53700,53300,52900,54100,54100,52700,52300,53900,54800,53900,54300,54600,53900,53900,53500,50800,51900,50000,50400,54400,50000,50000,48400,49200,49600,50400,58700,61000,59000,59800,54800,60600,59800,58300,59800,59400,58700,59400,59000,53900,51200,51800,50400,52300,49600,49600,49600,37000,0,0,37000,40910,52200,95000,0,38967,37000,34500,47925,95000,36220,0,37663,52600,34985,0,44162,0,46356,0,36136,41506,0,45563,52200,0,37220,0,41626,44507,46093,47341,47275,51006,48182,54900,46367,45694,47308,34500,3300,-273000,-273000,-273000,335467,779458,20578952,342197,63,0,224,22,126,0,448,44,0,0,0,0,1640,19443,402336,702,10392,14010,244768,2199,335467,779458,20578952,342197,15475008,544104,7149760,1.50,0.00,0.00,657270,359955,13242448,333679,,,,1113600,1113600,1113600,1113600,1113600,1113600,883200,883200,0,,,,,,0,,855859,1000085,434,4929,380,1,444000,4932000,6854000,0,37,4442000,Full,726000000
1784670070.601435476,25378.80,52500,53200,54100,54100,52900,53700,53700,53300,52900,52700,53100,53900,55200,54300,54300,55000,54600,54300,53500,51200,52300,50400,50400,54800,50400,50400,48800,49200,49600,50800,59000,61400,59400,59800,55200,61000,60600,58700,60200,59800,59000,59800,59400,53900,51500,52200,50400,52300,49600,50000,50400,37000,0,0,37000,40907,52600,95000,0,38967,37000,34500,47972,95000,36220,0,37663,52200,34987,0,44192,0,46356,0,36149,41554,0,45541,52200,0,37249,0,41639,44483,46117,47341,47476,51207,48216,54900,46198,45930,47241,34500,3300,-273000,-273000,-273000,335467,779458,20578952,342197,63,0,224,22,126,0,448,44,0,0,0,0,1640,19443,402336,702,10392,14010,244768,2199,335467,779458,20578952,342197,15475008,547312,7153000,1.77,0.00,0.00,657270,359955,13242448,333679,,,,998400,998400,998400,998400,998400,998400,883200,883200,0,,,,,,0,,0,0,434,4929,380,1,494000,4976000,6854000,0,37,4442000,Full,726000000
1784670070.913399955,25379.11,52500,53200,53700,54500,53700,53300,53300,53700,53300,52700,52300,53900,55200,54300,54300,55000,54300,54300,53500,51200,51900,50800,50800,54800,50800,50000,49200,49600,49600,50800,59400,61400,59400,60200,55200,61400,60200,59000,60200,60200,59000,59400,59400,53900,51500,52600,50800,52700,49600,49600,50400,37000,0,0,37000,40896,52900,95000,0,38967,37000,34500,48073,95000,36220,0,37663,52200,35002,0,44196,0,46340,0,36130,41533,0,45533,52600,0,37202,0,41629,44471,46132,47207,47375,51376,48182,54500,46299,45694,47207,34500,3300,-273000,-273000,-273000,335467,779458,20578952,342197,63,0,224,22,126,0,448,44,0,0,0,0,1640,19443,402336,702,10392,14010,244768,2199,335467,779458,20578952,342197,15475008,549340,7154984,1.77,0.00,0.00,657270,359955,13242448,333679,,,,1113600,1113600,1113600,1113600,1113600,1113600,883200,883200,0,,,,,,0,,837576,1000304,434,4929,380,1,494000,4931000,6854000,0,37,4442000,Full,726000000
1784670071.219380684,25379.42,53600,54400,54500,55300,56400,54100,53700,54900,54100,53100,52700,54600,55600,54600,54600,55400,54600,54600,54300,51500,52700,50800,50800,55600,50400,50000,48800,49600,50000,50800,59400,61400,59400,60600,56000,61400,60600,59000,60200,59800,59400,59800,59400,53900,51500,52900,50800,52700,49200,49600,50400,37000,0,0,37000,40899,53700,95000,0,38967,37000,34500,48089,95000,36220,0,37663,53700,35013,0,44159,0,46384,0,36145,41537,0,45534,53700,0,37222,0,41650,44471,46148,47510,47409,51342,48115,55700,46400,45594,47341,34500,3300,-273000,-273000,-273000,335467,779458,20578952,342197,63,0,224,22,126,0,448,44,0,0,0,0,1640,19443,402336,702,10392,14010,244768,2199,335467,779458,20578952,342197,15475008,556500,7162144,1.77,0.00,0.00,657270,359955,13242448,333679,,,,787200,787200,883200,883200,883200,883200,883200,883200,0,,,,,,0,,837576,1000304,434,4929,380,1,494000,4926000,6854000,0,37,4442000,Full,726000000
1784670071.527033757,25379.73,53200,53600,54100,54100,53700,53300,53300,53700,54100,52700,52700,53900,54800,53900,53900,55000,54300,54300,53500,50800,51500,50800,50800,54800,50400,50000,48800,49600,50000,50800,59400,61400,59800,60600,55200,61400,60600,59000,59800,59800,59000,59800,59400,53900,52300,52600,50800,52700,49600,49600,50400,37000,0,0,37000,40910,53300,95000,0,38967,37000,34500,48147,95000,36220,0,37663,53300,35002,0,44181,0,46378,0,36161,41533,0,45520,54500,0,37254,0,41653,44441,46179,47510,47610,51376,48350,55300,46232,45459,47207,34500,3300,-273000,-273000,-273000,335467,779458,20578952,342197,63,0,224,22,126,0,448,44,0,0,0,0,1640,19443,402336,702,10392,14010,244768,2199,335467,779458,20578952,342197,15475008,556548,7162196,1.77,0.00,0.00,657270,359955,13242448,333679,,,,1996800,1996800,1996800,1996800,1996800,1996800,883200,883200,0,,,,,,0,,837576,1000304,434,4929,380,1,494000,4926000,6854000,0,37,4442000,Full,726000000
1784670071.814790527,25380.02,52900,53200,54100,54100,53300,53300,53300,53700,52600,53500,53500,54600,54800,54600,54300,55000,54600,54300,53900,52300,53500,50800,50800,54800,50400,50000,49200,49600,50000,50800,59000,61400,59800,60200,54800,61000,61000,58700,59800,59800,59000,59400,59400,54300,51900,51800,50800,52700,49600,49600,50400,37000,0,0,37000,40913,52600,95000,0,38967,37000,34500,48220,95000,36220,0,37663,52200,35010,0,44192,0,46387,0,36133,41506,0,45490,52600,0,37248,0,41647,44405,46172,47341,47745,51376,48317,54900,46299,45661,47207,34500,3300,-273000,-273000,-273000,335467,779458,20578952,342197,63,0,224,22,126,0,448,44,0,0,0,0,1640,19443,402336,702,10392,14010,244768,2199,335467,779458,20578952,342197,15475008,558400,7164052,1.77,0.00,0.00,657270,359955,13242448,333679,,,,1228800,1228800,1228800,1228800,1228800,1228800,883200,883200,0,,,,,,0,,846881,1000717,434,4929,380,1,494000,4929000,6854000,0,409,4422000,Full,726000000
1784670072.121606256,25380.32,52900,53200,54100,54100,53300,53300,53700,53700,52900,53100,52700,53900,54800,54300,54300,54600,54300,54300,53500,51200,51900,51200,51200,54800,50400,50000,48800,49600,50000,50800,59400,61000,59400,60200,55200,61000,60600,58700,59800,59800,59000,59800,59400,54300,51900,52200,51200,52700,49600,49600,50000,37000,0,0,37000,40902,52600,95000,0,38899,37000,34500,48257,95000,36301,0,37706,52200,35021,0,44169,0,46367,0,36095,41515,0,45483,52600,0,37210,0,41657,44423,46192,47711,47678,51544,48283,55300,46468,45694,47375,34500,3300,-273000,-273000,-273000,335467,779458,20578952,342197,63,0,224,22,126,0,448,44,0,0,0,0,1640,19443,402336,702,10392,14010,244768,2199,335467,779458,20578952,342197,15475008,555628,7161280,1.77,0.00,0.00,657270,359955,13242448,333679,,,,998400,1113600,1113600,1113600,1113600,1113600,883200,883200,0,,,,,,0,,846881,1000717,434,4929,380,1,494000,4926000,6854000,0,409,4422000,Full,726000000
1784670072.433109433,25380.63,53200,53600,54900,54500,54100,53700,53700,53700,53700,52700,53100,53900,55600,54600,54600,55000,54600,53900,53900,51900,52700,51200,50800,55200,50800,50400,49200,49600,49600,50800,59800,61700,59800,61000,55600,61700,61000,59000,60600,60200,59400,60200,59800,54300,51900,52600,50800,53100,50000,49600,50400,37000,0,0,37000,40918,53700,95000,0,38899,37000,34500,48270,95000,36301,0,37706,52900,35021,0,44185,0,46426,0,36110,41543,0,45499,52600,0,37226,0,41650,44398,46205,47577,47745,51745,48317,55300,46367,46031,47241,34500,3300,-273000,-273000,-273000,335467,779458,20578952,342197,63,0,224,22,126,0,448,44,0,0,0,0,1640,19443,402336,702,10392,14010,244768,2199,335467,779458,20578952,342197,15475008,566396,7172016,1.81,0.00,0.00,657270,359955,13242448,333679,,,,1996800,1996800,1996800,1996800,1996800,1996800,883200,883200,0,,,,,,0,,846881,1000717,434,4929,380,1,494000,4932000,6854000,0,409,4422000,Full,726000000
1784670072.924125787,25381.13,52900,53600,54900,54500,54100,53300,53700,54100,53700,53500,53500,55000,55200,55400,54600,55800,55000,54600,54300,51900,53100,51200,50800,54800,50800,50400,49200,50000,50000,50800,59800,61700,60200,61000,55600,61700,61000,59400,60600,60600,59400,59800,60200,54600,51900,52200,51200,53100,49600,50000,50400,37000,0,0,37000,40910,53300,95000,0,38899,37000,34500,48329,95000,36301,0,37706,52900,35027,0,44185,0,46406,0,36121,41530,0,45495,52600,0,37246,0,41691,44408,46238,47711,47678,51846,48484,55700,46434,45627,47241,34500,3300,-273000,-273000,-273000,335467,779458,20578952,342197,63,0,224,22,126,0,448,44,0,0,0,0,1640,19443,402336,702,10392,14010,244768,2199,335467,779458,20578952,342197,15475008,559536,7165164,1.81,0.00,0.00,657270,359955,13242448,333679,,,,1113600,1113600,1113600,1113600,1113600,1113600,883200,883200,0,,,,,,0,,849656,1000392,434,4929,380,1,484000,4929000,6854000,0,409,4422000,Full,726000000
1784670073.227579329,25381.43,55200,54800,55300,55300,55700,55300,55700,56400,56100,53900,53500,54600,56300,55000,55000,55800,55000,54600,54300,51900,52700,51200,51200,56300,50800,50400,48800,50000,50000,50800,59800,61400,59800,60600,56000,61400,60600,59400,60200,60200,59800,60200,59800,54300,52300,53700,51500,53100,50000,50000,50400,37000,0,0,37000,40921,55700,95000,0,38899,37000,34500,48366,95000,36301,0,37706,54500,35030,0,44192,0,46441,0,36113,41527,0,45513,54500,0,37211,0,41660,44414,46251,47812,47980,51880,48619,56400,46568,45963,47207,34500,3300,-273000,-273000,-273000,335467,779458,20578952,342197,63,0,224,22,126,0,448,44,0,0,0,0,1640,19443,402336,702,10392,14010,244768,2199,335467,779458,20578952,342197,15475008,563452,7169064,1.81,0.00,0.00,657270,359955,13242448,333679,,,,1996800,1996800,1996800,1996800,1996800,1996800,883200,883200,0,,,,,,0,,0,0,434,4929,380,1,494000,4926000,6854000,0,409,4422000,Full,726000000
1784670073.500618495,25381.70,54000,54400,55700,55300,54900,54500,55300,54900,54100,53900,53900,55000,56000,55000,55000,56200,55400,54600,54600,52300,53500,50800,51200,56000,50800,50400,49600,50000,50000,50800,59800,61700,59800,61000,56300,61700,61000,59800,61000,60600,59800,60600,60600,54600,52300,52900,51200,53100,50400,50400,50800,37000,0,0,37000,40921,53700,95000,0,38899,37000,34500,48427,95000,36301,0,37706,53300,35038,0,44225,0,46479,0,36149,41558,0,45524,52900,0,37237,0,41660,44398,46282,47812,47779,51645,48484,56100,46636,46132,47073,34500,3300,-273000,-273000,-273000,335467,779458,20578952,342197,63,0,224,22,126,0,448,44,0,0,0,0,1640,19443,402336,702,10392,14010,244768,2199,335467,779458,20578952,342197,15475008,557424,7163040,1.81,0.00,0.00,657270,359955,13242448,333679,,,,787200,787200,787200,787200,787200,787200,883200,883200,0,,,,,,0,,0,0,434,4929,380,1,494000,4927000,6854000,0,409,4422000,Full,726000000
1784670073.809114016,25382.01,54400,55200,55300,55300,54900,55300,56100,55300,54900,53500,53500,54600,56300,55000,55000,55800,55000,54600,54600,51500,52700,51200,51200,56000,51200,50800,49600,50000,50400,51200,60200,62100,60600,61400,56300,62100,61400,59800,60600,61000,59800,60600,60600,54600,52300,53700,51500,53100,50000,50000,50800,37000,0,0,37000,40918,54100,95000,0,38899,37000,34500,48460,95000,36301,0,37706,54500,35019,0,44258,0,46488,0,36067,41543,0,45516,54100,0,37275,0,41681,44398,46286,47610,47846,52182,48384,56400,46636,45829,47174,34500,3300,-273000,-273000,-273000,335467,779458,20578952,342197,63,0,224,22,126,0,448,44,0,0,0,0,1640,19443,402336,702,10392,14010,244768,2199,335467,779458,20578952,342197,15475008,561020,7166636,1.81,0.00,0.00,657270,359955,13242448,333679,,,,787200,787200,787200,787200,787200,787200,883200,883200,0,,,,,,0,,846042,1000544,434,4929,380,1,494000,4923000,6854000,0,409,4422000,Full,726000000
1784670074.113578026,25382.31,54400,54800,55300,54900,54900,54900,55300,55300,55700,53500,53100,54600,56000,54600,55400,55800,55400,54600,54300,51900,52700,51200,51200,55600,51200,50800,49600,50000,50400,51200,60200,62100,60200,61000,56300,62100,61400,59800,61000,61000,59800,60200,60200,54600,52300,53300,51500,53100,50400,50000,50800,37000,0,0,37000,40932,54100,95000,0,38899,37000,34500,48471,95000,36301,0,37706,54500,35038,0,44262,0,46492,0,36130,41558,0,45529,55700,0,37251,0,41666,44390,46336,47913,47980,51812,48451,56100,46535,45930,47174,34500,3300,-273000,-273000,-273000,335467,779458,20578952,342197,63,0,224,22,126,0,448,44,0,0,0,0,1640,19443,402336,702,10392,14010,244768,2199,335467,779458,20578952,342197,15475008,559296,7164916,1.81,0.00,0.00,657270,359955,13242448,333679,,,,1996800,1996800,1996800,1996800,1996800,1996800,883200,883200,0,,,,,,0,,846042,1000544,434,4929,380,1,494000,4931000,6854000,0,409,4422000,Full,726000000
1784670074.388598808,25382.59,53200,53600,54500,54900,54100,53700,54100,54500,54100,53500,53500,54600,55600,55000,55000,55800,55000,54600,54600,51900,52700,51200,51200,55200,50800,50800,49600,50400,50400,51200,59800,61700,60200,60600,55600,61700,61400,59000,60600,60200,59000,60200,59800,54600,52300,52600,51500,53500,50400,50000,50800,37000,0,0,37000,40927,53700,95000,0,38899,37000,34500,48488,95000,36301,0,37706,52900,35041,0,44258,0,46517,0,36145,41571,0,45543,53700,0,37219,0,41697,44405,46347,47711,47812,51846,48585,55700,46636,45930,47106,34500,3300,-273000,-273000,-273000,335467,779458,20578952,342197,63,0,224,22,126,0,448,44,0,0,0,0,1640,19443,402336,702,10392,14010,244768,2199,335467,779458,20578952,342197,15475008,555508,7161128,1.81,0.00,0.00,657270,359955,13242448,333679,,,,1113600,1113600,1113600,1113600,1113600,1113600,883200,883200,0,,,,,,0,,846042,1000544,434,4929,380,1,497000,4928000,6854000,0,409,4422000,Full,726000000
1784670074.691323860,25382.89,53200,54000,54500,54500,54500,54100,54100,54100,53700,53500,53500,54300,55600,55000,55000,55800,55000,54600,54300,52300,53100,51200,50800,55200,50800,51200,49600,50400,50400,51200,60200,62100,60600,61400,56000,62100,61700,60200,61000,60600,59400,60600,60200,54600,52300,52600,51200,53500,50000,50000,50800,37000,0,0,37000,40924,53300,95000,0,38899,37000,34500,48555,95000,36301,0,37706,52600,35030,0,44276,0,46544,0,36116,41568,0,45552,52600,0,37236,0,41700,44420,46378,47846,47980,52014,48484,55700,46669,45997,47039,34500,3300,-273000,-273000,-273000,335467,779458,20578952,342197,63,0,224,22,126,0,448,44,0,0,0,0,1640,19443,402336,702,10392,14010,244768,2199,335467,779458,20578952,342197,15475008,550460,7156148,1.85,0.00,0.00,657270,359955,13242448,333679,,,,998400,998400,998400,998400,998400,998400,883200,883200,0,,,,,,0,,846042,1000544,434,4929,380,1,494000,4931000,6854000,0,409,4422000,Full,726000000
1784670075.001981984,25383.20,53200,53600,54900,54900,54100,54100,53700,54100,53700,53500,53500,54600,56000,55000,55000,55400,55000,54600,54300,51900,52700,51200,51200,55200,51200,50800,49600,50000,50400,51200,60200,61700,60200,61000,55600,61700,61400,59400,60200,61000,59400,60200,60200,54600,52300,52600,51200,53100,50000,50000,50800,37000,0,0,37000,40943,53300,95000,0,38899,37000,34500,48524,95000,36301,0,37706,53300,35053,0,44281,0,46541,0,36121,41574,0,45559,52900,0,37237,0,41703,44414,46385,48014,48048,52014,48720,55700,46737,46501,47073,34500,3300,-273000,-273000,-273000,335467,779458,20578952,342197,63,0,224,22,126,0,448,44,0,0,0,0,1640,19443,402336,702,10392,14010,244768,2199,335467,779458,20578952,342197,15475008,555832,7161860,1.85,0.00,0.00,657270,359955,13242448,333679,,,,1324800,1324800,1324800,1324800,1324800,1324800,883200,883200,0,,,,,,0,,0,0,434,4929,380,1,494000,4933000,6854000,0,409,4422000,Full,726000000
1784670075.302156411,25383.50,54400,54800,55300,54900,54900,54900,55300,55700,55700,53100,53100,54300,56000,54600,54600,55400,54600,54300,54300,51500,52300,51200,51200,56000,51200,50800,49600,50400,50000,51200,59000,61400,60600,60200,56300,60600,61000,58700,59800,60600,59800,60200,60200,54600,52300,53300,51500,53100,50000,50000,51200,37000,0,0,37000,40943,54100,95000,0,38899,37000,34500,48580,95000,36301,0,37706,54900,35050,0,44295,0,46564,0,36107,41585,0,45570,54100,0,37246,0,41721,44423,46406,47913,47879,52014,48720,55700,46501,46568,47207,34500,3300,-273000,-273000,-273000,335481,779458,20579288,342200,63,0,224,22,126,0,448,44,0,0,0,0,1640,19443,402336,702,10392,14010,244768,2199,335481,779458,20579288,342200,15475008,559716,7165452,1.85,0.00,0.00,657270,359955,13242616,333679,,,,787200,787200,787200,787200,787200,787200,883200,883200,0,,,,,,0,,0,0,434,4929,380,1,494000,4936000,6854000,0,409,4422000,Full,726000000
1784670075.610240786,25383.81,54000,54400,54900,54500,54500,54900,54900,54900,54900,53500,53100,54600,56000,54600,55000,55400,55000,55000,54300,51500,52700,51200,51500,55600,51200,51200,49600,50000,50400,51200,60200,62100,60200,61000,55600,61700,61400,59800,60600,60600,59800,60600,59800,55000,52700,53300,51500,53100,50400,50000,50800,37000,0,0,37000,40950,54100,95000,0,38899,37000,34500,48633,95000,36301,0,37706,53700,35053,0,44306,0,46598,0,36155,41598,0,45604,54100,0,37263,0,41700,44401,46433,47812,48148,52149,48753,56100,46636,45997,47207,34500,3300,-273000,-273000,-273000,335481,779458,20579288,342200,63,0,224,22,126,0,448,44,0,0,0,0,1640,19443,402336,702,10392,14010,244768,2199,335481,779458,20579288,342200,15475008,560148,7165828,1.85,0.00,0.00,657270,359955,13242616,333679,,,,1228800,1228800,1228800,1228800,1228800,1228800,883200,883200,0,,,,,,0,,852739,1000275,434,4929,380,1,494000,4937000,6854000,0,409,4422000,Full,726000000
1784670076.119292765,25384.32,53600,54400,54900,55300,54500,54500,54100,54900,54900,53500,53900,54600,56000,55000,55000,55800,55400,54600,54300,51900,53100,51200,51500,55600,51200,51200,49600,50400,50800,51500,60600,61700,60200,61000,56300,62100,61000,59800,60600,60600,59800,60200,60200,55000,52300,52900,51500,53500,50800,50400,50800,37000,0,0,37000,40950,53300,95000,0,38899,37000,34500,48652,95000,36301,0,37706,53300,35078,0,44335,0,46620,0,36133,41581,0,45612,53300,0,37245,0,41708,44417,46461,47913,48148,52250,48720,56100,46669,45896,47039,34500,3300,-273000,-273000,-273000,335481,779458,20579288,342200,63,0,224,22,126,0,448,44,0,0,0,0,1640,19443,402336,702,10392,14010,244768,2199,335481,779458,20579288,342200,15475008,562892,7168560,1.85,0.00,0.00,657270,359955,13242616,333679,,,,1113600,1113600,1113600,1113600,1113600,1113600,883200,883200,0,,,,,,0,,0,0,434,4929,380,1,494000,4935000,6854000,0,409,4422000,Full,726000000
1784670076.425383494,25384.63,54000,54400,55300,54900,54500,54900,54900,54900,54500,53500,53500,54600,56000,55000,55000,55400,54600,54600,54300,51900,52300,51500,51500,55600,51200,51200,50000,50000,50400,51200,59800,61700,60200,61000,56300,61700,61000,59400,60600,60600,59800,60600,60200,54600,52700,53300,51500,53500,50400,50400,50800,37000,0,0,37000,40964,53700,95000,0,38899,37000,34500,48673,95000,36301,0,37706,54100,35069,0,44332,0,46633,0,36145,41598,0,45624,54900,0,37240,0,41697,44405,46468,48081,48081,52081,48787,55700,46669,46468,47039,34500,3300,-273000,-273000,-273000,335481,779458,20579288,342200,63,0,224,22,126,0,448,44,0,0,0,0,1640,19443,402336,702,10392,14010,244768,2199,335481,779458,20579288,342200,15475008,563104,7168772,1.87,0.00,0.00,657270,359955,13242616,333679,,,,1900800,1900800,1900800,1900800,1900800,1900800,883200,883200,0,,,,,,0,,0,0,434,4929,380,1,494000,4935000,6854000,0,409,4422000,Full,726000000
1784670076.708410213,25384.91,53600,54400,54900,54900,54500,54500,54900,54900,54100,53500,53100,54300,55600,55000,55400,55800,55000,55000,54300,51900,52300,51500,51500,55200,51200,50800,49600,50400,50400,51500,59400,61400,60200,60600,56000,61700,61000,59000,60200,60600,60200,60200,60200,54600,52300,52900,51500,53500,50400,50400,50800,37000,0,0,37000,40967,54100,95000,0,38899,37000,34500,48692,95000,36301,0,37706,53300,35081,0,44335,0,46667,0,36181,41639,0,45624,54500,0,37248,0,41739,44446,46499,48081,48115,52182,48687,56100,46703,46165,46905,34500,3300,-273000,-273000,-273000,335481,779458,20579288,342200,63,0,224,22,126,0,448,44,0,0,0,0,1640,19443,402336,702,10392,14010,244768,2199,335481,779458,20579288,342200,15475008,564604,7170256,1.87,0.00,0.00,657270,359955,13242616,333679,,,,1996800,1996800,1996800,1996800,1996800,1996800,883200,883200,0,,,,,,0,,0,0,434,4929,380,1,497000,4933000,6852000,0,410,4422000,Full,726000000
1784670077.084826984,25385.29,53600,53600,54900,54900,54500,53700,54100,54500,53700,53500,53500,55000,56000,55000,55000,55800,54600,54600,54300,51900,53100,51500,51500,55600,51200,51200,49600,50400,50400,51200,60200,62100,60200,61400,56300,62100,61400,59800,60600,60600,59800,60600,60200,55000,52700,52900,51500,53100,50400,50400,50800,37000,0,0,37000,40972,53700,95000,0,38972,37000,34600,48717,95000,36301,0,37706,52900,35069,0,44368,0,46689,0,36142,41650,0,45660,52600,0,37229,0,41721,44427,46530,48182,48216,52317,48653,56100,46804,46165,47006,34600,3300,-273000,-273000,-273000,335481,779458,20579288,342200,63,0,224,22,126,0,448,44,0,0,0,0,1640,19443,402336,702,10392,14010,244768,2199,335481,779458,20579288,342200,15475008,559932,7165584,1.87,0.00,0.00,657270,359955,13242616,333679,,,,998400,998400,1113600,1113600,1113600,1113600,883200,883200,0,,,,,,0,,840080,1000682,434,4929,380,1,494000,4928000,6852000,0,410,4422000,Full,726000000
1784670077.381509119,25385.58,55600,56000,56100,55700,55300,56100,56400,56100,55700,53900,53900,55000,56700,55000,55400,56200,55400,55000,54600,52300,53100,51500,51500,56300,51200,51200,49600,50400,50400,51500,60600,62500,60600,61700,56700,62500,61700,59800,61400,61000,60200,61000,61000,55000,52700,54100,51500,53500,50400,50400,50400,37000,0,0,37000,40993,55300,95000,0,38972,37000,34600,48732,95000,36301,0,37706,55700,35075,0,44384,0,46689,0,36178,41622,0,45687,54900,0,37233,0,41739,44457,46544,48048,48350,52317,49123,56800,46905,46333,46770,34600,3300,-273000,-273000,-273000,335481,779458,20579288,342200,63,0,224,22,126,0,448,44,0,0,0,0,1640,19443,402336,702,10392,14010,244768,2199,335481,779458,20579288,342200,15475008,559972,7165624,1.87,0.00,0.00,657270,359955,13242616,333679,,,,1996800,1996800,1996800,1996800,1996800,1996800,883200,883200,0,,,,,,0,,840080,1000682,434,4929,380,1,494000,4929000,6852000,0,410,4422000,Full,726000000
1784670077.653169848,25385.85,54000,55200,55700,55300,55300,54900,54900,55300,54900,54300,53900,55400,56700,55800,55400,56200,55800,55000,55000,52700,53900,51500,51500,56300,51500,50800,49600,50000,50400,51500,60600,62100,61000,61700,57100,62500,61700,59800,61000,61400,60600,61000,60600,55000,53100,53700,51900,53500,50400,50800,50800,37000,0,0,37000,40993,54500,95000,0,38972,37000,34600,48768,95000,36301,0,37706,54100,35091,0,44368,0,46720,0,36187,41642,0,45709,54100,0,37246,0,41762,44441,46561,48148,48216,52519,49157,56400,46804,46266,46804,34600,3300,-273000,-273000,-273000,335481,779458,20579288,342200,63,0,224,22,126,0,448,44,0,0,0,0,1640,19443,402336,702,10392,14010,244768,2199,335481,779458,20579288,342200,15475008,553216,7158988,1.87,0.00,0.00,657270,359955,13242616,333679,,,,998400,998400,998400,998400,998400,998400,883200,883200,0,,,,,,0,,840080,1000682,434,4929,380,1,494000,4926000,6852000,0,410,4422000,Full,726000000
1784670077.962179848,25386.16,55200,56300,56400,55700,55700,56800,58000,55700,55300,53900,53900,55000,57100,55400,55800,56200,55800,55400,55000,52300,53500,51500,51900,56300,51500,50800,50000,50400,50400,51500,60600,62900,61000,62100,57100,62900,61700,60600,61700,61400,60600,61000,61000,55000,52700,54900,51500,53900,50800,50400,51200,37000,0,0,37000,40993,55700,95000,0,38972,37000,34600,48771,95000,36301,0,37706,54100,35125,0,44427,0,46733,0,36167,41635,0,45709,55300,0,37257,0,41749,44457,46577,48048,48249,52317,49191,57200,47106,46468,46871,34600,3300,-273000,-273000,-273000,335481,779458,20579288,342200,63,0,224,22,126,0,448,44,0,0,0,0,1640,19443,402336,702,10392,14010,244768,2199,335481,779458,20579288,342200,15475008,554328,7160132,1.87,0.00,0.00,657270,359955,13242616,333679,,,,1228800,1228800,1228800,1228800,1228800,1228800,883200,883200,0,,,,,,0,,850244,1000397,434,4929,380,1,494000,4929000,6852000,0,410,4422000,Full,726000000
1784670078.256118025,25386.46,54400,54400,55300,55300,54500,54900,55700,54900,54900,53500,53900,55000,56000,55400,55000,55800,55400,55000,54600,51900,52700,51900,51900,55600,51500,51200,50000,50800,50400,51500,60200,61700,60600,61000,56300,62100,61400,59400,60600,60600,59800,60600,60600,55000,53100,52900,51500,53900,50800,50800,51200,37000,0,0,37000,41005,54900,95000,0,38972,37000,34600,48800,95000,36301,0,37706,53700,35078,0,44438,0,46743,0,36167,41660,0,45729,53300,0,37237,0,41765,44460,46602,47812,48350,52182,48687,56100,46804,46165,46905,34600,3300,-273000,-273000,-273000,335481,779458,20579288,342200,63,0,224,22,126,0,448,44,0,0,0,0,1640,19443,402336,702,10392,14010,244768,2199,335481,779458,20579288,342200,15475008,562772,7168468,1.87,0.00,0.00,657270,359955,13242616,333679,,,,1670400,1670400,1670400,1670400,1670400,1670400,883200,883200,0,,,,,,0,,850244,1000397,434,4929,380,1,494000,4932000,6852000,0,410,4422000,Full,726000000
1784670078.540809431,25386.74,53200,54000,55300,54900,54500,54500,54500,54500,54100,53500,53500,54600,55600,55000,55400,55800,55400,54600,54600,52300,52700,51500,51500,55600,51500,51200,50000,50400,50800,51500,60600,62100,60600,61400,56000,62500,61400,59800,61000,61000,59800,60600,59800,55000,53100,52600,51500,53500,50400,50800,51200,37000,0,0,37000,41017,53700,95000,0,38972,37000,34600,48817,95000,36301,0,37706,52900,35066,0,44438,0,46767,0,36158,41666,0,45755,52900,0,37254,0,41773,44486,46636,48081,48384,52081,48687,55700,46871,45896,46770,34600,3300,-273000,-273000,-273000,335481,779458,20579288,342200,63,0,224,22,126,0,448,44,0,0,0,0,1640,19443,402336,702,10392,14010,244768,2199,335481,779458,20579288,342200,15475008,561008,7166708,1.89,0.00,0.00,657270,359955,13242616,333679,,,,1113600,1113600,1113600,1113600,1113600,1113600,883200,883200,0,,,,,,0,,850244,1000397,434,4929,380,1,494000,4953000,6852000,0,410,4422000,Full,726000000
1784670078.844422400,25387.05,54000,54000,55300,55300,54900,54500,54100,54500,54100,54300,53900,55000,56300,55400,55800,56200,55400,55000,54600,52300,53500,51500,51500,55600,51500,51200,50000,50800,50800,51500,60600,62500,60600,61700,56000,62500,61700,60200,61400,61000,60600,60600,61000,55000,53100,52900,51500,53500,50400,50400,51200,37000,0,0,37000,41025,53700,95000,0,38972,37000,34600,48853,95000,36301,0,37706,53700,35087,0,44446,0,46805,0,36149,41670,0,45757,53300,0,37211,0,41779,44504,46642,47980,48283,52250,48955,55700,47006,46299,46905,34600,3300,-273000,-273000,-273000,335481,779458,20579288,342200,63,0,224,22,126,0,448,44,0,0,0,0,1640,19443,402336,702,10392,14010,244768,2199,335481,779458,20579288,342200,15475008,557732,7163432,1.89,0.00,0.00,657270,359955,13242616,333679,,,,1996800,1996800,1996800,1996800,1996800,1996800,883200,883200,0,,,,,,0,,844398,1000468,410,4927,380,1,497000,4932000,6852000,0,410,4422000,Full,726000000
1784670079.341978233,25387.54,54000,54800,55700,55300,54900,55300,56100,54900,54500,54300,53500,55400,56300,55400,55400,56200,55800,55400,55000,51900,52700,51500,51900,56000,51500,51200,50000,50800,50800,51500,60600,62500,61000,61700,56300,62500,61700,60200,61700,61000,60600,61000,60600,55400,53100,53700,51900,53900,50400,50800,51200,37000,0,0,37000,41035,54900,95000,0,38972,37000,34600,48865,95000,36301,0,37706,54100,35078,0,44467,0,46819,0,36152,41708,0,45778,53700,0,37249,0,41786,44507,46669,48317,48384,52585,49022,56400,47006,46299,46938,34600,3300,-273000,-273000,-273000,335481,779458,20579288,342200,63,0,224,22,126,0,448,44,0,0,0,0,1640,19443,402336,702,10392,14010,244768,2199,335481,779458,20579288,342200,15475008,550852,7156588,1.89,0.00,0.00,657270,359955,13242616,333679,,,,1996800,1996800,1996800,1996800,1996800,1996800,883200,883200,0,,,,,,0,,844398,1000468,410,4927,380,1,494000,4932000,6852000,0,410,4422000,Full,726000000
1784670079.621633389,25387.82,54000,54400,55300,54900,54900,54900,54900,54500,54100,54300,54300,55800,56000,55800,55800,56600,56200,55800,55400,52700,53500,51900,51900,56000,51500,51200,49600,50400,51200,51900,61000,62900,61400,61700,56700,62500,62100,60600,61400,61700,60600,61400,61400,55400,53100,52900,51900,53900,50800,50400,51200,37000,0,0,37000,41040,53700,95000,0,38972,37000,34600,48904,95000,36301,0,37706,53700,35106,0,44479,0,46842,0,36104,41712,0,45778,53300,0,37255,0,41792,44566,46696,48216,48451,52317,49056,56100,47006,46266,46871,34600,3300,-273000,-273000,-273000,335481,779458,20579288,342200,63,0,224,22,126,0,448,44,0,0,0,0,1640,19443,402336,702,10392,14010,244768,2199,335481,779458,20579288,342200,15475008,556160,7161896,1.89,0.00,0.00,657270,359955,13242616,333679,,,,1324800,1324800,1324800,1324800,1324800,1324800,883200,883200,0,,,,,,0,,844398,1000468,410,4927,380,1,494000,4931000,6852000,0,410,4422000,Full,726000000
1784670079.922395212,25388.12,54000,54400,55700,55700,54500,54900,54500,54900,54500,53900,53900,55000,56300,55400,55400,56600,55800,55400,54600,52700,53500,51900,51900,56300,51900,51500,50000,50400,51200,51900,61000,62500,61000,61700,56700,62500,61700,60200,61400,61400,60600,61000,61000,55400,53100,53300,51900,53900,50800,50800,51500,37000,0,0,37000,41051,54100,95000,0,38972,37000,34600,48904,95000,36301,0,37706,53700,35112,0,44512,0,46853,0,36104,41718,0,45817,53300,0,37245,0,41783,44523,46727,48283,48585,52585,49157,56400,47174,46468,46972,34600,3300,-273000,-273000,-273000,335481,779458,20579288,342200,63,0,224,22,126,0,448,44,0,0,0,0,1640,19443,402336,702,10392,14010,244768,2199,335481,779458,20579288,342200,15475008,561952,7167624,1.89,0.00,0.00,657270,359955,13242616,333679,,,,1113600,1113600,1113600,1113600,1113600,1113600,883200,883200,0,,,,,,0,,849110,1000357,410,4927,380,1,494000,4929000,6852000,0,410,4422000,Full,726000000
1784670080.233181774,25388.43,54400,55200,55700,55300,54900,54900,54500,54900,54100,53900,53900,55400,56300,55800,55400,56200,55800,55400,55000,52300,53500,51900,51900,56300,51500,51200,50000,50400,50800,51500,61400,62900,61400,62500,56700,63300,62100,61000,61700,61400,61000,61400,61400,55400,53100,53700,52300,53900,50800,50800,51500,37000,0,0,37000,41061,54900,95000,0,38972,37000,34600,48940,95000,36301,0,37706,53700,35103,0,44512,0,46873,0,36158,41712,0,45843,53700,0,37254,0,41783,44573,46739,48283,48350,52519,48753,56400,47073,46434,46837,34600,3300,-273000,-273000,-273000,335481,779458,20579288,342200,63,0,224,22,126,0,448,44,0,0,0,0,1640,19443,402336,702,10392,14010,244768,2199,335481,779458,20579288,342200,15475008,558148,7163820,1.89,0.00,0.00,657270,359955,13242616,333679,,,,998400,998400,998400,998400,998400,998400,883200,883200,0,,,,,,0,,849110,1000357,410,4927,380,1,291000,4929000,6852000,0,410,4422000,Full,726000000
1784670080.539471149,25388.74,55200,55600,56100,55300,55300,55700,55700,55700,54900,53900,53500,55400,56700,55400,55800,56200,55800,55400,54600,51900,52700,51900,51900,56300,51500,51200,50000,50800,50800,51900,61000,63300,61000,62100,57100,62900,62100,60600,61700,61700,60600,61400,61000,55400,53100,54500,51900,53900,50800,50800,51200,37000,0,0,37000,41076,55300,95000,0,38972,37000,34600,48957,95000,36301,0,37706,54500,35112,0,44500,0,46873,0,36121,41734,0,45840,56100,0,37216,0,41792,44578,46747,48484,48484,52384,48922,56400,47140,46367,46770,34600,3300,-273000,-273000,-273000,335496,779458,20579896,342205,63,0,224,22,126,0,448,44,0,0,0,0,1640,19443,402336,702,10392,14010,244768,2199,335496,779458,20579896,342205,15475008,554100,7159772,1.91,0.00,0.00,657270,359955,13242920,333679,,,,1996800,1996800,1996800,1996800,1996800,1996800,883200,883200,0,,,,,,0,,0,0,410,4927,380,1,494000,4932000,6852000,0,410,4422000,Full,726000000
1784670080.813196513,25389.01,54000,54000,55300,55300,54900,54500,54500,55300,54900,54300,54300,55400,56000,55800,55400,56200,55800,55800,55000,52700,53500,51900,51900,56000,51500,51200,49600,50800,50800,51900,61000,62500,61000,61700,56700,62500,61700,60200,61700,61400,60600,61000,61400,55400,53100,53300,51900,53900,50800,50800,51200,37000,0,0,37000,41076,53700,95000,0,38972,37000,34600,48980,95000,36301,0,37706,53300,35131,0,44519,0,46918,0,36121,41742,0,45847,53700,0,37263,0,41820,44578,46787,48216,48451,52619,48989,56400,47006,46367,46804,34600,3300,-273000,-273000,-273000,335496,779458,20579896,342205,63,0,224,22,126,0,448,44,0,0,0,0,1640,19443,402336,702,10392,14010,244768,2199,335496,779458,20579896,342205,15475008,549420,7155132,1.91,0.00,0.00,657270,359955,13242920,333679,,,,1324800,1324800,1324800,1324800,1324800,1324800,883200,883200,0,,,,,,0,,842410,1000501,410,4927,380,1,494000,4927000,6852000,0,410,4422000,Full,726000000
1784670081.114053701,25389.32,54000,54400,55300,55300,54900,54900,54100,54900,53700,54300,54300,55800,56000,55800,55800,56600,55800,55400,55000,52700,53900,51900,51500,56000,51900,51500,50000,50800,50800,51900,60600,62500,61000,61400,56300,62500,62100,60200,61400,61000,60600,61000,61000,55000,53100,53300,52300,54300,50800,50800,51500,37000,0,0,37000,41102,54100,95000,0,38972,37000,34600,48993,95000,36301,0,37706,53700,35125,0,44556,0,46929,0,36181,41758,0,45880,52900,0,37260,0,41803,44563,46808,47980,48451,52653,49157,56400,47106,46400,46669,34600,3300,-273000,-273000,-273000,335496,779458,20579896,342205,63,0,224,22,126,0,448,44,0,0,0,0,1640,19443,402336,702,10392,14010,244768,2199,335496,779458,20579896,342205,15475008,556956,7162672,1.91,0.00,0.00,657270,359955,13242920,333679,,,,998400,998400,998400,998400,998400,998400,883200,883200,0,,,,,,0,,842410,1000501,410,4927,380,1,491000,4929000,6852000,0,410,4422000,Full,726000000
1784670081.412972763,25389.61,56000,56300,56800,56400,56100,56800,57200,56400,56800,54600,54300,55400,57100,55800,55800,56600,56200,55400,55000,53100,53900,51900,51500,57100,51900,51200,50000,50400,50800,51900,60600,62500,61400,61700,57500,62500,62100,59800,61400,61700,60600,61400,61400,55400,53100,55300,51900,53900,51200,50800,51200,37000,0,0,37000,41092,56100,95000,0,38972,37000,34600,49036,95000,36301,0,37706,55700,35134,0,44566,0,46976,0,36121,41765,0,45914,55300,0,37240,0,41813,44573,46808,48384,48384,52854,49157,57600,47140,46266,46804,34600,3300,-273000,-273000,-273000,335496,779458,20579896,342205,63,0,224,22,126,0,448,44,0,0,0,0,1640,19443,402336,702,10392,14010,244768,2199,335496,779458,20579896,342205,15475008,565296,7170968,1.91,0.00,0.00,657270,359955,13242920,333679,,,,1996800,1996800,1996800,1996800,1996800,1996800,883200,883200,0,,,,,,0,,842410,1000501,410,4927,380,1,494000,4923000,6852000,0,410,4422000,Full,726000000
1784670081.691436669,25389.89,54800,55600,56100,56400,56100,55300,55700,56100,55700,55000,55000,55800,57100,56200,56600,57000,56200,56200,55400,53500,53900,52300,52300,56700,51900,51500,50000,50800,51200,51900,61400,63300,61400,62500,57500,62900,62500,60600,61700,61700,61400,61700,61400,55400,53500,54100,51900,54300,50800,51200,51500,37000,0,0,37000,41117,54900,95000,0,38972,37000,34600,49036,95000,36301,0,37706,54100,35125,0,44589,0,46963,0,36187,41779,0,45914,54500,0,37243,0,41803,44589,46835,48451,48518,52955,49291,57200,47106,46367,46568,34600,3300,-273000,-273000,-273000,335496,779458,20579896,342205,63,0,224,22,126,0,448,44,0,0,0,0,1640,19443,402336,702,10392,14010,244768,2199,335496,779458,20579896,342205,15475008,558856,7164548,1.91,0.00,0.00,657270,359955,13242920,333679,,,,998400,998400,998400,998400,998400,998400,883200,883200,0,,,,,,0,,842410,1000501,410,4927,380,1,491000,4928000,6852000,0,410,4422000,Full,726000000
1784670081.988671461,25390.19,55600,56000,56100,56400,55700,56100,56400,56400,57600,53900,53900,55400,57100,55800,56200,56600,55800,55800,55400,52300,53500,51900,51900,56700,51900,51500,50400,50800,50800,51900,60600,62500,61400,61400,57100,62500,62100,59800,61400,61400,61000,61400,61400,55400,53100,54500,52300,54300,51200,51200,51500,37000,0,0,37000,41125,55700,95000,0,38972,37000,34700,49068,95000,36435,0,37706,55700,35159,0,44589,0,46976,0,36178,41786,0,45935,55300,0,37261,0,41813,44595,46848,48182,48518,52720,49426,57200,47241,46669,46770,34700,3300,-273000,-273000,-273000,335496,779458,20579896,342205,63,0,224,22,126,0,448,44,0,0,0,0,1640,19443,402336,702,10392,14010,244768,2199,335496,779458,20579896,342205,15475008,554628,7160320,1.91,0.00,0.00,657270,359955,13242920,333679,,,,1555200,1555200,1555200,1555200,1555200,1555200,883200,883200,0,,,,,,0,,858169,1000221,410,4927,380,1,481000,4929000,6850000,0,454,4420000,Full,726000000
1784670082.503295263,25390.70,55600,56300,56400,56100,56100,56800,58000,56400,57200,54300,54600,55400,57100,55800,56200,56600,56200,55800,55400,53100,53900,51900,51900,56700,51900,51500,50400,50800,50800,51900,61000,62900,61400,61700,57500,62900,62100,60600,61700,61400,61000,61400,61000,55400,53500,54900,52300,53900,51200,50800,51500,37000,0,0,37000,41137,55700,95000,0,38972,37000,34700,49076,95000,36435,0,37706,54900,35128,0,44621,0,47017,0,36155,41786,0,45965,54900,0,37266,0,41847,44621,46861,48384,48518,52788,49594,57200,47308,46804,46602,34700,3300,-273000,-273000,-273000,335496,779458,20579896,342205,63,0,224,22,126,0,448,44,0,0,0,0,1640,19443,402336,702,10392,14010,244768,2199,335496,779458,20579896,342205,15475008,559548,7165340,1.93,0.00,0.00,657270,359955,13242920,333679,,,,1670400,1670400,1670400,1670400,1670400,1670400,883200,883200,0,,,,,,0,,858169,1000221,410,4927,380,1,494000,4957000,6850000,0,454,4420000,Full,726000000
1784670082.780509013,25390.98,54000,54800,55700,55700,55300,54900,54900,55300,55700,54600,54600,55800,56300,55800,56200,57000,56200,55800,55400,53100,53500,51900,51900,56300,51500,51900,50400,50800,51200,51900,60600,62100,61400,61400,56700,62500,61700,60600,61400,61400,60600,61400,60600,55800,53500,53300,51900,54300,50800,51200,51500,37000,0,0,37000,41137,54100,95000,0,38972,37000,34700,49140,95000,36435,0,37706,54100,35153,0,44615,0,47044,0,36164,41786,0,45984,54500,0,37280,0,41847,44661,46902,48081,48585,52720,49291,56400,47308,46636,46804,34700,3300,-273000,-273000,-273000,335496,779458,20579896,342205,63,0,224,22,126,0,448,44,0,0,0,0,1640,19443,402336,702,10392,14010,244768,2199,335496,779458,20579896,342205,15475008,556012,7161804,1.93,0.00,0.00,657270,359955,13242920,333679,,,,1555200,1555200,1555200,1555200,1555200,1555200,883200,883200,0,,,,,,0,,847223,1000280,410,4927,380,1,494000,4931000,6850000,0,454,4420000,Full,726000000
1784670083.067179794,25391.27,54000,54800,56100,55300,54900,54900,54900,54500,54500,54600,54300,55400,56300,56200,56200,57000,56200,55400,55000,52700,53900,51900,51900,56000,51900,51500,50400,50800,51200,51900,61400,62900,61400,62100,56700,62900,62100,60600,61700,61400,61000,61400,61000,55800,53500,53300,52300,53900,50800,51200,51900,37000,0,0,37000,41160,54100,95000,0,38972,37000,34700,49148,95000,36435,0,37706,53700,35153,0,44632,0,47058,0,36142,41813,0,45991,54100,0,37267,0,41850,44661,46922,48384,48619,52788,49056,56400,47308,46737,46669,34700,3300,-273000,-273000,-273000,335496,779458,20579896,342205,63,0,224,22,126,0,448,44,0,0,0,0,1640,19443,402336,702,10392,14010,244768,2199,335496,779458,20579896,342205,15475008,566736,7172404,1.93,0.00,0.00,657270,359955,13242920,333679,,,,1113600,1113600,1113600,1113600,1113600,1113600,883200,883200,0,,,,,,0,,847223,1000280,410,4927,380,1,494000,4927000,6850000,0,454,4420000,Full,726000000
1784670083.376002242,25391.58,54000,54800,55700,55700,55300,54500,54900,55300,54900,54300,54300,55400,56700,55800,55800,57000,56200,55400,55400,52700,53500,51900,51900,56000,51900,51500,50400,51200,51200,52300,61000,62500,61000,61700,57100,62500,62100,60200,61700,61700,61000,61000,61400,55800,53100,53300,51900,53900,51200,51200,51500,37000,0,0,37000,41151,53700,95000,0,38972,37000,34700,49148,95000,36435,0,37706,53700,35140,0,44657,0,47065,0,36121,41813,0,46017,53700,0,37314,0,41865,44647,46940,48216,48619,52552,49359,56400,47275,46669,46468,34700,3300,-273000,-273000,-273000,335496,779458,20579896,342205,63,0,224,22,126,0,448,44,0,0,0,0,1640,19443,402336,702,10392,14010,244768,2199,335496,779458,20579896,342205,15475008,562884,7168552,1.93,0.00,0.00,657270,359955,13242920,333679,,,,1324800,1324800,1324800,1324800,1324800,1324800,883200,883200,0,,,,,,0,,0,0,410,4927,380,1,491000,4928000,6850000,0,454,4420000,Full,726000000
1784670083.682259637,25391.88,54800,54800,56100,55700,55700,55300,54900,55700,55300,53900,54300,55800,56700,55800,55800,56600,55800,55800,55000,52300,53500,51900,51900,56300,51900,51500,50000,50800,50800,51900,61000,62500,61000,62100,57100,63300,62500,60600,61700,61400,61000,61400,61000,55400,53100,53700,52300,53900,50800,51200,51200,37000,0,0,37000,41170,54100,95000,0,38972,37000,34700,49185,95000,36435,0,37706,54100,35156,0,44683,0,47093,0,36116,41813,0,46024,53700,0,37283,0,41878,44694,46949,48552,48619,52989,49359,56800,47442,46098,46568,34700,3300,-273000,-273000,-273000,335496,779458,20579896,342205,63,0,224,22,126,0,448,44,0,0,0,0,1640,19443,402336,702,10392,14010,244768,2199,335496,779458,20579896,342205,15475008,557544,7163184,1.93,0.00,0.00,657270,359955,13242920,333679,,,,1113600,1113600,1113600,1113600,1113600,1113600,883200,883200,0,,,,,,0,,0,0,410,4927,380,1,494000,4928000,6850000,0,454,4420000,Full,726000000
1784670083.980768960,25392.18,54800,55200,56100,55700,55300,55700,55700,56400,56400,53900,53900,55000,56700,55400,56200,56600,55800,55800,55000,52300,53100,51900,51900,56300,51500,51500,50400,50800,50800,51500,61400,63300,61700,62500,57100,63700,62500,60600,62100,62100,61000,61700,61400,55400,53500,53700,51900,54300,50800,51200,51200,37000,0,0,37000,41181,54500,95000,0,38972,37000,34700,49197,95000,36435,0,37706,55300,35187,0,44668,0,47099,0,36130,41834,0,46024,54900,0,37263,0,41865,44690,46983,48317,48720,52619,49627,56800,47375,46602,46501,34700,3300,-273000,-273000,-273000,335499,779458,20579928,342206,63,0,224,22,126,0,448,44,0,0,0,0,1640,19443,402336,702,10392,14010,244768,2199,335499,779458,20579928,342206,15475008,551052,7156748,1.93,0.00,0.00,657270,359955,13242936,333679,,,,1996800,1996800,1996800,1996800,1996800,1996800,883200,883200,0,,,,,,0,,843180,1000281,410,4927,380,1,494000,4927000,6850000,0,454,4420000,Full,726000000
1784670084.259206356,25392.46,54000,54000,55300,55300,54900,54900,54900,55300,54900,54300,54300,55400,56300,55800,56200,56600,55800,55800,55400,52300,53500,52300,52300,56000,51900,51500,50400,50800,50800,52300,61700,63300,61700,62500,56700,63300,62500,60600,61700,62100,61000,61400,61000,55800,53500,53300,51900,53900,51200,50800,51500,37000,0,0,37000,41196,54100,95000,0,38972,37000,34700,49214,95000,36435,0,37706,54100,35150,0,44680,0,47128,0,36130,41844,0,46066,54100,0,37263,0,41874,44687,46979,48350,48619,53224,49460,56400,47174,46367,46602,34700,3300,-273000,-273000,-273000,335499,779458,20579928,342206,63,0,224,22,126,0,448,44,0,0,0,0,1640,19443,402336,702,10392,14010,244768,2199,335499,779458,20579928,342206,15475008,551600,7157328,1.93,0.00,0.00,657270,359955,13242936,333679,,,,1324800,1324800,1324800,1324800,1324800,1324800,883200,883200,0,,,,,,0,,843180,1000281,410,4927,380,1,494000,4931000,6850000,0,454,4420000,Full,726000000
1784670084.571806095,25392.77,54000,54400,55700,55300,54900,54900,55300,55300,54500,54300,54600,55400,56700,55800,55800,56200,55800,55400,55000,52700,53900,51900,51900,56000,51900,51500,50000,51200,50800,52300,61400,63300,61400,62500,56700,63300,62500,60600,62100,61700,61000,61400,61400,55800,53500,53300,52300,53900,51200,51200,51500,37000,0,0,37000,41204,54100,95000,0,38972,37000,34700,49222,95000,36435,0,37706,53700,35178,0,44713,0,47159,0,36178,41865,0,46070,53700,0,37263,0,41887,44723,47013,48552,48720,52922,49359,56100,47409,46400,46568,34700,3300,-273000,-273000,-273000,335499,779458,20579928,342206,63,0,224,22,126,0,448,44,0,0,0,0,1640,19443,402336,702,10392,14010,244768,2199,335499,779458,20579928,342206,15475008,557956,7163684,1.94,0.00,0.00,657270,359955,13242936,333679,,,,998400,998400,998400,998400,998400,998400,883200,883200,0,,,,,,0,,0,0,410,4927,380,1,497000,4932000,6850000,0,454,4420000,Full,726000000
1784670084.882255418,25393.08,54000,54800,55700,55300,55300,54900,54900,55300,54100,54300,53900,55400,56700,55400,55800,56200,55800,55400,55000,52700,53100,52300,52300,56300,51900,51500,50400,50800,51200,51900,61700,63700,61700,62500,56700,63300,62500,60600,61700,62100,61000,61700,61400,55400,53500,53300,51900,54300,50800,51200,51200,37000,0,0,37000,41215,54100,95000,0,38972,37000,34700,49197,95000,36435,0,37706,54100,35190,0,44709,0,47184,0,36170,41865,0,46115,53700,0,37290,0,41912,44759,47033,48451,48888,52922,49493,56400,47409,46636,46501,34700,3300,-273000,-273000,-273000,335499,779458,20579928,342206,63,0,224,22,126,0,448,44,0,0,0,0,1640,19443,402336,702,10392,14010,244768,2199,335499,779458,20579928,342206,15475008,559972,7165620,1.94,0.00,0.00,657270,359955,13242936,333679,,,,1228800,1228800,1228800,1228800,1228800,1228800,883200,883200,0,,,,,,0,,840958,1000409,410,4927,380,1,269000,4931000,6850000,0,454,4420000,Full,726000000
1784670085.185367397,25393.39,55200,56000,56400,55700,55700,56100,56800,55300,54900,53900,54300,55000,56700,55800,56200,56200,55800,55800,55400,52700,53500,51900,51900,56300,51500,51500,50400,51200,51200,51900,61000,63300,61400,61700,57100,62900,62500,60600,61700,61700,61000,61400,61400,55800,53500,54900,52300,54300,50800,51200,51200,37000,0,0,37000,41215,55700,95000,0,38972,37000,34700,49272,95000,36435,0,37706,54500,35190,0,44742,0,47180,0,36139,41857,0,46108,54100,0,37290,0,41905,44749,47048,48552,48653,53056,49325,57200,47375,46367,46468,34700,3300,-273000,-273000,-273000,335499,779458,20579928,342206,63,0,224,22,126,0,448,44,0,0,0,0,1640,19443,402336,702,10392,14010,244768,2199,335499,779458,20579928,342206,15475008,557176,7162832,1.94,0.00,0.00,657270,359955,13242936,333679,,,,1440000,1440000,1440000,1440000,1440000,1440000,883200,883200,0,,,,,,0,,0,0,410,4927,380,1,494000,4929000,6850000,0,454,4420000,Full,726000000
1784670085.659721772,25393.86,56700,57100,57200,56800,56400,57200,58000,56800,56800,55400,55000,56600,57900,56600,56600,57400,56600,56200,56200,53500,54300,52300,52300,57500,52300,51900,50400,51200,51200,52300,61400,63300,61700,62100,58300,63300,62500,61000,62500,62100,61400,61700,61700,55800,53500,55300,52300,54300,51200,51200,51500,37000,0,0,37000,41233,55700,95000,0,38972,37000,34700,49309,95000,36435,0,37706,56800,35198,0,44749,0,47216,0,36158,41923,0,46112,56400,0,37296,0,41935,44775,47048,48451,48821,53124,49863,58000,47476,46568,46400,34700,3300,-273000,-273000,-273000,335504,779458,20580032,342207,63,0,224,22,126,0,448,44,0,0,0,0,1640,19443,402336,702,10392,14010,244768,2199,335504,779458,20580032,342207,15475008,552732,7158424,1.94,0.00,0.00,657270,359955,13242988,333679,,,,1996800,1996800,1996800,1996800,1996800,1996800,883200,883200,0,,,,,,0,,0,0,410,4927,380,1,491000,4933000,6850000,0,454,4420000,Full,726000000
1784670085.936170730,25394.14,55200,55600,56400,56400,56100,55700,55300,56100,55300,55000,55000,56200,57500,56200,56600,57400,56600,56200,55400,53500,54600,52300,52300,57500,51900,51500,50800,51200,51200,52300,61000,62900,61400,61700,57900,62900,62500,60600,61700,61700,61400,61700,61700,55800,53500,54500,51900,54300,51500,51200,51900,37000,0,0,37000,41233,55300,95000,0,38972,37000,34700,49318,95000,36435,0,37706,54500,35217,0,44782,0,47231,0,36130,41926,0,46146,54900,0,37264,0,41926,44785,47058,48653,48821,53191,49695,57200,47442,46535,46602,34700,3300,-273000,-273000,-273000,335504,779458,20580032,342207,63,0,224,22,126,0,448,44,0,0,0,0,1640,19443,402336,702,10392,14010,244768,2199,335504,779458,20580032,342207,15475008,552616,7158308,1.94,0.00,0.00,657270,359955,13242988,333679,,,,1228800,1228800,1228800,1228800,1228800,1228800,883200,883200,0,,,,,,0,,858244,1000127,410,4927,380,1,491000,4931000,6850000,0,454,4420000,Full,726000000
1784670086.238195157,25394.44,56000,56000,56800,56400,56100,56400,57200,56400,56100,55000,54600,55800,57500,55800,56200,57000,56600,56200,55400,53100,53900,52700,52300,57100,52300,51500,50400,51200,51500,51900,61700,63700,61700,62900,57900,63700,62500,61700,62500,62500,61400,61700,62100,55800,53500,55300,52300,54300,51200,51200,51900,37000,0,0,37000,41263,56100,95000,0,38972,37000,34700,49327,95000,36435,0,37706,55700,35203,0,44779,0,47223,0,36152,41908,0,46146,55700,0,37284,0,41914,44792,47093,48653,48787,53023,49695,57600,47510,46501,46367,34700,3300,-273000,-273000,-273000,335504,779458,20580032,342207,63,0,224,22,126,0,448,44,0,0,0,0,1640,19443,402336,702,10392,14010,244768,2199,335504,779458,20580032,342207,15475008,558528,7164220,1.94,0.00,0.00,657270,359955,13242988,333679,,,,1440000,1440000,1440000,1440000,1440000,1440000,883200,883200,0,,,,,,0,,858244,1000127,410,4927,380,1,494000,4932000,6850000,0,454,4420000,Full,726000000
1784670086.520901720,25394.72,54800,55200,56100,56100,55300,55700,56400,55700,55300,54600,54300,55800,57100,56600,56200,57000,56200,55800,55400,52700,53500,52300,52300,56300,51900,51900,50800,51500,51200,52300,61400,62900,62100,62500,57100,63300,62500,60600,62100,62500,61400,61700,61700,55800,53500,53700,52300,53900,51200,51500,51900,37000,0,0,37000,41248,54900,95000,0,38972,37000,34700,49330,95000,36435,0,37706,54900,35212,0,44796,0,47255,0,36101,41926,0,46181,54500,0,37275,0,41942,44796,47116,48653,48787,53124,49191,57200,47476,46871,46501,34700,3300,-273000,-273000,-273000,335504,779458,20580032,342207,63,0,224,22,126,0,448,44,0,0,0,0,1640,19443,402336,702,10392,14010,244768,2199,335504,779458,20580032,342207,15475008,556260,7161956,1.95,0.00,0.00,657270,359955,13242988,333679,,,,1996800,1996800,1996800,1996800,1996800,1996800,883200,883200,0,,,,,,0,,858244,1000127,410,4927,380,1,494000,4929000,6850000,0,454,4420000,Full,726000000
1784670086.799488230,25395.00,54400,55200,56100,56100,55300,55300,55300,55300,54900,55000,54600,55800,56700,56200,56600,57000,56600,55800,55800,52700,53500,52300,51900,56300,52300,51900,50400,51200,51200,52300,60200,62100,61000,61400,57100,62100,62100,59800,61000,61400,61000,61400,61400,55800,53500,53700,52700,54300,51500,51200,51900,37000,0,0,37000,41271,54500,95000,0,38972,37000,34700,49342,95000,36435,0,37706,53700,35209,0,44802,0,47255,0,36142,41926,0,46203,53700,0,37283,0,41945,44796,47139,48384,48888,53056,49493,56800,47577,46703,46367,34700,3300,-273000,-273000,-273000,335504,779458,20580032,342207,63,0,224,22,126,0,448,44,0,0,0,0,1640,19443,402336,702,10392,14010,244768,2199,335504,779458,20580032,342207,15475008,563652,7169332,1.95,0.00,0.00,657270,359955,13242988,333679,,,,883200,883200,883200,883200,883200,883200,883200,883200,0,,,,,,0,,842852,1000311,410,4927,380,1,494000,4928000,6850000,0,454,4420000,Full,726000000
1784670087.113313230,25395.31,54800,54800,56100,55700,55700,55700,55700,55700,55700,54600,54600,55800,56700,56200,56200,57000,56600,55800,55400,53100,53900,52300,52300,56300,52300,51500,50400,51200,51200,51900,60600,62100,61000,61400,57100,62500,62100,59800,61000,61700,60600,61400,61000,56200,53900,53700,52300,54300,51200,51200,51900,37000,0,0,37000,41292,55300,95000,0,39229,37000,34700,49383,95000,36536,0,37833,54500,35217,0,44814,0,47337,0,36158,41942,0,46230,55700,0,37276,0,41966,44831,47150,48451,48888,53023,49526,56800,47644,46905,46333,34700,3300,-273000,-273000,-273000,335504,779458,20580032,342207,63,0,224,22,126,0,448,44,0,0,0,0,1640,19443,402336,702,10392,14010,244768,2199,335504,779458,20580032,342207,15475008,560124,7165808,1.95,0.00,0.00,657270,359955,13242988,333679,,,,1440000,1440000,1440000,1440000,1440000,1440000,883200,883200,0,,,,,,0,,842852,1000311,410,4927,380,1,494000,4983000,6850000,0,436,4424000,Full,726000000
1784670087.470404532,25395.67,55600,55600,56400,56100,55700,56100,56400,56400,56400,54300,54300,55800,56700,55800,56200,56600,56200,56200,55800,52700,53500,52300,51900,56300,52300,51500,50400,51200,51200,51900,60600,62900,61400,62100,56700,62900,62100,60600,61400,61400,60600,61400,61000,55800,53500,54100,52300,54300,51200,51200,51500,37000,0,0,37000,41297,54900,95000,0,39229,37000,34700,49413,95000,36536,0,37833,55700,35223,0,44844,0,47330,0,36164,41948,0,46234,55300,0,37289,0,41987,44828,47167,48552,49022,52955,49526,57200,47577,46434,46367,34700,3300,-273000,-273000,-273000,335504,779458,20580032,342207,63,0,224,22,126,0,448,44,0,0,0,0,1640,19443,402336,702,10392,14010,244768,2199,335504,779458,20580032,342207,15475008,553660,7159396,1.95,0.00,0.00,657270,359955,13242988,333679,,,,1996800,1996800,1996800,1996800,1996800,1996800,883200,883200,0,,,,,,0,,842852,1000311,410,4927,380,1,494000,4928000,6850000,0,436,4424000,Full,726000000
1784670087.747264167,25395.95,54000,54400,55300,55700,54900,54900,54900,55300,54900,54300,54300,55800,56300,55800,55800,56600,56200,55800,55000,52700,53900,52300,52300,56000,51900,51900,50400,51200,51200,51900,60600,62500,61000,62100,56700,62500,62100,60600,61400,61400,60200,60600,61000,55800,53500,53300,52300,54300,51200,51200,51500,37000,0,0,37000,41301,54500,95000,0,39229,37000,34700,49383,95000,36536,0,37833,54100,35215,0,44854,0,47313,0,36170,41969,0,46239,53700,0,37252,0,41997,44857,47191,48552,48888,52854,49291,56400,47745,46636,46535,34700,3300,-273000,-273000,-273000,335504,779458,20580032,342207,63,0,224,22,126,0,448,44,0,0,0,0,1640,19443,402336,702,10392,14010,244768,2199,335504,779458,20580032,342207,15475008,555260,7160996,1.95,0.00,0.00,657270,359955,13242988,333679,,,,1324800,1324800,1324800,1324800,1324800,1324800,883200,883200,0,,,,,,0,,835237,1000701,410,4927,380,1,437000,4932000,6850000,0,436,4424000,Full,726000000
1784670088.059279323,25396.26,54400,54400,55700,55700,54900,54500,54500,54900,54500,54600,54300,55400,56700,55800,55800,56600,56200,55800,55000,53100,53900,52300,52300,56300,51900,51500,50400,51200,51200,51900,61000,62900,61400,61700,56700,62900,61700,60200,61700,61400,60600,61000,61000,55400,53100,52900,52300,54300,51200,50800,51500,37000,0,0,37000,41312,53700,95000,0,39229,37000,34700,49364,95000,36536,0,37833,53700,35223,0,44864,0,47341,0,36152,41987,0,46258,53700,0,37276,0,41987,44857,47199,48619,49022,52788,49257,56800,47610,46568,46434,34700,3300,-273000,-273000,-273000,335504,779458,20580032,342207,63,0,224,22,126,0,448,44,0,0,0,0,1640,19443,402336,702,10392,14010,244768,2199,335504,779458,20580032,342207,15475008,565508,7171200,1.95,0.00,0.00,657270,359955,13242988,333679,,,,1113600,1113600,1113600,1113600,1113600,1113600,883200,883200,0,,,,,,0,,835237,1000701,410,4927,380,1,491000,4932000,6850000,0,436,4424000,Full,726000000
1784670088.361558386,25396.56,54400,54400,55700,55700,55300,54900,54500,55300,54500,53900,53900,55400,56700,55800,55800,56600,55800,55400,55000,52300,53100,52300,51900,56300,51500,51900,50400,50800,51500,51900,61400,62500,61700,62100,57100,62900,62500,60600,61700,61700,61000,61400,61000,55800,53500,53300,52300,54300,51500,50800,51500,37000,0,0,37000,41323,54100,95000,0,39229,37000,34700,49387,95000,36536,0,37833,54100,35237,0,44873,0,47361,0,36136,42007,0,46300,54100,0,37299,0,41966,44877,47223,48753,48989,53191,49526,56400,47577,46333,46367,34700,3300,-273000,-273000,-273000,335504,779458,20580032,342207,63,0,224,22,126,0,448,44,0,0,0,0,1640,19443,402336,702,10392,14010,244768,2199,335504,779458,20580032,342207,15475008,560136,7165828,1.95,0.00,0.00,657270,359955,13242988,333679,,,,1996800,1996800,1996800,1996800,1996800,1996800,883200,883200,0,,,,,,0,,835237,1000701,410,4927,390,1,494000,4928000,6850000,0,436,4424000,Full,726000000
1784670088.861396406,25397.06,54400,55600,56100,56100,55300,55700,55700,55700,54900,55400,55400,56200,57100,57000,57000,57400,57000,56600,56200,53100,54300,52300,52300,56700,52300,51500,50400,51200,51200,52300,61000,63300,61400,62100,56700,62900,62100,60600,61700,61700,60600,61400,61400,55800,53500,54100,52300,54600,51500,51200,51500,37000,0,0,37000,41341,54900,95000,0,39229,37000,34700,49417,95000,36536,0,37833,54100,35231,0,44883,0,47373,0,36178,41966,0,46306,54500,0,37299,0,41990,44886,47252,48854,49123,53191,49627,57200,47644,46468,46333,34700,3300,-273000,-273000,-273000,335504,779458,20580032,342207,63,0,224,22,126,0,448,44,0,0,0,0,1640,19443,402336,702,10392,14010,244768,2199,335504,779458,20580032,342207,15475008,550672,7156560,1.96,0.00,0.00,657270,359955,13242988,333679,,,,1324800,1324800,1324800,1324800,1324800,1324800,883200,883200,0,,,,,,0,,849248,1000236,410,4927,390,1,337000,4932000,6850000,0,436,4424000,Full,726000000
1784670089.179464010,25397.38,54400,54800,56100,56100,55300,55300,54900,54900,54500,54600,54300,55800,56700,55800,56200,57000,55800,55800,55400,52700,53500,52300,52300,56300,52300,51900,50800,51200,51200,52300,61000,62900,61400,62500,56700,62900,62100,60200,61700,61700,60600,61700,61400,55800,53500,54100,52300,54300,51200,51200,51900,37000,0,0,37000,41338,54500,95000,0,39229,37000,34700,49409,95000,36536,0,37833,53700,35254,0,44906,0,47408,0,36167,42029,0,46309,54100,0,37296,0,42015,44935,47255,48585,49022,53056,49796,56800,47476,46703,46400,34700,3300,-273000,-273000,-273000,335504,779458,20580032,342207,63,0,224,22,126,0,448,44,0,0,0,0,1640,19443,402336,702,10392,14010,244768,2199,335504,779458,20580032,342207,15475008,548656,7154596,1.96,0.00,0.00,657270,359955,13242988,333679,,,,998400,998400,998400,998400,998400,998400,883200,883200,0,,,,,,0,,0,0,410,4927,390,1,497000,4928000,6850000,0,436,4424000,Full,726000000
1784670089.483587500,25397.68,54400,55200,55700,56100,55300,54900,54900,55300,54900,54600,54300,55800,56700,55800,56200,56600,56200,55800,55000,52700,53900,52300,52300,56300,51900,51900,50400,50800,51200,51900,61400,62900,61400,62100,57100,62900,62500,60600,62100,61400,60600,61400,61400,55800,53500,54100,52300,54300,51200,51200,51500,37000,0,0,37000,41350,54900,95000,0,39229,37000,34700,49454,95000,36536,0,37833,54100,35265,0,44909,0,47397,0,36184,42019,0,46324,54100,0,37340,0,42029,44920,47266,48720,49191,52955,49526,57200,47544,46938,46367,34700,3300,-273000,-273000,-273000,335504,779458,20580032,342207,63,0,224,22,126,0,448,44,0,0,0,0,1640,19443,402336,702,10392,14010,244768,2199,335504,779458,20580032,342207,15475008,562776,7168704,1.96,0.00,0.00,657270,359955,13242988,333679,,,,998400,998400,998400,998400,998400,998400,883200,883200,0,,,,,,0,,0,0,410,4927,390,1,497000,4926000,6850000,0,436,4424000,Full,726000000
1784670089.794285781,25398.00,56300,56700,56800,56400,56100,56400,56800,56800,57200,54300,54600,55400,57500,56200,56200,57000,56600,55800,55800,52700,53900,52300,52300,57500,51900,51900,50400,50800,51200,52300,61400,63300,61400,62900,57500,63700,62100,60600,61700,62100,61000,61700,61700,56200,53500,55700,52700,54600,51200,51200,51900,37000,0,0,37000,41379,57200,95000,0,39229,37000,34700,49461,95000,36536,0,37833,54900,35273,0,44873,0,47419,0,36178,42010,0,46340,54900,0,37295,0,42022,44906,47279,48854,49022,53224,49460,57600,47577,47106,46367,34700,3300,-273000,-273000,-273000,335504,779458,20580032,342207,63,0,224,22,126,0,448,44,0,0,0,0,1640,19443,402336,702,10392,14010,244768,2199,335504,779458,20580032,342207,15475008,557476,7163404,1.96,0.00,0.00,657270,359955,13242988,333679,,,,1996800,1996800,1996800,1996800,1996800,1996800,883200,883200,0,,,,,,0,,839934,1000372,410,4927,390,1,494000,4933000,6850000,0,436,4424000,Full,726000000
1784670090.067060052,25398.27,56300,56700,58000,56800,56400,57600,58000,56400,56100,55000,55000,55800,57500,56600,56600,57000,56600,55800,55800,53100,54300,52300,52300,57500,51900,51900,50800,51200,51500,51900,61700,63300,61700,62100,57900,63300,62500,61400,62500,62100,61400,61700,61700,55800,53500,55700,52300,54300,51500,51200,51900,37000,0,0,37000,41371,56400,95000,0,39229,37000,34700,49487,95000,36536,0,37833,55300,35265,0,44949,0,47433,0,36139,42051,0,46344,55700,0,37252,0,42051,44942,47290,48854,49090,53224,49964,58400,47644,46468,46367,34700,3300,-273000,-273000,-273000,335504,779458,20580032,342207,63,0,224,22,126,0,448,44,0,0,0,0,1640,19443,402336,702,10392,14010,244768,2199,335504,779458,20580032,342207,15475008,552132,7158044,1.96,0.00,0.00,657270,359955,13242988,333679,,,,1785600,1785600,1785600,1785600,1785600,1785600,883200,883200,0,,,,,,0,,839934,1000372,410,4927,390,1,494000,4931000,6850000,0,436,4424000,Full,726000000
1784670090.342105520,25398.54,54800,55200,56400,56100,56100,55700,56100,56100,56100,54600,54600,55800,57100,56200,56200,57000,56200,56200,55800,52700,53900,52300,52300,56700,52300,51900,50800,51200,51200,52700,61000,62500,61700,62100,57100,62900,62500,60600,62100,61700,61400,61700,61700,55800,53500,54100,52300,54600,51500,51200,52300,37000,0,0,37000,41382,54900,95000,0,39229,37000,34700,49499,95000,36536,0,37833,54500,35248,0,44949,0,47455,0,36158,42025,0,46367,54900,0,37281,0,42051,44942,47287,48922,49191,53124,49627,57200,47476,46703,46333,34700,3300,-273000,-273000,-273000,335504,779458,20580032,342207,63,0,224,22,126,0,448,44,0,0,0,0,1640,19443,402336,702,10392,14010,244768,2199,335504,779458,20580032,342207,15475008,552644,7158540,1.96,0.00,0.00,657270,359955,13242988,333679,,,,1900800,1900800,1900800,1996800,1996800,1996800,883200,883200,0,,,,,,0,,839934,1000372,410,4927,390,1,497000,4931000,6850000,0,436,4424000,Full,726000000
1784670090.625884479,25398.83,54800,55200,56400,56400,55700,55700,55300,56100,55700,55000,55000,56200,57100,56600,56600,57000,56600,56200,55400,53500,54300,52300,52300,56300,52300,51900,50800,51200,51500,52300,61400,63300,61700,62100,57100,62900,62500,61000,62100,61700,61000,61700,61700,55800,53500,53700,52700,54300,51200,51500,51900,37000,0,0,37000,41397,54100,95000,0,39229,37000,34700,49509,95000,36536,0,37833,54500,35270,0,44959,0,47468,0,36173,42054,0,46393,54100,0,37283,0,42051,44971,47323,48922,49022,53191,49627,57200,47678,46602,46266,34700,3300,-273000,-273000,-273000,335510,779458,20580136,342209,63,0,224,22,126,0,448,44,0,0,0,0,1640,19443,402336,702,10392,14010,244768,2199,335510,779458,20580136,342209,15475008,549704,7155604,1.97,0.00,0.00,657270,359955,13243040,333679,,,,1324800,1324800,1324800,1324800,1324800,1324800,883200,883200,0,,,,,,0,,839934,1000372,410,4927,390,1,494000,4924000,6850000,0,436,4424000,Full,726000000
1784670090.938815260,25399.14,54400,55200,56400,56400,55700,55300,55300,55700,55700,54600,55000,56200,57100,56600,56600,57400,56600,56200,55400,53100,54300,52300,52300,56700,52300,51900,50400,51200,51500,52300,61700,63300,61700,62500,57100,63700,62500,60600,62100,62100,61000,61700,61400,56200,53500,53700,52700,54600,51200,51200,51900,37000,0,0,37000,41400,54500,95000,0,39229,37000,34700,49554,95000,36536,0,37833,54100,35262,0,44967,0,47496,0,36173,42114,0,46397,54100,0,37280,0,42064,44955,47337,48922,49022,53359,49796,56800,47745,47207,46266,34700,3300,-273000,-273000,-273000,335510,779458,20580136,342209,63,0,224,22,126,0,448,44,0,0,0,0,1640,19443,402336,702,10392,14010,244768,2199,335510,779458,20580136,342209,15475008,553820,7159680,1.97,0.00,0.00,657270,359955,13243040,333679,,,,1113600,1113600,1113600,1113600,1113600,1113600,883200,883200,0,,,,,,0,,849459,1000141,410,4927,390,1,494000,4929000,6850000,0,436,4424000,Full,726000000
1784670091.242809426,25399.44,55600,56300,56800,56400,55700,57200,57600,56100,55300,54600,54600,55800,57500,56200,56200,57000,56600,56200,55800,52700,53900,52300,52300,57100,52300,51900,50800,51200,51500,52300,61400,63300,61700,62500,57900,63300,62900,61400,62100,62100,61400,61700,61700,56200,53500,55300,52700,54600,51200,51200,51900,37000,0,0,37000,41411,55700,95000,0,39229,37000,34700,49546,95000,36536,0,37833,54900,35273,0,44967,0,47487,0,36167,42093,0,46417,54500,0,37299,0,42071,44991,47351,48955,49123,53325,49560,57200,47678,46669,46064,34700,3300,-273000,-273000,-273000,335510,779458,20580136,342209,63,0,224,22,126,0,448,44,0,0,0,0,1640,19443,402336,702,10392,14010,244768,2199,335510,779458,20580136,342209,15475008,549536,7155396,1.97,0.00,0.00,657270,359955,13243040,333679,,,,998400,998400,998400,998400,998400,998400,883200,883200,0,,,,,,0,,849459,1000141,410,4927,390,1,494000,4928000,6850000,0,436,4424000,Full,726000000
1784670091.538110832,25399.74,55200,55600,56400,55700,55700,55700,55700,56100,56100,54300,54300,55800,57100,56200,56600,57000,56600,56200,55400,52700,53900,52700,52300,56700,52300,51900,50800,51200,51500,52700,61400,63300,61700,62100,57100,63300,62500,60600,61700,61700,61000,61700,61400,55800,53900,54500,52300,54600,51200,51200,51900,37000,0,0,37000,41431,55700,95000,0,39229,37000,34700,49546,95000,36536,0,37833,54500,35286,0,44991,0,47514,0,36164,42093,0,46410,55300,0,37310,0,42114,45007,47358,48653,48955,53124,49863,56800,47678,46737,46266,34700,3300,-273000,-273000,-273000,335510,779458,20580136,342209,63,0,224,22,126,0,448,44,0,0,0,0,1640,19443,402336,702,10392,14010,244768,2199,335510,779458,20580136,342209,15475008,554648,7160508,1.97,0.00,0.00,657270,359955,13243040,333679,,,,1996800,1996800,1996800,1996800,1996800,1996800,883200,883200,0,,,,,,0,,849459,1000141,410,4927,390,1,494000,4931000,6850000,0,436,4424000,Full,726000000
1784670092.017300572,25400.22,56000,55600,56800,56800,56100,56400,56400,56400,56100,55000,55000,56200,57500,56200,56200,57400,56600,56200,55800,53500,53900,52300,52700,57100,52300,51900,50800,51200,51500,52300,61000,63700,61700,62500,57900,63300,62500,60600,62100,62100,61400,62100,61700,56200,53500,54500,52700,54600,51200,51200,51900,37000,0,0,37000,41438,55300,95000,0,39300,37000,34700,49595,95000,36536,0,37833,55300,35295,0,44984,0,47503,0,36170,42099,0,46448,54900,0,37326,0,42099,45007,47382,48955,49224,53359,49930,57600,47678,47006,46064,34700,3300,-273000,-273000,-273000,335510,779458,20580136,342209,63,0,224,22,126,0,448,44,0,0,0,0,1640,19443,402336,702,10392,14010,244768,2199,335510,779458,20580136,342209,15475008,555292,7161200,1.97,0.00,0.00,657270,359958,13243040,333682,,,,1324800,1324800,1324800,1324800,1324800,1324800,883200,883200,0,,,,,,0,,856254,1000028,410,4927,390,1,494000,4939000,6848000,0,452,4419000,Full,726000000
1784670092.461162915,25400.66,54800,55600,56400,56100,55700,55700,56400,55700,55300,54600,54600,55800,57100,56200,56200,57000,56200,56200,55800,52700,53900,52700,52300,56700,52300,52300,50800,51200,51500,52300,61000,62900,61700,61700,57500,62900,62900,60600,61700,62100,61400,61700,61700,56200,53900,54500,52700,54300,51200,51900,51900,37000,0,0,37000,41460,55300,95000,0,39300,37000,34800,49573,95000,36536,0,37833,54100,35286,0,45007,0,47561,0,36215,42111,0,46444,54100,0,37261,0,42093,45039,47407,48753,49257,53258,49829,56800,47846,46737,46232,34800,3300,-273000,-273000,-273000,335510,779458,20580136,342209,63,0,224,22,126,0,448,44,0,0,0,0,1640,19443,402336,702,10392,14010,244768,2199,335510,779458,20580136,342209,15475008,556928,7162828,1.97,0.00,0.00,657270,359958,13243040,333682,,,,998400,998400,998400,998400,998400,998400,883200,883200,0,,,,,,0,,856254,1000028,410,4927,390,1,494000,4929000,6848000,0,444,4419000,Full,726000000
1784670092.771553905,25400.97,55600,56700,57200,56400,56100,56800,58400,56400,56800,54600,54600,55800,57500,56600,56200,57000,56600,56200,55800,52700,53900,52700,52300,57100,52300,51900,50800,51200,51500,52300,61700,63300,62100,62500,57900,63300,62900,61000,62100,62500,61700,62100,61700,56200,53900,55300,52700,54600,51500,51500,51900,37000,0,0,37000,41460,56100,95000,0,39300,37000,34800,49636,95000,36536,0,37833,55700,35310,0,45014,0,47561,0,36158,42135,0,46472,55700,0,37261,0,42135,45032,47386,48922,49090,53460,49627,57600,47947,46938,46367,34800,3300,-273000,-273000,-273000,335510,779458,20580136,342209,63,0,224,22,126,0,448,44,0,0,0,0,1640,19443,402336,702,10392,14010,244768,2199,335510,779458,20580136,342209,15475008,556532,7162420,1.97,0.00,0.00,657270,359958,13243040,333682,,,,998400,998400,998400,998400,998400,998400,883200,883200,0,,,,,,0,,847026,1000437,410,4927,390,1,337000,4932000,6848000,0,444,4419000,Full,726000000
1784670093.072124478,25401.27,54400,55200,56400,56100,56100,55700,56100,56100,56400,54600,54600,55800,57100,56200,56200,57000,56600,56200,55400,52700,53500,52700,52700,57100,52300,51900,50400,51200,51900,52700,61700,63300,61700,62500,57100,63700,62500,61000,62100,62100,61400,61700,61400,55800,53900,53700,52700,54600,51500,51200,51900,37000,0,0,37000,41467,54500,95000,0,39300,37000,34800,49628,95000,36536,0,37833,54100,35301,0,45057,0,47589,0,36145,42153,0,46479,54500,0,37299,0,42150,45036,47417,48888,48989,53224,49896,57200,47812,46905,46232,34800,3300,-273000,-273000,-273000,335510,779458,20580136,342209,63,0,224,22,126,0,448,44,0,0,0,0,1640,19443,402336,702,10392,14010,244768,2199,335510,779458,20580136,342209,15475008,553508,7159396,1.97,0.00,0.00,657270,359958,13243040,333682,,,,1555200,1555200,1555200,1555200,1555200,1555200,883200,883200,0,,,,,,0,,0,0,410,4927,390,1,494000,4932000,6848000,0,444,4419000,Full,726000000
1784670093.356149061,25401.56,54000,54800,56100,56100,55300,55700,55300,55700,54900,55000,54600,55800,56700,56200,56200,57000,56600,56200,55400,53100,54300,52700,52300,56300,52300,52300,50800,51200,51200,52300,61400,63300,61700,62500,57100,63300,62500,61000,62500,62100,61400,61700,61400,56200,53900,53300,52700,54600,51500,51200,51900,37000,0,0,37000,41478,54500,95000,0,39300,37000,34800,49607,95000,36536,0,37833,53700,35317,0,45069,0,47574,0,36167,42150,0,46482,53700,0,37299,0,42153,45076,47417,48922,49191,53460,49627,56800,47779,47006,46165,34800,3300,-273000,-273000,-273000,335510,779458,20580136,342209,63,0,224,22,126,0,448,44,0,0,0,0,1640,19443,402336,702,10392,14010,244768,2199,335510,779458,20580136,342209,15475008,552028,7157900,1.97,0.00,0.00,657270,359958,13243040,333682,,,,1113600,1113600,1113600,1113600,1113600,1113600,883200,883200,0,,,,,,0,,0,0,410,4927,390,1,494000,4932000,6848000,0,444,4419000,Full,726000000
1784670093.660267654,25401.86,54800,54800,56400,56100,55300,55300,54900,55300,54900,54600,55000,55800,56700,56200,56200,57000,56200,56200,55400,52700,54300,52700,52300,56300,52300,51900,50400,51500,51500,52700,61400,63300,61700,62500,57500,63300,62500,61000,62100,61700,61000,61400,61700,55800,53500,53700,52300,54600,51500,51200,51900,37000,0,0,37000,41486,54500,95000,0,39300,37000,34800,49620,95000,36536,0,37833,54100,35320,0,45057,0,47596,0,36195,42163,0,46521,54100,0,37301,0,42171,45076,47444,48753,49090,53527,49896,56800,47745,46770,46165,34800,3300,-273000,-273000,-273000,335510,779458,20580136,342209,63,0,224,22,126,0,448,44,0,0,0,0,1640,19443,402336,702,10392,14010,244768,2199,335510,779458,20580136,342209,15475008,554968,7160828,1.97,0.00,0.00,657270,359958,13243040,333682,,,,998400,1113600,1113600,1113600,1113600,1113600,883200,883200,0,,,,,,0,,0,0,410,4927,390,1,494000,4932000,6848000,0,444,4419000,Full,726000000
1784670093.967205311,25402.17,56000,56700,57200,56400,56400,57200,57600,57200,56800,54600,54600,56200,57500,56600,56600,57000,56600,56200,55800,53100,54300,52700,52700,57500,52300,51900,50800,51200,51500,52300,62100,64100,61700,62900,57900,63700,62900,61000,62500,62100,61700,62100,61700,56200,53900,54900,52700,54600,51500,51500,51900,37000,0,0,37000,41498,56100,95000,0,39300,37000,34800,49661,95000,36536,0,37833,56100,35326,0,45099,0,47602,0,36139,42166,0,46502,56800,0,37323,0,42156,45114,47449,48821,49157,53426,49661,58000,47745,46871,46132,34800,3300,-273000,-273000,-273000,335510,779458,20580136,342209,63,0,224,22,126,0,448,44,0,0,0,0,1640,19443,402336,702,10392,14010,244768,2199,335510,779458,20580136,342209,15475008,557156,7163016,1.97,0.00,0.00,657270,359958,13243040,333682,,,,1785600,1785600,1785600,1785600,1785600,1785600,883200,883200,0,,,,,,0,,833518,1000654,410,4927,390,1,494000,4929000,6848000,0,444,4419000,Full,726000000
1784670094.243852446,25402.45,56000,56300,57200,56800,56800,56800,56800,57200,57200,55400,55000,56600,57900,56600,56600,57700,56600,56200,56200,53500,54600,52300,52700,57500,52300,51900,50800,51200,51500,52700,61700,64100,62100,62900,58300,63700,62500,61400,62900,62100,61400,61700,62100,56600,53500,54500,52700,54600,51200,51500,52300,37000,0,0,37000,41512,55700,95000,0,39300,37000,34800,49636,95000,36536,0,37833,55300,35310,0,45076,0,47645,0,36142,42156,0,46535,56100,0,37313,0,42160,45103,47503,48922,49325,53527,49896,58000,47879,46938,46098,34800,3300,-273000,-273000,-273000,335510,779458,20580136,342209,63,0,224,22,126,0,448,44,0,0,0,0,1640,19443,402336,702,10392,14010,244768,2199,335510,779458,20580136,342209,15475008,549304,7155212,1.97,0.00,0.00,657270,359958,13243040,333682,,,,1785600,1785600,1785600,1785600,1785600,1785600,883200,883200,0,,,,,,0,,0,0,410,4927,390,1,469000,4929000,6848000,0,444,4419000,Full,726000000
1784670094.527825883,25402.73,55200,55200,56100,56100,55700,55700,55300,56100,55700,54600,55000,55800,57100,56200,56600,57000,56200,56200,55400,53100,53900,52700,52700,56700,52700,51900,50800,51500,51500,52300,61400,63300,62100,62500,57100,63300,62500,61000,61700,62100,61000,61700,61400,56200,53500,54500,52700,54600,51500,51500,51900,37000,0,0,37000,41519,55700,95000,0,39300,37000,34800,49681,95000,36536,0,37833,54500,35345,0,45090,0,47649,0,36178,42181,0,46541,54500,0,37284,0,42188,45121,47468,48989,49191,53594,49930,57200,47678,47174,46064,34800,3300,-273000,-273000,-273000,335510,779458,20580136,342209,63,0,224,22,126,0,448,44,0,0,0,0,1640,19443,402336,702,10392,14010,244768,2199,335510,779458,20580136,342209,15475008,552196,7158120,1.98,0.00,0.00,657270,359958,13243040,333682,,,,1785600,1785600,1785600,1785600,1785600,1785600,883200,883200,0,,,,,,0,,0,0,410,4927,390,1,494000,4932000,6848000,0,444,4419000,Full,726000000
1784670094.812281769,25403.01,54400,55200,56400,56100,55700,55700,56100,55700,54500,55000,55400,55800,57100,56200,56200,57400,56600,56200,55800,53500,54600,52700,52700,56700,52300,52300,50400,51500,51500,52300,61700,63300,61400,62500,57500,63300,62900,61000,62500,62100,61400,61700,61700,56600,53900,53700,52700,54600,51900,51200,51900,37000,0,0,37000,41533,54500,95000,0,39300,37000,34800,49718,95000,36536,0,37833,54100,35345,0,45124,0,47652,0,36113,42188,0,46564,54100,0,37310,0,42191,45137,47507,48922,49392,53426,49762,57600,47879,47174,46198,34800,3300,-273000,-273000,-273000,335510,779458,20580136,342209,63,0,224,22,126,0,448,44,0,0,0,0,1640,19443,402336,702,10392,14010,244768,2199,335510,779458,20580136,342209,15475008,554440,7160372,1.98,0.00,0.00,657270,359958,13243040,333682,,,,1785600,1785600,1785600,1785600,1785600,1785600,883200,883200,0,,,,,,0,,854294,1000237,410,4927,390,1,494000,4931000,6848000,0,444,4419000,Full,726000000
1784670095.327719737,25403.53,55200,56000,56800,56800,56100,56400,56800,56800,56800,55400,55000,56600,57500,57000,56600,57700,56600,56200,55800,53900,54600,52700,52700,57100,52300,52300,50800,51500,51500,52700,61700,63700,62100,62500,57900,63700,62900,61400,62500,62500,61700,62100,61700,56200,53900,54500,52700,54600,51500,51500,51900,37000,0,0,37000,41527,55300,95000,0,39300,37000,34800,49735,95000,36536,0,37833,55700,35329,0,45140,0,47669,0,36178,42230,0,46564,56800,0,37304,0,42210,45151,47520,48955,49291,53258,49997,57600,47846,47140,46031,34800,3300,-273000,-273000,-273000,335510,779458,20580136,342209,63,0,224,22,126,0,448,44,0,0,0,0,1640,19443,402336,702,10392,14010,244768,2199,335510,779458,20580136,342209,15475008,553844,7159744,1.98,0.00,0.00,657270,359958,13243040,333682,,,,1785600,1785600,1785600,1785600,1785600,1785600,883200,883200,0,,,,,,0,,854294,1000237,410,4927,390,1,494000,4928000,6848000,0,444,4419000,Full,726000000
1784670095.620873122,25403.82,54800,54800,56400,56100,56100,55300,54900,56100,54900,55000,54600,55800,57500,56200,56600,57000,56600,56200,55800,53100,53900,52700,52700,57100,52700,51900,50800,51500,51900,52700,61700,63300,61700,62500,57500,63300,62900,61400,62500,62100,61400,62100,61700,56200,54300,54100,52700,55000,51500,51500,51900,37000,0,0,37000,41545,54500,95000,0,39300,37000,34800,49710,95000,36536,0,37833,54500,35320,0,45171,0,47669,0,36133,42230,0,46600,54100,0,37307,0,42230,45174,47518,48653,49191,53527,49661,57200,47846,46972,46098,34800,3300,-273000,-273000,-273000,335510,779458,20580136,342209,63,0,224,22,126,0,448,44,0,0,0,0,1640,19443,402336,702,10392,14010,244768,2199,335510,779458,20580136,342209,15475008,550128,7156016,1.98,0.00,0.00,657270,359958,13243040,333682,,,,1555200,1555200,1555200,1555200,1555200,1555200,883200,883200,0,,,,,,0,,854294,1000237,410,4927,390,1,497000,4931000,6848000,0,444,4419000,Full,726000000
1784670095.911802445,25404.11,55200,55200,56400,56400,55700,55300,54900,56100,56100,55400,54600,56200,57100,56600,56600,57400,56600,56600,55800,53100,53900,52700,52700,57100,52700,52300,51200,51500,51500,52700,62100,64100,62500,63300,57500,64100,63300,61400,62900,62500,61400,62100,62100,56600,53900,54100,52700,54600,51500,51500,51900,37000,0,0,37000,41556,54500,95000,0,39300,37000,34800,49747,95000,36536,0,37833,54900,35348,0,45158,0,47691,0,36145,42227,0,46600,54500,0,37307,0,42220,45174,47539,49123,49224,53460,49863,56800,47846,46938,46132,34800,3300,-273000,-273000,-273000,335520,779458,20580280,342211,63,0,224,22,126,0,448,44,0,0,0,0,1640,19443,402336,702,10392,14010,244768,2199,335520,779458,20580280,342211,15475008,549456,7155424,1.98,0.00,0.00,657270,359958,13243112,333682,,,,1228800,1228800,1228800,1228800,1228800,1228800,883200,883200,0,,,,,,0,,847801,1000375,410,4927,390,1,494000,4988000,6848000,0,444,4419000,Full,726000000
1784670096.213311716,25404.41,55200,55600,56400,56400,56100,55700,55300,56100,56100,55000,55000,56200,57500,56600,56200,57400,56600,56600,56200,53100,53900,52700,52300,56700,52700,52300,50800,51500,51500,52300,62100,64100,62500,62900,57900,64500,63300,61700,62900,62500,61700,62100,62500,56200,53900,54100,52700,55000,51500,51500,51900,37000,0,0,37000,41556,55300,95000,0,39300,37000,34800,49784,95000,36536,0,37833,54900,35365,0,45202,0,47698,0,36101,42252,0,46604,55300,0,37301,0,42245,45205,47546,48955,49392,53426,49930,57600,47745,47409,46198,34800,3300,-273000,-273000,-273000,335520,779458,20580280,342211,63,0,224,22,126,0,448,44,0,0,0,0,1640,19443,402336,702,10392,14010,244768,2199,335520,779458,20580280,342211,15475008,556648,7162568,1.98,0.00,0.00,657270,359958,13243112,333682,,,,998400,998400,998400,998400,998400,998400,883200,883200,0,,,,,,0,,847801,1000375,410,4927,390,1,372000,4929000,6848000,0,444,4419000,Full,726000000
1784670096.521521195,25404.72,56000,56300,56400,56800,56400,56400,56800,57200,56400,55000,55000,56200,57500,56200,56600,57400,56600,56200,55800,53100,54300,52700,52700,57500,52700,52300,50800,51500,51500,52700,62100,63700,62100,63300,57900,64100,62900,61400,62900,62500,61400,62100,62100,56200,53900,54500,52700,54600,51500,51500,51900,37000,0,0,37000,41582,55700,95000,0,39300,37000,34800,49801,95000,36536,0,37833,55700,35365,0,45196,0,47691,0,36167,42238,0,46625,57200,0,37319,0,42235,45192,47585,49022,49291,53594,50165,58000,47879,47610,46064,34800,3300,-273000,-273000,-273000,335520,779458,20580280,342211,63,0,224,22,126,0,448,44,0,0,0,0,1640,19443,402336,702,10392,14010,244768,2199,335520,779458,20580280,342211,15475008,551588,7157516,1.98,0.00,0.00,657270,359958,13243112,333682,,,,1785600,1785600,1785600,1785600,1785600,1785600,883200,883200,0,,,,,,0,,0,0,410,4927,390,1,494000,4931000,6848000,0,444,4419000,Full,726000000
1784670096.801519372,25405.00,54800,55200,56100,56400,55700,55700,55300,55700,55300,55000,55000,56200,57100,56600,56600,57400,56600,56600,55800,53500,54600,52700,53100,56700,52300,51900,50800,51200,51500,52700,61700,63700,61700,62500,57100,63700,62500,61000,62500,62100,61700,61700,61700,56200,53900,54100,52700,55000,51500,51500,51900,37000,0,0,37000,41582,54500,95000,0,39300,37000,34800,49806,95000,36536,0,37833,54500,35354,0,45196,0,47734,0,36130,42273,0,46625,54500,0,37316,0,42262,45192,47576,49022,49359,53561,49594,57200,47879,47241,46198,34800,3300,-273000,-273000,-273000,335520,779458,20580280,342211,63,0,224,22,126,0,448,44,0,0,0,0,1640,19443,402336,702,10392,14010,244768,2199,335520,779458,20580280,342211,15475008,555164,7161080,1.98,0.00,0.00,657270,359958,13243112,333682,,,,1555200,1555200,1555200,1555200,1555200,1555200,883200,883200,0,,,,,,0,,841384,1000511,410,4927,390,1,491000,4929000,6848000,0,444,4419000,Full,726000000
1784670097.091692861,25405.29,54800,55200,56100,56100,55700,55700,55700,55700,54900,55000,54600,56200,57100,56600,56200,57000,56600,56200,55800,53100,53900,53100,53100,56300,52300,52300,50800,51500,51500,52700,61700,63700,62100,62500,57500,63700,62900,61400,62500,62500,61700,62100,62100,56200,53900,54100,53100,55000,51500,51900,51900,37000,0,0,37000,41582,54900,95000,0,39502,37000,34800,49806,95000,36645,0,38008,54100,35393,0,45202,0,47739,0,36139,42273,0,46664,54100,0,37316,0,42277,45226,47607,49022,49359,53561,49896,57200,47846,46905,45997,34800,3300,-273000,-273000,-273000,335520,779458,20580280,342211,63,0,224,22,126,0,448,44,0,0,0,0,1640,19443,402336,702,10392,14010,244768,2199,335520,779458,20580280,342211,15475008,550864,7156780,1.98,0.00,0.00,657270,359958,13243112,333682,,,,998400,998400,998400,998400,998400,998400,883200,883200,0,,,,,,0,,0,0,410,4927,390,1,494000,4929000,6848000,0,444,4419000,Full,726000000
1784670097.397249268,25405.60,55200,55600,56800,56400,56400,55700,55300,56100,55700,55000,54600,56200,57500,56200,56200,57400,56600,56200,55800,53100,53900,52700,52700,56700,52700,52300,50800,51500,51500,52300,62100,64100,62100,62900,57500,64100,63300,61000,62100,62900,62100,62100,62100,56200,53900,54100,52700,54600,51500,51500,52300,37000,0,0,37000,41593,55300,95000,0,39502,37000,34900,49806,95000,36645,0,38008,54500,35387,0,45226,0,47774,0,36167,42308,0,46655,54900,0,37311,0,42245,45209,47602,49325,49426,53493,50233,57200,47980,47375,46031,34900,3300,-273000,-273000,-273000,335520,779458,20580280,342211,63,0,224,22,126,0,448,44,0,0,0,0,1640,19443,402336,702,10392,14010,244768,2199,335520,779458,20580280,342211,15475008,546088,7152020,1.98,0.00,0.00,657270,359958,13243112,333682,,,,1113600,1113600,1113600,1113600,1113600,1113600,883200,883200,0,,,,,,0,,0,0,410,4927,390,1,266000,4931000,6848000,0,438,4420000,Full,726000000
1784670097.701047757,25405.90,55200,56000,56400,56400,56100,56100,56100,56100,56100,54600,55000,56200,57100,56200,56600,57400,56600,56200,55800,53100,53900,52700,52700,57100,52700,52300,51200,51200,51900,52700,61400,63700,62100,62500,57500,63700,62900,61400,62500,62500,61700,61700,61700,56200,53900,54500,52700,54600,51500,51500,51900,37000,0,0,37000,41605,55300,95000,0,39502,37000,34900,49796,95000,36645,0,38008,56100,35351,0,45226,0,47781,0,36161,42290,0,46671,57200,0,37321,0,42293,45235,47629,49022,49359,53527,49997,57600,47913,47073,46132,34900,3300,-273000,-273000,-273000,335520,779458,20580280,342211,63,0,224,22,126,0,448,44,0,0,0,0,1640,19443,402336,702,10392,14010,244768,2199,335520,779458,20580280,342211,15475008,538660,7144740,1.98,0.00,0.00,657270,359958,13243112,333682,,,,1785600,1785600,1785600,1785600,1785600,1785600,883200,883200,0,,,,,,0,,0,0,410,4927,390,1,494000,4933000,6848000,0,438,4420000,Full,726000000
1784670097.980647340,25406.18,54400,55200,56400,56100,55700,55700,55300,55700,55700,54600,54600,55800,57100,56200,56600,57000,56600,56200,55800,52700,53500,52700,52700,56700,52700,51900,50800,51500,51500,52700,61700,63300,61700,62100,57500,63300,62900,61000,62500,61700,61700,61700,61700,56200,53900,54100,53100,55000,51500,51900,51900,37000,0,0,37000,41611,54500,95000,0,39502,37000,34900,49833,95000,36645,0,38008,54500,35390,0,45239,0,47781,0,36149,42315,0,46689,54100,0,37302,0,42283,45243,47641,48955,49291,53527,49526,57200,48048,47174,45963,34900,3300,-273000,-273000,-273000,335520,779458,20580280,342211,63,0,224,22,126,0,448,44,0,0,0,0,1640,19443,402336,702,10392,14010,244768,2199,335520,779458,20580280,342211,15475008,556604,7162528,1.98,0.00,0.00,657270,359958,13243112,333682,,,,1785600,1785600,1785600,1785600,1785600,1785600,883200,883200,0,,,,,,0,,849972,1000197,410,4927,390,1,494000,4927000,6848000,0,438,4420000,Full,726000000
1784670098.492942392,25406.69,56000,56300,57200,57200,56800,56400,56800,58000,58800,55400,55400,56200,57900,57000,57000,57400,57000,56600,55800,53900,54600,52700,52700,57900,52700,52300,50800,51500,51500,52300,61700,64100,62500,63300,58300,63700,63300,61700,62900,62900,61400,62500,62500,56200,53900,55700,53100,54600,51500,51500,52300,37000,0,0,37000,41626,56400,95000,0,39502,37000,34900,49838,95000,36645,0,38008,55700,35398,0,45250,0,47824,0,36161,42330,0,46698,56100,0,37314,0,42280,45253,47639,49157,49392,53493,49896,58400,47980,47039,45896,34900,3300,-273000,-273000,-273000,335520,779458,20580280,342211,63,0,224,22,126,0,448,44,0,0,0,0,1640,19443,402336,702,10392,14010,244768,2199,335520,779458,20580280,342211,15475008,556428,7162308,1.98,0.00,0.00,657270,359958,13243112,333682,,,,1113600,1113600,1113600,1113600,1113600,1324800,883200,883200,0,,,,,,0,,849972,1000197,410,4927,390,1,494000,4948000,6848000,0,438,4420000,Full,726000000
1784670098.785680048,25406.99,55200,56000,56800,56400,56100,56400,56800,56100,55700,54600,55000,55800,57100,56200,56600,57400,56600,56600,56200,53100,53900,52700,52700,57100,52300,51900,51200,51500,51500,52700,61000,63300,62100,62500,57900,62900,62500,61000,62100,62100,61400,61700,61700,56200,53900,54500,52700,54600,51900,51900,52300,37000,0,0,37000,41631,55300,95000,0,39502,37000,34900,49838,95000,36645,0,38008,55300,35409,0,45261,0,47785,0,36149,42305,0,46716,55300,0,37369,0,42293,45264,47650,49056,49426,53426,50065,57600,47879,47577,45863,34900,3300,-273000,-273000,-273000,335520,779458,20580280,342211,63,0,224,22,126,0,448,44,0,0,0,0,1640,19443,402336,702,10392,14010,244768,2199,335520,779458,20580280,342211,15475008,552144,7158024,1.98,0.00,0.00,657270,359958,13243112,333682,,,,1785600,1785600,1785600,1785600,1785600,1785600,883200,883200,0,,,,,,0,,839791,1000433,410,4927,390,1,494000,4929000,6848000,0,438,4420000,Full,726000000
1784670099.067618954,25407.27,54400,54800,56400,56100,55300,55300,55700,55700,54900,55000,55000,56200,57100,56600,56600,57400,56600,56600,56200,53500,54300,52700,52700,56700,52700,52300,50800,51500,51500,52300,61700,63700,62100,62900,57500,64100,62900,61700,62500,62500,61400,62100,62100,56200,53900,53700,53100,54600,51900,51500,51900,37000,0,0,37000,41652,54900,95000,0,39502,37000,34900,49842,95000,36645,0,38008,54500,35390,0,45253,0,47821,0,36136,42325,0,46733,54500,0,37343,0,42315,45257,47661,49123,49460,53325,49964,57200,48014,47275,45829,34900,3300,-273000,-273000,-273000,335520,779458,20580280,342211,63,0,224,22,126,0,448,44,0,0,0,0,1640,19443,402336,702,10392,14010,244768,2199,335520,779458,20580280,342211,15475008,551768,7157648,1.98,0.00,0.00,657270,359958,13243112,333682,,,,1113600,1113600,1113600,1113600,1113600,1113600,883200,883200,0,,,,,,0,,839791,1000433,410,4927,390,1,494000,4928000,6848000,0,438,4420000,Full,726000000
1784670099.371913069,25407.57,54800,55200,56400,56100,55700,55700,55300,56100,55700,55000,55000,56200,57500,57000,56600,57000,56600,56200,55800,53100,53900,53100,52700,57100,52700,52300,50800,51200,51900,52700,61700,63300,61700,62900,57500,63700,62900,61000,62500,62500,61700,61700,62100,56200,53900,53700,52700,55000,51900,51500,51900,37000,0,0,37000,41649,54900,95000,0,39502,37000,34900,49883,95000,36645,0,38008,54500,35382,0,45291,0,47852,0,36164,42330,0,46738,54500,0,37316,0,42315,45280,47691,48989,49426,53527,49896,57200,48014,47006,45762,34900,3300,-273000,-273000,-273000,335520,779458,20580280,342211,63,0,224,22,126,0,448,44,0,0,0,0,1640,19443,402336,702,10392,14010,244768,2199,335520,779458,20580280,342211,15475008,552332,7158216,1.98,0.00,0.00,657270,359958,13243112,333682,,,,998400,998400,998400,998400,998400,998400,883200,883200,0,,,,,,0,,839791,1000433,410,4927,390,1,494000,4940000,6848000,0,438,4420000,Full,726000000
1784670099.681791558,25407.88,55200,55600,56800,56400,56100,56100,56100,56100,55700,55000,55000,56200,57100,56600,57000,57400,56600,56600,56200,53500,54600,52700,52700,57100,52300,52300,50800,51500,51500,52700,61700,63700,61700,62900,57900,64100,63300,61700,62500,62500,61700,62100,62100,56200,53900,54500,52700,54600,51500,51500,52300,37000,0,0,37000,41666,55300,95000,0,39502,37000,34900,49895,95000,36645,0,38008,54900,35398,0,45284,0,47831,0,36181,42357,0,46750,54900,0,37326,0,42333,45284,47683,49157,49325,53628,49997,57600,48014,47039,45863,34900,3300,-273000,-273000,-273000,335520,779458,20580280,342211,63,0,224,22,126,0,448,44,0,0,0,0,1640,19443,402336,702,10392,14010,244768,2199,335520,779458,20580280,342211,15475008,559704,7165588,1.98,0.00,0.00,657270,359958,13243112,333682,,,,1113600,1113600,1113600,1113600,1113600,1113600,883200,883200,0,,,,,,0,,839791,1000433,410,4927,390,1,331000,4941000,6848000,0,438,4420000,Full,726000000
1784670099.989690569,25408.19,56000,56000,56800,56800,56400,56100,56800,57600,57600,55000,55000,56200,57500,56200,56600,57000,56600,56200,55400,53100,54300,52700,52700,57100,52700,52300,50800,51500,51900,52700,61400,63300,61700,62500,57900,63300,62900,61000,62500,62100,61400,61700,61700,56200,53900,54500,52700,55000,51500,51500,51900,37000,0,0,37000,41678,56400,95000,0,39502,37000,34900,49879,95000,36645,0,38008,55700,35415,0,45291,0,47828,0,36149,42325,0,46758,57200,0,37316,0,42333,45284,47708,48989,49560,53628,49997,57600,48014,47544,45930,34900,3300,-273000,-273000,-273000,335520,779458,20580280,342211,63,0,224,22,126,0,448,44,0,0,0,0,1640,19443,402336,702,10392,14010,244768,2199,335520,779458,20580280,342211,15475008,559436,7165256,1.98,0.00,0.00,657270,359958,13243112,333682,,,,1785600,1785600,1785600,1785600,1785600,1785600,883200,883200,0,,,,,,0,,0,0,410,4927,390,1,494000,4926000,6848000,0,438,4420000,Full,726000000
1784670100.269458954,25408.47,54800,55200,56100,56100,55700,55700,56100,55700,54900,55000,55000,56200,57100,56600,56600,57000,56600,56200,55800,53100,54300,52700,52700,56700,52700,52300,50800,51500,51500,52300,60200,62500,61700,61400,57500,62500,62500,60200,61400,61700,61400,61700,61400,56600,53900,54100,52700,54600,51500,51500,51900,37000,0,0,37000,41681,54900,95000,0,39502,37000,34900,49887,95000,36645,0,38008,54100,35398,0,45307,0,47852,0,36145,42378,0,46781,54500,0,37307,0,42365,45318,47708,48821,49257,53628,50031,57200,48048,47308,45930,34900,3300,-273000,-273000,-273000,335520,779458,20580280,342211,63,0,224,22,126,0,448,44,0,0,0,0,1640,19443,402336,702,10392,14010,244768,2199,335520,779458,20580280,342211,15475008,555120,7160948,1.98,0.00,0.00,657270,359958,13243112,333682,,,,1785600,1785600,1785600,1785600,1785600,1785600,883200,883200,0,,,,,,0,,0,0,410,4927,390,1,494000,4936000,6848000,0,438,4420000,Full,726000000
1784670100.552590568,25408.75,54400,55200,56400,56100,55700,55700,55300,55700,54900,55400,55000,56200,57100,56600,56600,57400,56600,56600,55800,53100,54600,52700,52700,56700,52700,51900,51200,51500,51500,52700,60600,62100,61400,61400,57500,62500,62500,60200,61000,61700,61000,61400,61400,56200,53900,54500,52700,54600,51500,51900,52300,37000,0,0,37000,41697,55300,95000,0,39502,37000,34900,49887,95000,36645,0,38008,54100,35426,0,45325,0,47835,0,36121,42372,0,46781,54100,0,37334,0,42378,45341,47704,49257,49359,53426,50031,57200,47947,47476,45997,34900,3300,-273000,-273000,-273000,335520,779458,20580280,342211,63,0,224,22,126,0,448,44,0,0,0,0,1640,19443,402336,702,10392,14010,244768,2199,335520,779458,20580280,342211,15475008,550644,7156476,1.99,0.00,0.00,657270,359958,13243112,333682,,,,1228800,1228800,1228800,1228800,1228800,1228800,883200,883200,0,,,,,,0,,0,0,410,4927,390,1,447000,4931000,6848000,0,438,4420000,Full,726000000
1784670100.859911245,25409.06,55200,55600,56800,56400,56100,55700,55300,56100,55300,54600,54600,56200,57500,56600,56600,57400,56600,56200,55800,53100,53500,52700,52700,56700,52300,52300,50800,51500,51500,52700,61000,62900,61700,62100,57500,62900,62900,60600,62100,61700,61400,61700,61700,56200,53900,54100,52700,54600,51500,51500,51900,37000,0,0,37000,41707,55300,95000,0,39502,37000,34900,49912,95000,36645,0,38008,54500,35421,0,45314,0,47905,0,36173,42388,0,46792,54900,0,37299,0,42368,45351,47722,49291,49560,53695,50031,57200,48048,47308,45930,34900,3300,-273000,-273000,-273000,335525,779458,20580392,342212,63,0,224,22,126,0,448,44,0,0,0,0,1640,19443,402336,702,10392,14010,244768,2199,335525,779458,20580392,342212,15475008,558132,7163964,1.99,0.00,0.00,657270,359958,13243168,333682,,,,998400,998400,998400,998400,998400,998400,883200,883200,0,,,,,,0,,842636,1000236,410,4927,390,1,500000,4933000,6848000,0,438,4420000,Full,726000000
1784670101.171792131,25409.37,55600,56000,56800,56400,56400,56400,57200,56800,56800,55000,55000,56200,57100,56200,56600,57000,56200,56200,55800,53100,53900,52700,52300,56700,52300,51900,50800,51500,51500,52300,61700,63300,61700,62500,57500,62900,62500,60600,62100,62100,61000,61400,61400,56600,53900,54100,53100,54600,51500,51500,51900,37000,0,0,37000,41712,55300,95000,0,39502,37000,34900,49912,95000,36645,0,38008,56100,35449,0,45341,0,47891,0,36173,42368,0,46796,56100,0,37334,0,42365,45318,47718,49291,49291,53359,50031,57200,47947,47812,45829,34900,3300,-273000,-273000,-273000,335525,779458,20580392,342212,63,0,224,22,126,0,448,44,0,0,0,0,1640,19443,402336,702,10392,14010,244768,2199,335525,779458,20580392,342212,15475008,561672,7167488,1.99,0.00,0.00,657270,359958,13243168,333682,,,,1785600,1785600,1785600,1785600,1785600,1785600,883200,883200,0,,,,,,0,,842636,1000236,438,4936,390,1,494000,4928000,6848000,0,438,4420000,Full,726000000
1784670101.649533276,25409.85,55200,56000,56800,56400,56400,56100,56100,55700,55300,55400,55000,56600,57500,56600,56600,57400,57000,56200,56200,53500,54300,52700,52700,57100,52300,52700,50800,51500,51500,52700,61700,63700,62100,62900,57500,63300,62900,61400,62100,62100,61700,62100,61700,56200,54300,54500,52700,54600,51500,51500,52300,37000,0,0,37000,41726,55300,95000,0,39502,37000,34900,49928,95000,36645,0,38008,54900,35412,0,45348,0,47887,0,36152,42403,0,46798,54500,0,37328,0,42385,45389,47741,49291,49392,53728,50199,57200,48014,47476,45829,34900,3300,-273000,-273000,-273000,335525,779458,20580392,342212,63,0,224,22,126,0,448,44,0,0,0,0,1640,19443,402336,702,10392,14010,244768,2199,335525,779458,20580392,342212,15475008,552500,7158352,1.99,0.00,0.00,657270,359958,13243168,333682,,,,1113600,1113600,1113600,1113600,1113600,1113600,883200,883200,0,,,,,,0,,842636,1000236,438,4936,390,1,494000,4932000,6848000,0,438,4420000,Full,726000000
1784670101.958279735,25410.16,56300,56300,56800,57200,56800,56400,56400,57200,57200,55000,55000,56200,57500,57000,56600,57700,56600,56200,55800,53500,54300,52700,52700,57500,52700,52300,50800,51500,51900,52300,61400,63300,61700,62500,57900,63300,62900,61000,62100,62500,61400,62100,61700,56200,54300,54500,53100,55000,51900,51500,52300,37000,0,0,37000,41729,55700,95000,0,39604,37000,34900,49924,95000,36742,0,38146,55700,35434,0,45358,0,47915,0,36139,42388,0,46818,57600,0,37293,0,42420,45396,47760,49224,49829,53460,50065,57600,48283,48148,45762,34900,3300,-273000,-273000,-273000,335525,779458,20580392,342212,63,0,224,22,126,0,448,44,0,0,0,0,1640,19443,402336,702,10392,14010,244768,2199,335525,779458,20580392,342212,15475008,547904,7153792,1.99,0.00,0.00,657270,359958,13243168,333682,,,,1670400,1440000,1440000,1440000,1440000,1440000,883200,883200,0,,,,,,0,,852579,1000807,438,4936,390,1,494000,4932000,6848000,0,438,4420000,Full,726000000
1784670102.243237078,25410.44,55200,55600,56800,56100,55700,56100,56400,56100,55700,55000,54600,56200,57100,56600,56600,57000,56600,56200,55800,52700,53900,53100,52700,57100,52700,52300,51200,51500,51500,52700,61400,63300,61700,62500,57500,63300,62500,60600,62100,62100,61400,61700,62100,56600,54300,54100,52700,54600,51500,51900,52300,37000,0,0,37000,41744,54900,95000,0,39604,37000,34900,49924,95000,36742,0,38146,54500,35440,0,45374,0,47887,0,36158,42420,0,46828,54500,0,37337,0,42420,45419,47776,49224,49627,53527,50065,57200,48148,47241,45963,34900,3300,-273000,-273000,-273000,335525,779458,20580392,342212,63,0,224,22,126,0,448,44,0,0,0,0,1640,19443,402336,702,10392,14010,244768,2199,335525,779458,20580392,342212,15475008,557544,7163436,1.99,0.00,0.00,657270,359958,13243168,333682,,,,1785600,1785600,1785600,1785600,1785600,1785600,883200,883200,0,,,,,,0,,852579,1000807,438,4936,390,1,494000,4928000,6848000,0,438,4420000,Full,726000000
1784670102.529416557,25410.73,56300,57100,57200,56800,56400,57600,58000,57200,56100,55400,55000,56600,57900,57000,57000,57400,57000,56600,56200,53500,54600,53100,52700,57900,52700,52300,50800,51200,51900,52300,61400,63700,61700,62900,57900,63700,62900,61000,62500,62100,61700,62100,62100,56200,53900,56100,53100,55000,51900,51500,52700,37000,0,0,37000,41752,57600,95000,0,39604,37000,34900,49935,95000,36742,0,38146,55700,35449,0,45405,0,47919,0,36164,42428,0,46841,55300,0,37319,0,42417,45408,47754,49123,49560,53796,50031,58000,48115,47442,45963,34900,3300,-273000,-273000,-273000,335525,779458,20580392,342212,63,0,224,22,126,0,448,44,0,0,0,0,1640,19443,402336,702,10392,14010,244768,2199,335525,779458,20580392,342212,15475008,551996,7157968,1.99,0.00,0.00,657270,359958,13243168,333682,,,,1785600,1785600,1785600,1785600,1785600,1785600,883200,883200,0,,,,,,0,,0,0,438,4936,390,1,494000,4929000,6846000,0,443,4421000,Full,726000000
1784670102.810940828,25411.01,55200,55600,56800,56400,56400,56100,56400,56800,56400,55400,55800,56600,57500,57000,56600,57400,57000,56600,56200,53900,54600,52700,52700,57500,52700,51900,50800,51900,51900,52700,61000,62500,61700,61700,57900,62500,62500,61000,62100,62100,61700,62100,61700,56200,54300,54500,53100,54600,51500,51900,52300,37000,0,0,37000,41755,55300,95000,0,39604,37000,34900,49953,95000,36742,0,38146,54900,35443,0,45408,0,47922,0,36215,42442,0,46844,54900,0,37311,0,42432,45389,47774,49022,49493,53493,50065,57600,48148,47207,45694,34900,3300,-273000,-273000,-273000,335525,779458,20580392,342212,63,0,224,22,126,0,448,44,0,0,0,0,1640,19443,402336,702,10392,14010,244768,2199,335525,779458,20580392,342212,15475008,567396,7173416,1.99,0.00,0.00,657270,359958,13243168,333682,,,,1113600,1113600,1113600,1113600,1113600,1113600,883200,883200,0,,,,,,0,,853145,1000243,438,4936,390,1,506000,4927000,6846000,0,443,4421000,Full,726000000
1784670103.115150307,25411.32,56300,56700,57200,56800,56400,57200,58400,57200,57600,55400,55400,56200,57900,56600,56600,57400,57000,56600,55800,53500,54300,52700,53100,57500,52700,52300,51200,51900,51900,52700,61700,64100,62100,62900,58300,64100,63300,61400,62900,62500,61700,62100,61700,56200,53900,54900,52700,54600,51900,51900,52300,37000,0,0,37000,41770,56100,95000,0,39604,37000,34900,49980,95000,36742,0,38146,55300,35465,0,45408,0,47950,0,36181,42438,0,46853,55700,0,37302,0,42452,45392,47797,49224,49594,53796,50031,58400,48148,47275,45762,34900,3300,-273000,-273000,-273000,335525,779458,20580392,342212,63,0,224,22,126,0,448,44,0,0,0,0,1640,19443,402336,702,10392,14010,244768,2199,335525,779458,20580392,342212,15475008,560712,7166732,1.99,0.00,0.00,657270,359958,13243168,333682,,,,1228800,1228800,1228800,1228800,1228800,1228800,883200,883200,0,,,,,,0,,853145,1000243,438,4936,390,1,494000,4928000,6846000,0,443,4421000,Full,726000000
1784670103.405197234,25411.61,55600,55600,56400,56400,56100,55700,55300,56400,56800,54600,55000,56200,57100,56200,56600,57400,56600,56200,55800,52700,53900,53100,53100,57500,52300,52300,51200,51500,51500,52700,61400,63700,61700,62500,57500,63300,62500,61400,62500,62500,61700,62100,61700,56200,54300,54100,53100,55000,51900,51900,52300,37000,0,0,37000,41773,54900,95000,0,39604,37000,34900,49961,95000,36742,0,38146,54900,35449,0,45408,0,47937,0,36195,42452,0,46877,55700,0,37296,0,42442,45438,47805,49325,49493,53594,50165,57600,48048,47207,45694,34900,3300,-273000,-273000,-273000,335525,779458,20580392,342212,63,0,224,22,126,0,448,44,0,0,0,0,1640,19443,402336,702,10392,14010,244768,2199,335525,779458,20580392,342212,15475008,561048,7167024,1.99,0.00,0.00,657270,359958,13243168,333682,,,,1785600,1785600,1785600,1785600,1785600,1785600,883200,883200,0,,,,,,0,,853145,1000243,438,4936,390,1,494000,4927000,6846000,0,443,4421000,Full,726000000
1784670103.686257130,25411.89,54800,55200,56100,56400,55700,55300,55300,56100,55700,55000,55000,56200,57100,56600,57000,57400,57000,56600,55800,53100,53900,52700,52700,56700,52700,52300,50800,51500,51500,52300,61700,63700,62100,62900,57500,63700,62900,61000,62500,62500,61400,62100,62100,56200,54300,53700,52700,54600,51500,51900,52300,37000,0,0,37000,41773,54500,95000,0,39604,37000,34900,49998,95000,36742,0,38146,54100,35462,0,45408,0,47972,0,36209,42463,0,46873,54500,0,37335,0,42435,45430,47809,49123,49526,53728,50031,57200,48115,47341,45829,34900,3300,-273000,-273000,-273000,335525,779458,20580392,342212,63,0,224,22,126,0,448,44,0,0,0,0,1640,19443,402336,702,10392,14010,244768,2199,335525,779458,20580392,342212,15475008,558276,7164252,1.99,0.00,0.00,657270,359958,13243168,333682,,,,1324800,1324800,1324800,1324800,1324800,1324800,883200,883200,0,,,,,,0,,853145,1000243,438,4936,390,1,494000,4932000,6846000,0,443,4421000,Full,726000000
1784670103.989003171,25412.19,54800,55200,56400,56400,55700,56100,55300,55700,54900,55000,55000,56600,57100,56600,56600,57700,56600,56200,55800,53500,54300,52700,53100,57100,52700,52300,51200,51500,51500,52700,62100,63700,62100,62900,57500,63700,62900,61700,62900,62500,61700,62100,62100,56200,53900,54100,53100,54600,51500,51500,52300,37000,0,0,37000,41784,54900,95000,0,39604,37000,34900,49998,95000,36742,0,38146,54500,35462,0,45415,0,47985,0,36224,42460,0,46866,54100,0,37287,0,42457,45453,47826,48989,49560,53662,49930,57200,48148,47308,45896,34900,3300,-273000,-273000,-273000,335528,779458,20580520,342212,63,0,224,22,126,0,448,44,0,0,0,0,1640,19443,402336,702,10392,14010,244768,2199,335528,779458,20580520,342212,15475008,553740,7159768,1.99,0.00,0.00,657270,359958,13243232,333682,,,,883200,883200,883200,883200,883200,883200,883200,883200,0,,,,,,0,,841363,1000498,438,4936,390,1,447000,4932000,6846000,0,443,4421000,Full,726000000
1784670104.303750932,25412.51,55600,55600,56800,56400,56400,56100,55700,56100,55300,55400,54600,56200,57500,56600,56600,57400,56600,56600,55800,53500,54300,53100,52700,57100,52300,52300,51200,51900,51500,52700,62100,63700,62100,62900,57900,63700,62900,61700,62500,62500,61700,62100,62100,56200,53900,54500,53100,54600,51500,51500,51900,37000,0,0,37000,41792,55300,95000,0,39604,37000,34900,50001,95000,36742,0,38146,54900,35462,0,45433,0,47972,0,36209,42477,0,46893,54900,0,37316,0,42470,45476,47833,49090,49560,53796,50065,57600,48148,47174,45829,34900,3300,-273000,-273000,-273000,335528,779458,20580520,342212,63,0,224,22,126,0,448,44,0,0,0,0,1640,19443,402336,702,10392,14010,244768,2199,335528,779458,20580520,342212,15475008,553112,7159144,1.99,0.00,0.00,657270,359958,13243232,333682,,,,1785600,1785600,1785600,1785600,1785600,1785600,883200,883200,0,,,,,,0,,0,0,438,4936,390,1,494000,4929000,6846000,0,443,4421000,Full,726000000
1784670104.831973015,25413.03,55200,55600,56400,56100,55700,56100,56400,55700,54900,55800,55800,56600,57100,57400,57000,57700,57000,57000,56200,53900,55000,52700,52700,56700,52700,52300,51200,51500,51500,52700,61000,62900,61700,61700,57900,62500,62900,60600,61700,62100,61400,61700,61400,56600,54300,54500,53100,55000,51500,51900,52700,37000,0,0,37000,41818,55300,95000,0,39604,37000,34900,50026,95000,36742,0,38146,54500,35476,0,45449,0,47985,0,36167,42492,0,46897,54500,0,37331,0,42492,45467,47841,49291,49594,53561,50266,57200,47947,47812,45627,34900,3300,-273000,-273000,-273000,335528,779458,20580520,342212,63,0,224,22,126,0,448,44,0,0,0,0,1640,19443,402336,702,10392,14010,244768,2199,335528,779458,20580520,342212,15475008,550928,7156920,1.99,0.00,0.00,657270,359958,13243232,333682,,,,1113600,1113600,1113600,1113600,1113600,1113600,883200,883200,0,,,,,,0,,855976,1000093,438,4936,390,1,494000,4954000,6846000,0,443,4421000,Full,726000000
1784670105.128836504,25413.33,55200,55200,56400,56400,55700,55700,54900,56100,55300,55400,55000,56600,57100,57000,57000,57400,57000,56600,55800,53100,54300,52700,53100,56700,52700,52700,51200,51500,51900,52700,61400,63300,61700,62500,57900,63300,62900,61000,62100,62100,61400,61700,61700,56200,53900,54100,52700,54600,51900,51500,52700,37000,0,0,37000,41821,54900,95000,0,39604,37000,34900,50060,95000,36742,0,38146,54900,35492,0,45476,0,47995,0,36206,42520,0,46914,54900,0,37290,0,42508,45483,47861,49493,49661,53561,50031,57200,48216,47341,45728,34900,3300,-273000,-273000,-273000,335528,779458,20580520,342212,63,0,224,22,126,0,448,44,0,0,0,0,1640,19443,402336,702,10392,14010,244768,2199,335528,779458,20580520,342212,15475008,547096,7153088,1.99,0.00,0.00,657270,359958,13243232,333682,,,,1324800,1324800,1324800,1324800,1324800,1324800,883200,883200,0,,,,,,0,,855976,1000093,438,4936,390,1,497000,4929000,6846000,0,443,4421000,Full,726000000
1784670105.434207858,25413.64,55200,55600,56800,56400,56100,56100,55700,56100,55700,55000,55000,56200,57500,56200,56600,57000,56600,56200,56200,53100,54600,52700,52700,56700,52700,52300,50800,51500,51500,52700,61400,63700,61700,62900,57500,63700,62500,61000,62100,62100,61000,61700,61400,56200,53900,54500,53100,55000,51500,51900,52300,37000,0,0,37000,41824,55700,95000,0,39604,37000,34900,50023,95000,36742,0,38146,54500,35495,0,45476,0,48020,0,36206,42495,0,46900,54500,0,37293,0,42526,45486,47861,49325,49728,53426,50031,57600,48081,47610,45930,34900,3300,-273000,-273000,-273000,335528,779458,20580520,342212,63,0,224,22,126,0,448,44,0,0,0,0,1640,19443,402336,702,10392,14010,244768,2199,335528,779458,20580520,342212,15475008,550652,7156648,1.99,0.00,0.00,657270,359958,13243232,333682,,,,1113600,1113600,1113600,1113600,1113600,1113600,883200,883200,0,,,,,,0,,855976,1000093,438,4936,390,1,494000,4931000,6846000,0,443,4421000,Full,726000000
1784670105.737383379,25413.94,55600,55600,56800,56400,56100,56100,56800,56400,56100,55000,55000,56200,57100,56600,56600,57400,56600,55800,55800,53100,54300,52300,52700,57100,52700,52300,50800,51500,51500,52700,61700,63700,62100,62900,57900,63300,62900,61400,62500,62100,61400,61700,61700,56200,53900,54500,53100,54600,51500,51900,51900,37000,0,0,37000,41833,55300,95000,0,39604,37000,34900,50026,95000,36742,0,38146,55700,35498,0,45501,0,48014,0,36155,42526,0,46934,57200,0,37322,0,42523,45486,47865,49191,49661,53897,50367,57600,48148,47476,45728,34900,3300,-273000,-273000,-273000,335528,779458,20580520,342212,63,0,224,22,126,0,448,44,0,0,0,0,1640,19443,402336,702,10392,14010,244768,2199,335528,779458,20580520,342212,15475008,551808,7157756,1.99,0.00,0.00,657270,359958,13243232,333682,,,,1555200,1555200,1555200,1555200,1555200,1555200,883200,883200,0,,,,,,0,,851081,1000424,438,4936,390,1,494000,4932000,6846000,0,443,4421000,Full,726000000
1784670106.021530254,25414.22,54800,55600,56400,56400,55700,55700,55700,55700,54900,55000,55000,56200,57500,56600,56600,57400,57000,56600,55800,53500,54600,52700,52700,56300,52300,51900,51200,51500,51500,52300,61700,63700,62100,62500,57100,63700,62900,61000,62500,62100,61400,61700,61700,56200,53900,54100,53100,54600,51500,51500,52300,37000,0,0,37000,41836,54900,95000,0,39604,37000,34900,50038,95000,36742,0,38146,54500,35495,0,45483,0,48030,0,36195,42526,0,46945,54900,0,37304,0,42530,45497,47876,49224,49661,53594,50065,57200,48081,47442,45896,34900,3300,-273000,-273000,-273000,335539,779458,20580696,342214,63,0,224,22,126,0,448,44,0,0,0,0,1640,19443,402336,702,10392,14010,244768,2199,335539,779458,20580696,342214,15475008,547776,7153732,1.99,0.00,0.00,657270,359958,13243320,333682,,,,1113600,1113600,1113600,1113600,1113600,1113600,883200,883200,0,,,,,,0,,851081,1000424,438,4936,390,1,494000,4936000,6846000,0,443,4421000,Full,726000000
1784670106.338144577,25414.54,54800,54800,56100,56100,56100,55300,55300,56100,56100,55000,54600,55800,56700,56600,56200,57000,56600,56200,55800,53500,54300,53100,52700,56700,52700,52300,50800,51500,51500,52300,61400,62900,61400,62500,57100,62900,62500,61000,62100,61700,61400,61400,61700,56200,53900,54100,52700,54600,51500,51900,52300,37000,0,0,37000,41853,54500,95000,0,39604,37000,34900,50063,95000,36742,0,38146,54500,35508,0,45501,0,48034,0,36201,42533,0,46931,54500,0,37299,0,42526,45509,47876,49560,49359,53695,49863,57200,48014,47442,45762,34900,3300,-273000,-273000,-273000,335539,779458,20580696,342214,63,0,224,22,126,0,448,44,0,0,0,0,1640,19443,402336,702,10392,14010,244768,2199,335539,779458,20580696,342214,15475008,545012,7150968,1.99,0.00,0.00,657270,359958,13243320,333682,,,,998400,998400,998400,998400,998400,998400,883200,883200,0,,,,,,0,,0,0,438,4936,390,1,494000,4931000,6846000,0,443,4421000,Full,726000000
1784670106.643486920,25414.84,56000,56300,56800,56800,56800,56800,57600,57200,56800,55000,54600,56200,57500,56600,56600,57400,56600,56200,55400,52700,53900,52700,52700,57500,52700,52300,50800,51500,51500,52700,61700,63700,62100,62900,58300,64100,62900,61700,62900,62500,61700,62100,62100,56200,53900,54900,53100,54600,51500,51500,51900,37000,0,0,37000,41858,55700,95000,0,39604,37000,34900,50050,95000,36742,0,38146,56400,35514,0,45497,0,48042,0,36198,42543,0,46956,57200,0,37328,0,42564,45527,47889,49123,49560,53863,50434,57600,48048,47812,45728,34900,3300,-273000,-273000,-273000,335539,779458,20580696,342214,63,0,224,22,126,0,448,44,0,0,0,0,1640,19443,402336,702,10392,14010,244768,2199,335539,779458,20580696,342214,15475008,536220,7142320,1.99,0.00,0.00,657270,359958,13243320,333682,,,,1785600,1785600,1785600,1785600,1785600,1785600,883200,883200,0,,,,,,0,,0,0,438,4936,390,1,494000,4936000,6846000,0,443,4421000,Full,726000000
1784670106.915780879,25415.12,56700,57100,57600,57600,57200,57200,57600,58400,58800,55400,55400,56600,57900,57000,57000,57700,56600,56200,55800,53900,55000,53100,52700,57900,52300,52300,51200,51500,51900,52700,61700,63700,61700,62500,58300,63700,62900,61700,62500,62500,61400,62100,62100,56600,53900,55300,52700,54600,51500,51900,52300,37000,0,0,37000,41870,56100,95000,0,39604,37000,34900,50050,95000,36742,0,38146,56400,35511,0,45534,0,48023,0,36195,42558,0,46956,56800,0,37290,0,42571,45531,47876,49325,49829,53695,50199,58000,47980,47442,45728,34900,3300,-273000,-273000,-273000,335539,779458,20580696,342214,63,0,224,22,126,0,448,44,0,0,0,0,1640,19443,402336,702,10392,14010,244768,2199,335539,779458,20580696,342214,15475008,547568,7153700,1.99,0.00,0.00,657270,359958,13243320,333682,,,,1228800,1228800,1228800,1228800,1228800,1228800,883200,883200,0,,,,,,0,,855137,1000290,438,4936,390,1,291000,4931000,6846000,0,443,4421000,Full,726000000
1784670107.197778795,25415.40,55200,55600,56800,56400,56100,56100,56100,56400,56100,55000,55000,56200,57500,56600,56600,57400,57000,56600,56200,53100,53900,52700,52700,57500,52700,52300,50800,51500,51500,52700,61000,62900,61700,62100,57900,62900,62900,61000,62100,62100,61400,61700,62100,56600,54300,54500,52700,55000,51900,51500,52300,37000,0,0,37000,41870,55300,95000,0,39740,37000,34900,50071,95000,36825,0,38244,55300,35539,0,45509,0,48065,0,36184,42568,0,46970,56100,0,37343,0,42555,45531,47898,49426,49493,53964,50031,57200,48148,47846,45762,34900,3300,-273000,-273000,-273000,335539,779458,20580696,342214,63,0,224,22,126,0,448,44,0,0,0,0,1640,19443,402336,702,10392,14010,244768,2199,335539,779458,20580696,342214,15475008,554308,7160328,1.99,0.00,0.00,657270,359958,13243320,333682,,,,1785600,1785600,1785600,1785600,1785600,1785600,883200,883200,0,,,,,,0,,0,0,438,4936,390,1,494000,4929000,6846000,0,443,4421000,Full,726000000
1784670107.478212337,25415.68,54800,55200,56400,56100,56100,55300,55300,56100,55700,54600,54600,56600,57100,56600,57000,57400,56600,56600,56200,53100,53900,53100,53100,56700,52700,52300,51200,51900,51900,53100,62100,63700,62100,62900,57500,64100,62900,61400,62500,62500,61700,61700,62100,56200,53900,53700,52700,54600,51500,51900,51900,37000,0,0,37000,41879,54500,95000,0,39740,37000,34900,50050,95000,36825,0,38244,54500,35504,0,45531,0,48069,0,36178,42543,0,46977,54100,0,37311,0,42586,45534,47898,49191,49560,53594,50165,57200,48283,47745,45694,34900,3300,-273000,-273000,-273000,335539,779458,20580696,342214,63,0,224,22,126,0,448,44,0,0,0,0,1640,19443,402336,702,10392,14010,244768,2199,335539,779458,20580696,342214,15475008,551256,7157280,1.99,0.00,0.00,657270,359958,13243320,333682,,,,1785600,1785600,1785600,1785600,1785600,1785600,883200,883200,0,,,,,,0,,0,0,438,4936,390,1,497000,4928000,6844000,0,444,4421000,Full,726000000
1784670107.997087232,25416.20,55600,55600,56800,56400,56400,56400,56800,56100,55300,55800,55400,56600,57500,57000,57400,57700,57000,56600,56200,53900,55000,52700,53100,57100,52700,52300,51200,51500,51500,53100,61700,63700,62100,62900,57500,63700,62900,61000,62500,62100,61700,61700,62500,56600,54300,54500,52700,55000,51500,51900,52300,37000,0,0,37000,41891,54900,95000,0,39740,37000,35000,50078,95000,36825,0,38244,54900,35523,0,45520,0,48084,0,36192,42586,0,46981,55300,0,37384,0,42589,45580,47919,49460,49493,53897,50502,57600,48048,47207,45728,35000,3300,-273000,-273000,-273000,335539,779458,20580696,342214,63,0,224,22,126,0,448,44,0,0,0,0,1640,19443,402336,702,10392,14010,244768,2199,335539,779458,20580696,342214,15475008,552328,7158472,1.99,0.00,0.00,657270,359958,13243320,333682,,,,1785600,1785600,1785600,1785600,1785600,1785600,883200,883200,0,,,,,,0,,852747,1000187,438,4936,390,1,494000,4929000,6844000,0,444,4421000,Full,726000000
1784670108.281287649,25416.48,54800,55600,56400,56400,55700,55300,55300,55700,54900,55400,55400,56600,57100,57000,56600,57700,57000,56600,56200,53500,55000,52700,52700,56700,52700,52300,51200,51900,51900,52700,61700,63300,61700,62500,57500,63300,62900,61000,62100,62100,61400,61700,62100,56600,53900,54500,52700,55000,51900,51500,52300,37000,0,0,37000,41910,54900,95000,0,39740,37000,35000,50071,95000,36825,0,38244,54500,35550,0,45509,0,48065,0,36187,42568,0,46979,54100,0,37317,0,42589,45561,47935,49191,49661,53964,50132,57200,48283,47678,45762,35000,3300,-273000,-273000,-273000,335539,779458,20580696,342214,63,0,224,22,126,0,448,44,0,0,0,0,1640,19443,402336,702,10392,14010,244768,2199,335539,779458,20580696,342214,15475008,548324,7154468,1.99,0.00,0.00,657270,359958,13243320,333682,,,,787200,787200,787200,787200,787200,787200,883200,883200,0,,,,,,0,,852747,1000187,438,4936,390,1,494000,4926000,6844000,0,444,4421000,Full,726000000
1784670108.595551815,25416.80,54800,55200,56800,56400,56100,56100,55700,56100,55700,55000,55000,56200,57100,56600,56600,57400,57000,56200,56200,53900,54600,53100,52700,57100,52700,52300,51200,51500,51500,53100,61000,62900,62100,61700,57500,62900,62500,60600,61700,62500,61400,61700,61700,56200,54300,54500,53100,54600,51900,51900,52300,37000,0,0,37000,41910,54900,95000,0,39740,37000,35000,50090,95000,36825,0,38244,54500,35539,0,45543,0,48108,0,36158,42589,0,46997,54500,0,37334,0,42617,45580,47925,49460,49493,53493,50132,57600,48350,47375,45661,35000,3300,-273000,-273000,-273000,335539,779458,20580696,342214,63,0,224,22,126,0,448,44,0,0,0,0,1640,19443,402336,702,10392,14010,244768,2199,335539,779458,20580696,342214,15475008,557632,7163664,1.99,0.00,0.00,657270,359958,13243320,333682,,,,787200,787200,787200,787200,787200,787200,883200,883200,0,,,,,,0,,852747,1000187,438,4936,390,1,494000,4931000,6844000,0,444,4421000,Full,726000000
1784670108.911459263,25417.11,55600,56000,56400,56400,56100,56800,56400,56100,55700,54600,55000,56200,57500,56200,56600,57000,56600,56600,55800,53100,54300,52700,52700,57100,52300,52300,51200,51900,51900,52700,61700,63700,62100,62500,57900,63700,62500,61000,62500,62100,61400,62100,61700,56600,54300,55300,52700,54600,51900,51900,52300,37000,0,0,37000,41927,56400,95000,0,39740,37000,35000,50083,95000,36825,0,38244,54900,35532,0,45534,0,48080,0,36158,42596,0,47005,55300,0,37308,0,42621,45594,47919,49392,49560,53796,50266,57600,48115,47610,45694,35000,3300,-273000,-273000,-273000,335539,779458,20580696,342214,63,0,224,22,126,0,448,44,0,0,0,0,1640,19443,402336,702,10392,14010,244768,2199,335539,779458,20580696,342214,15475008,553348,7159388,1.99,0.00,0.00,657270,359958,13243320,333682,,,,1324800,1324800,1324800,1324800,1324800,1324800,883200,883200,0,,,,,,0,,843678,1000500,438,4936,390,1,494000,4928000,6844000,0,444,4421000,Full,726000000
1784670109.206565305,25417.41,54800,55200,56400,55700,55700,55300,55300,56100,56100,54600,55000,56200,57100,56600,56600,57700,56600,56200,55800,53500,54300,52700,52700,56700,52700,52700,51200,51900,51900,52300,61700,63300,61700,62500,57500,63300,62500,60600,61700,62100,61000,61400,61400,56600,53900,54500,52700,54600,51500,51900,52300,37000,0,0,37000,41924,54900,95000,0,39740,37000,35000,50086,95000,36825,0,38244,54100,35556,0,45568,0,48077,0,36187,42596,0,47020,54500,0,37335,0,42646,45591,47960,49291,49526,53628,50502,57600,48148,47779,45627,35000,3300,-273000,-273000,-273000,335539,779458,20580696,342214,63,0,224,22,126,0,448,44,0,0,0,0,1640,19443,402336,702,10392,14010,244768,2199,335539,779458,20580696,342214,15475008,549820,7155860,1.99,0.00,0.00,657270,359958,13243320,333682,,,,1785600,1785600,1785600,1785600,1785600,1785600,883200,883200,0,,,,,,0,,843678,1000500,438,4936,390,1,431000,4928000,6844000,0,444,4421000,Full,726000000
1784670109.492661711,25417.69,55200,55600,56800,56400,56100,55700,55700,56100,55700,55000,54600,56200,57100,56200,56600,57400,56600,56200,55800,53500,54300,52700,53100,57100,52700,51900,51200,51500,51900,52700,61400,63300,61700,62900,57500,63700,62500,61000,62100,62100,61000,62100,61700,56200,53900,54100,53100,54600,51900,51500,52300,37000,0,0,37000,41931,55300,95000,0,39740,37000,35000,50123,95000,36825,0,38244,54500,35559,0,45527,0,48128,0,36187,42641,0,47055,54500,0,37316,0,42631,45591,47953,49123,49460,53695,50266,57200,48148,47812,45694,35000,3300,-273000,-273000,-273000,335544,779458,20580736,342215,63,0,224,22,126,0,448,44,0,0,0,0,1640,19443,402336,702,10392,14010,244768,2199,335544,779458,20580736,342215,15475008,552476,7158472,1.99,0.00,0.00,657270,359959,13243340,333683,,,,1113600,1113600,1113600,1113600,1113600,1113600,883200,883200,0,,,,,,0,,0,0,438,4936,390,1,491000,4923000,6844000,0,444,4421000,Full,726000000
1784670109.797116294,25418.00,54800,55200,56400,56100,55700,55700,55700,55700,55300,55000,55000,56200,57500,56600,56600,57700,56600,56600,55800,53500,54600,53100,52700,57100,52700,52300,50800,51900,51900,52700,61700,63700,62100,62500,57500,63700,62900,61400,62500,62100,61400,61700,61700,56200,53900,54100,52700,54600,51500,51500,51900,37000,0,0,37000,41935,54900,95000,0,39740,37000,35000,50086,95000,36825,0,38244,54500,35559,0,45594,0,48124,0,36173,42617,0,47024,54500,0,37316,0,42649,45621,47972,49191,49796,53628,50065,57200,48148,47409,45661,35000,3300,-273000,-273000,-273000,335544,779458,20580736,342215,63,0,224,22,126,0,448,44,0,0,0,0,1640,19443,402336,702,10392,14010,244768,2199,335544,779458,20580736,342215,15475008,548712,7154708,1.99,0.00,0.00,657270,359959,13243340,333683,,,,998400,998400,998400,998400,998400,998400,883200,883200,0,,,,,,0,,851032,1000386,438,4936,390,1,494000,4987000,6844000,0,444,4421000,Full,726000000
1784670110.103260356,25418.30,55200,56000,56800,56400,56100,56100,56100,56100,55300,55000,54600,55800,57500,56600,56600,57400,57000,56600,55800,53100,54300,52700,52700,57500,52700,52300,50800,51500,51900,52700,61700,63300,62100,62900,57900,63700,62900,61400,62500,62500,61700,62100,62100,56200,54300,54500,53100,55000,51500,51900,52300,37000,0,0,37000,41953,55700,95000,0,39740,37000,35000,50111,95000,36825,0,38244,54900,35550,0,45598,0,48115,0,36178,42637,0,47055,54900,0,37316,0,42672,45607,47957,49594,49560,53796,50199,58000,48249,47644,45728,35000,3300,-273000,-273000,-273000,335544,779458,20580736,342215,63,0,224,22,126,0,448,44,0,0,0,0,1640,19443,402336,702,10392,14010,244768,2199,335544,779458,20580736,342215,15475008,563200,7169188,1.99,0.00,0.00,657270,359959,13243340,333683,,,,1228800,1228800,1228800,1228800,1228800,1228800,883200,883200,0,,,,,,0,,851032,1000386,438,4936,390,1,494000,4931000,6844000,0,444,4421000,Full,726000000
1784670110.407798377,25418.61,55600,56000,56800,56800,56400,56800,57200,57200,57600,55000,55000,56200,57100,56600,56600,57000,56600,56200,55800,52700,53900,53100,53100,57100,52300,52300,51200,51900,51900,52700,61700,64100,62100,62900,57900,64100,62900,61400,62500,62100,61400,62100,62100,56600,54300,54900,53100,55000,51900,51900,51900,37000,0,0,37000,41956,55700,95000,0,39740,37000,35000,50104,95000,36825,0,38244,54900,35559,0,45594,0,48139,0,36142,42637,0,47069,55300,0,37307,0,42669,45602,47981,49392,49695,53728,50065,57600,48283,48115,45694,35000,3300,-273000,-273000,-273000,335544,779458,20580736,342215,63,0,224,22,126,0,448,44,0,0,0,0,1640,19443,402336,702,10392,14010,244768,2199,335544,779458,20580736,342215,15475008,561876,7167864,1.99,0.00,0.00,657270,359959,13243340,333683,,,,1670400,1670400,1670400,1670400,1670400,1670400,883200,883200,0,,,,,,0,,851032,1000386,438,4936,390,1,494000,4929000,6844000,0,444,4421000,Full,726000000
1784670110.686372075,25418.89,54800,55200,56100,56100,55300,55700,55700,55700,55300,54600,54600,55800,57100,56600,56200,57000,56600,56200,55400,53100,53900,53100,53100,56700,52700,52300,51200,51500,51500,52300,61700,63700,61700,62500,57100,63300,62900,61000,62100,62100,61000,61700,61700,56200,54300,54100,53100,54600,51900,51900,52700,37000,0,0,37000,41956,54900,95000,0,39740,37000,35000,50127,95000,36825,0,38244,54100,35570,0,45611,0,48135,0,36181,42662,0,47078,54100,0,37342,0,42652,45641,47981,49325,49728,53426,49964,57200,48148,47476,45594,35000,3300,-273000,-273000,-273000,335544,779458,20580736,342215,63,0,224,22,126,0,448,44,0,0,0,0,1640,19443,402336,702,10392,14010,244768,2199,335544,779458,20580736,342215,15475008,561244,7167216,1.99,0.00,0.00,657270,359959,13243340,333683,,,,1785600,1785600,1785600,1785600,1785600,1785600,883200,883200,0,,,,,,0,,844442,1000432,438,4936,390,1,494000,4933000,6844000,0,444,4421000,Full,726000000
1784670111.205045721,25419.41,56700,56700,57600,57200,56800,57600,57600,57200,57200,55400,55800,56200,57900,56600,56600,57400,57000,56600,55800,54300,55400,52700,52700,57500,52700,52300,50800,51500,51500,52700,61000,62900,61700,62100,58300,62900,62500,60600,61700,62500,61700,61700,62100,56200,54300,55700,52700,55000,51500,51900,52700,37000,0,0,37000,41971,56800,95000,0,39740,37000,35000,50159,95000,36825,0,38244,56400,35570,0,45614,0,48161,0,36133,42684,0,47055,56400,0,37357,0,42672,45641,47988,49392,49762,53695,50434,58000,48317,47846,45795,35000,3300,-273000,-273000,-273000,335548,779458,20580824,342216,63,0,224,22,126,0,448,44,0,0,0,0,1640,19443,402336,702,10392,14010,244768,2199,335548,779458,20580824,342216,15475008,541380,7147516,1.99,0.00,0.00,657270,359959,13243384,333683,,,,1113600,1113600,1113600,1113600,1113600,1113600,883200,883200,0,,,,,,0,,0,0,438,4936,390,1,294000,4937000,6844000,0,444,4421000,Full,726000000
1784670111.499719210,25419.70,56000,56000,56800,56400,56100,56100,56400,56400,56400,55000,54600,56200,57500,56600,56600,57400,57000,56200,55800,53100,54300,52700,53100,57100,52700,52300,51200,51500,51500,52700,61700,64100,61700,62900,57500,63700,63300,61000,62500,62500,61400,62100,61700,56200,53900,54900,52700,55000,51900,51900,52300,37000,0,0,37000,41982,55700,95000,0,39740,37000,35000,50136,95000,36825,0,38244,56100,35578,0,45628,0,48143,0,36145,42680,0,47074,56100,0,37331,0,42712,45665,47977,49392,49627,53662,50065,57600,48216,47476,45627,35000,3300,-273000,-273000,-273000,335548,779458,20580824,342216,63,0,224,22,126,0,448,44,0,0,0,0,1640,19443,402336,702,10392,14010,244768,2199,335548,779458,20580824,342216,15475008,542224,7148408,1.99,0.00,0.00,657270,359959,13243384,333683,,,,1785600,1785600,1785600,1785600,1785600,1785600,883200,883200,0,,,,,,0,,0,0,438,4936,390,1,494000,4935000,6844000,0,444,4421000,Full,726000000
1784670111.779516762,25419.98,54800,55600,56400,56400,55700,55300,55300,55700,55300,55400,55000,56600,57100,56600,57000,57400,56600,56200,55800,53500,54600,52700,52700,56700,52700,52300,50800,51900,51500,52700,61700,63300,61700,62500,57100,63300,62500,61000,62100,62100,61400,61400,61700,55800,53900,54100,52700,54600,51900,51500,52300,37000,0,0,37000,41993,54900,95000,0,39740,37000,35000,50141,95000,36825,0,38244,54500,35591,0,45632,0,48161,0,36167,42680,0,47082,54900,0,37299,0,42703,45658,47985,49392,49661,53728,50300,57200,48148,47476,45728,35000,3300,-273000,-273000,-273000,335548,779458,20580824,342216,63,0,224,22,126,0,448,44,0,0,0,0,1640,19443,402336,702,10392,14010,244768,2199,335548,779458,20580824,342216,15475008,557188,7163376,1.99,0.00,0.00,657270,359959,13243384,333683,,,,1228800,1228800,1228800,1228800,1228800,1228800,883200,883200,0,,,,,,0,,862782,1000434,438,4936,390,1,491000,4935000,6844000,0,444,4421000,Full,726000000
1784670112.075645147,25420.28,54800,55600,56400,56100,56100,55300,55300,56100,55300,55000,55400,56600,57100,57000,56600,57400,56600,56600,55800,53500,54600,53100,52700,57100,52700,52300,51200,51500,51500,52700,61700,63700,61700,62500,57500,63300,62500,61000,62100,62500,61400,61700,61700,56600,53900,54100,53100,55000,51900,51900,52300,37000,0,0,37000,41990,54900,95000,0,39836,37000,35000,50144,95000,36938,0,38355,54500,35600,0,45644,0,48191,0,36167,42677,0,47085,54500,0,37334,0,42728,45669,48025,49493,49728,53897,50098,57200,48317,47577,45728,35000,3300,-273000,-273000,-273000,335548,779458,20580824,342216,63,0,224,22,126,0,448,44,0,0,0,0,1640,19443,402336,702,10392,14010,244768,2199,335548,779458,20580824,342216,15475008,552792,7158984,1.99,0.00,0.00,657270,359959,13243384,333683,,,,1113600,1113600,1113600,1113600,1113600,1113600,883200,883200,0,,,,,,0,,862782,1000434,438,4936,390,1,494000,4926000,6844000,0,444,4421000,Full,726000000
1784670112.382891554,25420.58,55600,56300,56800,56400,56400,56400,56400,56100,55700,54600,54600,55800,57500,56200,56600,57400,56600,56600,55800,53100,54300,53100,52700,57500,52700,51900,51200,51500,51500,52700,62100,64100,62100,63300,57900,64100,62900,61400,62900,62500,61700,62100,62500,56200,54300,54500,53100,54600,51500,51900,52300,37000,0,0,37000,41993,55700,95000,0,39836,37000,35000,50136,95000,36938,0,38355,54900,35603,0,45628,0,48151,0,36206,42694,0,47098,54900,0,37337,0,42703,45678,48013,49392,49762,53695,50502,57600,48249,47678,45594,35000,3300,-273000,-273000,-273000,335548,779458,20580824,342216,63,0,224,22,126,0,448,44,0,0,0,0,1640,19443,402336,702,10392,14010,244768,2199,335548,779458,20580824,342216,15475008,549452,7155644,1.99,0.00,0.00,657270,359959,13243384,333683,,,,787200,787200,787200,787200,787200,787200,883200,883200,0,,,,,,0,,862782,1000434,438,4936,390,1,231000,4928000,6844000,0,444,4421000,Full,726000000
1784670112.687686918,25420.89,55600,56300,56800,56100,55700,56400,57600,56100,56400,55000,55000,56200,57100,56200,56600,56600,56600,56200,55800,53100,54300,53100,53100,56700,52300,52300,51200,51900,51900,52700,61700,63700,61700,62500,57500,63300,62900,61000,62100,62100,61400,61700,61700,56200,54300,54500,52700,54600,51500,51900,52300,37000,0,0,37000,42020,55700,95000,0,39836,37000,35100,50144,95000,36938,0,38355,55300,35611,0,45641,0,48176,0,36181,42690,0,47101,55300,0,37316,0,42697,45715,48036,49392,49627,53594,50400,57600,48249,47745,45694,35100,3300,-273000,-273000,-273000,335548,779458,20580824,342216,63,0,224,22,126,0,448,44,0,0,0,0,1640,19443,402336,702,10392,14010,244768,2199,335548,779458,20580824,342216,15475008,545856,7152048,1.99,0.00,0.00,657270,359959,13243384,333683,,,,1785600,1785600,1785600,1785600,1785600,1785600,883200,883200,0,,,,,,0,,0,0,438,4936,390,1,181000,4928000,6844000,0,411,4421000,Full,726000000
1784670113.068073897,25421.27,54400,54800,56400,56100,55300,55300,55300,55300,54500,54300,54600,55800,56700,56200,56200,56600,56200,56200,55800,52700,53900,52700,52700,56300,52300,51900,51200,51500,51900,52700,61000,62900,61400,61700,56700,62500,62100,60200,61400,61400,61000,61000,61000,55800,53900,53700,52700,54600,51500,51500,51900,37000,0,0,37000,42020,54500,95000,0,39836,37000,35100,50164,95000,36938,0,38355,54100,35600,0,45644,0,48209,0,36209,42708,0,47098,54500,0,37348,0,42718,45688,48001,49291,49594,53628,50165,56800,48216,47275,45661,35100,3300,-273000,-273000,-273000,335548,779458,20580824,342216,63,0,224,22,126,0,448,44,0,0,0,0,1640,19443,402336,702,10392,14010,244768,2199,335548,779458,20580824,342216,15475008,549760,7155940,1.99,0.00,0.00,657270,359959,13243384,333683,,,,998400,998400,998400,998400,998400,998400,883200,883200,0,,,,,,0,,857381,1000383,438,4936,390,1,497000,4935000,6844000,0,411,4421000,Full,726000000
1784670113.372461970,25421.57,54800,55200,56100,56100,55700,55300,55300,56100,55300,54600,54600,55800,57100,55800,56200,57000,56200,55800,55400,53100,53900,52700,52700,56300,52300,52300,51200,51500,51500,52700,61400,62900,61700,62100,57100,62900,62100,60600,62100,61700,61400,61700,61700,55800,53500,54100,53100,54600,51500,51500,51900,37000,0,0,37000,42020,54500,95000,0,39836,37000,35100,50164,95000,36938,0,38355,54100,35619,0,45674,0,48183,0,36161,42718,0,47116,54500,0,37305,0,42740,45708,48029,49392,49762,53796,49997,56800,48283,47476,45694,35100,3300,-273000,-273000,-273000,335548,779458,20580824,342216,63,0,224,22,126,0,448,44,0,0,0,0,1640,19443,402336,702,10392,14010,244768,2199,335548,779458,20580824,342216,15475008,545204,7151384,1.99,0.00,0.00,657270,359959,13243384,333683,,,,787200,787200,787200,787200,787200,787200,883200,883200,0,,,,,,0,,0,0,438,4936,390,1,494000,4929000,6844000,0,411,4421000,Full,726000000
1784670113.678924261,25421.88,56000,55600,56400,56400,56100,56100,55700,56800,56800,55000,54600,56200,57100,56200,56600,57000,56600,56200,55800,53100,54300,52700,52700,57100,52300,52300,50800,51500,51500,52700,61400,63700,61400,62500,57500,63700,62500,61000,62500,62100,61400,61700,61700,56200,53900,54500,52700,54600,51500,51500,51900,37000,0,0,37000,42027,55300,95000,0,39836,37000,35100,50148,95000,36938,0,38355,54900,35611,0,45651,0,48213,0,36158,42715,0,47101,54900,0,37308,0,42750,45688,48032,49426,49695,53695,50367,57600,48317,47544,45627,35100,3300,-273000,-273000,-273000,335548,779458,20580824,342216,63,0,224,22,126,0,448,44,0,0,0,0,1640,19443,402336,702,10392,14010,244768,2199,335548,779458,20580824,342216,15475008,560796,7166948,1.99,0.00,0.00,657270,359959,13243384,333683,,,,1324800,1324800,1324800,1324800,1324800,1324800,883200,883200,0,,,,,,0,,0,0,438,4936,390,1,491000,4929000,6844000,0,411,4421000,Full,726000000
1784670113.970290459,25422.17,55600,56000,56400,56400,56100,56100,56400,56800,56800,55000,54600,56200,56700,56600,56600,57400,56600,56200,55800,53100,54300,52700,52700,56700,52300,52300,50800,51500,51900,52300,60600,62500,61400,61700,57500,62100,62100,60200,61000,61700,61000,61400,61000,55800,54300,54900,53100,54600,51500,51500,51900,37000,0,0,37000,42044,56400,95000,0,39836,37000,35100,50181,95000,36938,0,38355,54900,35624,0,45678,0,48197,0,36190,42703,0,47116,55300,0,37308,0,42743,45702,48029,49090,49728,53728,50031,57200,48216,47644,45694,35100,3300,-273000,-273000,-273000,335548,779458,20580824,342216,63,0,224,22,126,0,448,44,0,0,0,0,1640,19443,402336,702,10392,14010,244768,2199,335548,779458,20580824,342216,15475008,558276,7164432,1.99,0.00,0.00,657270,359959,13243384,333683,,,,1785600,1785600,1785600,1785600,1785600,1785600,883200,883200,0,,,,,,0,,850769,1000206,438,4936,390,1,397000,4929000,6844000,0,411,4421000,Full,726000000
1784670114.451990355,25422.65,56000,56300,56800,56800,56400,56800,57200,56400,56100,55000,54600,56200,57900,56200,56200,57000,56600,56200,55400,53100,54300,52700,52700,57500,52700,52300,50800,51500,51500,52700,61000,62500,61700,61700,57900,62900,62100,60200,61400,62100,61000,61700,61400,56200,53900,54900,52700,55000,51500,51500,52300,37000,0,0,37000,42054,56100,95000,0,39836,37000,35100,50173,95000,36938,0,38355,55700,35606,0,45669,0,48183,0,36178,42753,0,47120,54900,0,37325,0,42759,45729,48040,49325,49661,53897,50199,57600,48283,47610,45594,35100,3300,-273000,-273000,-273000,335548,779458,20580824,342216,63,0,224,22,126,0,448,44,0,0,0,0,1640,19443,402336,702,10392,14010,244768,2199,335548,779458,20580824,342216,15475008,554412,7160544,1.99,0.00,0.00,657270,359959,13243384,333683,,,,998400,998400,998400,998400,998400,998400,883200,883200,0,,,,,,0,,850769,1000206,438,4936,390,1,494000,4933000,6844000,0,411,4421000,Full,726000000
1784670114.755811136,25422.96,55600,56000,56400,56100,56100,56400,57200,56400,57200,54600,54600,55800,57100,55800,56200,56600,56200,56200,55400,53100,53900,53100,52300,57100,52300,52300,51200,51500,51500,52300,61400,63300,61700,62100,57500,63300,62500,60600,61700,61700,61000,61700,61400,56200,53900,54900,52700,54600,51500,51900,52300,37000,0,0,37000,42066,56100,95000,0,39836,37000,35100,50148,95000,36938,0,38355,54900,35660,0,45688,0,48217,0,36206,42735,0,47109,55700,0,37307,0,42774,45732,48013,49594,49594,53426,49930,57200,48317,47678,45694,35100,3300,-273000,-273000,-273000,335548,779458,20580824,342216,63,0,224,22,126,0,448,44,0,0,0,0,1640,19443,402336,702,10392,14010,244768,2199,335548,779458,20580824,342216,15475008,560904,7166988,1.99,0.00,0.00,657270,359959,13243384,333683,,,,1785600,1785600,1785600,1785600,1785600,1785600,1497600,1497600,0,,,,,,0,,858286,1000504,438,4936,390,1,494000,4931000,6844000,0,411,4421000,Full,726000000
1784670115.037445563,25423.24,54800,54800,56100,56100,55300,54900,54900,55700,55300,55000,55000,55800,56700,56200,56200,57000,56600,55800,55800,53900,54300,52700,52700,56700,52700,52300,50800,51500,51500,52300,61000,62500,61400,61700,57100,62500,62100,60200,61000,61700,60600,61700,61400,56200,53900,53700,52700,54300,51500,51900,51900,37000,0,0,37000,42066,54900,95000,0,39836,37000,35100,50119,95000,36938,0,38355,54500,35614,0,45692,0,48224,0,36184,42735,0,47126,54500,0,37310,0,42778,45732,48025,49560,49560,53728,50266,56400,48384,47913,45694,35100,3300,-273000,-273000,-273000,335548,779458,20580824,342216,63,0,224,22,126,0,448,44,0,0,0,0,1640,19443,402336,702,10392,14010,244768,2199,335548,779458,20580824,342216,15475008,556872,7162956,1.99,0.00,0.00,657270,359959,13243384,333683,,,,1113600,1113600,1113600,1113600,1113600,1113600,883200,883200,0,,,,,,0,,858286,1000504,438,4936,390,1,497000,4931000,6844000,0,411,4421000,Full,726000000
1784670115.339787802,25423.54,55600,56300,57200,56400,56100,56800,57600,56400,56400,54600,54600,56200,57500,55800,56200,56600,56200,55800,55400,53500,54300,52700,52700,57100,52300,52300,50800,51500,51500,52700,61400,63300,61400,62100,57900,63300,62100,61000,62100,61700,61000,61700,61400,55800,53900,55700,52700,54600,51500,51500,52300,37000,0,0,37000,42074,57600,95000,0,39836,37000,35100,50133,95000,36938,0,38355,54900,35622,0,45711,0,48197,0,36173,42763,0,47150,55700,0,37313,0,42797,45766,48042,49426,49661,53796,50367,57600,48249,47308,45594,35100,3300,-273000,-273000,-273000,335548,779458,20580824,342216,63,0,224,22,126,0,448,44,0,0,0,0,1640,19443,402336,702,10392,14010,244768,2199,335548,779458,20580824,342216,15475008,554652,7160728,1.99,0.00,0.00,657270,359959,13243384,333683,,,,1785600,1785600,1785600,1785600,1785600,1785600,883200,883200,0,,,,,,0,,0,0,438,4936,390,1,494000,4935000,6844000,0,411,4421000,Full,726000000
1784670115.618534313,25423.82,55200,55600,56800,56800,56100,56100,56100,56100,55700,55000,55000,56200,57500,56200,56600,57000,56600,55800,55800,53500,54300,52700,52700,57500,52700,51900,51200,51500,51500,52700,61000,62900,61000,62100,57500,62900,62100,61000,61700,61700,61400,61700,61400,56200,53900,54900,52700,54600,51900,51500,52300,37000,0,0,37000,42074,55300,95000,0,39836,37000,35100,50173,95000,36938,0,38355,54900,35633,0,45681,0,48228,0,36178,42766,0,47141,54900,0,37310,0,42797,45755,48032,49392,49560,53493,50468,57600,48350,47544,45661,35100,3300,-273000,-273000,-273000,335548,779458,20580824,342216,63,0,224,22,126,0,448,44,0,0,0,0,1640,19443,402336,702,10392,14010,244768,2199,335548,779458,20580824,342216,15475008,555960,7162020,1.99,0.00,0.00,657270,359959,13243384,333683,,,,787200,787200,787200,787200,787200,883200,883200,883200,0,,,,,,0,,0,0,438,4936,390,1,497000,4933000,6844000,0,411,4421000,Full,726000000
1784670115.933449104,25424.13,56000,56300,56800,56400,56100,56800,58000,56400,56100,55000,55000,56200,57100,56200,56200,57000,56600,56200,55400,53100,54300,52700,52700,57100,52700,52300,50800,51500,51500,52300,61000,62900,61400,61700,57500,62500,62100,60600,61700,61400,61000,61400,61400,56200,53500,55300,53100,54600,51900,51900,52300,37000,0,0,37000,42081,56400,95000,0,39836,37000,35100,50159,95000,36938,0,38355,55300,35666,0,45695,0,48237,0,36195,42756,0,47154,55300,0,37333,0,42797,45755,48046,49157,49560,53728,50098,57600,48148,47947,45594,35100,3300,-273000,-273000,-273000,335548,779458,20580824,342216,63,0,224,22,126,0,448,44,0,0,0,0,1640,19443,402336,702,10392,14010,244768,2199,335548,779458,20580824,342216,15475008,560636,7166668,1.99,0.00,0.00,657270,359959,13243384,333683,,,,1785600,1785600,1785600,1785600,1785600,1785600,883200,883200,0,,,,,,0,,860351,1000261,438,4936,390,1,494000,4932000,6844000,0,411,4421000,Full,726000000
1784670116.220019312,25424.42,54800,55200,56800,56100,55700,55700,55300,55700,55300,54600,54300,55800,56700,56200,55800,56600,56200,55800,55400,52700,53500,52700,52300,56300,52300,51900,50800,51500,51900,52700,61400,62900,61400,62100,57100,62500,62100,60200,61400,61400,61000,61000,61000,56200,53900,53700,52700,54300,51500,51900,51900,37000,0,0,37000,42089,54500,95000,0,39836,37000,35100,50127,95000,36938,0,38355,54900,35660,0,45711,0,48245,0,36158,42763,0,47157,55300,0,37314,0,42809,45789,48053,49392,49627,53594,50233,57200,48317,47779,45627,35100,3300,-273000,-273000,-273000,335601,779458,20581328,342224,63,0,224,22,126,0,448,44,0,0,0,0,1640,19443,402336,702,10392,14010,244768,2199,335601,779458,20581328,342224,15475008,557108,7163144,1.99,0.00,0.00,657270,359959,13243636,333683,,,,1324800,1324800,1324800,1324800,1324800,1324800,883200,883200,0,,,,,,0,,860351,1000261,438,4936,390,1,447000,4929000,6844000,0,411,4421000,Full,726000000
1784670116.508233427,25424.71,54400,54800,56100,55700,55700,55300,54900,55300,54900,54600,54600,55800,56700,56200,56200,57000,56200,55800,55400,52700,53900,52700,52700,56300,52700,51900,50800,51500,51900,52300,61400,63300,61400,62100,57100,62900,62500,60600,62100,61400,61000,61400,61000,55800,53900,53700,52700,54300,51500,51500,51900,37000,0,0,37000,42089,54900,95000,0,39836,37000,35100,50169,95000,36938,0,38355,54100,35664,0,45699,0,48209,0,36178,42778,0,47169,54100,0,37290,0,42822,45745,48060,49426,49762,53527,50098,56400,48148,47207,45560,35100,3300,-273000,-273000,-273000,335601,779458,20581328,342224,63,0,224,22,126,0,448,44,0,0,0,0,1640,19443,402336,702,10392,14010,244768,2199,335601,779458,20581328,342224,15475008,553344,7159380,1.99,0.00,0.00,657270,359959,13243636,333683,,,,1113600,1113600,1324800,1324800,1324800,1324800,883200,883200,0,,,,,,0,,860351,1000261,438,4936,390,1,491000,4931000,6844000,0,411,4421000,Full,726000000
1784670116.812059573,25425.01,54800,54800,55700,56100,55300,55300,54900,55700,55300,54600,54600,55400,57100,56200,56200,56600,55800,55800,55400,52700,53900,52700,52300,56300,52300,51900,50800,51500,51500,52700,61000,62900,61400,61700,57100,62900,62100,60600,61700,61700,61000,61400,61000,55800,53900,53700,53100,54600,51500,51500,51900,37000,0,0,37000,42101,54100,95000,0,39836,37000,35100,50152,95000,36938,0,38355,54500,35652,0,45688,0,48209,0,36139,42791,0,47165,54500,0,37305,0,42819,45775,48056,49560,49627,53594,50367,56400,48249,47442,45627,35100,3300,-273000,-273000,-273000,335601,779458,20581328,342224,63,0,224,22,126,0,448,44,0,0,0,0,1640,19443,402336,702,10392,14010,244768,2199,335601,779458,20581328,342224,15475008,554264,7160288,1.99,0.00,0.00,657270,359959,13243636,333683,,,,1113600,1113600,1113600,1113600,1113600,1113600,883200,883200,0,,,,,,0,,857551,1000478,438,4936,390,1,494000,4932000,6844000,0,411,4421000,Full,726000000
1784670117.122510823,25425.32,55200,56000,56800,56400,56100,56800,58000,56400,57200,54600,54300,55400,57100,55800,56200,56600,56200,55800,55400,53500,54300,52300,52700,56300,52300,52300,50800,51500,51200,52300,61000,62100,61000,61700,57100,62500,61700,59800,61400,61000,60600,60600,61000,55800,53900,54500,52300,54600,51500,51500,52300,37000,0,0,37000,42116,55700,95000,0,39926,37000,35100,50141,95000,37048,0,38473,54500,35655,0,45711,0,48187,0,36167,42766,0,47167,54900,0,37325,0,42840,45775,48047,49325,49661,53628,50266,57200,48417,47341,45627,35100,3300,-273000,-273000,-273000,335601,779458,20581328,342224,63,0,224,22,126,0,448,44,0,0,0,0,1640,19443,402336,702,10392,14010,244768,2199,335601,779458,20581328,342224,15475008,562336,7168348,1.99,0.00,0.00,657270,359959,13243636,333683,,,,1228800,1228800,1228800,1228800,1228800,1228800,883200,883200,0,,,,,,0,,857551,1000478,438,4936,390,1,494000,4932000,6844000,0,411,4421000,Full,726000000
1784670117.615372333,25425.82,54400,55200,56100,56100,55700,55700,54900,55700,55300,55000,55000,55800,57100,56200,56600,57000,56600,56200,55800,53500,54600,52700,52700,56700,52300,51900,50800,51200,51900,52300,60600,62900,61400,62100,57100,62900,62100,60600,61700,61400,61000,61400,61400,55800,53500,54100,52700,54600,51900,51500,51900,37000,0,0,37000,42128,55300,95000,0,39926,37000,35100,50148,95000,37048,0,38473,54500,35676,0,45699,0,48241,0,36178,42778,0,47156,54100,0,37322,0,42847,45786,48036,49257,49493,53594,50065,56800,48115,47510,45594,35100,3300,-273000,-273000,-273000,335601,779458,20581328,342224,63,0,224,22,126,0,448,44,0,0,0,0,1640,19443,402336,702,10392,14010,244768,2199,335601,779458,20581328,342224,15475008,553300,7159312,1.99,0.00,0.00,657270,359959,13243636,333683,,,,1228800,1228800,1228800,1228800,1228800,1228800,883200,883200,0,,,,,,0,,857551,1000478,438,4936,390,1,494000,4931000,6842000,0,402,4421000,Full,726000000
1784670118.026648114,25426.23,54800,55200,56100,55700,55700,55300,55300,56100,56400,54600,54600,55800,56700,56200,56200,56600,56200,55800,55800,52700,53900,52700,52700,56300,52700,52300,50800,51500,51500,52300,61000,62900,61400,62100,57100,62500,61700,60600,61400,61400,60600,61000,61000,55800,53500,54100,52700,54600,51200,51500,51500,37000,0,0,37000,42128,54500,95000,0,39926,37000,35100,50111,95000,37048,0,38473,54100,35691,0,45745,0,48220,0,36149,42809,0,47167,54500,0,37290,0,42860,45796,48040,49392,49493,53594,50165,56800,48216,47711,45661,35100,3300,-273000,-273000,-273000,335601,779458,20581328,342224,63,0,224,22,126,0,448,44,0,0,0,0,1640,19443,402336,702,10392,14010,244768,2199,335601,779458,20581328,342224,15475008,559276,7165288,1.99,0.00,0.00,657270,359959,13243636,333683,,,,998400,998400,998400,998400,998400,998400,883200,883200,0,,,,,,0,,860228,1000558,438,4936,390,1,494000,4929000,6842000,0,398,4421000,Full,726000000
1784670118.333250405,25426.53,55200,56000,56400,55700,55700,56100,56800,56100,55300,54600,54600,55800,56700,55800,55800,56600,56200,55800,55400,52700,53900,52300,52300,56300,52300,51900,50800,51500,51500,52300,60600,62500,61000,61700,57100,62500,61700,60200,61400,61000,60600,61400,61000,55400,53500,54500,52700,54300,51500,51500,52300,37000,0,0,37000,42131,55300,95000,0,39926,37000,35100,50185,95000,37048,0,38473,54900,35680,0,45745,0,48224,0,36181,42815,0,47187,56800,0,37319,0,42865,45792,48047,49392,49526,53561,50132,56800,48317,48081,45694,35100,3300,-273000,-273000,-273000,335601,779458,20581328,342224,63,0,224,22,126,0,448,44,0,0,0,0,1640,19443,402336,702,10392,14010,244768,2199,335601,779458,20581328,342224,15475008,554208,7160244,1.99,0.00,0.00,657270,359959,13243636,333683,,,,1785600,1785600,1785600,1785600,1785600,1785600,883200,883200,0,,,,,,0,,860228,1000558,438,4936,390,1,497000,4936000,6842000,0,398,4421000,Full,726000000
1784670118.614121551,25426.82,54800,54400,55300,56100,55300,55300,54900,55300,55300,54600,55000,55800,56300,56200,55800,56600,56200,55800,55400,53500,54300,52300,52300,56300,52300,51900,50800,51500,51500,52300,60600,62500,61000,61400,56700,62100,61700,60200,61000,61000,60200,61000,60600,55800,53500,53700,52300,54300,51200,51500,51900,37000,0,0,37000,42155,54500,95000,0,39926,37000,35100,50115,95000,37048,0,38473,54500,35694,0,45729,0,48220,0,36173,42819,0,47178,53700,0,37278,0,42881,45786,48036,49392,49594,53460,49964,56400,48148,47846,45694,35100,3300,-273000,-273000,-273000,335601,779458,20581328,342224,63,0,224,22,126,0,448,44,0,0,0,0,1640,19443,402336,702,10392,14010,244768,2199,335601,779458,20581328,342224,15475008,558952,7165092,1.99,0.00,0.00,657270,359959,13243636,333683,,,,1113600,1113600,1113600,1113600,1113600,1113600,883200,883200,0,,,,,,0,,860228,1000558,438,4936,390,1,494000,4931000,6842000,0,398,4421000,Full,726000000
1784670118.927988686,25427.13,54000,54800,55700,55300,55300,55700,55300,55300,54500,54600,54600,55800,56300,55400,55800,56600,55800,55800,55400,53100,53900,52300,52300,56300,52300,51900,50800,51200,51200,52300,60600,62100,61000,61400,56700,62100,61400,59800,61000,61400,60200,61400,60600,55800,53900,53300,52700,54300,51500,51500,51900,37000,0,0,37000,42143,54100,95000,0,39926,37000,35100,50123,95000,37048,0,38473,53700,35694,0,45745,0,48245,0,36173,42822,0,47191,54100,0,37337,0,42860,45778,48058,49392,49661,53594,49964,56800,48317,48081,45728,35100,3300,-273000,-273000,-273000,335601,779458,20581328,342224,63,0,224,22,126,0,448,44,0,0,0,0,1640,19443,402336,702,10392,14010,244768,2199,335601,779458,20581328,342224,15475008,555948,7162088,1.99,0.00,0.00,657270,359959,13243636,333683,,,,1113600,1113600,1113600,1113600,1113600,1113600,883200,883200,0,,,,,,0,,854029,1001074,438,4936,390,1,494000,4926000,6842000,0,398,4421000,Full,726000000
1784670119.240804103,25427.44,54400,55200,55700,55700,55700,55300,54500,55300,54500,54300,54300,55400,56700,55400,55800,56600,55800,55400,55000,52700,53500,52300,52300,56300,52300,51900,50800,51200,51500,52300,61000,62500,61000,61700,57100,62500,61700,60200,61400,61400,60600,61000,60600,55800,53500,54100,52700,54600,51500,51500,51900,37000,0,0,37000,42158,54500,95000,0,39926,37000,35100,50119,95000,37048,0,38473,54100,35685,0,45745,0,48233,0,36167,42825,0,47175,54100,0,37326,0,42871,45822,48058,49325,49627,53527,49896,56400,48384,47980,45627,35100,3300,-273000,-273000,-273000,335601,779458,20581328,342224,63,0,224,22,126,0,448,44,0,0,0,0,1640,19443,402336,702,10392,14010,244768,2199,335601,779458,20581328,342224,15475008,563332,7169424,1.99,0.00,0.00,657270,359959,13243636,333683,,,,1113600,1113600,1113600,1113600,1113600,1113600,883200,883200,0,,,,,,0,,854029,1001074,438,4936,390,1,494000,4927000,6842000,0,398,4421000,Full,726000000
1784670119.551535509,25427.75,56000,56300,56400,56400,56800,56400,56400,56800,57200,54600,54600,55800,57100,55800,56200,56600,56200,55800,55000,53100,53900,52300,52700,56700,52300,51900,50400,51200,51500,52300,60600,62100,61000,61400,57500,62100,62100,59800,61000,61400,60600,61000,60600,55400,53500,55300,52700,54300,51500,51500,51900,37000,0,0,37000,42155,55700,95000,0,39926,37000,35100,50133,95000,37048,0,38473,54900,35716,0,45759,0,48228,0,36206,42837,0,47199,54900,0,37343,0,42916,45819,48034,49796,49695,53393,49796,57600,48317,47711,45493,35100,3300,-273000,-273000,-273000,335601,779458,20581328,342224,63,0,224,22,126,0,448,44,0,0,0,0,1640,19443,402336,702,10392,14010,244768,2199,335601,779458,20581328,342224,15475008,563528,7169516,1.99,0.00,0.00,657270,359959,13243636,333683,,,,1785600,1785600,1785600,1785600,1785600,1785600,883200,883200,0,,,,,,0,,854029,1001074,438,4936,390,1,494000,4929000,6842000,0,398,4421000,Full,726000000
1784670119.826908322,25428.03,56700,57100,57600,57200,56800,56800,56800,57200,56800,55000,55400,56600,57900,56600,56600,57700,56600,56200,55800,53500,54600,52700,52700,57900,52700,51900,50800,51500,51200,52300,61000,62900,61400,61700,57900,62500,61700,60600,61700,61400,60600,61400,61400,55800,53900,56100,52700,54600,51500,51900,52300,37000,0,0,37000,42170,56800,95000,0,39926,37000,35100,50104,95000,37048,0,38473,56100,35688,0,45752,0,48209,0,36161,42825,0,47191,57600,0,37286,0,42903,45833,48054,49224,49762,53527,50031,58000,48148,47913,45661,35100,3300,-273000,-273000,-273000,335601,779458,20581328,342224,63,0,224,22,126,0,448,44,0,0,0,0,1640,19443,402336,702,10392,14010,244768,2199,335601,779458,20581328,342224,15475008,557244,7163232,1.99,0.00,0.00,657270,359959,13243636,333683,,,,1785600,1785600,1785600,1785600,1785600,1785600,883200,883200,0,,,,,,0,,868130,1000655,438,4936,390,1,494000,4931000,6842000,0,398,4421000,Full,726000000
1784670120.106527853,25428.31,54800,55200,56100,56100,55700,55700,55300,55700,54900,54600,54600,55400,57100,56200,56200,56600,56200,56200,55800,52700,53900,52700,52700,56700,52300,51900,51200,51500,51900,52300,61000,62900,61400,61700,57100,62500,62100,60600,61400,61400,60600,61400,61400,56200,53900,54100,52700,54600,51500,51900,52700,37000,0,0,37000,42173,54900,95000,0,39926,37000,35100,50104,95000,37048,0,38473,54500,35704,0,45792,0,48217,0,36145,42850,0,47193,54500,0,37323,0,42885,45829,48042,49493,49762,53561,50233,56800,48148,47846,45594,35100,3300,-273000,-273000,-273000,335601,779458,20581328,342224,63,0,224,22,126,0,448,44,0,0,0,0,1640,19443,402336,702,10392,14010,244768,2199,335601,779458,20581328,342224,15475008,552776,7158816,1.99,0.00,0.00,657270,359959,13243636,333683,,,,1113600,1113600,1113600,1113600,1113600,1113600,883200,883200,0,,,,,,0,,868130,1000655,438,4936,390,1,494000,4929000,6842000,0,398,4421000,Full,726000000
1784670120.419088894,25428.62,54800,55200,56100,56100,55700,55300,54900,55300,54500,55000,55000,56200,56700,56600,56200,57000,56200,55800,55400,53100,53900,52700,52300,56700,52300,51900,51200,51500,51500,52700,61000,62900,61000,61700,57100,62500,62100,60600,61700,61400,61000,61400,61000,56200,53900,54100,52700,54600,51500,51500,52300,37000,0,0,37000,42196,54500,95000,0,39926,37000,35100,50111,95000,37048,0,38473,54500,35734,0,45816,0,48228,0,36206,42871,0,47175,54500,0,37321,0,42922,45842,48027,49257,49526,53594,49997,56800,48350,47678,45560,35100,3300,-273000,-273000,-273000,335601,779458,20581328,342224,63,0,224,22,126,0,448,44,0,0,0,0,1640,19443,402336,702,10392,14010,244768,2199,335601,779458,20581328,342224,15475008,559100,7165148,1.99,0.00,0.00,657270,359959,13243636,333683,,,,1324800,1324800,1324800,1324800,1324800,1324800,883200,883200,0,,,,,,0,,868130,1000655,438,4936,390,1,494000,4933000,6842000,0,398,4421000,Full,726000000
1784670120.954793425,25429.16,54800,55200,56100,56100,55700,55700,55300,56400,56100,55000,55000,56200,57100,56600,56600,57000,56600,55800,55400,53500,54600,52700,52700,56300,52700,52300,50800,51500,51500,52700,60600,62100,60600,61700,57100,62500,61700,60600,61400,61400,60600,61000,61000,55800,53900,54100,52700,54600,51900,51500,52300,37000,0,0,37000,42191,54900,95000,0,39926,37000,35100,50115,95000,37048,0,38473,54900,35732,0,45845,0,48241,0,36184,42865,0,47216,56100,0,37304,0,42903,45842,48060,49191,49661,53561,50132,56800,48216,47846,45526,35100,3300,-273000,-273000,-273000,335601,779458,20581328,342224,63,0,224,22,126,0,448,44,0,0,0,0,1640,19443,402336,702,10392,14010,244768,2199,335601,779458,20581328,342224,15475008,557468,7163484,2.18,0.00,0.00,657270,359959,13243636,333683,,,,1785600,1785600,1785600,1785600,1785600,1785600,883200,883200,0,,,,,,0,,854416,1000443,438,4936,390,1,491000,4928000,6842000,0,398,4421000,Full,726000000
1784670121.241164258,25429.44,54800,54800,56100,56100,55300,54900,54900,55700,55300,54600,54600,55800,56300,55800,56200,56600,56200,55800,55400,53500,54300,52700,52700,56300,52700,52300,50800,51500,51500,52300,60600,62100,61000,61400,57100,62500,61700,60200,61000,61000,60600,61000,61000,55800,53900,53700,52700,54600,51500,51500,51900,37000,0,0,37000,42188,54100,95000,0,39926,37000,35100,50136,95000,37048,0,38473,53700,35732,0,45829,0,48270,0,36206,42878,0,47212,53700,0,37316,0,42950,45856,48053,49191,49560,53527,49829,56400,48317,48148,45560,35100,3300,-273000,-273000,-273000,335606,779458,20581432,342226,63,0,224,22,126,0,448,44,0,0,0,0,1640,19443,402336,702,10392,14010,244768,2199,335606,779458,20581432,342226,15475008,559136,7165152,2.18,0.00,0.00,657270,359959,13243688,333683,,,,1113600,1113600,1113600,1113600,1113600,1113600,883200,883200,0,,,,,,0,,854416,1000443,438,4936,390,1,494000,4929000,6842000,0,398,4421000,Full,726000000
1784670121.554046342,25429.76,54400,54800,56100,55700,55300,55300,55300,55300,54500,54600,55000,56200,56300,56600,56200,56600,56600,55800,55400,53100,53900,52700,52700,56300,52700,51900,50800,51200,51200,52300,60600,62100,61000,61700,56700,62100,61700,60200,61400,61400,60600,61000,60600,55800,53500,54100,52700,54300,51200,51500,51900,37000,0,0,37000,42200,54900,95000,0,39926,37000,35100,50156,95000,37048,0,38473,54100,35721,0,45848,0,48228,0,36170,42885,0,47201,53700,0,37349,0,42947,45826,48056,49392,49695,53325,50031,56800,48317,47980,45560,35100,3300,-273000,-273000,-273000,335606,779458,20581432,342226,63,0,224,22,126,0,448,44,0,0,0,0,1640,19443,402336,702,10392,14010,244768,2199,335606,779458,20581432,342226,15475008,554644,7160736,2.18,0.00,0.00,657270,359959,13243688,333683,,,,787200,787200,787200,787200,787200,787200,883200,883200,0,,,,,,0,,854416,1000443,438,4936,390,1,494000,4931000,6842000,0,398,4421000,Full,726000000
1784670121.866386862,25430.07,55200,55600,56100,56100,55700,55700,55700,56100,55700,54600,54600,55400,57100,55800,55800,56600,56200,55800,55400,53100,54300,52700,52300,56300,52700,52300,51200,51500,51500,52700,60600,62500,61400,61700,56700,62500,62100,60200,61400,61400,61000,61000,61000,55800,53900,54500,52700,54300,51200,51500,51900,37000,0,0,37000,42215,54900,95000,0,39926,37000,35100,50127,95000,37048,0,38473,54500,35737,0,45822,0,48233,0,36206,42888,0,47219,54500,0,37363,0,42953,45859,48075,49392,49661,53695,50065,57200,48216,47745,45526,35100,3300,-273000,-273000,-273000,335606,779458,20581432,342226,63,0,224,22,126,0,448,44,0,0,0,0,1640,19443,402336,702,10392,14010,244768,2199,335606,779458,20581432,342226,15475008,561088,7167244,2.18,0.00,0.00,657270,359959,13243688,333683,,,,998400,998400,998400,998400,998400,998400,883200,883200,0,,,,,,0,,857179,1000386,438,4936,390,1,491000,4927000,6842000,0,398,4421000,Full,726000000
1784670122.171620196,25430.37,55200,55600,56100,56400,56100,55700,56100,56800,58000,54300,54300,55400,56700,55800,55800,56200,55800,55800,55400,52700,53500,52700,52700,56700,52300,51900,50800,51200,51500,52300,61400,62900,61400,61700,57100,62500,62100,60600,61400,61700,60600,61000,61400,55400,53900,54100,52300,54600,51500,51500,52300,37000,0,0,37000,42212,54900,95000,0,39926,37000,35100,50111,95000,37165,0,38550,55300,35764,0,45816,0,48245,0,36195,42906,0,47219,55300,0,37363,0,42978,45859,48071,49392,49627,53426,50065,57200,48216,47711,45459,35100,3300,-273000,-273000,-273000,335606,779458,20581432,342226,63,0,224,22,126,0,448,44,0,0,0,0,1640,19443,402336,702,10392,14010,244768,2199,335606,779458,20581432,342226,15475008,559056,7165196,2.18,0.00,0.00,657270,359959,13243688,333683,,,,1324800,1324800,1324800,1324800,1324800,1324800,883200,883200,0,,,,,,0,,857179,1000386,438,4936,390,1,494000,4924000,6842000,0,398,4421000,Full,726000000
1784670122.467019466,25430.67,54400,54800,55700,55700,55300,55300,55700,55700,55700,54600,54600,55800,56300,56200,55800,56600,56200,55800,55400,52700,53900,52700,52700,56000,52300,51900,50800,51500,51500,51900,60200,61700,61000,61000,56700,61700,61400,59400,60600,61000,60200,60600,60600,55800,53500,53700,52300,54600,51500,51500,51900,37000,0,0,37000,42227,54100,95000,0,39926,37000,35100,50144,95000,37165,0,38550,54500,35762,0,45819,0,48241,0,36173,42896,0,47219,53700,0,37316,0,42965,45822,48079,49695,49661,53393,49896,56400,48283,47879,45526,35100,3300,-273000,-273000,-273000,335606,779458,20581432,342226,63,0,224,22,126,0,448,44,0,0,0,0,1640,19443,402336,702,10392,14010,244768,2199,335606,779458,20581432,342226,15475008,555780,7161928,2.18,0.00,0.00,657270,359959,13243688,333683,,,,1113600,1113600,1113600,1113600,1113600,1113600,883200,883200,0,,,,,,0,,857179,1000386,438,4936,390,1,494000,4931000,6842000,0,398,4421000,Full,726000000
1784670122.777199883,25430.98,54400,54800,56100,55700,54900,55300,55300,55300,54500,54600,54600,55400,56300,55800,55800,56600,56200,55400,55400,53100,53900,52300,52700,56300,52300,51900,50800,51500,51500,52300,59800,61400,61000,60600,56700,61700,61400,59400,60200,61000,60600,61000,61000,55400,53500,53700,52300,54600,51500,51500,51900,37000,0,0,37000,42230,54500,95000,0,39926,37000,35100,50156,95000,37165,0,38550,53700,35746,0,45833,0,48270,0,36173,42881,0,47208,53700,0,37328,0,42971,45853,48075,49426,49661,53426,50065,56400,48317,47846,45594,35100,3300,-273000,-273000,-273000,335606,779458,20581432,342226,63,0,224,22,126,0,448,44,0,0,0,0,1640,19443,402336,702,10392,14010,244768,2199,335606,779458,20581432,342226,15475008,552268,7158404,2.32,0.00,0.00,657270,359959,13243688,333683,,,,998400,998400,998400,998400,998400,998400,883200,883200,0,,,,,,0,,857438,1000449,438,4936,390,1,491000,4923000,6842000,0,380,4424000,Full,726000000
1784670123.148923268,25431.35,54800,54800,56100,55700,55300,55300,55300,55300,54900,54300,54300,55400,56300,55400,55800,56200,55800,55800,55000,52300,53900,52700,52700,56300,52300,51900,50800,51500,51500,52300,60600,62500,61400,61700,56700,62900,61700,60200,61000,61400,60600,61000,60600,55400,53500,53700,52700,54300,51500,51500,51900,37000,0,0,37000,42233,54500,95000,0,39926,37000,35200,50127,95000,37165,0,38550,54500,35749,0,45833,0,48257,0,36178,42906,0,47225,54100,0,37335,0,42990,45842,48091,49392,49627,53561,50165,56400,48216,47544,45526,35200,3300,-273000,-273000,-273000,335606,779458,20581432,342226,63,0,224,22,126,0,448,44,0,0,0,0,1640,19443,402336,702,10392,14010,244768,2199,335606,779458,20581432,342226,15475008,559060,7165164,2.32,0.00,0.00,657270,359959,13243688,333683,,,,1113600,1113600,1113600,1324800,1324800,1324800,883200,883200,0,,,,,,0,,857438,1000449,438,4936,390,1,494000,4926000,6842000,0,372,4424000,Full,726000000
1784670123.447081185,25431.65,55200,56000,56100,55700,55700,56400,58000,55700,56100,54300,54300,55400,56300,55400,55800,56200,55800,55800,55000,52300,53900,52300,52300,56700,52300,51900,50800,51200,51200,52300,60600,62500,61000,61700,57100,62100,61700,60200,61000,61700,60600,61000,60600,55800,53500,54900,52700,54600,51200,51500,51900,37000,0,0,37000,42248,56100,95000,0,39926,37000,35200,50119,95000,37165,0,38550,54900,35779,0,45842,0,48274,0,36158,42896,0,47205,54500,0,37370,0,43003,45885,48069,49392,49728,53594,50266,57200,48384,47879,45661,35200,3300,-273000,-273000,-273000,335606,779458,20581432,342226,63,0,224,22,126,0,448,44,0,0,0,0,1640,19443,402336,702,10392,14010,244768,2199,335606,779458,20581432,342226,15475008,559912,7166016,2.32,0.00,0.00,657270,359959,13243688,333683,,,,1555200,1555200,1555200,1555200,1555200,1555200,883200,883200,0,,,,,,0,,857438,1000449,438,4936,390,1,494000,4928000,6842000,0,372,4424000,Full,726000000
1784670123.731060455,25431.93,54400,54800,55700,55300,54900,55300,55300,55300,55300,54600,54600,55800,56300,56200,55800,56600,56200,56200,55400,53100,53900,52700,52700,56000,52300,51900,51200,51500,51500,52300,60200,61700,60600,61400,56300,61700,61400,59400,60600,61000,60200,61000,60600,55800,53500,53700,53100,54300,51500,51500,51500,37000,0,0,37000,42238,54500,95000,0,39926,37000,35200,50136,95000,37165,0,38550,54100,35762,0,45863,0,48241,0,36155,42931,0,47236,54100,0,37339,0,43006,45866,48080,49392,49526,53325,49829,56800,48249,47341,45526,35200,3300,-273000,-273000,-273000,335609,779458,20581464,342227,63,0,224,22,126,0,448,44,0,0,0,0,1640,19443,402336,702,10392,14010,244768,2199,335609,779458,20581464,342227,15475008,558392,7164500,2.32,0.00,0.00,657270,359959,13243704,333683,,,,1785600,1785600,1785600,1785600,1785600,1785600,883200,883200,0,,,,,,0,,856371,1000368,438,4936,390,1,494000,4933000,6842000,0,372,4424000,Full,726000000
1784670124.238461862,25432.44,56000,56700,57200,57600,58400,57200,58000,57200,56100,54600,55400,56200,58300,56200,56200,57000,56200,55800,55000,53500,54600,52300,52300,57900,52300,52300,50800,51200,51500,52300,60200,62500,61400,61700,58300,62500,62100,60200,61700,61700,60600,61400,61400,55800,53900,56100,52700,54300,51500,51900,51900,37000,0,0,37000,42257,58000,95000,0,39926,37000,35200,50111,95000,37165,0,38550,54900,35773,0,45833,0,48274,0,36218,42909,0,47193,55300,0,37319,0,42996,45845,48053,49325,49661,53325,50400,57600,48317,48350,45728,35200,3300,-273000,-273000,-273000,335609,779458,20581464,342227,63,0,224,22,126,0,448,44,0,0,0,0,1640,19443,402336,702,10392,14010,244768,2199,335609,779458,20581464,342227,15475008,550940,7157048,2.32,0.00,0.00,657270,359959,13243704,333683,,,,1228800,1228800,1228800,1228800,1228800,1228800,883200,883200,0,,,,,,0,,0,0,438,4936,390,1,494000,4932000,6842000,0,372,4424000,Full,726000000
1784670124.530372799,25432.73,55200,55600,56400,56100,55700,56100,56400,56100,55700,54600,54600,56200,57100,56200,56600,57000,56600,56200,55400,53500,54300,52300,52700,56700,52300,51900,50800,51500,51900,52700,61000,62500,61400,61700,57500,62500,62100,60600,61700,61700,60600,61400,61400,55800,53900,54100,52700,54600,51900,51500,51900,37000,0,0,37000,42272,54900,95000,0,39926,37000,35200,50133,95000,37165,0,38550,55300,35776,0,45856,0,48257,0,36149,42947,0,47218,56400,0,37311,0,43016,45856,48049,49325,49560,53527,50132,57200,48148,48048,45627,35200,3300,-273000,-273000,-273000,335609,779458,20581464,342227,63,0,224,22,126,0,448,44,0,0,0,0,1640,19443,402336,702,10392,14010,244768,2199,335609,779458,20581464,342227,15475008,546280,7152392,2.26,0.00,0.00,657270,359959,13243704,333683,,,,1785600,1785600,1785600,1785600,1785600,1785600,883200,883200,0,,,,,,0,,0,0,438,4936,390,1,497000,4933000,6842000,0,372,4424000,Full,726000000
1784670124.812192747,25433.01,54800,54800,55700,55700,55700,55300,54900,55700,55300,55000,55000,56200,56700,56600,56600,57000,56600,56200,55800,53100,54300,52700,52700,56300,52300,51900,50800,51500,51500,52700,60600,62500,61400,61700,56700,62100,61700,60200,61400,61400,60600,61000,61000,55800,53900,53700,52700,54600,51200,51900,51900,37000,0,0,37000,42268,54500,95000,0,39926,37000,35200,50136,95000,37165,0,38550,54100,35789,0,45856,0,48261,0,36124,42944,0,47219,54100,0,37339,0,43012,45875,48060,49090,49560,53426,49896,56400,48249,47711,45661,35200,3300,-273000,-273000,-273000,335609,779458,20581464,342227,63,0,224,22,126,0,448,44,0,0,0,0,1640,19443,402336,702,10392,14010,244768,2199,335609,779458,20581464,342227,15475008,557080,7163232,2.26,0.00,0.00,657270,359959,13243704,333683,,,,1228800,1228800,1228800,1228800,1228800,1228800,883200,883200,0,,,,,,0,,865065,1000160,438,4936,390,1,494000,4931000,6842000,0,372,4424000,Full,726000000
1784670125.114782434,25433.32,54400,55200,56100,55700,55700,55300,55300,55300,54900,55000,55000,55800,56700,56200,56200,56600,56200,55800,55400,53100,54300,52700,52300,56700,52300,51900,50800,51500,51500,52300,61000,62900,61400,61700,56700,62500,62500,60600,61700,61700,60600,61000,61000,55800,53900,53700,52300,54600,51200,51500,51900,37000,0,0,37000,42280,54500,95000,0,39926,37000,35200,50111,95000,37165,0,38550,54500,35786,0,45856,0,48245,0,36178,42922,0,47236,54100,0,37333,0,43024,45889,48080,49526,49526,53426,50031,56800,48249,47846,45594,35200,3300,-273000,-273000,-273000,335609,779458,20581464,342227,63,0,224,22,126,0,448,44,0,0,0,0,1640,19443,402336,702,10392,14010,244768,2199,335609,779458,20581464,342227,15475008,554284,7160436,2.26,0.00,0.00,657270,359959,13243704,333683,,,,998400,998400,998400,998400,998400,998400,883200,883200,0,,,,,,0,,865065,1000160,438,4936,390,1,494000,4931000,6842000,0,372,4424000,Full,726000000
1784670125.418066913,25433.62,56000,56300,56800,56400,55700,56800,57200,56400,55700,54600,54600,55800,57100,56200,55800,57000,56200,55800,55000,53100,54300,52700,52700,57100,52300,51900,50800,51500,51500,52300,60600,62100,60600,61700,57100,62100,61700,60200,61400,61000,60600,61000,60600,55800,53500,54500,52700,54600,51500,51500,52300,37000,0,0,37000,42272,55700,95000,0,39926,37000,35200,50123,95000,37165,0,38550,54900,35803,0,45842,0,48270,0,36190,42927,0,47236,54900,0,37344,0,43038,45903,48080,49224,49560,53460,50065,57200,48417,47980,45594,35200,3300,-273000,-273000,-273000,335609,779458,20581464,342227,63,0,224,22,126,0,448,44,0,0,0,0,1640,19443,402336,702,10392,14010,244768,2199,335609,779458,20581464,342227,15475008,553228,7159364,2.26,0.00,0.00,657270,359959,13243704,333683,,,,998400,998400,998400,998400,998400,998400,883200,883200,0,,,,,,0,,865065,1000160,438,4936,390,1,494000,4929000,6842000,0,372,4424000,Full,726000000
1784670125.725037590,25433.93,55200,55200,56100,55700,55700,55700,56100,56100,56100,54600,54300,55800,56300,56200,55800,56600,56200,55800,55400,53100,53900,52700,52700,56300,52300,51900,50800,51500,51500,52700,61000,62500,61400,61700,56700,62900,62100,60200,61700,61700,60600,61000,61000,55800,53500,54100,52700,54300,51500,51500,51900,37000,0,0,37000,42275,55700,95000,0,39926,37000,35200,50127,95000,37165,0,38550,55300,35798,0,45845,0,48270,0,36181,42958,0,47221,56400,0,37308,0,43054,45885,48069,49392,49560,53695,50199,56800,48451,47779,45459,35200,3300,-273000,-273000,-273000,335609,779458,20581464,342227,63,0,224,22,126,0,448,44,0,0,0,0,1640,19443,402336,702,10392,14010,244768,2199,335609,779458,20581464,342227,15475008,548768,7154940,2.26,0.00,0.00,657270,359959,13243704,333683,,,,1785600,1785600,1785600,1785600,1785600,1785600,883200,883200,0,,,,,,0,,865065,1000160,438,4936,390,1,494000,4927000,6842000,0,372,4424000,Full,726000000
1784670126.005427278,25434.21,54400,54400,55700,55700,54900,54900,55300,55300,54900,54600,54300,55400,56300,56200,55800,56600,55800,55400,55000,53100,53900,52300,52700,56000,52300,51900,50800,51500,51500,52300,60600,62500,61000,61700,56700,62100,61400,60200,61400,61400,60200,61000,60600,55800,53500,53700,52700,54300,51500,51500,51900,37000,0,0,37000,42285,54500,95000,0,39926,37000,35200,50125,95000,37165,0,38550,54100,35818,0,45865,0,48287,0,36179,42967,0,47242,54100,0,37346,0,43036,45898,48062,49157,49493,53460,49964,56400,48249,47812,45526,35200,3300,-273000,-273000,-273000,335609,779458,20581464,342227,63,0,224,22,126,0,448,44,0,0,0,0,1640,19443,402336,702,10392,14010,244768,2199,335609,779458,20581464,342227,15475008,543032,7149288,2.26,0.00,0.00,657270,359959,13243704,333683,,,,1228800,1228800,1228800,1228800,1228800,1228800,883200,883200,0,,,,,,0,,860768,1000428,438,4936,390,1,494000,4929000,6842000,0,372,4424000,Full,726000000
1784670126.308499048,25434.51,54400,54800,56100,55700,55300,54900,54900,55300,54500,54600,54600,55400,56700,55800,55800,56600,56200,55800,55000,53100,53900,52300,52700,56000,52300,52300,51200,51200,51500,52300,60200,62100,60600,61400,56700,62100,61700,60200,61400,61000,60200,61000,60600,55800,53900,54500,53100,54300,51500,51500,51900,37000,0,0,37000,42292,54900,95000,0,39926,37000,35200,50154,95000,37165,0,38550,54100,35834,0,45877,0,48280,0,36195,42970,0,47225,53700,0,37346,0,43059,45895,48087,49359,49728,53359,50031,56400,48148,47476,45627,35200,3300,-273000,-273000,-273000,335609,779458,20581464,342227,63,0,224,22,126,0,448,44,0,0,0,0,1640,19443,402336,702,10392,14010,244768,2199,335609,779458,20581464,342227,15475008,554964,7161252,2.26,0.00,0.00,657270,359959,13243704,333683,,,,998400,998400,998400,998400,998400,998400,883200,883200,0,,,,,,0,,0,0,438,4936,390,1,494000,4929000,6842000,0,372,4424000,Full,726000000
1784670126.625816288,25434.83,54800,54800,55700,55700,55700,55300,54900,56100,55700,54300,54600,55400,56700,55800,55800,56600,55800,55800,55000,52700,53900,52300,52300,56300,52300,51900,50400,51500,51500,52300,60600,62100,61000,61700,57100,62500,61700,60200,61000,61400,60600,61000,60600,55400,53500,53700,52700,54300,51500,51500,52300,37000,0,0,37000,42307,54100,95000,0,39926,37000,35200,50154,95000,37165,0,38550,54100,35815,0,45854,0,48268,0,36179,42953,0,47229,54500,0,37331,0,43052,45903,48062,49291,49728,53493,49964,56400,48182,47678,45526,35200,3300,-273000,-273000,-273000,335635,779458,20581992,342232,63,0,224,22,126,0,448,44,0,0,0,0,1640,19443,402336,702,10392,14010,244768,2199,335635,779458,20581992,342232,15475008,556024,7162300,2.22,0.00,0.00,657270,359959,13243968,333683,,,,1228800,1228800,1228800,1228800,1228800,1228800,883200,883200,0,,,,,,0,,0,0,438,4936,390,1,316000,4928000,6842000,0,372,4424000,Full,726000000
1784670126.921285298,25435.12,55200,56000,56400,56400,55700,56100,56800,56400,57200,54300,54300,55400,57100,55400,55800,56600,55800,55400,55400,52300,53500,52300,52300,56700,52300,51900,50800,51200,51500,52300,60600,62500,61000,61400,56700,62500,62100,60200,61000,61400,60600,61000,60600,55400,53500,54500,52700,54300,51500,51200,51900,37000,0,0,37000,42297,55700,95000,0,39926,37000,35200,50150,95000,37165,0,38550,54900,35812,0,45887,0,48263,0,36182,42973,0,47244,54900,0,37339,0,43069,45891,48091,49426,49560,53594,49796,56800,48081,48182,45392,35200,3300,-273000,-273000,-273000,335635,779458,20581992,342232,63,0,224,22,126,0,448,44,0,0,0,0,1640,19443,402336,702,10392,14010,244768,2199,335638,779458,20584784,342244,15475008,551160,7158752,2.22,0.00,0.00,657270,359962,13245588,333686,,,,1228800,1228800,1228800,1228800,1228800,1228800,883200,883200,0,,,,,,0,,859927,1000593,438,4936,400,1,494000,4928000,6842000,0,372,4424000,Full,726000000
1784670127.436815350,25435.64,55200,55600,56400,56800,56100,56100,56100,56400,55700,55000,55400,56200,57100,56200,56200,57000,56600,56200,55800,53900,54600,52700,52700,57100,52300,51900,50800,51200,51500,52300,61000,62900,61400,61700,57100,62900,62100,60600,61700,61400,61000,61400,61000,55800,53500,54500,52700,54600,51900,51500,51900,37000,0,0,37000,42312,55300,95000,0,40034,37000,35200,50272,95000,37251,0,38626,54500,35825,0,45873,0,48259,0,36198,43004,0,47255,54900,0,37339,0,43062,45910,48087,49526,49762,53561,50165,57200,48384,48283,45459,35200,3300,-273000,-273000,-273000,335670,779458,20614152,342371,63,0,224,22,126,0,448,44,0,0,0,0,1640,19443,402336,702,10392,14010,244768,2199,335670,779458,20614152,342371,15475008,540960,7163336,2.22,0.00,0.00,657270,359962,13260048,333686,,,,998400,998400,998400,998400,998400,998400,883200,883200,0,,,,,,0,,859927,1000593,438,4936,400,1,494000,4927000,6842000,0,372,4424000,Full,726000000
1784670127.747900506,25435.95,55600,56000,56800,56400,56100,56100,56100,56400,56100,54600,54600,55800,57500,56200,56200,57000,56200,55800,55400,53100,54300,52700,52700,57100,52700,51900,50800,51500,51500,52300,61400,62900,62100,62100,57500,62900,62500,60600,61700,61700,61000,61700,61000,55800,53900,54500,52700,54600,51200,51500,51900,37000,0,0,37000,42315,55300,95000,0,40034,37000,35200,50325,95000,37251,0,38626,55700,35842,0,45907,0,48295,0,36185,42994,0,47248,55300,0,37290,0,43110,45931,48073,49392,49728,53796,50266,57200,48283,47610,45627,35200,3300,-273000,-273000,-273000,335680,779458,20626352,342376,63,0,224,22,126,0,448,44,0,0,0,0,1640,19443,402336,702,10392,14010,244768,2199,335680,779458,20626352,342376,15475008,536056,7162692,2.22,0.00,0.00,657270,359962,13266148,333686,,,,883200,883200,883200,883200,883200,883200,883200,883200,0,,,,,,0,,891025,1004184,438,4936,400,1,378000,4935000,6842000,0,372,4424000,Full,726000000
1784670128.055545245,25436.26,55600,56000,57200,56400,56100,56400,56800,56800,57200,54600,54300,55800,57100,56200,55800,56600,56200,56200,55400,52700,53900,52700,52700,57100,52300,51900,50800,51500,51500,52300,61400,63300,61700,62100,57500,63300,62100,60600,61700,61700,61000,61400,61000,56200,53900,54900,52700,54600,51500,51500,52300,37000,0,0,37000,42342,56100,95000,0,40034,37000,35300,50391,95000,37251,0,38626,55300,35859,0,45898,0,48299,0,36213,43019,0,47229,55700,0,37314,0,43085,45910,48087,49594,49829,53762,50334,57600,48014,47644,45694,35300,3300,-273000,-273000,-273000,335695,779458,20646352,342425,63,0,224,22,126,0,448,44,0,0,0,0,1640,19443,402336,702,10392,14010,244768,2199,335695,779458,20646352,342425,15475008,523956,7161712,2.22,0.00,0.00,657270,359962,13276148,333686,,,,1785600,1785600,1785600,1785600,1785600,1785600,883200,883200,0,,,,,,0,,891025,1004184,438,4936,400,1,419000,4932000,6840000,0,444,4420000,Full,726000000
1784670128.396122641,25436.60,56700,57500,57600,58000,58400,57600,58000,58000,58400,55000,55400,56200,58300,56600,56600,57000,56600,55800,55800,53900,54600,52700,52700,57500,52300,51900,51200,51500,51500,52300,61400,62900,61400,62100,58300,62900,62100,61000,61700,61700,61000,61700,61400,55800,53900,56400,52700,54600,51500,51500,52300,37000,0,0,37000,42330,58000,95000,0,40034,37000,35300,50387,95000,37251,0,38626,56400,35834,0,45928,0,48280,0,36157,42994,0,47229,56800,0,37319,0,43110,45944,48077,49359,49863,53830,50603,57600,48350,48216,45526,35300,3300,-273000,-273000,-273000,335703,779458,20654552,342437,63,0,224,22,126,0,448,44,0,0,0,0,1640,19443,402336,702,10392,14010,244768,2199,335703,779458,20654552,342437,15475008,517224,7161052,2.22,0.00,0.00,657270,359962,13280248,333686,,,,1324800,1324800,1324800,1324800,1324800,1324800,883200,883200,0,,,,,,0,,891025,1004184,438,4936,400,1,503000,4929000,6840000,0,444,4420000,Full,726000000
1784670128.676536547,25436.88,54800,55200,56100,56400,55700,55300,55300,56100,55700,55000,55000,55800,57100,56600,56600,57400,56600,56200,55800,53500,54300,52700,53100,56700,52700,52300,50800,51900,51900,52700,61000,62900,61700,62100,57100,62900,62100,61000,61700,61700,61400,61700,61400,56200,53900,54100,52700,54600,51500,51900,52700,37000,0,0,37000,42338,54900,95000,0,40034,37000,35300,50409,95000,37251,0,38626,54500,35840,0,45903,0,48280,0,36167,42998,0,47264,54900,0,37346,0,43113,45931,48112,49224,49762,53931,50367,57200,48417,47644,45526,35300,3300,-273000,-273000,-273000,335703,779458,20654552,342437,63,0,224,22,126,0,448,44,0,0,0,0,1640,19443,402336,702,10392,14010,244768,2199,335703,779458,20654552,342437,15475008,518332,7162164,2.18,0.00,0.00,657270,359962,13280248,333686,,,,1324800,1324800,1324800,1324800,1324800,1324800,883200,883200,0,,,,,,0,,0,0,438,4936,400,1,494000,4927000,6840000,0,444,4420000,Full,726000000
1784670128.980818058,25437.18,54800,55200,56400,56100,55700,56100,55700,56100,55300,55000,54600,56200,57100,56200,56200,57000,56600,56200,55400,53100,54300,52700,52700,56700,52300,51900,51200,51500,51900,52700,60600,62100,61000,61400,57500,62500,62100,59800,61000,61400,61000,61400,61000,56200,53900,54100,52700,54600,51500,51500,52300,37000,0,0,37000,42348,54900,95000,0,40034,37000,35300,50405,95000,37251,0,38626,54500,35859,0,45898,0,48295,0,36185,43019,0,47272,54100,0,37337,0,43113,45940,48115,49392,49728,53762,50132,56800,48283,47442,45627,35300,3300,-273000,-273000,-273000,335703,779458,20654552,342437,63,0,224,22,126,0,448,44,0,0,0,0,1640,19443,402336,702,10392,14010,244768,2199,335703,779458,20654552,342437,15475008,517800,7161632,2.18,0.00,0.00,657270,359962,13280248,333686,,,,998400,998400,998400,998400,998400,998400,883200,883200,0,,,,,,0,,885130,1004071,438,4936,400,1,494000,4929000,6840000,0,444,4420000,Full,726000000
1784670129.297919672,25437.50,54800,55200,56400,56100,55700,56100,55700,56100,55300,54600,54600,55800,57100,56200,56200,56600,56200,56200,55400,53100,54300,52700,52700,57100,52700,51900,50800,51500,51500,52700,61000,62500,60600,61700,57100,62500,61700,60200,61400,61400,60600,61000,61000,56200,53900,54100,53100,54600,51500,51900,51900,37000,0,0,37000,42348,54900,95000,0,40034,37000,35300,50336,95000,37251,0,38626,54500,35871,0,45907,0,48313,0,36239,43023,0,47283,54500,0,37296,0,43124,45924,48115,49594,49695,53695,50468,56800,48216,48115,45459,35300,3300,-273000,-273000,-273000,335703,779458,20654552,342437,63,0,224,22,126,0,448,44,0,0,0,0,1640,19443,402336,702,10392,14010,244768,2199,335703,779458,20654552,342437,15475008,518852,7162684,2.18,0.00,0.00,657270,359962,13280248,333686,,,,787200,787200,787200,787200,883200,883200,883200,883200,0,,,,,,0,,885130,1004071,438,4936,400,1,494000,4932000,6840000,0,444,4420000,Full,726000000
1784670129.617279880,25437.82,55200,55600,56100,56400,56100,55700,55700,56400,56400,54600,54600,55800,57100,56200,56200,56600,56200,56200,55400,52700,53900,52700,52700,56700,52700,52300,50800,51500,51900,52700,60200,62100,61000,61000,57500,62100,62100,59400,61000,61400,60600,61400,60600,55800,53900,54500,52700,54600,51500,51500,52300,37000,0,0,37000,42345,55300,95000,0,40034,37000,35300,50294,95000,37251,0,38626,54900,35862,0,45917,0,48328,0,36185,43030,0,47272,55300,0,37325,0,43127,45961,48126,49493,49627,53695,50065,57200,48249,47577,45459,35300,3300,-273000,-273000,-273000,335703,779458,20654552,342437,63,0,224,22,126,0,448,44,0,0,0,0,1640,19443,402336,702,10392,14010,244768,2199,335703,779458,20654552,342437,15475008,513860,7157632,2.18,0.00,0.00,657270,359962,13280248,333686,,,,1785600,1785600,1785600,1785600,1785600,1785600,883200,883200,0,,,,,,0,,885130,1004071,438,4936,400,1,491000,4928000,6840000,0,444,4420000,Full,726000000
1784670129.913471651,25438.11,54400,55200,56100,56100,55700,55300,55700,55700,55700,54300,54300,55400,56700,55800,55800,56200,55800,55800,55000,52700,53900,52700,52700,56300,52700,51900,51200,51500,51900,52300,60200,62100,61000,61400,57100,61700,61700,59800,61000,61000,60600,61000,60600,55800,53500,54100,52700,54300,51500,51500,51900,37000,0,0,37000,42353,54100,95000,0,40034,37000,35300,50311,95000,37251,0,38626,54100,35874,0,45895,0,48320,0,36142,43036,0,47298,54500,0,37325,0,43124,45965,48117,49493,49627,53561,50065,56800,48283,47678,45459,35300,3300,-273000,-273000,-273000,335703,779458,20654552,342437,63,0,224,22,126,0,448,44,0,0,0,0,1640,19443,402336,702,10392,14010,244768,2199,335703,779458,20654552,342437,15475008,520560,7164340,2.18,0.00,0.00,657270,359962,13280248,333686,,,,1785600,1785600,1785600,1785600,1785600,1785600,883200,883200,0,,,,,,0,,865644,1000338,438,4936,400,1,494000,4927000,6840000,0,444,4420000,Full,726000000
1784670130.197536755,25438.40,54400,54800,56100,55700,55300,54900,54500,55300,54900,54600,54300,55800,56300,56200,56200,56600,56200,55800,55400,53100,53900,52700,52300,56700,52300,51900,50800,51500,51500,52700,60600,62100,61000,61700,56700,62100,62100,59800,61000,61700,60600,61000,60600,56200,53900,53700,52700,54600,51500,51500,52300,37000,0,0,37000,42363,54500,95000,0,40034,37000,35300,50276,95000,37251,0,38626,53700,35888,0,45907,0,48349,0,36195,43033,0,47306,54100,0,37334,0,43146,45958,48133,49493,49728,53628,49997,56400,48182,47980,45526,35300,3300,-273000,-273000,-273000,335703,779458,20654552,342437,63,0,224,22,126,0,448,44,0,0,0,0,1640,19443,402336,702,10392,14010,244768,2199,335703,779458,20654552,342437,15475008,516780,7160560,2.18,0.00,0.00,657270,359962,13280248,333686,,,,1785600,1785600,1785600,1785600,1785600,1785600,883200,883200,0,,,,,,0,,865644,1000338,438,4936,400,1,494000,4928000,6840000,0,444,4420000,Full,726000000
1784670130.715543890,25438.92,55200,56000,56400,56100,56100,56100,56100,56800,56800,54300,54600,55400,57100,56200,55800,56600,56200,55400,55000,53100,53900,52700,52700,56700,52300,52300,50800,51500,51500,52300,61000,62900,61000,62100,57100,62900,62100,60600,61700,61700,61000,61400,61000,55800,53900,54900,52700,54300,51500,51900,52300,37000,0,0,37000,42372,55700,95000,0,40034,37000,35300,50276,95000,37251,0,38626,55300,35862,0,45931,0,48324,0,36207,43045,0,47289,55700,0,37313,0,43134,45973,48128,49526,49661,53728,50400,57200,48417,47678,45526,35300,3300,-273000,-273000,-273000,335703,779458,20654552,342437,63,0,224,22,126,0,448,44,0,0,0,0,1640,19443,402336,702,10392,14010,244768,2199,335703,779458,20654552,342437,15475008,521468,7165248,2.14,0.00,0.00,657270,359962,13280248,333686,,,,1785600,1785600,1785600,1785600,1785600,1785600,883200,883200,0,,,,,,0,,865644,1000338,438,4936,400,1,494000,4931000,6840000,0,444,4420000,Full,726000000
1784670130.993298942,25439.19,54400,54800,56100,55700,55300,54900,54900,55300,54900,55000,55000,55800,56300,56200,56200,56600,56200,56200,55400,53500,54600,52300,52700,56300,52300,51900,50800,51200,51900,52700,60600,62900,61000,61700,56700,62500,61700,60200,61400,61400,60600,61000,60600,55800,53500,54100,52300,54600,51900,51500,51900,37000,0,0,37000,42375,55300,95000,0,40034,37000,35300,50282,95000,37251,0,38626,54100,35882,0,45907,0,48353,0,36139,43040,0,47306,54900,0,37325,0,43153,45988,48121,49191,49460,53662,49930,56400,48350,47846,45560,35300,3300,-273000,-273000,-273000,335703,779458,20654552,342437,63,0,224,22,126,0,448,44,0,0,0,0,1640,19443,402336,702,10392,14010,244768,2199,335703,779458,20654552,342437,15475008,523552,7167332,2.14,0.00,0.00,657270,359962,13280248,333686,,,,1228800,1228800,1228800,1228800,1228800,1228800,883200,883200,0,,,,,,0,,865638,1000347,438,4936,400,1,494000,4933000,6840000,0,444,4420000,Full,726000000
1784670131.287383525,25439.49,54400,54800,55700,55700,55300,55300,54900,54900,54500,54600,54600,55800,56700,55800,55800,56600,55800,55800,55000,52700,53900,52700,52700,56300,52700,52300,50800,51500,51500,52700,61000,62500,61000,61400,56700,62500,61700,60200,61400,61000,60600,61400,61000,55800,53900,53700,52700,54600,51500,51500,51900,37000,0,0,37000,42375,54500,95000,0,40034,37000,35300,50264,95000,37251,0,38626,54100,35888,0,45940,0,48341,0,36213,43048,0,47321,54100,0,37344,0,43166,46003,48145,49257,49829,53830,50199,56400,48283,47779,45526,35300,3300,-273000,-273000,-273000,335703,779458,20654552,342437,63,0,224,22,126,0,448,44,0,0,0,0,1640,19443,402336,702,10392,14010,244768,2199,335703,779458,20654552,342437,15475008,525380,7169160,2.14,0.00,0.00,657270,359962,13280248,333686,,,,1113600,1113600,1113600,1113600,1113600,1113600,883200,883200,0,,,,,,0,,865638,1000347,438,4936,400,1,494000,4931000,6840000,0,444,4420000,Full,726000000
1784670131.600490973,25439.80,55200,55200,55700,56100,55300,55300,54900,55700,55300,54600,55000,55800,56700,56200,56200,56600,56200,55800,55400,53100,53900,52700,52700,56700,52700,51900,50800,51500,51500,52300,61000,62500,61400,61700,57500,62100,62100,60200,61400,61400,60600,61000,61000,55800,53500,54100,52700,54300,51500,51500,51900,37000,0,0,37000,42383,54500,95000,0,40034,37000,35300,50272,95000,37251,0,38626,54900,35891,0,45937,0,48341,0,36210,43052,0,47311,54900,0,37323,0,43189,45988,48149,49526,49829,53728,50165,56800,48283,48048,45594,35300,3300,-273000,-273000,-273000,335725,779470,20660904,342449,63,0,224,22,126,0,448,44,0,0,0,0,1640,19443,402336,702,10392,14010,244768,2199,335725,779470,20660904,342449,15475008,525148,7168832,2.14,0.00,0.00,657270,359962,13283424,333686,,,,883200,883200,883200,883200,883200,883200,883200,883200,0,,,,,,0,,865638,1000347,438,4936,400,1,494000,4933000,6840000,0,444,4420000,Full,726000000
1784670131.909849619,25440.11,55600,55600,56100,55700,56100,55700,56400,56400,56400,54300,54600,55400,56700,55800,55800,56200,56200,55400,55000,52700,53900,52300,52700,56700,52700,52300,50800,51500,51200,52700,61000,62900,61000,61700,57100,62500,62100,60600,61700,61400,60600,61000,61000,55800,53500,54100,52700,54300,51500,51900,52300,37000,0,0,37000,42387,54900,95000,0,40034,37000,35300,50260,95000,37251,0,38626,55300,35879,0,45954,0,48341,0,36173,43055,0,47319,56800,0,37352,0,43163,45991,48149,49493,49796,53594,50065,56800,48283,47779,45560,35300,3300,-273000,-273000,-273000,335725,779470,20660904,342449,63,0,224,22,126,0,448,44,0,0,0,0,1640,19443,402336,702,10392,14010,244768,2199,335725,779470,20660904,342449,15475008,521116,7164800,2.14,0.00,0.00,657270,359962,13283424,333686,,,,1785600,1785600,1785600,1785600,1785600,1785600,883200,883200,0,,,,,,0,,864580,1000653,438,4936,400,1,494000,4935000,6840000,0,444,4420000,Full,726000000
1784670132.185870661,25440.39,54400,54800,55700,55700,55300,54900,54900,56100,55300,54600,54600,55400,56300,55800,55800,56600,56200,55800,55000,53100,53900,52300,52300,56000,52300,51900,50800,51500,51500,52300,60600,62500,61000,61400,56700,62100,61400,59800,61400,61000,60600,61400,60600,55400,53900,53700,52700,54600,51500,51500,51900,37000,0,0,37000,42402,54500,95000,0,40139,37000,35300,50248,95000,37342,0,38734,54500,35903,0,45937,0,48349,0,36148,43062,0,47311,54500,0,37343,0,43179,46021,48149,49560,49762,53695,49997,56400,48249,47846,45627,35300,3300,-273000,-273000,-273000,335725,779470,20660904,342449,63,0,224,22,126,0,448,44,0,0,0,0,1640,19443,402336,702,10392,14010,244768,2199,335725,779470,20660904,342449,15475008,517860,7161544,2.14,0.00,0.00,657270,359962,13283424,333686,,,,1324800,1324800,1324800,1324800,1324800,1324800,883200,883200,0,,,,,,0,,864580,1000653,438,4936,400,1,494000,4932000,6840000,0,444,4420000,Full,726000000
1784670132.483504931,25440.68,56000,56700,56800,56100,56100,56800,57200,56400,57200,55000,55000,56200,57500,56200,56600,57000,56200,55800,55800,53900,54300,52300,52700,57100,52700,51900,50800,51500,51500,52300,61000,62900,61700,62500,57500,62900,62100,61000,62100,61700,61000,61400,61700,55800,53500,55700,52700,54600,51500,51500,51900,37000,0,0,37000,42398,56400,95000,0,40139,37000,35300,50286,95000,37342,0,38734,55300,35919,0,45931,0,48353,0,36160,43073,0,47315,55700,0,37304,0,43199,45988,48141,49325,49762,53561,50266,57600,48115,47779,45425,35300,3300,-273000,-273000,-273000,335725,779470,20660904,342449,63,0,224,22,126,0,448,44,0,0,0,0,1640,19443,402336,702,10392,14010,244768,2199,335725,779470,20660904,342449,15475008,521260,7164928,2.14,0.00,0.00,657270,359962,13283424,333686,,,,1785600,1785600,1785600,1785600,1785600,1785600,883200,883200,0,,,,,,0,,864580,1000653,438,4936,400,1,494000,4935000,6840000,0,444,4420000,Full,726000000
1784670132.760887431,25440.96,54800,55200,56100,56100,55700,55700,55300,56100,56100,55000,55400,56200,56700,56200,56600,57000,56200,56200,55400,53900,54300,52700,52700,56700,52300,51900,50800,51500,51500,52700,61000,62500,61000,61700,57100,62500,61700,60600,61400,61700,60600,61000,61000,55800,53500,54100,52700,54600,51500,51500,52300,37000,0,0,37000,42410,54900,95000,0,40139,37000,35300,50260,95000,37342,0,38734,54500,35919,0,45958,0,48324,0,36227,43069,0,47330,54900,0,37344,0,43185,46037,48174,49460,49627,53561,50434,56800,48283,47544,45291,35300,3300,-273000,-273000,-273000,335725,779470,20660904,342449,63,0,224,22,126,0,448,44,0,0,0,0,1640,19443,402336,702,10392,14010,244768,2199,335725,779470,20660904,342449,15475008,522292,7165960,2.12,0.00,0.00,657270,359964,13283424,333688,,,,1785600,1785600,1785600,1785600,1785600,1785600,883200,883200,0,,,,,,0,,864792,1000304,438,4936,400,1,494000,4928000,6840000,0,444,4420000,Full,726000000
1784670133.055439775,25441.26,56000,56300,56800,56400,56100,56400,56800,56800,56800,55000,54600,56200,57100,56200,56600,57000,56600,56200,55400,53100,53900,52700,52700,57100,52300,51900,50800,51500,51500,52700,61000,63300,61400,61700,57500,62900,62100,60600,61700,61700,61000,61400,61400,56200,53900,54900,52300,54300,51500,51900,52300,37000,0,0,37000,42410,55700,95000,0,40139,37000,35300,50260,95000,37342,0,38734,55700,35907,0,45951,0,48324,0,36204,43098,0,47333,56100,0,37337,0,43208,46010,48161,49493,49863,53796,50603,57600,48384,47846,45493,35300,3300,-273000,-273000,-273000,335731,779470,20661064,342450,63,0,224,22,126,0,448,44,0,0,0,0,1640,19443,402336,702,10392,14010,244768,2199,335731,779470,20661064,342450,15475008,516520,7160296,2.12,0.00,0.00,657270,359965,13283504,333689,,,,1113600,1113600,1113600,1113600,1113600,1113600,883200,883200,0,,,,,,0,,864792,1000304,438,4936,400,1,369000,4926000,6840000,0,415,4421000,Full,726000000
1784670133.407260921,25441.61,54400,55200,56400,56100,55700,55300,55300,55300,54500,54600,54600,55400,56700,55800,56200,57000,56200,55800,55400,53100,53900,52700,53100,56700,52700,52300,51200,51500,51500,52700,61000,62500,61000,62100,57100,62500,61700,60600,61400,61400,60600,61000,60600,56200,53900,53700,52700,54600,51900,51900,52300,37000,0,0,37000,42425,54900,95000,0,40139,37000,35400,50286,95000,37342,0,38734,54100,35954,0,45988,0,48341,0,36227,43091,0,47361,54100,0,37363,0,43211,45998,48165,49661,49829,53527,50300,56800,48350,47644,45359,35400,3300,-273000,-273000,-273000,335733,779470,20661112,342450,63,0,224,22,126,0,448,44,0,0,0,0,1640,19443,402336,702,10392,14010,244768,2199,335733,779470,20661112,342450,15475008,512472,7156272,2.12,0.00,0.00,657270,359974,13283528,333698,,,,1785600,1785600,1785600,1785600,1785600,1785600,883200,883200,0,,,,,,0,,864792,1000304,438,4936,400,1,494000,4927000,6840000,0,431,4421000,Full,726000000
1784670133.905882899,25442.11,55600,56000,56400,56100,56100,56400,56400,56400,56800,54600,54600,55800,57500,56200,56200,56600,56200,56200,55400,53500,54300,52700,53100,57100,52300,52300,51200,51500,51900,52300,61000,62900,61700,62100,57100,62900,62100,61000,61700,61400,60600,61400,61400,56200,53900,54900,53100,54600,51900,51900,52300,37000,0,0,37000,42425,56400,95000,0,40139,37000,35400,50272,95000,37342,0,38734,54900,35931,0,45991,0,48389,0,36198,43101,0,47337,54900,0,37335,0,43211,46010,48172,49627,49560,53460,50233,57600,48451,47644,45493,35400,3300,-273000,-273000,-273000,335733,779470,20661112,342450,63,0,224,22,126,0,448,44,0,0,0,0,1640,19443,402336,702,10392,14010,244768,2199,335733,779470,20661112,342450,15475008,509800,7153636,2.12,0.00,0.00,657270,359974,13283528,333698,,,,1785600,1785600,1785600,1785600,1785600,1785600,883200,883200,0,,,,,,0,,872986,1000598,438,4936,400,1,494000,4931000,6840000,0,431,4421000,Full,726000000
1784670134.187009566,25442.39,54800,54800,56100,55700,55300,54900,55300,55700,54900,55000,55400,55800,56700,56600,56200,57000,56600,55800,55400,53500,54600,52700,52700,56300,52700,51900,50800,51500,51500,52700,60600,62500,61000,61700,57100,62500,61700,60200,61400,61000,60200,61000,61000,55800,53900,54100,53100,54600,51500,51900,52300,37000,0,0,37000,42432,54900,95000,0,40139,37000,35400,50298,95000,37342,0,38734,54100,35951,0,45984,0,48377,0,36252,43101,0,47360,54500,0,37342,0,43222,46040,48180,49291,49695,53695,50233,56800,48384,47510,45392,35400,3300,-273000,-273000,-273000,335733,779470,20661112,342450,63,0,224,22,126,0,448,44,0,0,0,0,1640,19443,402336,702,10392,14010,244768,2199,335733,779470,20661112,342450,15475008,511844,7155684,2.12,0.00,0.00,657270,359974,13283528,333698,,,,1324800,1324800,1324800,1324800,1324800,1324800,883200,883200,0,,,,,,0,,872986,1000598,438,4936,400,1,494000,4929000,6840000,0,431,4421000,Full,726000000
1784670134.491925191,25442.69,54400,55200,56100,55300,55300,55300,54900,55700,55300,54600,54600,55800,56700,56200,56200,56600,56200,55800,55800,53500,54300,52700,52700,56700,52700,51900,51200,51500,51500,52700,59800,62100,60600,61000,56700,61700,61700,59400,60600,61000,60200,60600,60600,56200,53900,53700,53100,54600,51500,51500,51900,37000,0,0,37000,42437,54900,95000,0,40139,37000,35400,50276,95000,37342,0,38734,54100,35964,0,45965,0,48372,0,36204,43081,0,47377,54100,0,37313,0,43215,46024,48185,49526,49762,53493,50266,56400,48384,47544,45359,35400,3300,-273000,-273000,-273000,335733,779470,20661112,342450,63,0,224,22,126,0,448,44,0,0,0,0,1640,19443,402336,702,10392,14010,244768,2199,335733,779470,20661112,342450,15475008,520608,7164400,2.12,0.00,0.00,657270,359974,13283528,333698,,,,998400,998400,998400,998400,998400,998400,883200,883200,0,,,,,,0,,872986,1000598,438,4936,400,1,281000,4946000,6840000,0,431,4421000,Full,726000000
1784670134.803014670,25443.00,54800,55200,56400,55700,55300,55700,55700,55300,54900,55000,54600,55400,56700,56200,55800,56600,56600,55800,55000,53100,53900,52700,52700,56300,52700,52300,50800,51500,51900,52700,61000,62500,61000,61700,56700,62500,61700,60200,61400,61000,60600,61000,61000,56200,53900,54100,52700,54300,51500,51500,52300,37000,0,0,37000,42440,54900,95000,0,40139,37000,35400,50276,95000,37342,0,38734,54100,35977,0,45965,0,48400,0,36185,43113,0,47386,54500,0,37334,0,43215,46024,48183,49627,49863,53561,50233,56800,48249,47846,45359,35400,3300,-273000,-273000,-273000,335733,779470,20661112,342450,63,0,224,22,126,0,448,44,0,0,0,0,1640,19443,402336,702,10392,14010,244768,2199,335733,779470,20661112,342450,15475008,518332,7162172,2.46,0.00,0.00,657270,359974,13283528,333698,,,,1113600,1113600,1113600,1113600,1113600,1113600,883200,883200,0,,,,,,0,,869510,1000448,438,4936,400,1,494000,4929000,6840000,0,431,4421000,Full,726000000
1784670135.107040920,25443.31,55600,56000,56400,55700,55700,56400,57600,55300,55300,54300,54300,55400,56300,55800,55800,56600,56200,55800,55400,52700,53900,52700,52300,56300,51900,51900,50800,51500,51500,52300,60600,62500,61000,61700,57100,62500,61700,60200,61400,61000,60600,61000,60600,55800,53900,54500,52700,54300,51500,51200,51900,37000,0,0,37000,42440,56100,95000,0,40139,37000,35400,50222,95000,37342,0,38734,54900,35967,0,45988,0,48396,0,36142,43091,0,47367,54500,0,37343,0,43244,46024,48199,49526,49796,53292,50132,56800,48417,47980,45459,35400,3300,-273000,-273000,-273000,335733,779470,20661112,342450,63,0,224,22,126,0,448,44,0,0,0,0,1640,19443,402336,702,10392,14010,244768,2199,335733,779470,20661112,342450,15475008,511764,7155604,2.46,0.00,0.00,657270,359974,13283528,333698,,,,1670400,1670400,1670400,1670400,1670400,1670400,883200,883200,0,,,,,,0,,869510,1000448,438,4936,400,1,494000,4932000,6840000,0,431,4421000,Full,726000000
1784670135.387810399,25443.59,54400,55200,55700,55700,55300,55700,55300,55300,54900,54300,54300,55400,56300,55800,55800,56200,55800,55800,55000,52700,53500,52300,52300,56300,52300,52300,50800,51500,51200,52300,60600,62100,61000,61400,56300,62100,61400,60200,61000,61000,60200,60600,61000,55800,53500,53700,52700,54300,51500,51900,52300,37000,0,0,37000,42448,54500,95000,0,40139,37000,35400,50282,95000,37342,0,38734,54500,36005,0,45991,0,48396,0,36185,43117,0,47375,54100,0,37323,0,43240,46061,48191,49594,49796,53594,50165,56400,48350,47980,45325,35400,3300,-273000,-273000,-273000,335733,779470,20661112,342450,63,0,224,22,126,0,448,44,0,0,0,0,1640,19443,402336,702,10392,14010,244768,2199,335733,779470,20661112,342450,15475008,505952,7149832,2.46,0.00,0.00,657270,359974,13283528,333698,,,,1324800,1324800,1324800,1324800,1324800,1324800,883200,883200,0,,,,,,0,,869510,1000448,438,4936,400,1,497000,4932000,6840000,0,431,4421000,Full,726000000
1784670135.698281857,25443.90,54400,54400,56100,55700,54900,54900,54900,54900,54500,54600,54600,55800,56300,56200,56200,56600,56200,55800,55000,53100,54300,52700,52300,56300,52300,51900,50800,51500,51500,52300,60600,62500,61000,61700,56700,62500,62100,60600,61700,61400,60600,61000,61000,55800,53500,54100,52700,54300,51900,51500,51900,37000,0,0,37000,42440,54500,95000,0,40139,37000,35400,50248,95000,37342,0,38734,53700,35989,0,46010,0,48385,0,36216,43131,0,47408,53700,0,37335,0,43228,46044,48205,49493,49728,53527,50266,56400,48249,47409,45325,35400,3300,-273000,-273000,-273000,335733,779470,20661112,342450,63,0,224,22,126,0,448,44,0,0,0,0,1640,19443,402336,702,10392,14010,244768,2199,335733,779470,20661112,342450,15475008,511168,7155164,2.46,0.00,0.00,657270,359974,13283528,333698,,,,787200,787200,787200,787200,787200,787200,883200,883200,0,,,,,,0,,869510,1000448,438,4936,400,1,494000,4933000,6840000,0,431,4421000,Full,726000000
1784670136.012029253,25444.21,54400,54800,56100,55700,55300,55300,54900,55700,55300,54300,54600,55400,56300,55800,55800,56600,56200,55800,55400,53100,54300,52700,52700,56300,52700,51900,50800,51500,51200,52700,60600,62500,60600,61400,56700,62500,61700,59800,60600,61400,60200,61000,60600,55800,53900,53700,52300,54300,51500,51500,51900,37000,0,0,37000,42448,54100,95000,0,40139,37000,35400,50244,95000,37342,0,38734,54100,36005,0,45984,0,48400,0,36185,43146,0,47403,54900,0,37319,0,43257,46037,48205,49661,49661,53527,50098,56400,48417,47510,45123,35400,3300,-273000,-273000,-273000,335733,779470,20661112,342450,63,0,224,22,126,0,448,44,0,0,0,0,1640,19443,402336,702,10392,14010,244768,2199,335733,779470,20661112,342450,15475008,526724,7170640,2.46,0.00,0.00,657270,359974,13283528,333698,,,,1113600,1113600,1113600,1113600,1113600,1113600,883200,883200,0,,,,,,0,,863490,1000674,438,4936,400,1,494000,4931000,6840000,0,431,4421000,Full,726000000
1784670136.319945555,25444.52,55200,55600,56100,56100,56100,55700,56100,56400,56100,54600,54300,55400,56700,55400,55400,56200,55800,55800,55000,52700,53900,52700,52300,56300,52300,52300,50800,51500,51500,52300,61000,62500,61000,61400,57100,62500,61700,60200,61000,61400,60200,61000,61000,55800,53500,54100,52700,54300,51500,51500,51900,37000,0,0,37000,42452,54500,95000,0,40139,37000,35400,50272,95000,37342,0,38734,54900,36014,0,45965,0,48392,0,36195,43124,0,47408,56100,0,37364,0,43244,46054,48213,49359,49728,53191,50165,56800,48317,47745,45190,35400,3300,-273000,-273000,-273000,335733,779470,20661112,342450,63,0,224,22,126,0,448,44,0,0,0,0,1640,19443,402336,702,10392,14010,244768,2199,335733,779470,20661112,342450,15475008,521124,7165040,2.46,0.00,0.00,657270,359974,13283528,333698,,,,1785600,1785600,1785600,1785600,1785600,1785600,883200,883200,0,,,,,,0,,863490,1000674,438,4936,400,1,494000,4929000,6840000,0,431,4421000,Full,726000000
1784670136.604814773,25444.81,54000,54800,55700,55700,54900,55300,54900,55300,54900,54300,54300,55400,56300,55800,55800,55800,55800,55400,55000,52300,53500,52300,52700,56300,52300,51900,50800,51500,51500,52300,60200,62100,61000,61000,56700,61700,61400,59800,61000,60600,60200,60600,60200,55800,53500,53700,52700,54300,51500,51500,51900,37000,0,0,37000,42463,54500,95000,0,40139,37000,35400,50238,95000,37342,0,38734,54100,35999,0,45998,0,48389,0,36182,43124,0,47433,53700,0,37361,0,43297,46044,48213,49460,49594,53561,50132,56800,48350,47678,45190,35400,3300,-273000,-273000,-273000,335739,779470,20661208,342452,63,0,224,22,126,0,448,44,0,0,0,0,1640,19443,402336,702,10392,14010,244768,2199,335739,779470,20661208,342452,15475008,517228,7161144,2.37,0.00,0.00,657270,359974,13283576,333698,,,,1785600,1785600,1785600,1785600,1785600,1785600,883200,883200,0,,,,,,0,,865922,1000316,438,4936,400,1,494000,4926000,6840000,0,431,4421000,Full,726000000
1784670137.084347013,25445.29,56300,57100,56800,56400,56400,57200,56800,57200,56400,55000,55000,56200,57100,56600,56200,56600,56200,55400,55400,53900,54600,52300,52700,57500,52300,52300,50800,51200,51200,52300,60600,62100,60600,61400,57900,62100,61400,59800,61400,61000,60600,61000,61000,55800,53900,55300,53100,54300,51500,51500,52300,37000,0,0,37000,42470,56100,95000,0,40308,37000,35400,50244,95000,37438,0,38847,56100,36050,0,45981,0,48400,0,36204,43146,0,47433,55700,0,37361,0,43261,46064,48220,49359,49627,53527,50434,57600,48317,47745,45257,35400,3300,-273000,-273000,-273000,335739,779470,20661208,342452,63,0,224,22,126,0,448,44,0,0,0,0,1640,19443,402336,702,10392,14010,244768,2199,335739,779470,20661208,342452,15475008,517696,7161668,2.37,0.00,0.00,657270,359974,13283576,333698,,,,1113600,1113600,1113600,1113600,1113600,1113600,883200,883200,0,,,,,,0,,865922,1000316,438,4936,400,1,494000,4971000,6840000,0,431,4421000,Full,726000000
1784670137.385164357,25445.59,55600,56300,56100,56100,55700,56400,57200,56400,56400,54600,54600,55800,56700,55800,55800,57000,56200,55800,55000,53100,54300,52300,52300,56700,52300,51900,50800,51500,51500,52700,60200,61700,60600,61400,57500,62100,61700,59800,60600,61400,60600,61000,60600,55800,53500,54900,52700,54300,51900,51500,52300,37000,0,0,37000,42482,55700,95000,0,40308,37000,35400,50260,95000,37438,0,38847,54900,36053,0,45991,0,48404,0,36204,43134,0,47442,56800,0,37358,0,43297,46058,48203,49460,49594,53561,50367,57200,48249,47879,45257,35400,3300,-273000,-273000,-273000,335739,779470,20661208,342452,63,0,224,22,126,0,448,44,0,0,0,0,1640,19443,402336,702,10392,14010,244768,2199,335739,779470,20661208,342452,15475008,524016,7167960,2.37,0.00,0.00,657270,359974,13283576,333698,,,,1785600,1785600,1785600,1785600,1785600,1785600,883200,883200,0,,,,,,0,,865922,1000316,438,4936,400,1,494000,4926000,6840000,0,431,4421000,Full,726000000
1784670137.667264513,25445.87,54000,54800,56100,55700,55300,55300,54900,55300,54900,54300,54300,55400,56300,55800,55400,56200,55800,55400,55000,52700,53900,52700,52700,56300,52300,52300,51200,51500,51900,52700,61000,62900,61000,61700,56700,62500,61700,60600,61700,61400,60200,61000,61000,55400,53900,54100,52700,54300,51900,51500,52300,37000,0,0,37000,42473,54500,95000,0,40308,37000,35400,50230,95000,37438,0,38847,54500,36056,0,46010,0,48396,0,36176,43124,0,47419,54500,0,37344,0,43297,46061,48205,49392,49627,53628,49997,56400,48216,48384,45425,35400,3300,-273000,-273000,-273000,335739,779470,20661208,342452,63,0,224,22,126,0,448,44,0,0,0,0,1640,19443,402336,702,10392,14010,244768,2199,335739,779470,20661208,342452,15475008,523384,7167344,2.37,0.00,0.00,657270,359974,13283576,333698,,,,1113600,1113600,1113600,1113600,1113600,1113600,883200,883200,0,,,,,,0,,865922,1000316,438,4936,400,1,494000,4935000,6840000,0,431,4421000,Full,726000000
1784670137.966482377,25446.17,54800,55200,56400,56100,56100,55700,55700,56100,55700,55000,55400,56200,57100,56200,56600,57000,56200,56200,55800,53500,54600,52700,52300,56700,52700,52300,50800,51500,51500,52700,60600,62500,61000,61700,57500,62500,62100,60200,61400,61400,61000,61400,61000,55800,53500,54100,52700,54600,51500,51500,52300,37000,0,0,37000,42478,54900,95000,0,40308,37000,35400,50244,95000,37438,0,38847,54900,36062,0,46010,0,48454,0,36182,43150,0,47434,54900,0,37339,0,43286,46054,48217,49560,49661,53728,50300,57200,48484,47812,45257,35400,3300,-273000,-273000,-273000,335855,779471,20663936,342471,63,0,224,22,126,0,448,44,0,0,0,0,1640,19443,402336,702,10392,14010,244768,2199,335855,779471,20663936,342471,15475008,516032,7155676,2.37,0.00,0.00,657270,359978,13284940,333702,,,,998400,998400,998400,998400,998400,998400,883200,883200,0,,,,,,0,,870284,1000254,438,4936,400,1,494000,4931000,6840000,0,431,4421000,Full,726000000
1784670138.284881023,25446.49,55600,55600,56100,56100,55700,55700,56400,55700,56100,54600,54600,55800,56700,56200,55800,56600,56200,55800,55400,53100,54300,52700,52700,57100,52700,51900,51200,51900,51500,52700,59800,61700,60600,60200,57100,61400,61700,59000,60600,60600,60200,61000,60600,56200,53500,54500,52700,54600,51500,51900,52300,37000,0,0,37000,42496,55700,95000,0,40308,37000,35400,50282,95000,37438,0,38847,54900,36065,0,46021,0,48400,0,36204,43153,0,47455,54500,0,37348,0,43319,46088,48201,49594,49896,53460,50266,56800,48384,48148,45190,35400,3300,-273000,-273000,-273000,335855,779471,20663936,342471,63,0,224,22,126,0,448,44,0,0,0,0,1640,19443,402336,702,10392,14010,244768,2199,335855,779471,20663936,342471,15475008,513196,7152824,2.37,0.00,0.00,657270,359979,13284940,333703,,,,1785600,1785600,1785600,1785600,1785600,1785600,883200,883200,0,,,,,,0,,870284,1000254,438,4936,400,1,353000,4928000,6838000,0,398,4421000,Full,726000000
1784670138.668124981,25446.87,55600,56000,56800,56400,56100,56400,56100,56800,57200,54600,54600,55800,57100,56200,56200,57000,56200,55800,55400,53500,54300,52700,52700,56700,52300,51900,51200,51900,51500,52700,60600,62500,60600,61700,57500,62500,62100,60200,61000,61400,60600,61000,61000,55800,53900,54900,52700,54600,51500,51500,52300,37000,0,0,37000,42482,55700,95000,0,40308,37000,35400,50282,95000,37438,0,38847,55300,36056,0,46017,0,48414,0,36151,43170,0,47442,56400,0,37343,0,43319,46064,48211,49796,49829,53695,50468,57200,48552,47879,45224,35400,3300,-273000,-273000,-273000,335855,779471,20663936,342471,63,0,224,22,126,0,448,44,0,0,0,0,1640,19443,402336,702,10392,14010,244768,2199,335855,779471,20663936,342471,15475008,506928,7146652,2.67,0.00,0.00,657270,359979,13284940,333703,,,,1670400,1670400,1670400,1670400,1670400,1670400,883200,883200,0,,,,,,0,,0,0,438,4936,400,1,494000,4931000,6838000,0,398,4421000,Full,726000000
1784670138.945826648,25447.15,55200,55200,56100,55700,55300,55300,56100,56100,55700,54300,54300,55800,56700,55800,55800,56600,55800,55800,55400,52700,53500,52700,52700,56300,52700,52300,50800,51500,51900,52700,59800,61400,60600,60600,56700,61400,61400,59400,60200,61000,60200,61000,60600,55800,53500,54100,52700,54300,51500,51900,52300,37000,0,0,37000,42493,55700,95000,0,40308,37000,35400,50306,95000,37438,0,38847,54500,36062,0,45988,0,48418,0,36204,43153,0,47457,54900,0,37334,0,43315,46064,48211,49460,49863,53460,50199,56800,48182,48081,45257,35400,3300,-273000,-273000,-273000,335855,779471,20663936,342471,63,0,224,22,126,0,448,44,0,0,0,0,1640,19443,402336,702,10392,14010,244768,2199,335855,779471,20663936,342471,15475008,514728,7154524,2.67,0.00,0.00,657270,359979,13284940,333703,,,,1785600,1785600,1785600,1785600,1785600,1785600,883200,883200,0,,,,,,0,,873601,1000385,438,4936,400,1,497000,4939000,6838000,0,398,4421000,Full,726000000
1784670139.233394877,25447.43,54400,54800,56100,56100,55300,55700,54900,55700,54500,54600,54600,55800,57100,56200,56200,56600,56200,55800,55400,53100,53900,52700,52700,56700,52700,51900,51200,51500,51500,52700,61000,62500,60600,61400,57100,62100,61700,60200,61000,61400,60200,61000,60600,56200,53900,54100,52300,54600,51500,51900,51900,37000,0,0,37000,42500,54900,95000,0,40308,37000,35400,50290,95000,37438,0,38847,54100,36091,0,46003,0,48444,0,36160,43179,0,47457,54100,0,37334,0,43344,46084,48235,49493,49829,53796,50233,56400,48384,47947,45425,35400,3300,-273000,-273000,-273000,335857,779471,20664032,342471,63,0,224,22,126,0,448,44,0,0,0,0,1640,19443,402336,702,10392,14010,244768,2199,335857,779471,20664032,342471,15475008,514756,7154548,2.67,0.00,0.00,657270,359979,13284988,333703,,,,883200,883200,883200,883200,883200,883200,883200,883200,0,,,,,,0,,873601,1000385,438,4936,400,1,494000,4931000,6838000,0,398,4421000,Full,726000000
1784670139.544693835,25447.75,54800,55200,56800,56400,56100,55700,55300,56100,54900,55000,54600,56200,57100,56600,56200,57000,56200,55800,55400,53500,53900,52700,52700,56700,52700,52300,50800,51500,51500,52700,60200,62100,60600,61400,57100,62100,61000,59800,61000,61000,60600,61000,60600,55800,53500,53700,53100,54600,51500,51500,52300,37000,0,0,37000,42505,54500,95000,0,40308,37000,35400,50298,95000,37438,0,38847,54500,36082,0,46021,0,48444,0,36160,43166,0,47461,54100,0,37334,0,43309,46064,48220,49325,49762,53493,50199,56800,48451,48249,45459,35400,3300,-273000,-273000,-273000,335859,779471,20664080,342471,63,0,224,22,126,0,448,44,0,0,0,0,1640,19443,402336,702,10392,14010,244768,2199,335859,779471,20664080,342471,15475008,519760,7159532,2.67,0.00,0.00,657270,359979,13285012,333703,,,,883200,883200,883200,883200,883200,883200,883200,883200,0,,,,,,0,,873601,1000385,438,4936,400,1,356000,4927000,6838000,0,398,4421000,Full,726000000
1784670139.858194720,25448.06,55200,56000,56400,56100,55700,56100,56400,55700,55300,54600,54600,55800,56700,56200,55800,56600,56200,55800,55000,53100,53900,52700,52700,57100,52700,51900,51200,51500,51500,52700,60600,62100,61000,61700,57100,62100,61400,60600,61400,61400,60200,61000,60600,55800,53900,54900,52700,54600,51500,51500,51900,37000,0,0,37000,42505,56400,95000,0,40308,37000,35400,50290,95000,37438,0,38847,54500,36125,0,46021,0,48418,0,36252,43185,0,47449,54900,0,37334,0,43332,46077,48232,49392,49896,53594,50266,57200,48451,47913,45359,35400,3300,-273000,-273000,-273000,335859,779471,20664080,342471,63,0,224,22,126,0,448,44,0,0,0,0,1640,19443,402336,702,10392,14010,244768,2199,335859,779471,20664080,342471,15475008,520524,7160300,2.67,0.00,0.00,657270,359979,13285012,333703,,,,1228800,1228800,1228800,1228800,1228800,1228800,883200,883200,0,,,,,,0,,864900,1000516,398,4928,400,1,491000,4932000,6838000,0,398,4421000,Full,726000000
1784670140.362242897,25448.56,54800,55200,56100,56100,55700,55700,55300,56100,56100,55000,55000,56200,56700,56600,56600,57400,56600,55800,55400,53500,54300,52700,52300,56300,52300,52300,50800,51500,51500,52700,60200,62100,61000,61400,57100,61700,61700,59800,61000,61000,60600,61400,61000,56200,53900,53700,52700,54600,51500,51900,52300,37000,0,0,37000,42511,54900,95000,0,40308,37000,35400,50298,95000,37438,0,38847,54500,36110,0,46021,0,48440,0,36207,43175,0,47461,54100,0,37311,0,43325,46099,48241,49594,49728,53628,50367,56800,48182,47879,45325,35400,3300,-273000,-273000,-273000,335859,779471,20664080,342471,63,0,224,22,126,0,448,44,0,0,0,0,1640,19443,402336,702,10392,14010,244768,2199,335859,779471,20664080,342471,15475008,507900,7147684,2.67,0.00,0.00,657270,359979,13285012,333703,,,,787200,787200,787200,787200,787200,787200,883200,883200,0,,,,,,0,,0,0,398,4928,400,1,494000,4928000,6838000,0,398,4421000,Full,726000000
1784670140.674422064,25448.88,55200,56000,56800,56400,56100,56400,56800,56400,55700,54300,54600,55400,57100,55800,56200,56600,56200,55800,55400,53500,53900,52700,52700,56700,52700,52300,51200,51500,51500,52700,61000,62500,61400,61700,57500,62900,62100,60200,61400,61400,60600,61000,60600,55800,53500,54500,52700,54600,51900,51500,52300,37000,0,0,37000,42511,55300,95000,0,40308,37000,35400,50282,95000,37438,0,38847,54900,36119,0,46032,0,48473,0,36164,43166,0,47472,55300,0,37351,0,43341,46088,48255,49594,49829,53728,50266,57200,48384,47947,45156,35400,3300,-273000,-273000,-273000,335879,779471,20664352,342479,63,0,224,22,126,0,448,44,0,0,0,0,1640,19443,402336,702,10392,14010,244768,2199,335879,779471,20664352,342479,15475008,520128,7159792,2.73,0.00,0.00,657270,359979,13285148,333703,,,,787200,787200,787200,787200,883200,883200,883200,883200,0,,,,,,0,,0,0,398,4928,400,1,497000,4924000,6838000,0,398,4421000,Full,726000000
1784670140.980985657,25449.18,55600,56000,56400,56100,55700,55700,56800,56400,57200,54600,54600,55400,56700,55800,56200,56600,55800,55400,55000,52700,53500,52700,52700,56700,52300,52300,51200,51500,51500,52300,60600,62500,61000,62100,57100,62500,62100,60200,61400,61000,60600,61000,61000,55800,53500,54500,52700,54600,51500,51900,51900,37000,0,0,37000,42516,55700,95000,0,40308,37000,35400,50294,95000,37438,0,38847,55700,36136,0,46040,0,48444,0,36192,43208,0,47464,56800,0,37299,0,43351,46088,48239,49627,49863,53561,50400,57200,48283,47711,45291,35400,3300,-273000,-273000,-273000,335879,779471,20664352,342479,63,0,224,22,126,0,448,44,0,0,0,0,1640,19443,402336,702,10392,14010,244768,2199,335879,779471,20664352,342479,15475008,527340,7166880,2.73,0.00,0.00,657270,359979,13285148,333703,,,,1785600,1785600,1785600,1785600,1785600,1785600,883200,883200,0,,,,,,0,,880281,1000140,398,4928,400,1,494000,4931000,6838000,0,398,4421000,Full,726000000
1784670141.259908990,25449.46,56300,56700,56800,56800,56800,56100,56400,57600,58800,55000,54600,55800,57500,56600,56200,57000,56600,55800,55400,53500,54300,52700,53100,57100,52300,52300,51200,51500,51500,52300,60600,62500,61000,61400,57900,62100,61700,59800,61400,61400,60600,61000,61000,55800,53900,55300,52700,54300,51500,51500,51900,37000,0,0,37000,42523,56100,95000,0,40308,37000,35400,50325,95000,37438,0,38847,56100,36128,0,46021,0,48433,0,36210,43189,0,47475,56100,0,37351,0,43341,46104,48255,49426,49728,53662,50434,57600,48484,48148,45257,35400,3300,-273000,-273000,-273000,335879,779471,20664352,342479,63,0,224,22,126,0,448,44,0,0,0,0,1640,19443,402336,702,10392,14010,244768,2199,335879,779471,20664352,342479,15475008,521292,7160836,2.73,0.00,0.00,657270,359979,13285148,333703,,,,1785600,1785600,1785600,1785600,1785600,1785600,883200,883200,0,,,,,,0,,880281,1000140,398,4928,400,1,491000,4926000,6838000,0,398,4421000,Full,726000000
1784670141.544478053,25449.75,54800,55200,56100,56100,55700,55700,55300,56100,55700,55000,55000,55800,56700,56600,56200,57000,56600,55800,55800,53500,54300,52700,52700,56300,52300,52300,50800,51500,51500,52700,59800,61700,61000,61000,57100,61700,61400,59800,60600,61400,60600,61000,60600,55800,53500,54100,52700,54300,51500,51900,52300,37000,0,0,37000,42535,55300,95000,0,40308,37000,35400,50320,95000,37438,0,38847,54500,36136,0,46032,0,48444,0,36170,43196,0,47481,54100,0,37335,0,43351,46123,48265,49526,49829,53393,50367,56800,48484,47544,45156,35400,3300,-273000,-273000,-273000,335879,779471,20664352,342479,63,0,224,22,126,0,448,44,0,0,0,0,1640,19443,402336,702,10392,14010,244768,2199,335879,779471,20664352,342479,15475008,517556,7157100,2.73,0.00,0.00,657270,359979,13285148,333703,,,,883200,883200,883200,883200,883200,883200,883200,883200,0,,,,,,0,,880281,1000140,398,4928,400,1,494000,4940000,6838000,0,398,4421000,Full,726000000
1784670141.855255917,25450.06,54800,55200,56100,56100,55300,55300,55700,55700,54900,54600,55000,55800,57100,56200,56200,57000,56200,55800,55400,52700,53900,52300,52700,56300,52700,52300,50800,51500,51500,52700,61000,62900,61400,61700,57100,62500,61700,60200,61400,61400,60200,61000,61000,55800,53900,53700,52700,54300,51500,51500,52300,37000,0,0,37000,42535,54900,95000,0,40308,37000,35400,50286,95000,37438,0,38847,54100,36145,0,46051,0,48436,0,36198,43192,0,47473,54500,0,37344,0,43351,46095,48283,49392,49695,53561,50165,56800,48518,47947,45325,35400,3300,-273000,-273000,-273000,335891,779471,20664576,342482,63,0,224,22,126,0,448,44,0,0,0,0,1640,19443,402336,702,10392,14010,244768,2199,335891,779471,20664576,342482,15475008,511532,7151076,2.73,0.00,0.00,657270,359979,13285260,333703,,,,787200,787200,787200,787200,787200,787200,883200,883200,0,,,,,,0,,871162,1000212,398,4928,400,1,494000,4924000,6838000,0,398,4421000,Full,726000000
1784670142.172452636,25450.37,55200,56000,56400,56100,55700,56400,57600,55700,55700,55000,54600,55800,57100,55800,56200,56600,56200,56200,55400,53100,53900,52700,52700,56700,52700,52300,50400,51500,51500,52300,61000,62900,61400,61700,57100,62500,62100,60600,61700,61700,60600,61400,61000,55400,53500,54900,53100,54300,51500,51500,51900,37000,0,0,37000,42535,56100,95000,0,40308,37000,35400,50272,95000,37503,0,38847,54900,36122,0,46044,0,48450,0,36192,43211,0,47477,55700,0,37335,0,43376,46123,48261,49526,50098,53695,50300,57200,48417,48014,45089,35400,3300,-273000,-273000,-273000,335891,779471,20664576,342482,63,0,224,22,126,0,448,44,0,0,0,0,1640,19443,402336,702,10392,14010,244768,2199,335891,779471,20664576,342482,15475008,512208,7151768,2.73,0.00,0.00,657270,359979,13285260,333703,,,,1324800,1324800,1324800,1324800,1324800,1324800,883200,883200,0,,,,,,0,,871162,1000212,398,4928,400,1,494000,4927000,6838000,0,398,4421000,Full,726000000
1784670142.466954042,25450.67,54800,55200,55700,56100,55700,55700,55700,56100,56400,54600,54600,55400,56700,55800,55800,56600,56200,55800,55400,53500,54300,52700,52300,56300,52300,52300,50800,51500,51500,52300,60600,62500,60600,61700,57100,62500,61700,60200,61400,61000,60200,60600,60600,55800,53900,53700,52300,54600,51500,51900,52300,37000,0,0,37000,42541,54500,95000,0,40308,37000,35400,50298,95000,37503,0,38847,54500,36128,0,46061,0,48458,0,36204,43228,0,47466,55300,0,37348,0,43405,46112,48265,49325,49728,53594,50165,56800,48384,47846,45459,35400,3300,-273000,-273000,-273000,335891,779471,20664576,342482,63,0,224,22,126,0,448,44,0,0,0,0,1640,19443,402336,702,10392,14010,244768,2199,335891,779471,20664576,342482,15475008,513268,7152816,2.73,0.00,0.00,657270,359979,13285260,333703,,,,1670400,1670400,1670400,1670400,1670400,1670400,883200,883200,0,,,,,,0,,871162,1000212,398,4928,400,1,497000,4929000,6838000,0,398,4421000,Full,726000000
1784670142.753140552,25450.95,54400,54400,55700,55700,55300,55300,54900,54900,54500,54300,54600,55400,56300,55800,56200,56200,55800,55800,55000,53100,53900,52700,52300,56300,52300,51900,50800,51500,51500,52700,60600,62100,61000,61400,56700,62100,61700,59800,61000,61000,60600,61000,60600,55800,53500,54100,52700,54600,51500,51500,52300,37000,0,0,37000,42538,54900,95000,0,40308,37000,35400,50328,95000,37503,0,38847,53700,36136,0,46070,0,48477,0,36195,43235,0,47462,53700,0,37358,0,43329,46112,48261,49560,49829,53628,50031,56800,48518,47913,45325,35400,3300,-273000,-273000,-273000,335891,779471,20664576,342482,63,0,224,22,126,0,448,44,0,0,0,0,1640,19443,402336,702,10392,14010,244768,2199,335891,779471,20664576,342482,15475008,522696,7162164,2.59,0.00,0.00,657270,359979,13285260,333703,,,,998400,998400,998400,998400,998400,998400,883200,883200,0,,,,,,0,,864837,1000257,398,4928,400,1,497000,4933000,6838000,0,398,4421000,Full,726000000
1784670143.071845813,25451.27,54800,54800,55700,55700,55300,54900,54900,55300,54500,54600,54600,55800,56700,55400,56200,56600,56200,55800,55400,53100,53900,52300,52300,56300,52700,52300,50800,51500,51500,52300,60600,62100,61000,61400,57100,61700,61400,59800,61400,61000,60200,60600,60600,55800,53900,53700,52700,54600,51500,51900,51900,37000,0,0,37000,42546,54900,95000,0,40308,37000,35400,50303,95000,37503,0,38847,54100,36139,0,46032,0,48469,0,36176,43232,0,47459,53700,0,37339,0,43373,46123,48253,49325,49829,53561,50165,56400,48384,47745,45392,35400,3300,-273000,-273000,-273000,335891,779471,20664576,342482,63,0,224,22,126,0,448,44,0,0,0,0,1640,19443,402336,702,10392,14010,244768,2199,335891,779471,20664576,342482,15475008,520940,7160408,2.59,0.00,0.00,657270,359979,13285260,333703,,,,1785600,1785600,1785600,1785600,1785600,1785600,883200,883200,0,,,,,,0,,864837,1000257,398,4928,400,1,494000,4922000,6836000,0,363,4422000,Full,726000000
1784670143.646864042,25451.85,54400,54800,55700,55700,55300,55300,55300,55300,54900,54300,54300,55400,56300,55400,55800,56600,55800,55800,55400,52700,53500,52300,52300,56300,52300,52300,51200,51500,51500,52700,60200,61700,60600,61000,56700,61700,61400,59800,60600,61000,60600,61000,60200,55400,53900,53700,53100,54600,51500,51500,51900,37000,0,0,37000,42550,54500,95000,0,40308,37000,35500,50290,95000,37503,0,38847,53700,36160,0,46054,0,48436,0,36131,43235,0,47485,53700,0,37316,0,43390,46139,48276,49392,49728,53426,50367,56800,48451,47947,45325,35500,3300,-273000,-273000,-273000,335891,779471,20664576,342482,63,0,224,22,126,0,448,44,0,0,0,0,1640,19443,402336,702,10392,14010,244768,2199,335891,779471,20664576,342482,15475008,512188,7151644,2.59,0.00,0.00,657270,359979,13285260,333703,,,,998400,998400,998400,998400,998400,998400,883200,883200,0,,,,,,0,,864837,1000257,398,4928,400,1,491000,4923000,6836000,0,377,4422000,Full,726000000
1784670143.962462583,25452.16,54400,54800,55700,55300,54900,55700,55300,54900,54500,54300,54600,55800,56300,55800,56200,56600,55800,55800,55400,53500,53900,52300,52300,56300,52700,51900,50800,51500,51900,52300,60600,62100,60600,61400,56700,61700,61400,60200,61000,61000,60600,61000,60200,55400,53500,53700,52300,54300,51200,51500,52300,37000,0,0,37000,42564,54500,95000,0,40308,37000,35500,50286,95000,37503,0,38847,54100,36148,0,46084,0,48458,0,36182,43232,0,47496,54100,0,37339,0,43416,46143,48289,49526,49661,53460,50233,56400,48417,48451,45325,35500,3300,-273000,-273000,-273000,335891,779471,20664576,342482,63,0,224,22,126,0,448,44,0,0,0,0,1640,19443,402336,702,10392,14010,244768,2199,335891,779471,20664576,342482,15475008,506136,7145628,2.59,0.00,0.00,657270,359979,13285260,333703,,,,883200,883200,883200,883200,883200,883200,883200,883200,0,,,,,,0,,857108,1000500,398,4928,400,1,494000,4923000,6836000,0,377,4422000,Full,726000000
1784670144.278804510,25452.48,54400,55200,56100,56100,55700,55300,55300,56100,55300,54300,54300,55400,56300,55800,55800,56600,55800,55800,55000,53100,53900,52700,52700,56300,52700,51900,50800,51200,51500,52300,60600,61700,60600,61400,56700,62100,61700,59800,61400,61000,60200,61000,60600,55400,53500,54100,52700,54300,51500,51500,52300,37000,0,0,37000,42564,54500,95000,0,40308,37000,35500,50272,95000,37503,0,38847,54100,36148,0,46088,0,48429,0,36176,43211,0,47473,54100,0,37355,0,43405,46146,48283,49594,49560,53393,50165,56400,48384,47947,45392,35500,3300,-273000,-273000,-273000,335891,779471,20664576,342482,63,0,224,22,126,0,448,44,0,0,0,0,1640,19443,402336,702,10392,14010,244768,2199,335891,779471,20664576,342482,15475008,516548,7156044,2.59,0.00,0.00,657270,359979,13285260,333703,,,,1113600,1113600,1113600,1324800,1324800,1324800,883200,883200,0,,,,,,0,,857108,1000500,398,4928,400,1,372000,4928000,6836000,0,377,4422000,Full,726000000
1784670144.576881385,25452.78,55600,55600,56100,56100,55300,56100,57200,56100,55700,54600,54300,55400,56700,55800,55800,56200,55800,55400,55000,53100,53900,52300,52300,56300,52300,52300,50800,51500,51200,52700,60200,62100,60600,61400,57100,62500,61700,59800,61000,61000,60600,61000,60600,55400,53500,55300,52700,54600,51500,51900,51900,37000,0,0,37000,42564,56400,95000,0,40308,37000,35500,50294,95000,37503,0,38847,54900,36160,0,46070,0,48444,0,36236,43240,0,47461,54500,0,37344,0,43416,46161,48272,49560,49627,53493,50266,56800,48417,48048,45224,35500,3300,-273000,-273000,-273000,335891,779471,20664576,342482,63,0,224,22,126,0,448,44,0,0,0,0,1640,19443,402336,702,10392,14010,244768,2199,335891,779471,20664576,342482,15475008,517920,7157416,2.48,0.00,0.00,657270,359979,13285260,333703,,,,1785600,1785600,1785600,1785600,1785600,1785600,883200,883200,0,,,,,,0,,857108,1000500,398,4928,400,1,494000,4928000,6836000,0,377,4422000,Full,726000000
1784670144.856578781,25453.06,54400,54800,55700,55300,55300,54900,54900,54900,54900,53900,54300,55400,56300,55400,55800,56200,55800,55400,55000,52700,53500,52700,52700,56000,52300,52300,50800,51500,51500,52300,60600,62100,61000,61700,56700,62100,61700,59800,61000,61000,60200,61000,60600,55400,53500,53700,52700,54600,51500,51500,51900,37000,0,0,37000,42576,54500,95000,0,40308,37000,35500,50290,95000,37503,0,38847,54100,36179,0,46077,0,48444,0,36224,43232,0,47473,54100,0,37335,0,43426,46165,48265,49460,49728,53460,50031,56400,48417,47779,45359,35500,3300,-273000,-273000,-273000,335891,779471,20664576,342482,63,0,224,22,126,0,448,44,0,0,0,0,1640,19443,402336,702,10392,14010,244768,2199,335891,779471,20664576,342482,15475008,514312,7153844,2.48,0.00,0.00,657270,359979,13285260,333703,,,,1113600,1113600,1113600,1113600,1113600,1113600,883200,883200,0,,,,,,0,,868971,1000043,398,4928,400,1,494000,4928000,6836000,0,377,4422000,Full,726000000
1784670145.174663885,25453.38,54400,54400,55700,55300,55300,54900,54900,55300,54500,54300,54600,55400,56700,55800,55800,56600,55800,55800,55400,53100,53500,52700,52700,56000,52300,51900,50800,51500,51200,52300,60600,62100,60200,61400,56300,61700,61400,59400,60600,61000,60200,61000,60600,55400,53500,53700,52700,54600,51500,51500,51900,37000,0,0,37000,42579,54100,95000,0,40308,37000,35500,50286,95000,37503,0,38847,54100,36176,0,46088,0,48498,0,36198,43247,0,47464,53700,0,37313,0,43402,46133,48268,49325,49796,53393,50233,56400,48283,47947,45392,35500,3300,-273000,-273000,-273000,335891,779471,20664576,342482,63,0,224,22,126,0,448,44,0,0,0,0,1640,19443,402336,702,10392,14010,244768,2199,335891,779471,20664576,342482,15475008,518268,7157784,2.48,0.00,0.00,657270,359979,13285260,333703,,,,998400,998400,998400,998400,998400,998400,883200,883200,0,,,,,,0,,868971,1000043,398,4928,400,1,494000,4931000,6836000,0,377,4422000,Full,726000000
1784670145.479173676,25453.68,55600,56300,56400,56400,56400,56800,56800,56800,57200,54600,54600,55800,57100,55800,55800,56600,55800,55800,55000,53100,54300,52300,52300,56700,52300,52300,51200,51200,51500,52300,60600,62500,61000,61400,57500,62100,61700,60200,61000,61000,60600,61000,60600,55400,53500,54900,52300,54300,51500,51500,51900,37000,0,0,37000,42583,55700,95000,0,40308,37000,35500,50256,95000,37503,0,38847,55300,36148,0,46077,0,48462,0,36213,43272,0,47461,55300,0,37314,0,43429,46146,48276,49594,49560,53460,50233,56800,48216,47812,45291,35500,3300,-273000,-273000,-273000,335891,779471,20664576,342482,63,0,224,22,126,0,448,44,0,0,0,0,1640,19443,402336,702,10392,14010,244768,2199,335891,779471,20664576,342482,15475008,509964,7149512,2.48,0.00,0.00,657270,359979,13285260,333703,,,,1785600,1785600,1785600,1785600,1785600,1785600,883200,883200,0,,,,,,0,,868971,1000043,398,4928,400,1,494000,4924000,6836000,0,377,4422000,Full,726000000
1784670145.754243572,25453.96,56000,56700,58400,56800,56800,56800,56100,57600,58000,54600,55000,55800,57500,56200,56200,56600,56200,55800,55400,53500,54300,52700,52300,57100,52700,51900,50800,51500,51500,52700,61000,62500,61000,61700,57900,62500,62100,60600,61400,61700,60600,61000,61000,55800,53500,54500,52700,54600,51500,51500,51900,37000,0,0,37000,42588,54900,95000,0,40308,37000,35500,50286,95000,37503,0,38847,55700,36164,0,46092,0,48462,0,36179,43264,0,47457,56800,0,37328,0,43405,46158,48268,49594,49728,53393,50065,57600,48317,47610,45325,35500,3300,-273000,-273000,-273000,335891,779471,20664576,342482,63,0,224,22,126,0,448,44,0,0,0,0,1640,19443,402336,702,10392,14010,244768,2199,335891,779471,20664576,342482,15475008,504512,7144240,2.48,0.00,0.00,657270,359979,13285260,333703,,,,1113600,1113600,1113600,1113600,1113600,1113600,883200,883200,0,,,,,,0,,872661,1000319,398,4928,400,1,497000,4929000,6836000,0,377,4422000,Full,726000000
1784670146.054631437,25454.26,54800,55600,56400,55700,55300,56100,56800,55700,54900,55000,54600,55800,56700,56200,55800,56600,56200,55800,55800,53100,54300,52700,52700,56300,52300,52300,51200,51500,51500,52700,61000,62500,61400,61700,57100,62500,61700,60600,61700,61400,60600,60600,60600,55400,53900,54500,52700,54300,51900,51500,51900,37000,0,0,37000,42603,56100,95000,0,40308,37000,35500,50298,95000,37503,0,38847,54500,36176,0,46084,0,48473,0,36185,43283,0,47457,54900,0,37317,0,43444,46169,48281,49594,49594,53460,50334,57200,48317,47947,45291,35500,3300,-273000,-273000,-273000,335891,779471,20664576,342482,63,0,224,22,126,0,448,44,0,0,0,0,1640,19443,402336,702,10392,14010,244768,2199,335891,779471,20664576,342482,15475008,500980,7140724,2.48,0.00,0.00,657270,359979,13285260,333703,,,,1785600,1785600,1785600,1785600,1785600,1785600,883200,883200,0,,,,,,0,,872661,1000319,398,4928,400,1,497000,4929000,6836000,0,377,4422000,Full,726000000
1784670146.339503884,25454.54,54400,54800,55700,55700,55300,55300,54900,54900,54500,54600,54600,55800,56300,56200,56200,57000,56200,55400,55400,53100,54600,52300,52700,56000,52300,52300,50800,51500,51500,52700,60200,62500,61000,61700,56700,62500,61700,60200,61400,61000,60600,60600,61000,55800,53500,53700,52700,54600,51500,51500,52300,37000,0,0,37000,42594,54900,95000,0,40308,37000,35500,50260,95000,37503,0,38847,53700,36157,0,46080,0,48502,0,36201,43254,0,47473,54100,0,37321,0,43438,46143,48281,49560,49627,53561,50098,56400,48451,47913,45291,35500,3300,-273000,-273000,-273000,335891,779471,20664576,342482,63,0,224,22,126,0,448,44,0,0,0,0,1640,19443,402336,702,10392,14010,244768,2199,335891,779471,20664576,342482,15475008,514268,7153888,2.48,0.00,0.00,657270,359979,13285260,333703,,,,1785600,1785600,1785600,1785600,1785600,1785600,883200,883200,0,,,,,,0,,872661,1000319,398,4928,400,1,494000,4931000,6836000,0,377,4422000,Full,726000000
1784670146.847605395,25455.05,55600,56000,56400,56100,55700,56400,56800,56400,56100,55000,55000,55800,56700,56200,56200,57000,56200,55800,55400,53500,54600,52700,52700,56700,52700,51900,50800,51500,51500,52300,60600,62100,60600,61400,57100,62500,61700,60200,61400,61400,60600,61000,60600,55800,53500,55300,52700,54300,51500,51500,52300,37000,0,0,37000,42594,56800,95000,0,40308,37000,35500,50282,95000,37503,0,38847,55300,36185,0,46099,0,48469,0,36160,43272,0,47459,55300,0,37323,0,43458,46181,48270,49526,49728,53527,50367,57200,48350,47947,45359,35500,3300,-273000,-273000,-273000,335895,779471,20664680,342484,63,0,224,22,126,0,448,44,0,0,0,0,1640,19443,402336,702,10392,14010,244768,2199,335895,779471,20664680,342484,15475008,513624,7153252,2.40,0.00,0.00,657270,359979,13285312,333703,,,,1785600,1785600,1785600,1785600,1785600,1785600,883200,883200,0,,,,,,0,,858015,1000476,398,4928,400,1,494000,4928000,6836000,0,377,4422000,Full,726000000
1784670147.126943676,25455.33,54400,55600,56100,55300,55700,55300,54900,55700,55700,54300,54300,55400,56700,55800,56200,56600,55800,55400,55400,52700,53900,52700,52700,56300,52300,52300,50800,51500,51500,52700,60600,62100,61000,61000,57100,61700,61400,59800,60600,61000,60200,60600,61000,55400,53900,53700,53100,54300,51500,51500,51900,37000,0,0,37000,42603,54900,95000,0,40308,37000,35500,50276,95000,37503,0,38911,54500,36185,0,46123,0,48486,0,36198,43286,0,47459,54500,0,37330,0,43438,46169,48281,49426,49695,53561,50266,56800,48451,47678,45224,35500,3300,-273000,-273000,-273000,335895,779471,20664680,342484,63,0,224,22,126,0,448,44,0,0,0,0,1640,19443,402336,702,10392,14010,244768,2199,335895,779471,20664680,342484,15475008,514588,7154216,2.40,0.00,0.00,657270,359979,13285312,333703,,,,1670400,1670400,1670400,1670400,1670400,1670400,883200,883200,0,,,,,,0,,858015,1000476,398,4928,400,1,494000,4926000,6836000,0,377,4422000,Full,726000000
1784670147.416296644,25455.62,54400,55200,55700,56100,55700,55300,55300,55700,55300,54600,54300,55400,56700,55800,55800,56200,55800,55800,55000,53100,53900,52300,52700,56300,52300,51900,50800,51500,51500,52700,59400,61700,61000,60600,57100,61700,61400,59400,60600,61000,60200,61000,60600,55400,53500,54100,52700,54300,51500,51500,51900,37000,0,0,37000,42621,54900,95000,0,40308,37000,35500,50286,95000,37503,0,38911,54100,36204,0,46112,0,48462,0,36179,43297,0,47472,54100,0,37322,0,43470,46185,48259,49594,49728,53527,50065,56400,48384,47879,45325,35500,3300,-273000,-273000,-273000,335895,779471,20664680,342484,63,0,224,22,126,0,448,44,0,0,0,0,1640,19443,402336,702,10392,14010,244768,2199,335895,779471,20664680,342484,15475008,508848,7148476,2.40,0.00,0.00,657270,359979,13285312,333703,,,,1113600,1113600,1113600,1113600,1113600,1113600,883200,883200,0,,,,,,0,,0,0,398,4928,400,1,494000,4983000,6836000,0,377,4422000,Full,726000000
1784670147.730895759,25455.93,55200,55200,56100,56100,55300,56100,56400,55300,54900,55000,54600,55800,56700,56200,56200,57000,55800,55800,55400,53100,54300,52700,52700,56300,52700,52300,50800,51500,51500,52300,60600,62500,61000,61700,57100,62500,61700,60200,61700,61400,60600,61000,61000,55800,53500,54100,52700,54600,51500,51500,51900,37000,0,0,37000,42614,54900,95000,0,40308,37000,35500,50311,95000,37503,0,38911,54100,36195,0,46133,0,48473,0,36201,43268,0,47451,54100,0,37316,0,43473,46185,48287,49695,49728,53561,50165,56800,48417,48317,45392,35500,3300,-273000,-273000,-273000,335895,779471,20664680,342484,63,0,224,22,126,0,448,44,0,0,0,0,1640,19443,402336,702,10392,14010,244768,2199,335895,779471,20664680,342484,15475008,509180,7148792,2.40,0.00,0.00,657270,359979,13285312,333703,,,,998400,998400,998400,998400,998400,998400,883200,883200,0,,,,,,0,,0,0,398,4928,400,1,491000,4927000,6836000,0,377,4422000,Full,726000000
1784670148.036744977,25456.24,55600,55600,56400,56100,56100,56400,56400,56400,56800,54600,54600,55400,57100,55800,56200,56600,56200,55400,55400,53100,53900,52300,52700,56700,52300,51900,50800,51500,51500,52700,61000,62500,61000,61700,57500,62900,62100,60600,61400,61400,60600,61400,61000,55800,53500,54500,52700,54600,51500,51500,51900,37000,0,0,37000,42626,56100,95000,0,40308,37000,35500,50286,95000,37503,0,38911,55700,36221,0,46104,0,48502,0,36173,43315,0,47462,55300,0,37328,0,43499,46169,48287,49661,49762,53527,50266,57200,48552,47678,45359,35500,3300,-273000,-273000,-273000,335895,779471,20664680,342484,63,0,224,22,126,0,448,44,0,0,0,0,1640,19443,402336,702,10392,14010,244768,2199,335895,779471,20664680,342484,15475008,509732,7149280,2.40,0.00,0.00,657270,359979,13285312,333703,,,,1785600,1785600,1785600,1785600,1785600,1785600,883200,883200,0,,,,,,0,,876171,1000437,398,4928,400,1,359000,4931000,6836000,0,377,4422000,Full,726000000
1784670148.320395811,25456.52,54400,54800,56100,55700,55300,55300,55700,55300,55300,54300,54600,55400,56300,55800,55400,56600,55800,55400,55400,52300,53900,52700,52700,56300,52700,52300,50800,51500,51200,52700,60600,62100,60600,61700,56700,62100,61400,60200,61000,61400,60600,61000,61000,55800,53500,54100,52700,54300,51500,51500,51900,37000,0,0,37000,42626,55300,95000,0,40308,37000,35500,50272,95000,37503,0,38911,54100,36192,0,46112,0,48469,0,36136,43293,0,47472,54900,0,37293,0,43490,46189,48295,49594,49762,53662,50266,56400,48451,47812,45156,35500,3300,-273000,-273000,-273000,335895,779471,20664680,342484,63,0,224,22,126,0,448,44,0,0,0,0,1640,19443,402336,702,10392,14010,244768,2199,335895,779471,20664680,342484,15475008,509792,7149340,2.40,0.00,0.00,657270,359979,13285312,333703,,,,1785600,1785600,1785600,1785600,1785600,1785600,883200,883200,0,,,,,,0,,0,0,398,4928,400,1,494000,4923000,6836000,0,377,4422000,Full,726000000
1784670148.608346748,25456.81,54400,55200,55700,55700,55300,55700,55700,55700,54500,54600,54600,55400,56700,56200,56200,56600,56200,55800,55400,53500,54300,52700,52300,56700,52700,52300,50800,51500,51500,52700,60600,62100,61000,61400,56700,62100,61700,59800,60600,61000,60600,61000,61000,55400,53500,54100,52700,54600,51500,51500,52300,37000,0,0,37000,42629,54500,95000,0,40308,37000,35600,50286,95000,37503,0,38911,54100,36213,0,46130,0,48473,0,36192,43290,0,47483,54100,0,37343,0,43470,46196,48295,49224,49762,53662,50165,56400,48417,47644,45291,35600,3300,-273000,-273000,-273000,335895,779471,20664680,342484,63,0,224,22,126,0,448,44,0,0,0,0,1640,19443,402336,702,10392,14010,244768,2199,335895,779471,20664680,342484,15475008,505580,7145140,2.32,0.00,0.00,657270,359979,13285312,333703,,,,787200,787200,787200,787200,787200,787200,883200,883200,0,,,,,,0,,0,0,398,4928,400,1,494000,4926000,6836000,0,368,4422000,Full,726000000
1784670148.923510602,25457.12,55600,56000,56100,56100,55300,56100,56100,55700,55700,54300,54600,55800,56700,55800,55800,56200,56200,55400,55400,53100,54300,52700,52700,56300,52700,51900,50800,51200,51500,52700,61000,62500,61000,61700,57100,62500,61700,60200,61400,61000,61000,61000,60600,56200,53500,55300,52700,54300,51500,51500,51900,37000,0,0,37000,42644,56100,95000,0,40308,37000,35600,50311,95000,37503,0,38911,54900,36210,0,46123,0,48498,0,36210,43297,0,47475,54900,0,37363,0,43470,46203,48295,49560,49863,53728,50031,57200,48384,47913,45257,35600,3300,-273000,-273000,-273000,335895,779471,20664680,342484,63,0,224,22,126,0,448,44,0,0,0,0,1640,19443,402336,702,10392,14010,244768,2199,335895,779471,20664680,342484,15475008,510588,7150148,2.32,0.00,0.00,657270,359979,13285312,333703,,,,1785600,1785600,1785600,1785600,1785600,1785600,883200,883200,0,,,,,,0,,866724,1000313,398,4928,400,1,494000,4955000,6836000,0,368,4422000,Full,726000000
1784670149.201696279,25457.40,54400,54800,55700,55300,54900,55300,55300,54900,54500,54300,54300,55800,56700,55400,55800,56200,55800,55800,55400,52300,53100,52300,52700,56000,52700,52300,50800,51500,51500,52300,60600,62500,61400,61000,56700,61700,61700,59800,61000,61400,60200,61000,60600,56200,53900,54100,52700,54600,51900,51500,52300,37000,0,0,37000,42632,54900,95000,0,40308,37000,35600,50272,95000,37503,0,38911,54500,36224,0,46139,0,48473,0,36195,43329,0,47472,55300,0,37295,0,43490,46181,48283,49460,49796,53393,50098,56400,48216,47711,45325,35600,3300,-273000,-273000,-273000,335895,779471,20664680,342484,63,0,224,22,126,0,448,44,0,0,0,0,1640,19443,402336,702,10392,14010,244768,2199,335895,779471,20664680,342484,15475008,506560,7146120,2.32,0.00,0.00,657270,359979,13285312,333703,,,,1785600,1785600,1785600,1785600,1785600,1785600,883200,883200,0,,,,,,0,,866724,1000313,398,4928,400,1,497000,4929000,6836000,0,368,4422000,Full,726000000
1784670149.492501591,25457.69,54000,54800,55700,55300,55300,54900,55300,55300,54500,54600,54600,55800,56300,56200,56200,56600,56200,55800,55400,53100,54300,52700,52700,56300,52700,51900,50800,51500,51500,52300,61000,62500,61000,61700,56700,62900,61700,60600,61400,61400,60600,61400,60600,55800,53900,53300,52700,54300,51900,51500,51900,37000,0,0,37000,42647,54500,95000,0,40308,37000,35600,50306,95000,37503,0,38911,54100,36198,0,46146,0,48509,0,36176,43315,0,47461,54100,0,37313,0,43490,46192,48295,49594,49796,53527,50165,56400,48384,47913,45425,35600,3300,-273000,-273000,-273000,335895,779471,20664680,342484,63,0,224,22,126,0,448,44,0,0,0,0,1640,19443,402336,702,10392,14010,244768,2199,335895,779471,20664680,342484,15475008,511828,7151408,2.32,0.00,0.00,657270,359979,13285312,333703,,,,1785600,1785600,1785600,1785600,1785600,1785600,883200,883200,0,,,,,,0,,866724,1000313,398,4928,400,1,494000,4931000,6836000,0,368,4422000,Full,726000000
1784670150.008931539,25458.21,56300,56700,57200,58400,59200,57200,58000,58000,56800,54600,54600,55800,58300,56600,56200,57000,56200,55800,55400,53500,54600,52700,52700,57900,52300,52300,50800,51500,51500,52300,61400,62500,61000,61700,58300,62500,62100,60600,61700,61400,61000,61000,61400,55800,53500,55300,52700,54600,51500,51900,51900,37000,0,0,37000,42659,56400,95000,0,40308,37000,35600,50303,95000,37503,0,38911,55700,36224,0,46133,0,48473,0,36167,43309,0,47472,55700,0,37342,0,43490,46216,48283,49526,49728,53561,50535,58000,48384,47879,45459,35600,3300,-273000,-273000,-273000,335897,779471,20664704,342484,63,0,224,22,126,0,448,44,0,0,0,0,1640,19443,402336,702,10392,14010,244768,2199,335897,779471,20664704,342484,15475008,515736,7155312,2.32,0.00,0.00,657270,359979,13285324,333703,,,,1555200,1555200,1555200,1555200,1555200,1555200,883200,883200,0,,,,,,0,,863110,1000287,398,4928,400,1,494000,4931000,6836000,0,368,4422000,Full,726000000
1784670150.296728987,25458.50,54800,55600,56100,56100,55700,55700,55700,56100,55700,54600,54600,55800,57100,56200,55800,57000,56200,55800,55400,53100,53900,52700,52700,56300,52700,51900,50800,51500,51500,52700,60200,61700,61000,61400,57100,62100,61700,59800,60600,61400,60600,61000,61000,55800,53500,54100,52700,54600,51500,51900,52300,37000,0,0,37000,42656,54900,95000,0,40308,37000,35600,50325,95000,37503,0,38911,54900,36239,0,46158,0,48473,0,36192,43319,0,47472,54100,0,37313,0,43499,46192,48295,49426,49728,53426,50199,56800,48417,47913,45359,35600,3300,-273000,-273000,-273000,335897,779471,20664704,342484,63,0,224,22,126,0,448,44,0,0,0,0,1640,19443,402336,702,10392,14010,244768,2199,335897,779471,20664704,342484,15475008,518372,7157916,2.32,0.00,0.00,657270,359979,13285324,333703,,,,1324800,1324800,1324800,1324800,1324800,1324800,883200,883200,0,,,,,,0,,863110,1000287,398,4928,400,1,494000,4932000,6836000,0,368,4422000,Full,726000000
1784670150.607438206,25458.81,54800,54800,56100,55700,55700,55300,55300,55700,55300,54600,54600,55400,56700,56200,55800,56600,56200,56200,55400,53100,53500,52700,52300,56300,52700,52300,51200,51500,51500,52300,60600,62500,61000,61400,57100,62100,61700,60200,61400,61000,60200,61400,60600,55800,53900,53700,52700,54300,51500,51900,52300,37000,0,0,37000,42667,54500,95000,0,40308,37000,35600,50298,95000,37503,0,38911,54100,36233,0,46165,0,48473,0,36173,43319,0,47475,54100,0,37339,0,43499,46212,48295,49661,49661,53460,50233,56800,48417,47442,45526,35600,3300,-273000,-273000,-273000,335897,779471,20664704,342484,63,0,224,22,126,0,448,44,0,0,0,0,1640,19443,402336,702,10392,14010,244768,2199,335897,779471,20664704,342484,15475008,515852,7155380,2.26,0.00,0.00,657270,359979,13285324,333703,,,,787200,787200,787200,787200,787200,787200,883200,883200,0,,,,,,0,,863110,1000287,398,4928,400,1,494000,4931000,6836000,0,368,4422000,Full,726000000
1784670150.923511070,25459.12,54800,55200,56100,56100,55700,55300,55300,55700,54900,54600,54600,55400,56700,56200,55800,56600,56200,55800,55400,53100,54300,52700,52300,56700,52300,51900,50800,51500,51500,52300,61000,62900,61700,61700,57500,62900,61700,61000,61700,61400,60600,61000,61400,55800,53900,54100,52700,54600,51500,51900,51900,37000,0,0,37000,42667,54500,95000,0,40308,37000,35600,50298,95000,37503,0,38911,54500,36236,0,46181,0,48513,0,36198,43322,0,47472,54100,0,37323,0,43516,46192,48295,49661,49661,53594,50468,56800,48384,47879,45325,35600,3300,-273000,-273000,-273000,335897,779471,20664704,342484,63,0,224,22,126,0,448,44,0,0,0,0,1640,19443,402336,702,10392,14010,244768,2199,335897,779471,20664704,342484,15475008,509128,7148824,2.26,0.00,0.00,657270,359979,13285324,333703,,,,1113600,1113600,1113600,1113600,1113600,1113600,883200,883200,0,,,,,,0,,861174,1000313,398,4928,400,1,494000,4933000,6836000,0,368,4422000,Full,726000000
1784670151.232280810,25459.43,55200,56000,56400,56100,56100,55700,56800,56400,56400,54600,54600,55400,57100,56200,55800,57000,56200,55800,55400,53100,53900,52300,52700,57100,52700,51900,51200,51900,51500,52700,60600,62100,61000,61700,57100,62500,61700,60200,61000,61400,60600,61400,61000,55800,53500,54500,52700,54600,51500,51900,51900,37000,0,0,37000,42659,55300,95000,0,40308,37000,35600,50303,95000,37503,0,38911,55300,36239,0,46181,0,48530,0,36148,43309,0,47492,54900,0,37319,0,43519,46223,48291,49594,49728,53493,50636,57600,48552,47846,45425,35600,3300,-273000,-273000,-273000,335897,779471,20664704,342484,63,0,224,22,126,0,448,44,0,0,0,0,1640,19443,402336,702,10392,14010,244768,2199,335897,779471,20664704,342484,15475008,516976,7156752,2.26,0.00,0.00,657270,359979,13285324,333703,,,,1670400,1670400,1670400,1670400,1670400,1670400,883200,883200,0,,,,,,0,,861174,1000313,398,4928,400,1,497000,4932000,6836000,0,368,4422000,Full,726000000
1784670151.521806851,25459.72,55600,56000,56400,56400,56100,56100,56400,56800,56800,54600,54600,55800,57100,56200,55800,57000,56200,55800,55400,53100,54300,52700,52700,57100,52700,52300,50800,51500,51500,52300,61000,62100,61000,61700,57100,62100,62100,60200,61000,61000,60600,61400,61400,55800,53900,54900,52700,54600,51900,51500,52300,37000,0,0,37000,42677,55300,95000,0,40308,37000,35600,50344,95000,37503,0,38911,55300,36233,0,46158,0,48522,0,36182,43341,0,47488,55700,0,37276,0,43516,46209,48305,49594,49796,53561,50367,57200,48585,48115,45459,35600,3300,-273000,-273000,-273000,335902,779471,20664904,342485,63,0,224,22,126,0,448,44,0,0,0,0,1640,19443,402336,702,10392,14010,244768,2199,335902,779471,20664904,342485,15475008,592236,7231836,2.26,0.00,0.00,657270,359979,13285424,333703,,,,1785600,1785600,1785600,1785600,1785600,1785600,883200,883200,0,,,,,,0,,861174,1000313,398,4928,400,1,494000,4935000,6836000,0,368,4422000,Full,726000000
1784670151.804893361,25460.01,54400,54800,56100,55700,55700,55300,54900,55300,54900,54600,54600,55800,56700,56200,56200,57000,56600,55800,55400,53500,54300,52700,52300,56700,52300,52300,51200,51900,51500,52700,61000,62500,61400,61700,56700,62500,62100,60600,61400,61400,60600,61000,61000,55800,53900,54100,53100,54600,51500,51900,51900,37000,0,0,37000,42670,54900,95000,0,40308,37000,35600,50341,95000,37503,0,38911,54500,36249,0,46192,0,48517,0,36213,43358,0,47485,54500,0,37334,0,43512,46216,48309,49526,49796,53561,50165,56400,48350,48115,45459,35600,3300,-273000,-273000,-273000,335902,779471,20664904,342485,63,0,224,22,126,0,448,44,0,0,0,0,1640,19443,402336,702,10392,14010,244768,2199,335902,779471,20664904,342485,15475008,602964,7242468,2.26,0.00,0.00,657270,359979,13285424,333703,,,,1228800,1228800,1228800,1228800,1228800,1228800,883200,883200,0,,,,,,0,,878760,1000236,398,4928,400,1,494000,4937000,6836000,0,368,4422000,Full,726000000
1784670152.112663309,25460.31,54800,54800,55700,55700,55300,55300,55700,55300,54900,54600,54600,55800,56300,56200,56200,57000,56200,56200,55400,53100,54300,52700,52700,56300,52700,52300,51200,51900,51500,52700,60600,62500,60600,61400,56700,62100,61400,59800,61400,61000,60200,60600,60200,55800,53500,53700,52700,54300,51500,51500,52300,37000,0,0,37000,42677,54500,95000,0,40308,37000,35600,50375,95000,37640,0,38911,54100,36245,0,46178,0,48486,0,36176,43365,0,47481,53700,0,37283,0,43545,46255,48299,49560,49695,53393,50199,56800,48518,47980,45257,35600,3300,-273000,-273000,-273000,335910,779471,20665024,342487,63,0,224,22,126,0,448,44,0,0,0,0,1640,19443,402336,702,10392,14010,244768,2199,335910,779471,20665024,342487,15475008,599688,7239184,2.26,0.00,0.00,657270,359979,13285484,333703,,,,998400,998400,998400,998400,998400,998400,883200,883200,0,,,,,,0,,878760,1000236,398,4928,400,1,494000,4931000,6836000,0,368,4422000,Full,726000000
1784670152.427031434,25460.63,55200,55600,56400,56100,56100,55700,56100,56800,56800,54300,54300,55400,57100,55400,55800,56200,55800,55800,55000,52700,53900,52700,52700,56700,52300,52300,50800,51500,51500,52300,60600,62100,61400,61400,57500,62500,62500,59800,61400,61400,61000,61400,61400,55800,53900,54100,53100,54300,51900,51900,52300,37000,0,0,37000,42697,55300,95000,0,40308,37000,35600,50333,95000,37640,0,38911,54900,36273,0,46161,0,48502,0,36167,43365,0,47490,55300,0,37316,0,43548,46227,48318,49796,49796,53830,50266,57200,48417,47947,45359,35600,3300,-273000,-273000,-273000,335910,779471,20665024,342487,63,0,224,22,126,0,448,44,0,0,0,0,1640,19443,402336,702,10392,14010,244768,2199,335910,779471,20665024,342487,15475008,602088,7241568,2.26,0.00,0.00,657270,359979,13285484,333703,,,,998400,998400,998400,998400,998400,998400,883200,883200,0,,,,,,0,,878760,1000236,398,4928,400,1,491000,4929000,6836000,0,368,4422000,Full,726000000
1784670152.729886017,25460.93,54800,55600,56400,56400,55700,56100,56400,55700,55300,54600,54600,55400,57100,56200,56200,56600,56600,55800,55800,53100,53500,52700,52700,56700,52700,52300,50800,51500,51500,52700,61400,63300,61700,62100,57100,63300,62500,60600,61700,61700,61000,61400,61400,55800,53900,54100,52700,54600,51900,51900,52300,37000,0,0,37000,42703,55300,95000,0,40308,37000,35600,50383,95000,37640,0,38911,54500,36261,0,46192,0,48506,0,36195,43351,0,47509,54500,0,37319,0,43541,46234,48318,49594,49863,53628,50535,57200,48417,48216,45425,35600,3400,-273000,-273000,-273000,335910,779471,20665024,342487,63,0,224,22,126,0,448,44,0,0,0,0,1640,19443,402336,702,10392,14010,244768,2199,335910,779471,20665024,342487,15475008,598284,7237764,2.21,0.00,0.00,657270,359979,13285484,333703,,,,1785600,1785600,1785600,1785600,1785600,1785600,883200,883200,0,,,,,,0,,830468,1000471,398,4928,400,1,491000,4927000,6836000,0,368,4422000,Full,726000000
1784670153.230212736,25461.43,56000,56300,57200,56800,56800,56400,56100,57200,58000,55000,55000,56600,57900,56600,56600,57700,57000,56600,56200,53500,54600,53100,52700,57500,52700,52300,51200,51900,51900,52700,62100,64500,62500,63300,57900,64100,63300,62100,63300,62900,61700,62500,62500,56200,53900,55300,53100,55000,51900,51500,52300,37000,0,0,37000,42700,56100,95000,0,40308,37000,35600,50383,95000,37640,0,38911,55700,36284,0,46212,0,48498,0,36227,43394,0,47496,56100,0,37349,0,43555,46227,48318,49560,49829,53830,50367,58000,48653,48182,45325,35600,3400,-273000,-273000,-273000,335910,779471,20665024,342487,63,0,224,22,126,0,448,44,0,0,0,0,1640,19443,402336,702,10392,14010,244768,2199,335910,779471,20665024,342487,15475008,596216,7235748,2.21,0.00,0.00,657270,359979,13285484,333703,,,,1113600,1113600,1113600,1113600,1113600,1113600,883200,883200,0,,,,,,0,,830468,1000471,398,4928,400,1,494000,4975000,6836000,0,368,4422000,Full,726000000
1784670153.523676798,25461.72,55200,55600,56800,56400,56400,56400,56800,56400,56800,55000,55000,56200,57500,56600,56600,57400,57000,56600,56200,53500,54300,52700,53100,57100,52700,52700,51200,51500,51900,53100,61700,63300,62100,62900,57900,63300,63300,61000,62500,62100,61700,62100,62100,56200,54300,54500,53100,55000,51900,51900,52700,37000,0,0,37000,42715,54900,95000,0,40308,37000,35600,50413,95000,37640,0,38911,54900,36281,0,46203,0,48534,0,36125,43373,0,47505,54900,0,37328,0,43545,46247,48326,49829,49863,53997,50703,57600,48384,47745,45224,35600,3400,-273000,-273000,-273000,335910,779471,20665024,342487,63,0,224,22,126,0,448,44,0,0,0,0,1640,19443,402336,702,10392,14010,244768,2199,335910,779471,20665024,342487,15475008,597612,7237144,2.21,0.00,0.00,657270,359979,13285484,333703,,,,1785600,1785600,1785600,1785600,1785600,1785600,883200,883200,0,,,,,,0,,830468,1000471,398,4928,400,1,494000,4932000,6834000,0,440,4418000,Full,726000000
1784670153.883913934,25462.09,55200,55600,56800,56100,55700,56100,56100,56100,55300,55000,54600,56200,57500,56600,56600,57400,57000,56600,55800,53100,53900,53100,53100,57500,53100,52700,51500,51900,51900,53100,62100,64100,62100,62500,57900,63700,62900,61700,62500,62500,61700,62500,62100,56600,54300,54100,53500,55000,51900,51900,52700,37000,0,0,37000,42718,54900,95000,0,40308,37000,35700,50459,95000,37640,0,38911,54900,36281,0,46227,0,48530,0,36185,43380,0,47509,54900,0,37331,0,43577,46243,48337,49594,49796,54065,50266,57200,48585,47846,45257,35700,3400,-273000,-273000,-273000,335910,779471,20665024,342487,63,0,224,22,126,0,448,44,0,0,0,0,1640,19443,402336,702,10392,14010,244768,2199,335910,779471,20665024,342487,15475008,599816,7239324,2.21,0.00,0.00,657270,359979,13285484,333703,,,,1324800,1324800,1324800,1324800,1324800,1324800,883200,883200,0,,,,,,0,,851595,1000349,398,4928,400,1,494000,4933000,6834000,0,440,4418000,Full,726000000
1784670154.177295236,25462.38,56700,57500,57600,57600,57200,57200,57600,58400,58800,55800,55800,57000,58300,57000,57000,57700,57000,57000,56600,53900,55000,53100,53100,58300,53100,52300,51500,51900,52300,53100,62500,64800,62900,63700,58300,64500,63700,62100,63300,63300,62100,62500,62500,56600,54300,56400,53500,55000,51900,52300,52300,37000,0,0,37000,42715,56800,95000,0,40308,37000,35700,50478,95000,37640,0,38911,55700,36273,0,46238,0,48546,0,36154,43347,0,47518,56100,0,37296,0,43602,46227,48351,49695,50065,54300,50737,58400,48451,48216,45257,35700,3400,-273000,-273000,-273000,335910,779471,20665024,342487,63,0,224,22,126,0,448,44,0,0,0,0,1640,19443,402336,702,10392,14010,244768,2199,335910,779471,20665024,342487,15475008,594776,7234284,2.21,0.00,0.00,657270,359979,13285484,333703,,,,1670400,1670400,1670400,1670400,1670400,1670400,883200,883200,0,,,,,,0,,851595,1000349,398,4928,400,1,497000,4928000,6834000,0,440,4418000,Full,726000000
1784670154.462613933,25462.66,56000,56300,57600,57600,56800,56800,56400,57200,56400,56200,55800,57000,58700,57000,57400,58100,57400,56600,56600,53900,55000,53100,53500,57900,53100,52700,51200,51900,52300,53500,62500,64500,62900,63700,58700,64800,64100,62100,63700,63300,62100,62900,62900,56600,54300,55300,53500,55400,52300,51900,52700,37000,0,0,37000,42723,55700,95000,0,40308,37000,35700,50520,95000,37640,0,38911,56100,36324,0,46216,0,48559,0,36195,43419,0,47529,55700,0,37325,0,43563,46238,48372,49560,49829,54065,50838,58400,48484,48148,45224,35700,3400,-273000,-273000,-273000,335910,779471,20665024,342487,63,0,224,22,126,0,448,44,0,0,0,0,1640,19443,402336,702,10392,14010,244768,2199,335910,779471,20665024,342487,15475008,594816,7234356,2.21,0.00,0.00,657270,359979,13285484,333703,,,,787200,787200,787200,787200,787200,787200,883200,883200,0,,,,,,0,,851595,1000349,398,4928,400,1,494000,4926000,6834000,0,440,4418000,Full,726000000
1784670154.780478464,25462.98,56300,57100,57600,57200,57200,57200,57200,57200,57600,55400,55400,56600,58300,57000,57400,58100,57400,57000,56600,53900,54600,53500,53100,58300,53500,52700,51500,51900,52700,53100,61700,63700,62500,62500,58700,63700,63300,61000,62500,63300,62100,62900,62100,57400,54600,55700,53500,55400,51900,52700,52700,37000,0,0,37000,42715,56400,95000,0,40308,37000,35700,50528,95000,37640,0,38911,55700,36287,0,46238,0,48578,0,36173,43394,0,47522,55700,0,37325,0,43548,46255,48383,49796,49997,54233,50938,58400,48552,47745,45224,35700,3400,-273000,-273000,-273000,335910,779471,20665024,342487,63,0,224,22,126,0,448,44,0,0,0,0,1640,19443,402336,702,10392,14010,244768,2199,335910,779471,20665024,342487,15475008,590532,7230076,2.17,0.00,0.00,657270,359979,13285484,333703,,,,1785600,1785600,1785600,1785600,1785600,1785600,883200,883200,0,,,,,,0,,859928,1000175,398,4928,400,1,494000,4929000,6834000,0,440,4418000,Full,726000000
1784670155.063026850,25463.26,56000,56300,57200,56800,56400,56800,56800,56800,56800,55800,55400,57000,58300,57000,57400,58100,57700,57000,56600,53900,55000,53500,53100,57900,53100,52700,51900,51900,52300,53500,62500,64100,62500,63300,58300,64100,63300,61400,62900,62900,62100,62500,62500,57000,54600,54900,53500,55400,52300,51900,52700,37000,0,0,37000,42727,55700,95000,0,40308,37000,35700,50566,95000,37640,0,38911,55300,36287,0,46251,0,48582,0,36179,43422,0,47561,55700,0,37321,0,43599,46258,48416,49560,50132,54132,50770,58000,48653,48115,45156,35700,3400,-273000,-273000,-273000,335910,779471,20665024,342487,63,0,224,22,126,0,448,44,0,0,0,0,1640,19443,402336,702,10392,14010,244768,2199,335910,779471,20665024,342487,15475008,589004,7228552,2.17,0.00,0.00,657270,359979,13285484,333703,,,,1785600,1785600,1785600,1785600,1785600,1785600,883200,883200,0,,,,,,0,,859928,1000175,398,4928,400,1,494000,4926000,6834000,0,440,4418000,Full,726000000
1784670155.348697475,25463.55,55600,56000,57200,56800,56400,56400,56800,56400,55700,55800,55400,56600,57900,57400,57400,57700,57400,57000,56600,53900,54600,53500,53100,57500,53500,52700,51500,52300,51900,53100,62100,64100,62500,62900,57900,63700,63300,61700,62900,62900,62100,62500,62100,57000,54300,54900,53500,55400,52700,52300,52700,37000,0,0,37000,42730,55300,95000,0,40308,37000,35700,50582,95000,37640,0,38911,54500,36301,0,46230,0,48589,0,36176,43405,0,47565,54900,0,37323,0,43577,46262,48419,49728,49964,54300,50535,58000,48821,47678,45257,35700,3400,-273000,-273000,-273000,335910,779471,20665024,342487,63,0,224,22,126,0,448,44,0,0,0,0,1640,19443,402336,702,10392,14010,244768,2199,335910,779471,20665024,342487,15475008,591728,7231276,2.17,0.00,0.00,657270,359979,13285484,333703,,,,998400,998400,998400,998400,998400,998400,883200,883200,0,,,,,,0,,0,0,398,4928,400,1,494000,4929000,6834000,0,440,4418000,Full,726000000
1784670155.657957735,25463.86,57500,58700,60000,58800,59600,58400,58000,58800,58000,56200,55800,57400,59000,57700,57700,58500,57700,57400,56600,54300,55400,53500,53500,59000,53500,53100,51500,52300,52300,53500,62500,65200,62900,63700,59400,65200,64100,62100,63300,63300,62500,62900,62900,57000,54600,56100,53100,55400,52300,52300,52700,37000,0,0,37000,42745,56800,95000,0,40308,37000,35700,50592,95000,37640,0,38911,57200,36293,0,46238,0,48606,0,36160,43416,0,47553,56800,0,37355,0,43599,46293,48429,49896,50065,54367,51006,59200,48653,47544,45224,35700,3400,-273000,-273000,-273000,336174,779471,20701456,342522,63,0,224,22,126,0,448,44,0,0,0,0,1640,19443,402336,702,10392,14010,244768,2199,336174,779471,20701456,342522,15475008,623980,7232072,2.17,0.00,0.00,657270,359979,13303700,333703,,,,1785600,1785600,1785600,1785600,1785600,1785600,883200,883200,0,,,,,,0,,0,0,398,4928,400,1,428000,4924000,6834000,0,440,4418000,Full,726000000
1784670155.936021641,25464.14,57500,58300,58800,58000,57600,58800,59200,58400,58400,56200,56200,57400,59000,57700,58100,58500,57700,57400,57000,54600,55800,53500,53500,58700,53500,53100,51500,52300,52300,53900,62900,65200,63300,64100,59000,64800,64100,62500,63700,63700,62900,62900,63300,57400,55000,56800,53500,55400,52700,52300,53100,37000,0,0,37000,42756,58000,95000,0,40308,37000,35700,50740,95000,37640,0,38911,56400,36312,0,46262,0,48622,0,36195,43438,0,47581,57200,0,37314,0,43599,46286,48452,49997,50098,54569,50905,59200,48585,47779,45190,35700,3400,-273000,-273000,-273000,336176,779471,20701504,342523,63,0,224,22,126,0,448,44,0,0,0,0,1640,19443,402336,702,10392,14010,244768,2199,336176,779471,20701504,342523,15475008,617456,7225540,2.17,0.00,0.00,657270,359979,13303724,333703,,,,1785600,1785600,1785600,1785600,1785600,1785600,883200,883200,0,,,,,,0,,849820,1000326,398,4928,400,1,491000,4926000,6834000,0,440,4418000,Full,726000000
1784670156.458919818,25464.66,56300,56700,58000,58000,57200,56800,56800,57600,57600,56600,56200,57400,59000,57700,57700,58500,57700,57700,57000,54600,55800,53900,53500,58700,53500,53100,51900,52300,52300,53500,62900,64800,63300,64100,59000,65200,64100,62500,63700,63700,62500,63300,63300,57700,54600,55700,53900,55800,52700,52300,53500,37000,0,0,37000,42764,56100,95000,0,40308,37000,35700,50816,95000,37640,0,38911,56100,36309,0,46320,0,48639,0,36139,43429,0,47602,56100,0,37361,0,43606,46275,48469,49896,50165,54300,51140,59200,48619,48148,45056,35700,3400,-273000,-273000,-273000,336176,779471,20701504,342523,63,0,224,22,126,0,448,44,0,0,0,0,1640,19443,402336,702,10392,14010,244768,2199,336176,779471,20701504,342523,15475008,624964,7233040,2.17,0.00,0.00,657270,359979,13303724,333703,,,,1113600,1113600,1113600,1113600,1113600,1113600,883200,883200,0,,,,,,0,,849820,1000326,398,4928,400,1,316000,4926000,6834000,0,440,4418000,Full,726000000
1784670156.771816589,25464.97,56700,57100,58000,58400,57600,57600,57200,57600,57200,56200,56200,57400,59000,58100,58100,58500,58100,57700,57400,54300,55400,53900,53500,58700,53900,53100,51900,52700,52700,53500,63300,64800,63300,64100,59000,64800,64500,62900,64100,64100,62900,63700,63300,57400,55000,55700,53900,56200,52700,52700,53500,37000,0,0,37000,42779,56400,95000,0,40308,37000,35700,50820,95000,37640,0,38911,56400,36312,0,46320,0,48667,0,36204,43441,0,47609,56400,0,37319,0,43599,46286,48522,49997,50098,54737,51174,58800,48821,48148,45123,35700,3400,-273000,-273000,-273000,336176,779471,20701504,342523,63,0,224,22,126,0,448,44,0,0,0,0,1640,19443,402336,702,10392,14010,244768,2199,336176,779471,20701504,342523,15475008,623700,7231780,2.32,0.00,0.00,657270,359979,13303724,333703,,,,883200,883200,883200,883200,883200,883200,883200,883200,0,,,,,,0,,865123,1004085,398,4928,400,1,494000,4924000,6834000,0,440,4418000,Full,726000000
1784670157.080257318,25465.28,57100,58300,58800,58000,57600,58800,60000,58000,57600,56200,55800,57400,59000,57700,57700,58500,58100,57400,57000,54300,55400,53900,53500,58700,53500,53500,51500,52700,52700,53900,62900,64800,63300,63700,59000,64800,64500,62500,63700,63700,62900,63300,63300,57400,55000,56800,53500,55800,52300,52700,53100,37000,0,0,37000,42776,57600,95000,0,40564,37000,35700,50816,95000,37700,0,39104,56400,36318,0,46344,0,48661,0,36157,43438,0,47628,56400,0,37360,0,43609,46320,48520,49930,50165,54737,50804,59200,48888,48249,45190,35700,3400,-273000,-273000,-273000,336179,779471,20701560,342525,63,0,224,22,126,0,448,44,0,0,0,0,1640,19443,402336,702,10392,14010,244768,2199,336179,779471,20701560,342525,15475008,624032,7232108,2.32,0.00,0.00,657270,359979,13303752,333703,,,,1785600,1785600,1785600,1785600,1785600,1785600,883200,883200,0,,,,,,0,,865123,1004085,398,4928,400,1,494000,4929000,6834000,0,440,4418000,Full,726000000
1784670157.361280599,25465.56,56300,56700,58000,57600,57600,57200,56800,57200,56800,56200,56600,57700,58700,58100,58100,58900,57700,57700,57000,54600,55800,53500,53900,58300,53900,53500,51900,52700,52700,53900,62900,65200,63700,64500,59000,65200,64500,62500,64100,63700,62900,62900,63300,57400,54600,55700,53900,55800,52700,52700,53500,37000,0,0,37000,42776,56400,95000,0,40564,37000,35700,50911,95000,37700,0,39104,55700,36334,0,46362,0,48694,0,36204,43476,0,47628,55700,0,37360,0,43619,46335,48549,49964,50334,54502,50905,58800,48787,47745,45156,35700,3400,-273000,-273000,-273000,336179,779471,20701560,342525,63,0,224,22,126,0,448,44,0,0,0,0,1640,19443,402336,702,10392,14010,244768,2199,336179,779471,20701560,342525,15475008,620496,7228572,2.32,0.00,0.00,657270,359979,13303752,333703,,,,1555200,1555200,1555200,1555200,1555200,1555200,883200,883200,0,,,,,,0,,865123,1004085,398,4928,400,1,494000,4928000,6834000,0,440,4418000,Full,726000000
1784670157.661275755,25465.86,56000,56700,57600,57600,57200,57200,56800,57200,56800,56200,56200,57400,58700,58100,58100,58900,57700,57400,57000,54600,55400,53900,53900,58700,53500,53100,51900,52300,52700,53900,63300,65200,63300,64100,58700,65200,64100,62500,63700,63700,62900,63700,63300,57700,55000,55700,53900,55800,52700,52700,53100,37000,0,0,37000,42786,56100,95000,0,40564,37000,35700,50919,95000,37700,0,39104,55700,36358,0,46347,0,48733,0,36145,43473,0,47659,56400,0,37373,0,43602,46347,48576,49997,50468,54871,51207,59200,48821,48216,45056,35700,3400,-273000,-273000,-273000,336179,779471,20701560,342525,63,0,224,22,126,0,448,44,0,0,0,0,1640,19443,402336,702,10392,14010,244768,2199,336179,779471,20701560,342525,15475008,613292,7221412,2.32,0.00,0.00,657270,359979,13303752,333703,,,,1113600,1113600,1113600,1113600,1113600,1113600,883200,883200,0,,,,,,0,,865123,1004085,398,4928,400,1,494000,4933000,6834000,0,440,4418000,Full,726000000
1784670157.964672890,25466.17,56300,56700,58000,58000,57200,57200,57200,57600,56800,56600,56600,57700,59000,58100,58100,58500,58100,57700,57400,55000,55800,53900,53900,58300,53500,53500,51900,52700,52700,53900,63300,65600,63300,64100,59000,65600,64100,62900,64100,63700,63300,63300,63300,57400,55000,55700,53900,55800,52700,53100,53500,37000,0,0,37000,42797,56100,95000,0,40564,37000,35700,50946,95000,37700,0,39104,55700,36358,0,46365,0,48766,0,36204,43480,0,47671,56100,0,37382,0,43644,46344,48593,49997,50300,54468,51275,58800,48888,48384,45022,35700,3400,-273000,-273000,-273000,336181,779471,20701584,342525,63,0,224,22,126,0,448,44,0,0,0,0,1640,19443,402336,702,10392,14010,244768,2199,336181,779471,20701584,342525,15475008,614808,7222944,2.32,0.00,0.00,657270,359979,13303764,333703,,,,1228800,1228800,1228800,1228800,1228800,1228800,883200,883200,0,,,,,,0,,855019,1004136,398,4928,400,1,419000,4931000,6834000,0,440,4418000,Full,726000000
1784670158.267679036,25466.47,57500,57900,58400,58400,58400,58000,57600,59200,59600,56600,56200,57700,59000,57700,58100,58900,58100,57700,57400,54300,55400,53900,53500,59000,53900,53100,51900,52700,52700,53500,63300,65200,63700,64500,59400,65600,64500,62900,64100,64100,63300,63700,63300,57700,55000,56400,53900,55800,52700,52700,53100,37000,0,0,37000,42806,57200,95000,0,40564,37000,35700,51009,95000,37700,0,39104,56800,36337,0,46369,0,48783,0,36145,43480,0,47693,58000,0,37337,0,43609,46351,48602,49964,50400,54771,51476,59200,48989,48451,44989,35700,3400,-273000,-273000,-273000,336181,779471,20701584,342525,63,0,224,22,126,0,448,44,0,0,0,0,1640,19443,402336,702,10392,14010,244768,2199,336181,779471,20701584,342525,15475008,624428,7232640,2.32,0.00,0.00,657270,359979,13303764,333703,,,,1785600,1785600,1785600,1785600,1785600,1785600,883200,883200,0,,,,,,0,,855019,1004136,398,4928,400,1,494000,4931000,6834000,0,440,4418000,Full,726000000
1784670158.541231744,25466.74,57900,58300,58800,59200,59200,59200,59200,60000,60300,56600,56600,58100,59800,58100,58100,58900,58100,57700,57400,55000,55400,53900,53900,59400,53900,53100,52300,52700,52700,53900,63700,66000,64100,64800,59800,65600,64500,63300,64500,64500,63300,64100,64100,57700,55000,56400,53900,56200,53100,52700,53500,37000,0,0,37000,42806,58400,95000,0,40564,37000,35700,50991,95000,37700,0,39104,57600,36327,0,46397,0,48798,0,36139,43476,0,47689,58400,0,37334,0,43648,46358,48618,50165,50300,54905,51476,60000,48888,48081,45056,35700,3400,-273000,-273000,-273000,336181,779471,20701584,342525,63,0,224,22,126,0,448,44,0,0,0,0,1640,19443,402336,702,10392,14010,244768,2199,336181,779471,20701584,342525,15475008,620956,7229116,2.32,0.00,0.00,657270,359979,13303764,333703,,,,1785600,1785600,1785600,1785600,1785600,1785600,883200,883200,0,,,,,,0,,855019,1004136,398,4928,400,1,494000,4929000,6834000,0,440,4418000,Full,726000000
1784670158.824656640,25467.03,56700,57100,58400,58400,57600,57200,56800,57600,57200,56600,57000,58100,59000,58500,58500,59300,58100,58100,57700,55000,56200,54300,53900,59000,53900,53100,52300,52700,53100,53900,63300,65200,63700,64100,59400,65200,64100,62900,64100,63700,63300,63700,63700,57700,55000,55700,54300,55800,53100,52300,53500,37000,0,0,37000,42827,56100,95000,0,40564,37000,35800,51033,95000,37700,0,39104,56400,36298,0,46385,0,48815,0,36182,43494,0,47711,56400,0,37352,0,43631,46369,48646,50300,50468,55074,51207,59200,48888,48484,44989,35800,3400,-273000,-273000,-273000,336181,779471,20701584,342525,63,0,224,22,126,0,448,44,0,0,0,0,1640,19443,402336,702,10392,14010,244768,2199,336181,779471,20701584,342525,15475008,615944,7224100,2.26,0.00,0.00,657270,359979,13303764,333703,,,,998400,998400,998400,998400,998400,998400,883200,883200,0,,,,,,0,,870188,1004003,398,4928,400,1,494000,4931000,6834000,0,495,4415000,Full,726000000
1784670159.142412369,25467.34,56700,57100,58000,58400,57600,57600,57200,57600,57200,56200,56600,58100,59000,58100,58100,58900,58100,57700,57400,54600,55800,54300,53900,58700,53900,53500,52300,52700,53100,53900,63700,65600,63700,64800,59400,65600,64800,63300,64500,64100,63300,64100,64100,57700,55000,55700,53900,56200,52700,52700,53500,37000,0,0,37000,42824,56400,95000,0,40564,37000,35800,51047,95000,37700,0,39104,56100,36365,0,46404,0,48847,0,36160,43502,0,47724,56100,0,37360,0,43660,46385,48665,50065,50400,54804,51342,59200,48888,48317,44888,35800,3400,-273000,-273000,-273000,336181,779471,20701584,342525,63,0,224,22,126,0,448,44,0,0,0,0,1640,19443,402336,702,10392,14010,244768,2199,336181,779471,20701584,342525,15475008,612620,7220840,2.26,0.00,0.00,657270,359979,13303764,333703,,,,1785600,1785600,1785600,1785600,1785600,1785600,883200,883200,0,,,,,,0,,870188,1004003,398,4928,400,1,494000,4927000,6834000,0,495,4415000,Full,726000000
1784670159.665547473,25467.87,56700,57500,58400,58400,57600,57600,58000,57600,57200,56600,56200,57700,59000,57700,58100,58500,58100,57700,57000,54600,55400,53900,53900,58700,53900,53500,52300,52700,53100,53900,62900,65200,63700,64500,59400,65200,64500,62500,64100,63700,63300,63700,63700,57700,55400,55300,54300,55800,53100,52700,53900,37000,0,0,37000,42832,56400,95000,0,40564,37000,35800,51096,95000,37700,0,39104,56400,36362,0,46452,0,48870,0,36176,43516,0,47765,56400,0,37322,0,43651,46417,48713,50132,50636,54973,51376,59200,49123,48417,45022,35800,3400,-273000,-273000,-273000,336181,779471,20701584,342525,63,0,224,22,126,0,448,44,0,0,0,0,1640,19443,402336,702,10392,14010,244768,2199,336181,779471,20701584,342525,15475008,612100,7220316,2.26,0.00,0.00,657270,359979,13303764,333703,,,,1324800,1324800,1324800,1324800,1324800,1324800,1267200,1267200,0,,,,,,0,,0,0,398,4928,400,1,494000,4931000,6834000,0,495,4415000,Full,726000000
1784670159.963697837,25468.17,56700,57100,58000,58000,57600,57600,57200,57600,57200,56600,56600,57400,58700,58100,58500,58900,58100,58100,57400,55000,55800,53900,54300,58700,53500,53500,52300,53100,53100,53900,62500,64500,63300,63300,59000,64500,64500,62100,63700,63700,62900,63700,63300,57700,55000,55700,54300,55800,53100,52700,53500,37000,0,0,37000,42853,56400,95000,0,40564,37000,35800,51104,95000,37700,0,39104,56100,36355,0,46470,0,48891,0,36148,43526,0,47778,56100,0,37331,0,43673,46421,48719,49997,50468,54905,51275,59200,49123,47846,44888,35800,3400,-273000,-273000,-273000,336181,779471,20701584,342525,63,0,224,22,126,0,448,44,0,0,0,0,1640,19443,402336,702,10392,14010,244768,2199,336181,779471,20701584,342525,15475008,610156,7218364,2.26,0.00,0.00,657270,359979,13303764,333703,,,,998400,998400,998400,998400,998400,998400,883200,883200,0,,,,,,0,,844602,1003989,398,4928,400,1,494000,4931000,6834000,0,495,4415000,Full,726000000
1784670160.275003098,25468.48,56700,57500,58000,58400,57600,58000,57600,58000,56800,56600,56600,57700,59000,58100,58100,59300,58100,57700,57400,54600,55400,53900,54300,58700,53900,53500,52300,52700,53100,54300,63700,65200,63700,64500,59400,65200,64500,62900,64100,64100,63300,64100,63300,57700,55000,55700,54300,56200,53100,53100,53500,37000,0,0,37000,42858,56400,95000,0,40564,37000,35800,51142,95000,37700,0,39104,56100,36374,0,46482,0,48942,0,36154,43555,0,47789,56100,0,37340,0,43651,46442,48751,50165,50569,54939,51645,59200,49191,48081,44888,35800,3400,-273000,-273000,-273000,336181,779471,20701584,342525,63,0,224,22,126,0,448,44,0,0,0,0,1640,19443,402336,702,10392,14010,244768,2199,336181,779471,20701584,342525,15475008,610880,7219084,2.26,0.00,0.00,657270,359979,13303764,333703,,,,998400,998400,998400,998400,998400,998400,883200,883200,0,,,,,,0,,844602,1003989,398,4928,400,1,494000,4932000,6834000,0,495,4415000,Full,726000000
1784670160.580974504,25468.78,57500,57900,58800,58800,58400,58400,57200,58800,60000,57000,56600,57700,59000,58100,58500,58900,58500,57700,57400,54600,55400,54300,53900,58700,53900,53500,52300,52700,52700,53900,63300,65200,63300,64500,59800,65200,64100,62500,64100,64100,63300,63700,63700,57700,55000,56100,53900,56200,52700,52700,53500,37000,0,0,37000,42858,57200,95000,0,40564,37000,35800,51146,95000,37700,0,39104,57600,36365,0,46455,0,48902,0,36195,43523,0,47824,57200,0,37360,0,43680,46435,48798,50233,50502,54939,51443,59600,49224,48451,44955,35800,3400,-273000,-273000,-273000,336181,779471,20701584,342525,63,0,224,22,126,0,448,44,0,0,0,0,1640,19443,402336,702,10392,14010,244768,2199,336181,779471,20701584,342525,15475008,606360,7214568,2.26,0.00,0.00,657270,359979,13303764,333703,,,,1228800,1228800,1228800,1228800,1228800,1228800,883200,883200,0,,,,,,0,,844602,1003989,398,4928,400,1,494000,4935000,6834000,0,495,4415000,Full,726000000
1784670160.875493358,25469.08,56700,56700,57600,58000,57600,57600,57200,58000,58400,56600,56600,57700,58700,58100,58100,58900,58500,57700,57700,54600,55400,54300,53900,58700,54300,53500,51900,52700,53100,53900,62900,64800,63700,63700,59000,64500,64500,62100,63700,64100,62900,63300,63300,57700,55400,55700,54300,56200,52700,52700,53500,37000,0,0,37000,42865,56400,95000,0,40564,37000,35800,51176,95000,37700,0,39104,56400,36377,0,46493,0,49006,0,36221,43555,0,47824,56400,0,37360,0,43683,46448,48791,49997,50669,54973,51140,58800,48955,48451,44888,35800,3400,-273000,-273000,-273000,336181,779471,20701584,342525,63,0,224,22,126,0,448,44,0,0,0,0,1640,19443,402336,702,10392,14010,244768,2199,336181,779471,20701584,342525,15475008,612960,7221120,2.22,0.00,0.00,657270,359979,13303764,333703,,,,1785600,1785600,1785600,1785600,1785600,1785600,883200,883200,0,,,,,,0,,854345,1004107,398,4928,400,1,494000,4933000,6834000,0,495,4415000,Full,726000000
1784670161.163314139,25469.36,56000,56700,57600,57200,56800,57200,56800,56800,56100,56600,56600,58100,58300,58100,58100,58900,58100,57400,57400,55000,56200,54300,53900,57900,53900,53500,51900,52700,52700,54300,62900,64800,63300,64100,58700,64800,64100,62100,63700,63300,62500,62900,62900,57700,55400,55700,54300,56600,53100,53100,53500,37000,0,0,37000,42873,56400,95000,0,40564,37000,35800,51122,95000,37700,0,39104,55700,36377,0,46493,0,48978,0,36185,43574,0,47852,55300,0,37344,0,43670,46466,48798,50367,50669,54771,51140,58400,49056,48283,44820,35800,3400,-273000,-273000,-273000,336181,779471,20701584,342525,63,0,224,22,126,0,448,44,0,0,0,0,1640,19443,402336,702,10392,14010,244768,2199,336181,779471,20701584,342525,15475008,609432,7217592,2.22,0.00,0.00,657270,359979,13303764,333703,,,,998400,998400,998400,998400,998400,998400,883200,883200,0,,,,,,0,,854345,1004107,398,4928,400,1,494000,4935000,6834000,0,495,4415000,Full,726000000
1784670161.483214451,25469.68,56300,56700,57600,57600,57200,56800,56400,57200,56400,56200,56200,57700,58700,58100,58100,58500,57700,57700,57400,54600,55400,54300,54300,58300,53500,53500,52300,52700,53100,53900,63300,65200,63300,64500,59000,65200,64100,62900,64100,64100,62900,63300,63300,57400,55000,55300,54300,56200,52700,52700,53500,37000,0,0,37000,42880,56100,95000,0,40564,37000,35800,51176,95000,37700,0,39104,56400,36402,0,46517,0,49002,0,36242,43587,0,47868,56100,0,37387,0,43702,46482,48827,50367,50569,55074,51174,58800,49191,48350,44854,35800,3400,-273000,-273000,-273000,336181,779471,20701584,342525,63,0,224,22,126,0,448,44,0,0,0,0,1640,19443,402336,702,10392,14010,244768,2199,336181,779471,20701584,342525,15475008,615788,7223964,2.22,0.00,0.00,657270,359982,13303764,333706,,,,1324800,1324800,1324800,1324800,1324800,1324800,883200,883200,0,,,,,,0,,854345,1004107,398,4928,400,1,494000,4929000,6834000,0,495,4415000,Full,726000000
1784670161.785515076,25469.99,57500,57900,58400,58000,58000,58400,58800,58000,57600,56200,56600,57400,59000,57700,58100,58500,58100,57400,57000,54600,55400,53900,53900,59000,53900,53500,52300,52700,52700,53900,63300,64800,63700,64100,59000,64800,64100,62500,63700,63700,62900,63300,63300,57400,55000,55700,53900,56200,53100,52700,53500,37000,0,0,37000,42888,57200,95000,0,40564,37000,35800,51164,95000,37700,0,39104,56100,36390,0,46504,0,49023,0,36164,43599,0,47883,56400,0,37351,0,43720,46501,48834,50165,50603,55074,51476,58800,49123,48720,44720,35800,3400,-273000,-273000,-273000,336181,779471,20701584,342525,63,0,224,22,126,0,448,44,0,0,0,0,1640,19443,402336,702,10392,14010,244768,2199,336181,779471,20701584,342525,15475008,622608,7230752,2.22,0.00,0.00,657270,359982,13303764,333706,,,,883200,883200,883200,883200,883200,883200,883200,883200,0,,,,,,0,,846955,1000681,398,4928,400,1,491000,4929000,6834000,0,495,4415000,Full,726000000
1784670162.088626326,25470.29,56700,56700,58000,57600,57200,57200,57200,58000,58400,56200,56200,57400,58300,57700,57700,58500,58100,57400,57000,54300,55400,53900,53900,58300,53500,53500,51900,52700,53100,53900,63300,65200,63700,64500,59000,65200,64500,62900,64100,63700,62900,63300,62900,57400,55000,55700,54300,55800,52700,52700,53100,37000,0,0,37000,42891,56800,95000,0,40694,37000,35800,51134,95000,37700,0,39104,56400,36414,0,46517,0,49031,0,36204,43587,0,47917,56800,0,37382,0,43680,46521,48880,50367,50669,54838,51308,58800,49123,48854,44753,35800,3400,-273000,-273000,-273000,336181,779471,20701584,342525,63,0,224,22,126,0,448,44,0,0,0,0,1640,19443,402336,702,10392,14010,244768,2199,336181,779471,20701584,342525,15475008,618488,7226636,2.22,0.00,0.00,657270,359982,13303764,333706,,,,1785600,1785600,1785600,1785600,1785600,1785600,1382400,1382400,0,,,,,,0,,846955,1000681,398,4928,400,1,494000,4927000,6834000,0,495,4415000,Full,726000000
1784670162.369285076,25470.57,56000,56700,57600,57200,56800,56800,57200,56800,56400,56200,56200,57700,58300,57700,58100,58500,57700,57400,57000,54600,55800,53900,53900,57900,53900,53100,52300,52700,52700,53900,62100,64500,62900,63300,58700,64100,63700,62100,63300,63300,62500,63300,63300,57400,55000,55700,53900,55800,52700,52700,53500,37000,0,0,37000,42911,56100,95000,0,40694,37000,35800,51150,95000,37700,0,39104,55700,36411,0,46528,0,49038,0,36182,43587,0,47931,56100,0,37385,0,43737,46504,48876,50300,50669,55140,51039,58800,49191,48182,44820,35800,3400,-273000,-273000,-273000,336233,779471,20703104,342535,63,0,224,22,126,0,448,44,0,0,0,0,1640,19443,402336,702,10392,14010,244768,2199,336233,779471,20703104,342535,15475008,614940,7223088,2.22,0.00,0.00,657270,359982,13304524,333706,,,,1785600,1785600,1785600,1785600,1785600,1785600,883200,883200,0,,,,,,0,,846955,1000681,495,4929,400,1,494000,4929000,6834000,0,495,4415000,Full,726000000
1784670162.869750597,25471.07,57900,58700,61500,58800,58400,59600,60000,59200,58400,56600,56600,58100,59800,58100,58500,58900,58100,57700,57700,55000,56200,53900,54300,59400,53900,53500,51900,52700,53100,54300,62500,64800,63700,64100,60200,64800,64500,62900,63700,64100,63300,63700,63300,57700,55000,57200,54300,55800,53100,53100,53500,37000,0,0,37000,42914,58000,95000,0,40694,37000,35800,51160,95000,37700,0,39104,58000,36408,0,46559,0,49082,0,36176,43619,0,47962,58000,0,37351,0,43702,46573,48883,50468,50569,55040,51611,60300,49224,48317,44686,35800,3400,-273000,-273000,-273000,336233,779471,20703104,342535,63,0,224,22,126,0,448,44,0,0,0,0,1640,19443,402336,702,10392,14010,244768,2199,336233,779471,20703104,342535,15475008,619564,7227784,2.18,0.00,0.00,657270,359982,13304524,333706,,,,1228800,1228800,1228800,1228800,1228800,1228800,883200,883200,0,,,,,,0,,848599,1000475,495,4929,400,1,478000,4935000,6834000,0,495,4415000,Full,726000000
1784670163.169679815,25471.37,56700,57100,58400,58000,57600,57600,57600,58000,58000,57000,56200,57700,58700,58500,58100,58900,58100,58100,57400,55000,55800,53900,53900,58300,53900,53500,52300,52700,53100,53900,63300,65200,63300,64100,59000,64800,64100,62900,64100,64100,62900,63700,63700,57700,55000,56100,54300,56200,53100,52700,53500,37000,0,0,37000,42926,56400,95000,0,40694,37000,35800,51188,95000,37700,0,39104,56400,36422,0,46581,0,49098,0,36173,43619,0,47966,57200,0,37367,0,43740,46559,48916,49997,50669,54973,51443,58800,49022,48283,44820,35800,3400,-273000,-273000,-273000,336233,779471,20703104,342535,63,0,224,22,126,0,448,44,0,0,0,0,1640,19443,402336,702,10392,14010,244768,2199,336233,779471,20703104,342535,15475008,620056,7228276,2.18,0.00,0.00,657270,359982,13304524,333706,,,,1785600,1785600,1785600,1785600,1785600,1785600,883200,883200,0,,,,,,0,,0,0,495,4929,400,1,494000,4931000,6834000,0,495,4415000,Full,726000000
1784670163.453210649,25471.65,56000,56700,57600,57600,57200,56800,56800,57200,56400,56600,56600,58100,58700,58100,58100,58900,58500,57700,57400,55000,56200,53900,54300,58300,53900,53500,52300,52700,52700,53900,62500,64500,63300,63700,58700,64500,64500,61700,63300,63700,62900,63300,63300,57700,55000,55700,54300,56200,53100,52700,53500,37000,0,0,37000,42929,56400,95000,0,40694,37000,35800,51168,95000,37700,0,39104,56100,36425,0,46573,0,49118,0,36139,43619,0,47974,55700,0,37389,0,43744,46562,48930,50535,50669,55140,51241,58400,49123,48687,44720,35800,3400,-273000,-273000,-273000,336233,779471,20703104,342535,63,0,224,22,126,0,448,44,0,0,0,0,1640,19443,402336,702,10392,14010,244768,2199,336233,779471,20703104,342535,15475008,618040,7226252,2.18,0.00,0.00,657270,359982,13304524,333706,,,,1228800,1228800,1228800,1228800,1228800,1228800,883200,883200,0,,,,,,0,,0,0,495,4929,400,1,494000,4928000,6834000,0,495,4415000,Full,726000000
1784670163.761524034,25471.96,56300,56700,58000,57600,57200,56800,56800,57200,57200,56200,56600,57700,58700,57700,57700,58900,57700,57700,57000,54600,55800,53900,53900,58300,53900,53500,51900,53100,53100,53900,63300,65200,63700,64100,59000,65600,64500,62900,64500,63700,63300,63300,63700,57700,55400,55300,53900,56200,52700,53100,53500,37000,0,0,37000,42940,56100,95000,0,40694,37000,35800,51164,95000,37700,0,39104,56100,36422,0,46581,0,49121,0,36198,43634,0,47977,56100,0,37376,0,43759,46555,48938,50468,50804,54905,51275,59200,49157,48922,44652,35800,3400,-273000,-273000,-273000,336238,779471,20703272,342537,63,0,224,22,126,0,448,44,0,0,0,0,1640,19443,402336,702,10392,14010,244768,2199,336238,779471,20703272,342537,15475008,619272,7227452,2.18,0.00,0.00,657270,359982,13304608,333706,,,,998400,998400,998400,998400,998400,998400,883200,883200,0,,,,,,0,,0,0,495,4929,400,1,494000,4926000,6832000,0,442,4417000,Full,726000000
1784670164.119581065,25472.32,56300,56700,58000,57600,57200,56800,56800,56800,56800,56600,56600,57400,58700,57700,57700,58500,58100,57700,57400,54600,55400,54300,53900,58300,53900,53500,52300,52700,53100,53900,63300,65200,63300,64500,58700,65200,64500,62900,63700,63700,62900,63700,63300,57400,55400,55300,54300,56200,52700,52700,53500,37000,0,0,37000,42944,56100,95000,0,40694,37000,35800,51176,95000,37700,0,39104,56400,36402,0,46607,0,49146,0,36188,43648,0,48013,56100,0,37373,0,43756,46586,48972,50468,50737,54905,51409,58400,49359,48384,44585,35800,3400,-273000,-273000,-273000,336238,779471,20703272,342537,63,0,224,22,126,0,448,44,0,0,0,0,1640,19443,402336,702,10392,14010,244768,2199,336238,779471,20703272,342537,15475008,619308,7227476,2.18,0.00,0.00,657270,359982,13304608,333706,,,,1228800,1228800,1228800,1228800,1228800,1228800,883200,883200,0,,,,,,0,,843033,1000566,495,4929,400,1,494000,4924000,6832000,0,442,4417000,Full,726000000
1784670164.419403930,25472.62,57100,57900,58400,58000,57600,58000,58400,58000,57600,56600,56200,57400,58700,57700,58100,58500,57700,57400,57400,54600,55800,53900,54300,58700,53900,53100,52300,52700,53100,54300,62900,64800,63300,63700,59000,64800,64100,62500,63700,63300,63300,63300,63300,57700,55400,56400,54300,56200,52700,53100,53500,37000,0,0,37000,42962,57200,95000,0,40694,37000,35800,51206,95000,37700,0,39104,56800,36411,0,46615,0,49146,0,36173,43651,0,48025,56800,0,37360,0,43766,46607,48972,50233,50737,55107,51376,59200,49291,48451,44585,35800,3400,-273000,-273000,-273000,336238,779471,20703272,342537,63,0,224,22,126,0,448,44,0,0,0,0,1640,19443,402336,702,10392,14010,244768,2199,336238,779471,20703272,342537,15475008,624316,7232484,2.18,0.00,0.00,657270,359982,13304608,333706,,,,1785600,1785600,1785600,1785600,1785600,1785600,883200,883200,0,,,,,,0,,843033,1000566,495,4929,400,1,497000,4932000,6832000,0,442,4417000,Full,726000000
1784670164.697191950,25472.90,56000,56700,57600,57600,57200,57200,57200,56800,56800,56600,56200,57700,58300,58100,58100,58500,58100,57700,57000,54600,55400,53900,53900,57900,53900,53500,51900,53100,52700,53900,62900,64800,63300,64100,59000,64500,64100,62100,63700,63300,62500,63700,63300,57700,55400,55300,53900,56200,53100,52700,53500,37000,0,0,37000,42962,56400,95000,0,40694,37000,35800,51202,95000,37700,0,39104,56100,36442,0,46600,0,49179,0,36204,43666,0,48040,55300,0,37370,0,43769,46615,48976,50434,50737,55174,51241,58800,49291,48821,44720,35800,3400,-273000,-273000,-273000,336238,779471,20703272,342537,63,0,224,22,126,0,448,44,0,0,0,0,1640,19443,402336,702,10392,14010,244768,2199,336238,779471,20703272,342537,15475008,626372,7234528,2.14,0.00,0.00,657270,359982,13304608,333706,,,,1324800,1324800,1324800,1324800,1324800,1324800,883200,883200,0,,,,,,0,,843033,1000566,495,4929,400,1,494000,4928000,6832000,0,442,4417000,Full,726000000
1784670164.999987367,25473.20,56000,56700,57600,57200,56800,56800,56800,56800,56100,56200,56200,57700,58300,57700,58100,58900,58100,57400,57400,54600,55400,53900,53900,58300,53900,53500,51900,52700,53100,54300,62100,64100,62900,62900,58700,63700,63700,61400,62900,63300,62500,63700,62900,57400,55400,55300,54300,56200,52700,52700,53500,37000,0,0,37000,42970,56400,95000,0,40694,37000,35800,51232,95000,37700,0,39104,55700,36428,0,46631,0,49175,0,36213,43663,0,48047,55700,0,37355,0,43769,46620,48998,50468,50669,54771,51308,58800,49191,48787,44753,35800,3400,-273000,-273000,-273000,336238,779471,20703272,342537,63,0,224,22,126,0,448,44,0,0,0,0,1640,19443,402336,702,10392,14010,244768,2199,336238,779471,20703272,342537,15475008,624080,7232240,2.14,0.00,0.00,657270,359982,13304608,333706,,,,787200,787200,787200,787200,787200,787200,883200,883200,0,,,,,,0,,846648,1000484,495,4929,400,1,494000,4928000,6832000,0,442,4417000,Full,726000000
1784670165.325698669,25473.53,56000,56700,57600,57600,56800,57200,56800,56800,56100,56200,56200,57400,58300,57700,57700,58900,57700,57400,57000,54300,55400,54300,53900,58300,53900,53500,51900,52700,53100,53900,62900,65200,63300,64100,59000,64800,64100,62900,64100,63300,62900,63300,63300,57400,55400,55700,54300,56200,52700,52700,53500,37000,0,0,37000,42988,56400,95000,0,40694,37000,35800,51245,95000,37700,0,39104,55700,36431,0,46642,0,49195,0,36204,43673,0,48065,55700,0,37349,0,43756,46627,49027,50468,50603,55074,51174,58400,49224,48384,44753,35800,3400,-273000,-273000,-273000,336238,779471,20703272,342537,63,0,224,22,126,0,448,44,0,0,0,0,1640,19443,402336,702,10392,14010,244768,2199,336238,779471,20703272,342537,15475008,621016,7229176,2.14,0.00,0.00,657270,359982,13304608,333706,,,,1113600,1113600,1113600,1113600,1113600,1113600,883200,883200,0,,,,,,0,,846648,1000484,495,4929,400,1,494000,4957000,6832000,0,442,4417000,Full,726000000
1784670165.635861794,25473.84,56700,57100,58400,57600,57600,57200,57200,58400,58800,56200,56200,57400,58700,57700,57700,58500,58100,57400,57000,54300,55400,53900,53900,58300,53900,53500,51900,53100,52700,53900,62900,64800,63300,64100,59400,65200,64100,62500,63700,63700,62500,63700,63300,57400,55400,55700,53900,55800,52700,52700,53500,37000,0,0,37000,42993,56400,95000,0,40694,37000,35800,51253,95000,37700,0,39104,56800,36434,0,46673,0,49195,0,36173,43695,0,48079,57600,0,37381,0,43804,46673,49018,50400,50669,54871,51342,58800,49191,49022,44652,35800,3400,-273000,-273000,-273000,336238,779471,20703272,342537,63,0,224,22,126,0,448,44,0,0,0,0,1640,19443,402336,702,10392,14010,244768,2199,336238,779471,20703272,342537,15475008,625696,7233856,2.14,0.00,0.00,657270,359982,13304608,333706,,,,1440000,1440000,1440000,1440000,1440000,1440000,883200,883200,0,,,,,,0,,846519,1000379,495,4929,400,1,494000,4923000,6832000,0,442,4417000,Full,726000000
1784670166.139391741,25474.34,56700,57100,58000,58000,57200,57200,56800,57600,57200,57000,57000,57700,58700,58500,58100,59300,58500,57700,57700,55000,56200,54300,53900,58700,53900,53900,52300,52700,53100,53900,62900,65200,63300,64100,59400,64800,64100,62500,63700,63700,63300,63300,63700,57700,55400,55300,53900,56200,53100,53100,53500,37000,0,0,37000,43008,56100,95000,0,40694,37000,35800,51245,95000,37700,0,39104,56100,36459,0,46655,0,49195,0,36185,43676,0,48108,56100,0,37384,0,43808,46662,49038,50367,50669,55208,51409,58800,49257,48687,44585,35800,3400,-273000,-273000,-273000,336238,779471,20703272,342537,63,0,224,22,126,0,448,44,0,0,0,0,1640,19443,402336,702,10392,14010,244768,2199,336238,779471,20703272,342537,15475008,621712,7229872,2.14,0.00,0.00,657270,359982,13304608,333706,,,,998400,998400,998400,998400,998400,998400,883200,883200,0,,,,,,0,,846519,1000379,495,4929,400,1,491000,4924000,6832000,0,442,4417000,Full,726000000
1784670166.456193304,25474.66,56700,57100,58400,57600,57600,57600,57600,57200,56800,56600,56200,57700,59000,58100,58100,58900,58100,58100,57400,55000,55800,54300,53900,59000,54300,53900,51900,53100,53100,54300,63700,65200,63700,64500,59400,65200,64800,62900,64100,63700,63300,63700,63300,57700,55000,56100,54300,56600,53100,52700,53500,37000,0,0,37000,43014,56800,95000,0,40694,37000,35800,51262,95000,37700,0,39104,56100,36471,0,46680,0,49175,0,36213,43698,0,48114,56100,0,37398,0,43826,46662,49074,50468,50804,55074,51443,59200,49392,48753,44484,35800,3400,-273000,-273000,-273000,336238,779471,20703272,342537,63,0,224,22,126,0,448,44,0,0,0,0,1640,19443,402336,702,10392,14010,244768,2199,336238,779471,20703272,342537,15475008,614128,7222356,2.14,0.00,0.00,657270,359982,13304608,333706,,,,883200,883200,883200,883200,883200,883200,883200,883200,0,,,,,,0,,846519,1000379,495,4929,400,1,294000,4920000,6832000,0,442,4417000,Full,726000000
1784670166.765920647,25474.97,57500,57500,58400,58000,58000,58400,58800,58800,58800,56200,56200,57400,58700,58100,57700,58500,58100,57700,57400,54600,55400,54300,54300,59000,54300,53500,52300,52700,53100,54300,63300,65200,63700,64100,59000,65600,64800,62900,64100,64100,63300,63700,63700,57700,55400,56100,54300,56200,52700,53100,53500,37000,0,0,37000,43023,57200,95000,0,40694,37000,35800,51266,95000,37700,0,39104,56400,36465,0,46693,0,49232,0,36204,43747,0,48117,56800,0,37369,0,43811,46704,49078,50535,50636,55140,51207,59200,49392,49056,44652,35800,3400,-273000,-273000,-273000,336238,779471,20703272,342537,63,0,224,22,126,0,448,44,0,0,0,0,1640,19443,402336,702,10392,14010,244768,2199,336238,779471,20703272,342537,15475008,625660,7233956,2.12,0.00,0.00,657270,359982,13304608,333706,,,,1785600,1785600,1785600,1785600,1785600,1785600,883200,883200,0,,,,,,0,,0,0,495,4929,400,1,494000,4929000,6832000,0,442,4417000,Full,726000000
1784670167.040519710,25475.24,58300,58300,58800,58800,58800,58400,58000,58800,58800,56600,57000,58100,59400,58500,58100,59300,58100,58100,57400,55000,56200,54300,54300,59400,53900,53500,52300,53100,53100,54300,63300,65200,63700,64800,59800,65200,64500,62900,64500,64100,63300,64100,63300,57700,55400,57200,54300,56200,53100,53100,53500,37000,0,0,37000,43035,58000,95000,0,40725,37000,35800,51293,95000,37807,0,39216,58400,36490,0,46718,0,49232,0,36136,43737,0,48117,59600,0,37381,0,43833,46724,49066,50468,50669,54905,51779,59600,49224,48585,44585,35800,3400,-273000,-273000,-273000,336238,779471,20703272,342537,63,0,224,22,126,0,448,44,0,0,0,0,1640,19443,402336,702,10392,14010,244768,2199,336238,779471,20703272,342537,15475008,617872,7226168,2.12,0.00,0.00,657270,359982,13304608,333706,,,,1785600,1785600,1785600,1785600,1785600,1785600,883200,883200,0,,,,,,0,,0,0,495,4929,400,1,494000,4929000,6832000,0,442,4417000,Full,726000000
1784670167.328343355,25475.53,56700,56700,58000,57600,57600,57200,57200,57600,56800,56600,56600,57700,59000,58500,58500,59300,58500,58100,57700,55000,56200,54300,54300,58700,54300,53900,52700,53100,53500,54300,62900,64500,63300,63700,59400,64800,64100,62500,64100,63700,62900,63700,63300,57700,55400,55700,54300,56200,53100,53100,53500,37000,0,0,37000,43035,56400,95000,0,40725,37000,35800,51262,95000,37807,0,39216,56400,36490,0,46700,0,49232,0,36221,43734,0,48126,56100,0,37375,0,43830,46696,49072,50367,50838,54973,51376,58800,49291,49056,44652,35800,3400,-273000,-273000,-273000,336251,779471,20703440,342540,63,0,224,22,126,0,448,44,0,0,0,0,1640,19443,402336,702,10392,14010,244768,2199,336251,779471,20703440,342540,15475008,626000,7234252,2.12,0.00,0.00,657270,359982,13304692,333706,,,,1324800,1324800,1324800,1324800,1324800,1324800,883200,883200,0,,,,,,0,,0,0,495,4929,400,1,494000,4929000,6832000,0,442,4417000,Full,726000000
1784670167.650216532,25475.85,56700,56700,58400,57600,57600,57600,56800,57600,57200,56600,56600,58100,58700,58100,58100,58900,58500,57700,57400,55000,55400,54300,54300,58300,54300,53900,52300,53100,53100,54300,63300,65200,63300,64100,59000,64800,64500,62900,64100,63700,62900,63700,63300,57700,55000,55300,54300,56200,53100,52700,53500,37000,0,0,37000,43042,56100,95000,0,40725,37000,35800,51311,95000,37807,0,39216,56100,36487,0,46727,0,49246,0,36157,43759,0,48133,56100,0,37396,0,43852,46731,49095,50434,50669,55107,51342,59200,49493,48821,44585,35800,3400,-273000,-273000,-273000,336251,779471,20703440,342540,63,0,224,22,126,0,448,44,0,0,0,0,1640,19443,402336,702,10392,14010,244768,2199,336251,779471,20703440,342540,15475008,626176,7234420,2.12,0.00,0.00,657270,359982,13304692,333706,,,,998400,998400,998400,998400,998400,1113600,883200,883200,0,,,,,,0,,0,0,495,4929,400,1,494000,4974000,6832000,0,442,4417000,Full,726000000
1784670167.957706741,25476.16,57500,57900,58400,58000,58000,58400,59200,58400,58000,56600,56600,58100,59000,57700,58500,58900,58500,57700,57400,54600,55400,54300,54300,58700,54300,53900,52300,53100,53100,54300,63700,65200,63700,64800,59400,65600,64500,62900,64500,63700,63300,63700,64100,57700,55400,56800,54600,56600,53100,53100,53900,37000,0,0,37000,43054,57600,95000,0,40725,37000,35800,51340,95000,37807,0,39216,56800,36484,0,46718,0,49242,0,36160,43759,0,48143,56800,0,37369,0,43833,46724,49080,50468,50737,55040,51812,59600,49594,48653,44652,35800,3400,-273000,-273000,-273000,336251,779471,20703440,342540,63,0,224,22,126,0,448,44,0,0,0,0,1640,19443,402336,702,10392,14010,244768,2199,336251,779471,20703440,342540,15475008,625552,7233780,2.12,0.00,0.00,657270,359982,13304692,333706,,,,1228800,1228800,1228800,1228800,1228800,1228800,883200,883200,0,,,,,,0,,845125,1000439,495,4929,400,1,494000,4927000,6832000,0,442,4417000,Full,726000000
1784670168.253377157,25476.45,57100,57500,58400,57600,57200,58000,58800,58000,58400,56200,56200,57400,59000,57700,58100,58500,58100,57400,57000,54600,55400,54300,54300,58300,54300,53900,52300,53100,53100,54300,63700,65600,64100,64800,59400,65600,64500,62900,64500,64100,63300,63700,63700,57700,55400,55700,54300,56200,53100,52700,53500,37000,0,0,37000,43054,56400,95000,0,40725,37000,35800,51316,95000,37807,0,39216,56400,36496,0,46731,0,49269,0,36207,43740,0,48167,56800,0,37357,0,43887,46748,49104,50569,50804,55140,51409,59200,49325,48989,44652,35800,3400,-273000,-273000,-273000,336251,779471,20703440,342540,63,0,224,22,126,0,448,44,0,0,0,0,1640,19443,402336,702,10392,14010,244768,2199,336251,779471,20703440,342540,15475008,621504,7229732,2.12,0.00,0.00,657270,359982,13304692,333706,,,,1785600,1785600,1785600,1785600,1785600,1785600,883200,883200,0,,,,,,0,,845125,1000439,495,4929,400,1,494000,4933000,6832000,0,442,4417000,Full,726000000
1784670168.537600074,25476.74,56300,56700,57600,57600,57200,56800,56800,57200,56400,57000,57000,57700,58700,58500,58500,59300,58500,57700,57400,55000,55800,54300,53900,57900,53900,53900,52300,53100,53100,53900,63300,64800,63300,63700,59000,64800,64100,62500,64100,63700,62900,63700,63300,57700,55400,55700,54600,56600,53100,53100,53500,37000,0,0,37000,43069,56400,95000,0,40725,37000,35800,51305,95000,37807,0,39216,55700,36468,0,46758,0,49274,0,36213,43759,0,48167,55700,0,37391,0,43880,46731,49123,50502,50804,55208,51207,58800,49392,48585,44484,35800,3400,-273000,-273000,-273000,336251,779471,20703440,342540,63,0,224,22,126,0,448,44,0,0,0,0,1640,19443,402336,702,10392,14010,244768,2199,336251,779471,20703440,342540,15475008,621652,7229880,2.12,0.00,0.00,657270,359982,13304692,333706,,,,998400,998400,998400,998400,998400,998400,883200,883200,0,,,,,,0,,845125,1000439,495,4929,400,1,494000,4932000,6832000,0,442,4417000,Full,726000000
1784670168.845305647,25477.05,56300,56700,58000,57600,57200,57200,57200,57200,57200,56600,56600,57700,58700,58100,58500,58900,58100,57700,57400,54300,55800,54300,53900,58300,53900,53500,52300,52700,53500,54300,62500,64800,63300,64100,59000,64800,64100,62500,63700,63300,62900,63700,63700,57700,55400,55300,54300,56600,53100,52700,53500,37000,0,0,37000,43073,56100,95000,0,40725,37000,35800,51328,95000,37807,0,39216,55700,36503,0,46738,0,49303,0,36185,43788,0,48209,55700,0,37400,0,43880,46761,49142,50400,50838,55275,51342,58400,49257,48518,44551,35800,3400,-273000,-273000,-273000,336251,779471,20703440,342540,63,0,224,22,126,0,448,44,0,0,0,0,1640,19443,402336,702,10392,14010,244768,2199,336251,779471,20703440,342540,15475008,621500,7229720,2.09,0.00,0.00,657270,359982,13304692,333706,,,,1785600,1785600,1785600,1785600,1785600,1785600,883200,883200,0,,,,,,0,,841919,1000602,495,4929,400,1,441000,4924000,6830000,0,441,4417000,Full,726000000
1784670169.368442678,25477.57,56300,56700,58000,57600,57200,57200,57200,56800,56400,57000,57000,58100,59000,58100,58100,59300,58500,58100,57700,54600,55800,54300,54300,58300,53900,53900,52300,52700,53100,54300,63300,65200,63700,64500,59000,65600,64100,62900,64100,64100,62900,63700,63700,57700,55000,55700,54300,56200,53100,53100,53900,37000,0,0,37000,43088,56400,95000,0,40725,37000,35900,51363,95000,37807,0,39216,56100,36524,0,46765,0,49320,0,36195,43784,0,48230,56400,0,37381,0,43880,46792,49157,50502,50838,55174,51376,58800,49325,48753,44518,35900,3400,-273000,-273000,-273000,336251,779471,20703440,342540,63,0,224,22,126,0,448,44,0,0,0,0,1640,19443,402336,702,10392,14010,244768,2199,336251,779471,20703440,342540,15475008,621300,7229552,2.09,0.00,0.00,657270,359982,13304692,333706,,,,1324800,1324800,1324800,1324800,1324800,1324800,883200,883200,0,,,,,,0,,0,0,495,4929,400,1,494000,4927000,6830000,0,441,4417000,Full,726000000
1784670169.666290282,25477.87,56300,56700,58000,57600,57200,57600,57600,57200,56400,56600,56600,57700,58700,58100,58100,58900,58100,57700,57400,54600,55800,54300,54300,58300,53900,53500,52300,52700,53100,53900,63300,65200,63700,64100,59000,65200,64100,62900,64100,64100,63300,63700,63700,57700,55800,55700,54600,56200,53100,53100,53900,37000,0,0,37000,43093,56400,95000,0,40725,37000,35900,51376,95000,37807,0,39216,55700,36493,0,46803,0,49311,0,36173,43779,0,48220,55700,0,37394,0,43907,46810,49175,50502,50804,55342,51443,58800,49291,49191,44383,35900,3400,-273000,-273000,-273000,336251,779471,20703440,342540,63,0,224,22,126,0,448,44,0,0,0,0,1640,19443,402336,702,10392,14010,244768,2199,336251,779471,20703440,342540,15475008,617316,7225572,2.09,0.00,0.00,657270,359982,13304692,333706,,,,1228800,1228800,1228800,1228800,1228800,1228800,883200,883200,0,,,,,,0,,0,0,495,4929,400,1,494000,4933000,6830000,0,441,4417000,Full,726000000
1784670169.975114500,25478.18,56700,57500,58400,58000,58000,57600,57200,57200,57200,56600,56600,57700,59000,58100,58100,58900,58500,57700,57400,55000,55400,54300,54300,58700,54300,53900,52300,53100,53500,53900,63700,65600,63700,64800,59400,66000,64800,62900,64500,63700,63300,63700,63700,57700,55400,55700,54300,56200,53100,53100,53500,37000,0,0,37000,43108,56800,95000,0,40725,37000,35900,51379,95000,37807,0,39216,56400,36506,0,46768,0,49316,0,36192,43804,0,48218,56400,0,37391,0,43897,46796,49175,50603,50804,55074,51308,58800,49493,48989,44551,35900,3400,-273000,-273000,-273000,336251,779471,20703440,342540,63,0,224,22,126,0,448,44,0,0,0,0,1640,19443,402336,702,10392,14010,244768,2199,336251,779471,20703440,342540,15475008,616412,7224668,2.09,0.00,0.00,657270,359982,13304692,333706,,,,1113600,1113600,1113600,1113600,1113600,1113600,883200,883200,0,,,,,,0,,848612,1000463,495,4929,400,1,469000,4933000,6830000,0,441,4417000,Full,726000000
1784670170.288362104,25478.49,57500,57900,58400,58000,57600,58000,58000,58800,58400,56600,56600,57700,58700,58100,58100,58900,58100,57700,57400,55000,55800,54600,54300,58700,54300,53500,52300,53100,53100,53900,63700,65600,63700,64800,59400,65600,64800,63300,64500,64100,63300,63700,63700,57700,55400,56800,54300,56200,52700,53100,53500,37000,0,0,37000,43108,58000,95000,0,40725,37000,35900,51394,95000,37807,0,39216,56800,36531,0,46792,0,49344,0,36173,43801,0,48241,58000,0,37389,0,43919,46799,49159,50669,50804,55140,51342,59200,49460,48989,44518,35900,3400,-273000,-273000,-273000,336251,779471,20703440,342540,63,0,224,22,126,0,448,44,0,0,0,0,1640,19443,402336,702,10392,14010,244768,2199,336251,779471,20703440,342540,15475008,622212,7230452,2.09,0.00,0.00,657270,359982,13304692,333706,,,,1785600,1785600,1785600,1785600,1785600,1785600,883200,883200,0,,,,,,0,,0,0,495,4929,400,1,494000,4931000,6830000,0,441,4417000,Full,726000000
1784670170.579866896,25478.78,56300,57100,58000,57600,57200,57200,57600,57600,57200,56600,57000,58100,58700,58500,58500,59300,58500,58100,57400,55000,56200,54300,54300,58300,53900,53500,52700,53100,53100,54300,62900,64800,63300,63700,59000,64500,64100,61700,63300,63300,62900,63700,63300,57700,55400,56100,54300,56200,53100,53100,53900,37000,0,0,37000,43132,56400,95000,0,40725,37000,35900,51394,95000,37807,0,39216,56100,36531,0,46821,0,49344,0,36195,43826,0,48255,56100,0,37376,0,43939,46799,49197,50468,50804,55140,51409,58800,49426,48653,44484,35900,3400,-273000,-273000,-273000,336251,779471,20703440,342540,63,0,224,22,126,0,448,44,0,0,0,0,1640,19443,402336,702,10392,14010,244768,2199,336251,779471,20703440,342540,15475008,618840,7227104,2.09,0.00,0.00,657270,359982,13304692,333706,,,,1785600,1785600,1785600,1785600,1785600,1785600,883200,883200,0,,,,,,0,,0,0,495,4929,400,1,491000,4932000,6830000,0,441,4417000,Full,726000000
1784670170.867653719,25479.07,56300,56700,57600,57200,56800,57200,57200,56800,56400,56600,57000,57700,58700,58100,58500,59300,58500,58100,57400,55400,56200,54300,53900,58300,54300,53900,52300,53100,53100,54300,63300,65200,63700,64100,59000,65200,64100,62500,63700,63700,62900,63300,63300,57700,55400,55700,54300,56200,53100,53100,53900,37000,0,0,37000,43136,56400,95000,0,40725,37000,35900,51394,95000,37807,0,39216,55700,36515,0,46814,0,49395,0,36224,43840,0,48259,55700,0,37398,0,43929,46810,49197,50569,50938,55074,51577,58800,49493,49056,44383,35900,3400,-273000,-273000,-273000,336251,779471,20703440,342540,63,0,224,22,126,0,448,44,0,0,0,0,1640,19443,402336,702,10392,14010,244768,2199,336251,779471,20703440,342540,15475008,621712,7229976,2.08,0.00,0.00,657270,359982,13304692,333706,,,,1113600,1113600,1113600,1113600,1113600,1113600,883200,883200,0,,,,,,0,,842006,1000307,495,4929,400,1,497000,4931000,6830000,0,441,4417000,Full,726000000
1784670171.178110125,25479.38,57900,58700,58800,58400,58400,58800,58400,58400,58400,56200,56600,57700,59000,58100,58100,58900,58100,58100,57400,54600,55800,54300,54300,59000,54300,53900,52300,52700,53100,54300,63300,65600,63700,64500,59800,65200,64800,63300,64500,64500,63300,63700,64100,57700,55400,56800,54300,56600,53100,53500,53500,37000,0,0,37000,43143,58400,95000,0,40725,37000,35900,51394,95000,37807,0,39216,57600,36524,0,46814,0,49378,0,36192,43840,0,48259,57600,0,37408,0,43929,46837,49193,50703,50804,55409,51678,59600,49526,48384,44451,35900,3400,-273000,-273000,-273000,336251,779471,20703440,342540,63,0,224,22,126,0,448,44,0,0,0,0,1640,19443,402336,702,10392,14010,244768,2199,336251,779471,20703440,342540,15475008,620388,7228668,2.08,0.00,0.00,657270,359982,13304692,333706,,,,1785600,1785600,1785600,1785600,1785600,1785600,883200,883200,0,,,,,,0,,0,0,495,4929,400,1,494000,4931000,6830000,0,441,4417000,Full,726000000
1784670171.455996635,25479.66,57500,58300,59600,58800,58400,58400,58000,59200,58800,57000,57000,58500,59800,58500,58500,59300,58500,58100,57400,55000,56200,54600,54300,59400,53900,53900,52300,53100,53100,54300,62900,64800,63700,64100,59800,64800,64800,62900,64100,64500,63700,64100,64100,58100,55400,56800,54300,56600,53500,53500,53900,37000,0,0,37000,43151,57600,95000,0,40725,37000,35900,51445,95000,37807,0,39216,57600,36503,0,46837,0,49385,0,36227,43852,0,48283,57200,0,37385,0,43944,46827,49212,50569,51039,55376,51846,59600,49560,49090,44484,35900,3400,-273000,-273000,-273000,336251,779471,20703440,342540,63,0,224,22,126,0,448,44,0,0,0,0,1640,19443,402336,702,10392,14010,244768,2199,336251,779471,20703440,342540,15475008,620136,7228548,2.08,0.00,0.00,657270,359982,13304692,333706,,,,1113600,1113600,1113600,1113600,1113600,1113600,883200,883200,0,,,,,,0,,0,0,495,4929,400,1,494000,4929000,6830000,0,441,4417000,Full,726000000
1784670171.769291895,25479.97,57500,57900,58400,58400,58000,58000,58400,58800,59200,56600,56200,57700,59400,58100,58500,58900,58100,58100,57700,54600,55800,54300,54300,59000,54300,53500,52300,53500,53100,54300,63300,64800,63700,64100,59400,64800,64800,62900,63700,64500,63300,64100,63700,58100,55800,56400,54300,56200,53100,53500,53900,37000,0,0,37000,43151,57200,95000,0,40725,37000,35900,51442,95000,37807,0,39216,57600,36534,0,46810,0,49407,0,36213,43836,0,48303,57600,0,37389,0,43951,46841,49234,50737,50838,55241,51812,59600,49426,48585,44249,35900,3400,-273000,-273000,-273000,336251,779471,20703440,342540,63,0,224,22,126,0,448,44,0,0,0,0,1640,19443,402336,702,10392,14010,244768,2199,336251,779471,20703440,342540,15475008,623084,7231500,2.08,0.00,0.00,657270,359982,13304692,333706,,,,1785600,1785600,1785600,1785600,1785600,1785600,883200,883200,0,,,,,,0,,0,0,495,4929,400,1,494000,4923000,6830000,0,441,4417000,Full,726000000
1784670172.052904864,25480.25,56700,57100,58000,57600,57600,57600,57200,57600,57200,56600,57000,57700,58700,58500,58100,59300,58500,58100,57700,54600,55800,54300,54300,58300,54300,53900,52300,53100,53100,53900,62900,64800,63300,64100,59000,64800,64100,62500,64100,63700,63300,63700,63700,57700,55400,55700,54300,56200,53100,53100,53500,37000,0,0,37000,43158,56400,95000,0,40858,37000,35900,51438,95000,37807,0,39306,56100,36543,0,46837,0,49410,0,36224,43875,0,48309,56100,0,37391,0,43936,46855,49242,50737,50905,55443,51745,59200,49560,49022,44383,35900,3400,-273000,-273000,-273000,336251,779471,20703440,342540,63,0,224,22,126,0,448,44,0,0,0,0,1640,19443,402336,702,10392,14010,244768,2199,336251,779471,20703440,342540,15475008,625016,7233432,2.08,0.00,0.00,657270,359982,13304692,333706,,,,1324800,1324800,1324800,1324800,1324800,1324800,883200,883200,0,,,,,,0,,0,0,495,4929,400,1,494000,4924000,6830000,0,441,4417000,Full,726000000
1784670172.596544083,25480.80,57500,58300,58800,58400,58800,58400,58800,59200,58400,57000,56600,58100,59400,58100,58500,59300,58500,58100,57700,54600,56200,54300,54600,59000,54300,53900,52300,53100,53500,53900,63700,65600,64100,64800,59800,65600,64800,63300,64500,64500,63300,63700,64100,58100,55400,57200,54600,56200,53100,53500,53900,37000,0,0,37000,43182,58400,95000,0,40858,37000,35900,51481,95000,37807,0,39306,57200,36552,0,46861,0,49444,0,36182,43880,0,48328,57600,0,37411,0,43971,46868,49272,50703,51073,55409,51880,59600,49594,48989,44451,35900,3400,-273000,-273000,-273000,336258,779471,20703536,342541,63,0,224,22,126,0,448,44,0,0,0,0,1640,19443,402336,702,10392,14010,244768,2199,336258,779471,20703536,342541,15475008,620956,7229324,2.08,0.00,0.00,657270,359982,13304740,333706,,,,1785600,1785600,1785600,1785600,1785600,1785600,883200,883200,0,,,,,,0,,0,0,495,4929,400,1,494000,4922000,6830000,0,441,4417000,Full,726000000
1784670172.884890593,25481.09,56700,57100,58000,57600,57600,58000,58000,58000,57200,57400,57000,58100,59000,58500,58500,59300,58500,58100,57700,55000,55800,54300,54300,58700,54300,53900,52700,53100,53500,54300,62900,64800,64100,64100,59400,64800,64800,62100,63700,63700,63300,63700,63700,58100,55400,56400,54300,56200,53500,53100,53500,37000,0,0,37000,43182,56800,95000,0,40858,37000,35900,51462,95000,37807,0,39306,56400,36571,0,46855,0,49470,0,36198,43880,0,48305,56400,0,37379,0,43982,46879,49256,50569,51006,55241,51342,59200,49392,48787,44451,35900,3400,-273000,-273000,-273000,336258,779471,20703536,342541,63,0,224,22,126,0,448,44,0,0,0,0,1640,19443,402336,702,10392,14010,244768,2199,336258,779471,20703536,342541,15475008,621836,7230192,2.06,0.00,0.00,657270,359982,13304740,333706,,,,1785600,1785600,1785600,1785600,1785600,1785600,883200,883200,0,,,,,,0,,839340,1000527,495,4929,400,1,494000,4929000,6830000,0,441,4417000,Full,726000000
1784670173.176415957,25481.38,56300,56700,58400,58000,57600,57200,56800,57600,57600,56600,56600,57700,58700,58100,58100,58900,58500,58100,57400,54300,55400,54300,54300,58700,54300,53900,52300,53100,53100,54300,63300,65200,63700,64500,59000,65200,64500,62900,63700,64100,63300,64100,63300,58100,55400,55300,54300,56600,53100,53500,53900,37000,0,0,37000,43191,56100,95000,0,40858,37000,35900,51489,95000,37807,0,39306,56100,36562,0,46868,0,49470,0,36195,43919,0,48314,55700,0,37361,0,43992,46871,49256,50468,50938,55140,51476,58800,49493,48585,44417,35900,3400,-273000,-273000,-273000,336258,779471,20703536,342541,63,0,224,22,126,0,448,44,0,0,0,0,1640,19443,402336,702,10392,14010,244768,2199,336258,779471,20703536,342541,15475008,619064,7227428,2.06,0.00,0.00,657270,359982,13304740,333706,,,,998400,998400,998400,998400,998400,998400,883200,883200,0,,,,,,0,,839340,1000527,495,4929,400,1,494000,4933000,6830000,0,441,4417000,Full,726000000
1784670173.495078926,25481.70,56300,56700,58000,58000,57600,57200,57200,57200,57200,56600,56600,57700,59000,58500,58500,58900,58100,58100,57400,54600,55800,54300,54300,58700,54300,53900,52700,53100,53500,54300,63700,65600,64100,64800,59400,66000,65200,63300,64500,64500,63300,63700,64100,58100,55400,55700,54300,56600,53100,53100,53500,37000,0,0,37000,43191,56100,95000,0,40858,37000,35900,51477,95000,37807,0,39306,56400,36552,0,46879,0,49440,0,36157,43887,0,48333,56400,0,37351,0,43971,46913,49260,50871,51039,55275,51544,58800,49526,48888,44383,35900,3400,-273000,-273000,-273000,336258,779471,20703536,342541,63,0,224,22,126,0,448,44,0,0,0,0,1640,19443,402336,702,10392,14010,244768,2199,336258,779471,20703536,342541,15475008,622568,7230900,2.06,0.00,0.00,657270,359982,13304740,333706,,,,787200,787200,787200,883200,883200,883200,883200,883200,0,,,,,,0,,839340,1000527,495,4929,400,1,494000,4933000,6830000,0,441,4417000,Full,726000000
1784670173.819716738,25482.02,57100,57500,58400,58800,58400,57600,57200,58400,58000,56600,57000,57700,59400,58500,58500,58900,58100,58100,57400,55000,55800,54300,54300,59000,54300,53900,52700,53100,53100,54300,63700,65600,64100,64800,59000,65200,64500,63300,64100,64100,63700,63700,63700,57700,55400,56100,54300,56600,53100,53100,53500,37000,0,0,37000,43206,56800,95000,0,40858,37000,35900,51516,95000,37807,0,39306,56400,36555,0,46875,0,49477,0,36192,43929,0,48347,56400,0,37385,0,43999,46902,49287,50871,51073,55342,51678,58800,49695,48955,44383,35900,3400,-273000,-273000,-273000,336258,779471,20703536,342541,63,0,224,22,126,0,448,44,0,0,0,0,1640,19443,402336,702,10392,14010,244768,2199,336258,779471,20703536,342541,15475008,623708,7232040,2.06,0.00,0.00,657270,359982,13304740,333706,,,,883200,998400,998400,998400,998400,998400,883200,883200,0,,,,,,0,,847659,1000422,495,4929,400,1,494000,4928000,6830000,0,441,4417000,Full,726000000
1784670174.125383561,25482.33,57500,57900,58800,58000,58000,58400,58800,58800,58800,56600,56200,57700,59000,58100,57700,58900,58100,57700,57700,54300,55800,54300,54300,58700,54300,53900,52300,53100,53100,54300,63300,65200,63700,64100,59400,65200,64800,62500,63700,64100,63300,63700,63700,57700,55400,56400,54300,56200,53100,53500,53900,37000,0,0,37000,43222,57600,95000,0,40858,37000,35900,51536,95000,37807,0,39306,57600,36590,0,46905,0,49477,0,36182,43919,0,48360,59200,0,37426,0,44007,46916,49299,50636,50905,55342,51678,59600,49594,48922,44350,36000,3400,-273000,-273000,-273000,336263,779471,20703576,342541,63,0,224,22,126,0,448,44,0,0,0,0,1640,19443,402336,702,10392,14010,244768,2199,336263,779471,20703576,342541,15475008,620196,7228528,2.06,0.00,0.00,657270,359982,13304760,333706,,,,1670400,1670400,1670400,1670400,1670400,1670400,883200,883200,0,,,,,,0,,847659,1000422,495,4929,400,1,494000,4924000,6830000,0,437,4419000,Full,726000000
1784670174.526805592,25482.73,57500,57900,58400,58000,58000,58400,58400,58400,59600,56600,56200,57400,59000,57700,58100,58900,58500,57700,57400,54600,55400,54300,54300,58700,53900,53900,52300,53100,53100,54300,63300,65600,63700,64500,59400,65200,64500,62900,64500,63700,63300,63700,63700,57700,55800,56400,54300,56600,53100,53100,53900,37000,0,0,37000,43228,57600,95000,0,40858,37000,36000,51524,95000,37807,0,39306,56800,36580,0,46933,0,49526,0,36204,43951,0,48372,57200,0,37389,0,44014,46905,49340,50770,50838,55140,51443,59600,49493,48922,44383,36000,3400,-273000,-273000,-273000,336263,779471,20703576,342541,63,0,224,22,126,0,448,44,0,0,0,0,1640,19443,402336,702,10392,14010,244768,2199,336263,779471,20703576,342541,15475008,631488,7239696,2.06,0.00,0.00,657270,359982,13304760,333706,,,,1785600,1785600,1785600,1785600,1785600,1785600,883200,883200,0,,,,,,0,,847659,1000422,495,4929,400,1,434000,4958000,6830000,0,437,4419000,Full,726000000
1784670174.808328248,25483.01,56300,56700,57600,57600,57600,57200,56800,57600,57200,57000,57000,58100,58700,58500,58500,59300,58900,58100,57700,55000,56200,54600,54300,58300,53900,53500,52700,53100,53100,54300,63300,65200,63300,64100,59000,64800,64100,62900,63700,63700,63300,63700,63300,57700,55800,55700,54600,56200,53100,53100,53900,37000,0,0,37000,43233,56400,95000,0,40858,37000,36000,51532,95000,37807,0,39306,56100,36596,0,46944,0,49507,0,36195,43919,0,48392,56100,0,37384,0,44024,46929,49334,50636,51039,55309,51476,58800,49594,48821,44350,36000,3400,-273000,-273000,-273000,336263,779471,20703576,342541,63,0,224,22,126,0,448,44,0,0,0,0,1640,19443,402336,702,10392,14010,244768,2199,336263,779471,20703576,342541,15475008,627660,7235872,2.05,0.00,0.00,657270,359982,13304760,333706,,,,1324800,1324800,1324800,1324800,1324800,1324800,883200,883200,0,,,,,,0,,832534,1000434,495,4929,400,1,494000,4935000,6830000,0,437,4419000,Full,726000000
1784670175.118612467,25483.32,56300,56700,58000,58000,57200,57200,56800,57600,57200,56600,56600,57700,58700,58100,58100,58900,58500,58100,57400,54300,55400,54300,54300,58300,54300,53900,52300,53100,53100,54300,63300,65200,63700,64500,59000,64800,64100,62500,64100,63700,63300,63700,63700,57700,55400,55700,54300,56600,53100,53100,53900,37000,0,0,37000,43240,56100,95000,0,40858,37000,36000,51532,95000,37807,0,39306,55700,36568,0,46929,0,49522,0,36204,43939,0,48396,56100,0,37384,0,44007,46963,49325,50603,50938,55376,51611,59200,49560,49090,44383,36000,3400,-273000,-273000,-273000,336263,779471,20703576,342541,63,0,224,22,126,0,448,44,0,0,0,0,1640,19443,402336,702,10392,14010,244768,2199,336263,779471,20703576,342541,15475008,624896,7233112,2.05,0.00,0.00,657270,359982,13304760,333706,,,,883200,883200,883200,883200,883200,883200,883200,883200,0,,,,,,0,,832534,1000434,495,4929,400,1,494000,4931000,6830000,0,437,4419000,Full,726000000
1784670175.431456529,25483.63,58300,58700,58800,58800,58400,58800,59600,59200,59200,57000,56600,57700,59400,58100,58500,59300,58500,57700,57700,54600,55800,54300,54300,59400,54300,53900,52700,53100,53500,54300,63700,65600,64100,64800,59800,65200,64800,62900,64500,64500,63300,64100,63700,58100,55400,56800,54300,56200,53100,53100,53500,37000,0,0,37000,43249,58000,95000,0,40858,37000,36000,51551,95000,37807,0,39306,57200,36587,0,46936,0,49519,0,36195,43951,0,48377,57600,0,37387,0,44068,46944,49316,50737,51107,55342,51544,59600,49594,49627,44383,36000,3400,-273000,-273000,-273000,336263,779471,20703576,342541,63,0,224,22,126,0,448,44,0,0,0,0,1640,19443,402336,702,10392,14010,244768,2199,336263,779471,20703576,342541,15475008,625712,7233880,2.05,0.00,0.00,657270,359982,13304760,333706,,,,1785600,1785600,1785600,1785600,1785600,1785600,883200,883200,0,,,,,,0,,0,0,495,4929,400,1,494000,4929000,6830000,0,437,4419000,Full,726000000
1784670175.929329915,25484.13,57100,57500,58400,58000,57600,58000,57600,57600,56800,57400,57400,58100,59000,58900,58900,59700,58500,58100,57700,55800,57000,54300,54300,59000,54300,53900,52700,53100,53100,54300,62500,64100,63300,63700,59400,64500,64500,61700,63300,63700,63300,64100,63300,58100,55400,56100,54300,56600,53500,53500,54300,37000,0,0,37000,43261,57200,95000,0,40858,37000,36000,51559,95000,37807,0,39306,56800,36608,0,46970,0,49531,0,36204,43944,0,48410,56400,0,37363,0,44068,46963,49342,50770,50972,55477,51812,59200,49560,48989,44383,36000,3400,-273000,-273000,-273000,336263,779471,20703576,342541,63,0,224,22,126,0,448,44,0,0,0,0,1640,19443,402336,702,10392,14010,244768,2199,336263,779471,20703576,342541,15475008,624016,7232280,2.05,0.00,0.00,657270,359982,13304760,333706,,,,998400,998400,998400,998400,998400,998400,883200,883200,0,,,,,,0,,850505,1000362,495,4929,400,1,494000,4935000,6830000,0,437,4419000,Full,726000000
1784670176.235964446,25484.44,56700,57500,58000,58000,57200,57600,57600,57600,56800,57000,56600,58100,59400,58500,58900,59300,58500,58100,57700,55000,55800,54600,54300,59000,54300,54300,52300,53500,53100,54300,62900,64800,63700,63700,59400,64800,64500,62500,63700,64100,63700,64100,63300,57700,55400,56100,54600,56600,53100,53500,54300,37000,0,0,37000,43261,57200,95000,0,40858,37000,36000,51586,95000,37807,0,39306,56400,36618,0,46957,0,49522,0,36176,43971,0,48418,56400,0,37389,0,44057,46997,49368,50770,50938,55241,51981,59200,49594,49257,44451,36000,3400,-273000,-273000,-273000,336263,779471,20703576,342541,63,0,224,22,126,0,448,44,0,0,0,0,1640,19443,402336,702,10392,14010,244768,2199,336263,779471,20703576,342541,15475008,618232,7226520,2.05,0.00,0.00,657270,359982,13304760,333706,,,,998400,998400,998400,998400,998400,998400,883200,883200,0,,,,,,0,,850505,1000362,495,4929,400,1,494000,4931000,6830000,0,437,4419000,Full,726000000
1784670176.552554446,25484.75,57100,57500,58400,58400,57600,58400,58400,58000,58000,56600,56600,58100,59400,58100,58500,58900,58500,58100,57700,54600,55800,54600,54300,59000,54300,54300,52300,53100,53500,54600,64100,65600,64100,64500,59800,65600,64800,62900,64500,64500,63300,64100,64100,58100,55800,56400,54600,56600,53100,53500,53900,37000,0,0,37000,43283,56800,95000,0,40858,37000,36000,51576,95000,37807,0,39306,56400,36608,0,46951,0,49556,0,36195,43971,0,48425,56800,0,37403,0,44077,46997,49376,50838,51039,55443,51846,59600,49661,48787,44350,36000,3400,-273000,-273000,-273000,336263,779471,20703576,342541,63,0,224,22,126,0,448,44,0,0,0,0,1640,19443,402336,702,10392,14010,244768,2199,336263,779471,20703576,342541,15475008,619420,7227692,2.05,0.00,0.00,657270,359982,13304760,333706,,,,883200,883200,883200,883200,883200,883200,883200,883200,0,,,,,,0,,850505,1000362,495,4929,400,1,494000,4926000,6830000,0,437,4419000,Full,726000000
1784670176.867008664,25485.07,57100,57500,58400,58000,58000,57600,57600,58400,59200,56600,56200,57700,59000,58100,58500,58900,58100,57700,57700,54300,55400,54300,54300,59000,54300,53900,52700,53100,53500,54300,63700,65600,64100,64800,59400,65600,64800,63300,64800,64100,63700,64100,64100,58100,55400,56100,54600,56600,53500,53500,53500,37000,0,0,37000,43283,56800,95000,0,40858,37000,36000,51611,95000,37807,0,39306,57200,36639,0,46974,0,49544,0,36185,43982,0,48450,57200,0,37381,0,44080,46970,49397,50636,51207,55275,51712,59600,49627,49123,44249,36000,3400,-273000,-273000,-273000,336263,779471,20703576,342541,63,0,224,22,126,0,448,44,0,0,0,0,1640,19443,402336,702,10392,14010,244768,2199,336263,779471,20703576,342541,15475008,617152,7225424,2.04,0.00,0.00,657270,359982,13304760,333706,,,,1555200,1555200,1555200,1555200,1555200,1555200,883200,883200,0,,,,,,0,,840232,1000541,495,4929,400,1,494000,4926000,6830000,0,437,4419000,Full,726000000
1784670177.149812779,25485.35,56700,57100,58000,57600,57600,57200,56800,57200,56800,56600,56600,57700,58700,58500,58500,59300,58500,58100,57700,54600,55400,54300,54300,58700,54300,53900,52700,53100,53500,54300,63700,65600,64100,64500,59000,65200,64800,62900,64100,64100,63300,64100,63700,58100,55400,56100,54300,56200,53100,53500,53900,37000,0,0,37000,43288,56400,95000,0,40979,37000,36000,51579,95000,37972,0,39429,56800,36624,0,46977,0,49544,0,36195,43976,0,48446,56800,0,37400,0,44080,47001,49415,50669,51073,55342,51443,58400,49526,49257,44081,36000,3400,-273000,-273000,-273000,336263,779471,20703576,342541,63,0,224,22,126,0,448,44,0,0,0,0,1640,19443,402336,702,10392,14010,244768,2199,336263,779471,20703576,342541,15475008,615136,7223412,2.04,0.00,0.00,657270,359982,13304760,333706,,,,1113600,1113600,1113600,1113600,1113600,1113600,883200,883200,0,,,,,,0,,840232,1000541,495,4929,400,1,494000,4927000,6830000,0,437,4419000,Full,726000000
1784670177.467313664,25485.67,56300,56700,58000,57600,57200,57200,56800,57200,56800,56600,56600,57700,59000,58100,58100,58900,58500,58100,57400,54600,55800,54600,54300,58300,54600,54300,52300,53100,53100,54300,63300,65600,64100,64800,59000,65200,64500,62900,64500,64100,63300,64100,63700,58100,55400,56100,54600,56200,53100,53500,53900,37000,0,0,37000,43298,56400,95000,0,40979,37000,36000,51611,95000,37972,0,39429,56100,36621,0,47015,0,49560,0,36176,43996,0,48460,56100,0,37394,0,44101,47019,49401,50737,51006,55409,52014,58800,49493,48989,44148,36000,3400,-273000,-273000,-273000,336263,779471,20703576,342541,63,0,224,22,126,0,448,44,0,0,0,0,1640,19443,402336,702,10392,14010,244768,2199,336263,779471,20703576,342541,15475008,615476,7225576,2.04,0.00,0.00,657270,359982,13304760,333706,,,,883200,883200,883200,883200,883200,883200,883200,883200,0,,,,,,0,,840232,1000541,495,4929,400,1,494000,4926000,6830000,0,437,4419000,Full,726000000
1784670177.790840122,25485.99,56300,57100,58400,58000,57600,57600,57200,57600,57200,57000,56600,57700,59000,58500,58500,59300,58100,58100,57700,55000,55800,54300,54600,58700,54300,53900,52700,53100,53500,54300,63700,65600,64100,64800,59400,65200,64800,62900,64100,64100,63300,64100,64100,57700,55800,56100,54300,56200,53100,53100,53900,37000,0,0,37000,43310,56400,95000,0,40979,37000,36000,51615,95000,37972,0,39429,56400,36636,0,47011,0,49560,0,36195,43989,0,48482,56400,0,37387,0,44090,47035,49434,50636,51039,55409,51645,58800,49661,49291,44249,36000,3400,-273000,-273000,-273000,336272,779471,20703712,342544,63,0,224,22,126,0,448,44,0,0,0,0,1640,19443,402336,702,10392,14010,244768,2199,336272,779471,20703712,342544,15475008,613524,7221788,2.04,0.00,0.00,657270,359982,13304828,333706,,,,998400,998400,998400,998400,998400,998400,883200,883200,0,,,,,,0,,843228,1000167,495,4929,400,1,494000,4927000,6830000,0,437,4419000,Full,726000000
1784670178.113746581,25486.31,57100,57500,58400,58400,57600,58400,58800,58400,58000,57000,56200,57700,59000,58100,58100,58900,58500,57700,57400,54600,55800,54300,54300,58700,53900,54300,52700,53500,53500,54300,63700,65600,63700,64800,59400,65600,64800,63300,64500,64100,63700,64100,64100,58100,55400,56100,54300,56600,53100,53100,53900,37000,0,0,37000,43315,56800,95000,0,40979,37000,36000,51606,95000,37972,0,39429,56800,36646,0,47026,0,49593,0,36239,43992,0,48469,57200,0,37405,0,44124,47042,49438,50905,51140,55611,51846,59600,49594,48922,44518,36000,3400,-273000,-273000,-273000,336272,779471,20703712,342544,63,0,224,22,126,0,448,44,0,0,0,0,1640,19443,402336,702,10392,14010,244768,2199,336272,779471,20703712,342544,15475008,617396,7225628,2.04,0.00,0.00,657270,359982,13304828,333706,,,,1785600,1785600,1785600,1785600,1785600,1785600,883200,883200,0,,,,,,0,,843228,1000167,495,4929,400,1,491000,4931000,6830000,0,437,4419000,Full,726000000
1784670178.403328299,25486.60,56700,57100,58000,58000,58000,57600,58000,57600,57600,56200,56200,57700,59000,58100,57700,58900,58100,57700,57400,54600,55400,54300,54600,58700,53900,53900,52700,53100,53500,54300,62900,65200,63300,63700,59400,64800,64100,62100,63700,63700,63300,63700,63300,58100,55400,56100,54600,56600,53500,53100,53900,37000,0,0,37000,43319,56800,95000,0,40979,37000,36000,51629,95000,37972,0,39429,56400,36646,0,47019,0,49581,0,36192,44017,0,48478,56400,0,37399,0,44106,47053,49434,51073,51140,55241,51779,59200,49594,49392,44282,36000,3400,-273000,-273000,-273000,336272,779471,20703712,342544,63,0,224,22,126,0,448,44,0,0,0,0,1640,19443,402336,702,10392,14010,244768,2199,336272,779471,20703712,342544,15475008,613552,7221784,2.04,0.00,0.00,657270,359982,13304828,333706,,,,1785600,1785600,1785600,1785600,1785600,1785600,883200,883200,0,,,,,,0,,843228,1000167,495,4929,400,1,494000,4927000,6830000,0,437,4419000,Full,726000000
1784670178.690731997,25486.89,56300,56700,58000,58000,57600,57200,56800,57600,57200,57000,57000,58100,58700,58100,58500,59300,58500,58100,57700,55000,56200,54300,54300,58700,54300,53900,52700,53100,53500,54300,63300,65600,63700,64500,59000,65200,64800,62900,64100,64100,63300,63700,63700,58100,55400,55700,54600,56200,53500,53500,53900,37000,0,0,37000,43322,56400,95000,0,40979,37000,36000,51602,95000,37972,0,39429,56100,36639,0,47001,0,49597,0,36164,44024,0,48490,56100,0,37361,0,44134,47031,49434,50669,51140,55342,51812,58800,49728,48753,44316,36000,3400,-273000,-273000,-273000,336272,779471,20703712,342544,63,0,224,22,126,0,448,44,0,0,0,0,1640,19443,402336,702,10392,14010,244768,2199,336272,779471,20703712,342544,15475008,616360,7224612,2.03,0.00,0.00,657270,359982,13304828,333706,,,,1785600,1785600,1785600,1785600,1785600,1785600,883200,883200,0,,,,,,0,,0,0,495,4929,400,1,494000,4926000,6830000,0,437,4419000,Full,726000000
1784670179.217936684,25487.42,58300,59000,60700,58800,58800,59600,60000,59200,60000,57000,57000,58100,59400,58500,58500,59300,58500,58100,57700,55400,56200,54300,54300,59400,54300,53500,52700,53500,53500,54300,62900,65200,64100,64500,60200,65200,64800,62900,64500,64500,63700,64100,63700,57700,55800,57600,54600,56200,53100,53500,53900,37000,0,0,37000,43341,58800,95000,0,40979,37000,36000,51615,95000,37972,0,39429,58400,36683,0,47053,0,49614,0,36195,44011,0,48498,58000,0,37330,0,44160,47053,49446,50871,51140,55409,51812,60300,49594,49224,44182,36000,3400,-273000,-273000,-273000,336272,779471,20703712,342544,63,0,224,22,126,0,448,44,0,0,0,0,1640,19443,402336,702,10392,14010,244768,2199,336272,779471,20703712,342544,15475008,612960,7221248,2.03,0.00,0.00,657270,359982,13304828,333706,,,,1785600,1785600,1785600,1785600,1785600,1785600,1497600,1497600,0,,,,,,0,,0,0,495,4929,400,1,494000,4927000,6830000,0,437,4419000,Full,726000000
1784670179.501205799,25487.70,59000,59400,60000,59600,59600,59600,59200,60000,60300,58100,57700,58900,60200,58900,59300,60100,59300,58500,58500,56600,57000,54600,54300,60200,54300,54300,52300,53100,53500,54300,63700,65600,64100,64800,61000,65600,64800,63300,64500,64500,63700,64100,64100,58100,55800,58000,54600,57000,53900,53100,54300,37000,0,0,37000,43341,58800,95000,0,40979,37000,36100,51641,95000,37972,0,39429,58000,36664,0,47031,0,49646,0,36230,44014,0,48494,58400,0,37361,0,44157,47076,49422,50468,51140,55510,52451,61100,49728,49426,44282,36100,3400,-273000,-273000,-273000,336272,779471,20703712,342544,63,0,224,22,126,0,448,44,0,0,0,0,1640,19443,402336,702,10392,14010,244768,2199,336272,779471,20703712,342544,15475008,600672,7208976,2.03,0.00,0.00,657270,359982,13304828,333706,,,,1785600,1785600,1785600,1785600,1785600,1785600,883200,883200,0,,,,,,0,,0,0,495,4929,400,1,497000,4937000,6828000,0,474,4418000,Full,726000000
1784670179.854796788,25488.06,59800,60600,61100,60300,60000,61100,62300,60700,61100,58100,57700,58900,61000,59700,59700,60100,59700,58500,58500,56200,57000,54600,54600,61000,54300,54300,53100,53500,53500,54300,64100,66400,64500,65200,61400,66400,65200,64100,65200,65200,64100,64500,64800,58100,56200,59200,54600,56600,53900,53500,54300,37000,0,0,37000,43358,61100,95000,0,40979,37000,36100,51672,95000,37972,0,39429,58800,36646,0,47050,0,49667,0,36213,44040,0,48515,59600,0,37405,0,44167,47094,49464,50804,51207,55443,52350,61900,49829,49191,44182,36100,3400,-273000,-273000,-273000,336274,779485,20703840,342544,63,0,224,22,126,0,448,44,0,0,0,0,1640,19443,402336,702,10392,14010,244768,2199,336274,779485,20703840,342544,15475008,612144,7220748,2.03,0.00,0.00,657270,359982,13304892,333706,,,,1785600,1785600,1785600,1785600,1785600,1785600,883200,883200,0,,,,,,0,,861048,1000273,495,4929,400,1,494000,4932000,6828000,0,474,4418000,Full,726000000
1784670180.136633767,25488.34,58700,58700,59600,59600,59600,59600,59600,59200,59200,57700,57700,58900,60600,59300,59300,60100,59700,58500,58100,55800,57000,54600,54600,60200,54600,53900,53100,53900,53900,54600,64500,66400,64500,65200,61000,66400,65600,64500,65600,64800,64100,64800,64800,58500,56200,57600,55000,57000,53900,53900,54600,37000,0,0,37000,43349,58400,95000,0,40979,37000,36100,51654,95000,37972,0,39429,58400,36680,0,47069,0,49655,0,36242,44043,0,48515,58400,0,37354,0,44213,47087,49464,50838,51073,55544,52418,60700,49796,49123,44249,36100,3400,-273000,-273000,-273000,336274,779485,20703840,342544,63,0,224,22,126,0,448,44,0,0,0,0,1640,19443,402336,702,10392,14010,244768,2199,336274,779485,20703840,342544,15475008,624476,7232876,2.03,0.00,0.00,657270,359982,13304892,333706,,,,1324800,1324800,1324800,1324800,1324800,1324800,883200,883200,0,,,,,,0,,861048,1000273,495,4929,400,1,494000,4952000,6828000,0,474,4418000,Full,726000000
1784670180.432129340,25488.63,59000,59800,60300,59600,59600,59600,60000,60000,59600,57700,58100,58900,61000,59700,59700,60100,59700,58900,58100,56600,57400,55000,55000,61000,54300,54300,53100,53500,53900,55000,64100,66000,64500,65200,61000,66000,65600,64100,65600,65200,64100,64800,64800,58500,55800,58800,54600,57000,53900,53500,54600,37000,0,0,37000,43365,59200,95000,0,40979,37000,36100,51689,95000,37972,0,39429,58000,36680,0,47076,0,49642,0,36210,44034,0,48526,58800,0,37393,0,44160,47080,49483,50972,51207,55712,52182,61500,49863,48955,44282,36100,3400,-273000,-273000,-273000,336274,779485,20703840,342544,63,0,224,22,126,0,448,44,0,0,0,0,1640,19443,402336,702,10392,14010,244768,2199,336274,779485,20703840,342544,15475008,617396,7225880,2.03,0.00,0.00,657270,359982,13304892,333706,,,,1440000,1440000,1440000,1440000,1440000,1440000,883200,883200,0,,,,,,0,,861048,1000273,495,4929,400,1,494000,4929000,6828000,0,474,4418000,Full,726000000
1784670180.723212257,25488.92,58700,59000,60000,59200,58800,59200,59200,59600,59600,57400,57400,58500,60200,59300,58900,60100,58900,58900,58500,55400,56600,55000,54600,59800,54600,53900,53100,53500,53900,55000,64500,66400,64500,65600,60600,66400,65600,64100,65200,65600,64100,64500,64800,58500,55800,58400,54600,57000,54300,53900,54600,37000,0,0,37000,43380,60300,95000,0,40979,37000,36100,51703,95000,37972,0,39429,58400,36667,0,47087,0,49708,0,36198,44068,0,48540,58800,0,37367,0,44201,47094,49511,50938,51241,55813,52250,60300,49695,48989,44182,36100,3400,-273000,-273000,-273000,336274,779485,20703840,342544,63,0,224,22,126,0,448,44,0,0,0,0,1640,19443,402336,702,10392,14010,244768,2199,336274,779485,20703840,342544,15475008,624124,7232500,2.21,0.00,0.00,657270,359982,13304892,333706,,,,1785600,1785600,1785600,1785600,1785600,1785600,883200,883200,0,,,,,,0,,861048,1000273,495,4929,400,1,497000,4931000,6828000,0,474,4418000,Full,726000000
1784670181.010221423,25489.21,57100,57900,58800,58800,58400,58400,58400,58400,58400,58100,57700,58900,59800,59300,59300,60100,59700,58900,58500,56200,57400,55000,54600,59400,54600,54600,52700,53500,53900,54600,63300,65200,64100,64100,60200,65200,65200,62900,64500,64500,63700,64100,63700,58500,56200,56400,55000,57000,53900,53500,54600,37000,0,0,37000,43383,57600,95000,0,40979,37000,36100,51732,95000,37972,0,39429,57200,36699,0,47103,0,49692,0,36192,44068,0,48557,57200,0,37396,0,44206,47103,49540,50838,51039,55611,52250,60000,49930,48821,44148,36100,3400,-273000,-273000,-273000,336274,779485,20703840,342544,63,0,224,22,126,0,448,44,0,0,0,0,1640,19443,402336,702,10392,14010,244768,2199,336274,779485,20703840,342544,15475008,620856,7229232,2.21,0.00,0.00,657270,359982,13304892,333706,,,,1324800,1324800,1324800,1324800,1324800,1324800,883200,883200,0,,,,,,0,,857779,1000297,495,4929,400,1,494000,4932000,6828000,0,474,4418000,Full,726000000
1784670181.326152413,25489.53,57100,57900,58800,58800,58000,58000,58000,58000,58000,57700,57000,58900,59400,58900,58900,59300,58900,58500,58100,55400,56600,54600,54600,59400,54300,54300,53100,53500,53900,54600,63700,65600,64100,64500,59800,65600,64800,63300,64500,64100,64100,64100,64100,58500,56200,56100,54600,57000,53900,53900,54600,37000,0,0,37000,43395,57200,95000,0,40979,37000,36100,51750,95000,37972,0,39429,56800,36674,0,47103,0,49716,0,36224,44080,0,48568,56400,0,37419,0,44209,47118,49551,50905,51207,55645,51913,59600,49964,48619,44081,36100,3400,-273000,-273000,-273000,336274,779485,20703840,342544,63,0,224,22,126,0,448,44,0,0,0,0,1640,19443,402336,702,10392,14010,244768,2199,336274,779485,20703840,342544,15475008,616596,7224964,2.21,0.00,0.00,657270,359982,13304892,333706,,,,787200,787200,787200,787200,787200,787200,883200,883200,0,,,,,,0,,857779,1000297,495,4929,400,1,494000,4932000,6828000,0,474,4418000,Full,726000000
1784670181.648201423,25489.85,57100,57100,58800,58400,58000,57600,57600,57600,57200,57000,57000,58500,59400,58500,58500,59300,58900,58500,58100,55400,56200,54600,54600,59000,54600,54300,53100,53500,53500,54600,63700,66000,64100,64800,59400,66000,65200,63700,64800,64800,63700,64100,64100,58100,56200,56400,55000,57000,53900,53500,53900,37000,0,0,37000,43392,56800,95000,0,40979,37000,36100,51759,95000,37972,0,39429,56800,36705,0,47146,0,49737,0,36179,44090,0,48572,56800,0,37398,0,44224,47135,49546,50838,51140,55712,52182,59600,49964,48922,43947,36100,3400,-273000,-273000,-273000,336274,779485,20703840,342544,63,0,224,22,126,0,448,44,0,0,0,0,1640,19443,402336,702,10392,14010,244768,2199,336274,779485,20703840,342544,15475008,621976,7230348,2.21,0.00,0.00,657270,359982,13304892,333706,,,,1113600,1113600,1113600,1113600,1113600,1113600,883200,883200,0,,,,,,0,,857779,1000297,495,4929,400,1,494000,4931000,6828000,0,474,4418000,Full,726000000
1784670181.961887881,25490.16,58700,59400,61500,60000,61100,59600,59600,60300,60000,57400,57400,58500,59800,58900,58900,59700,58900,58500,58100,55400,56200,54600,54600,59800,54600,54300,53100,53500,53500,54600,63700,66000,64100,65200,60600,65600,65200,63300,64800,64500,63700,63700,64500,58500,55800,57200,54600,57000,53500,53500,54300,37000,0,0,37000,43407,58800,95000,0,41148,37000,36100,51754,95000,38094,0,39591,58000,36711,0,47142,0,49733,0,36195,44101,0,48568,59200,0,37375,0,44213,47118,49575,51006,51275,55611,52081,61100,49997,48854,44081,36100,3400,-273000,-273000,-273000,336274,779485,20703840,342544,63,0,224,22,126,0,448,44,0,0,0,0,1640,19443,402336,702,10392,14010,244768,2199,336274,779485,20703840,342544,15475008,619500,7227872,2.21,0.00,0.00,657270,359985,13304892,333709,,,,1785600,1785600,1785600,1785600,1785600,1785600,883200,883200,0,,,,,,0,,835448,1000641,495,4929,400,1,494000,4933000,6828000,0,474,4418000,Full,726000000
1784670182.459668766,25490.66,57100,57900,58800,58800,58000,58400,58400,58000,57200,57700,57700,58500,59800,58900,59300,60100,59300,58500,58100,56200,57000,54600,54600,59000,54300,53900,53100,53500,53500,54600,64500,66000,64500,65600,60200,66000,65600,63700,65200,64800,64100,64500,64500,58500,55800,56400,55000,56600,53900,53500,54600,37000,0,0,37000,43419,57200,95000,0,41148,37000,36100,51793,95000,38094,0,39591,57200,36733,0,47165,0,49741,0,36198,44120,0,48604,57200,0,37411,0,44239,47157,49600,50905,51241,55544,52048,60000,50031,49257,44047,36100,3400,-273000,-273000,-273000,336281,779485,20704048,342545,63,0,224,22,126,0,448,44,0,0,0,0,1640,19443,402336,702,10392,14010,244768,2199,336281,779485,20704048,342545,15475008,620036,7228388,2.21,0.00,0.00,657270,359985,13304996,333709,,,,1228800,1228800,1228800,1228800,1228800,1228800,883200,883200,0,,,,,,0,,835448,1000641,495,4929,400,1,297000,4929000,6828000,0,474,4418000,Full,726000000
1784670182.763926214,25490.96,58300,58700,59600,58800,58800,58800,58800,59200,58400,57400,57400,58900,59800,58900,58900,59700,58900,58900,58100,55400,56200,54600,54600,59400,54600,54300,52700,53900,53500,54600,64100,66000,64500,64800,60600,66000,65200,63300,64800,64800,64100,64500,64500,58500,56200,57600,54600,57000,53900,53900,54300,37000,0,0,37000,43419,58400,95000,0,41148,37000,36100,51848,95000,38094,0,39591,57600,36720,0,47171,0,49794,0,36207,44120,0,48599,57600,0,37411,0,44220,47135,49620,51107,51409,55544,52283,60300,50031,49257,44182,36100,3400,-273000,-273000,-273000,336306,779485,20704336,342549,63,0,224,22,126,0,448,44,0,0,0,0,1640,19443,402336,702,10392,14010,244768,2199,336306,779485,20704336,342549,15475008,619344,7227644,2.35,0.00,0.00,657270,359985,13305140,333709,,,,998400,998400,998400,998400,998400,998400,883200,883200,0,,,,,,0,,0,0,495,4929,400,1,497000,4928000,6828000,0,474,4418000,Full,726000000
1784670183.075443193,25491.28,57500,58300,58800,58400,58400,58400,58000,59200,58800,57000,56600,58100,59400,58500,58500,59300,58500,58500,57700,55000,55800,54600,54600,59400,54600,54300,53100,53500,53900,54600,63700,65600,64100,64800,59800,65600,64800,63300,64500,64500,63700,64500,64100,58500,55800,56800,55000,57000,53900,53500,54300,37000,0,0,37000,43443,57600,95000,0,41148,37000,36100,51828,95000,38094,0,39591,58000,36711,0,47193,0,49782,0,36204,44147,0,48624,59200,0,37396,0,44246,47171,49612,50468,51342,55645,52350,59600,49930,49157,44182,36100,3400,-273000,-273000,-273000,336306,779485,20704336,342549,63,0,224,22,126,0,448,44,0,0,0,0,1640,19443,402336,702,10392,14010,244768,2199,336306,779485,20704336,342549,15475008,614828,7223128,2.35,0.00,0.00,657270,359985,13305140,333709,,,,1440000,1440000,1440000,1440000,1440000,1440000,883200,883200,0,,,,,,0,,857403,1000205,495,4929,400,1,494000,4932000,6828000,0,474,4418000,Full,726000000
1784670183.362748089,25491.56,56700,57500,58400,58000,58000,58000,58000,57600,56800,57000,57000,58500,59000,58900,59300,59700,58900,58500,58100,55800,56600,55000,54600,58700,54600,54300,53100,53500,53500,54600,64100,65600,64100,64800,59400,65600,64800,62900,64500,64100,63700,63700,64100,58500,56200,56100,55000,56600,53500,53500,53900,37000,0,0,37000,43443,57200,95000,0,41148,37000,36100,51824,95000,38094,0,39591,56400,36727,0,47157,0,49782,0,36221,44134,0,48635,56400,0,37414,0,44257,47171,49642,50804,51342,55611,52081,59200,49762,49191,44182,36100,3400,-273000,-273000,-273000,336306,779485,20704336,342549,63,0,224,22,126,0,448,44,0,0,0,0,1640,19443,402336,702,10392,14010,244768,2199,336306,779485,20704336,342549,15475008,609840,7218208,2.35,0.00,0.00,657270,359985,13305140,333709,,,,1113600,1113600,1113600,1113600,1113600,1113600,883200,883200,0,,,,,,0,,0,0,495,4929,400,1,497000,4932000,6828000,0,474,4418000,Full,726000000
1784670183.683797881,25491.89,56300,57100,58000,58400,57600,57600,57600,57600,56800,57400,57000,58500,59400,58500,58900,59700,58500,58500,58100,55400,56200,54600,54600,58700,54600,54300,52700,53500,53500,54600,63700,66000,64100,64800,59400,65600,64800,63700,64800,64500,63700,64100,64100,58100,56200,56100,54600,57000,53900,53500,53900,37000,0,0,37000,43453,56400,95000,0,41148,37000,36100,51824,95000,38094,0,39591,56800,36711,0,47193,0,49811,0,36213,44160,0,48644,56400,0,37414,0,44264,47189,49642,51073,51476,55544,51947,59600,49762,48989,44148,36100,3400,-273000,-273000,-273000,336306,779485,20704336,342549,63,0,224,22,126,0,448,44,0,0,0,0,1640,19443,402336,702,10392,14010,244768,2199,336306,779485,20704336,342549,15475008,621060,7229476,2.35,0.00,0.00,657270,359985,13305140,333709,,,,787200,998400,998400,998400,998400,998400,883200,883200,0,,,,,,0,,0,0,495,4929,400,1,494000,4931000,6828000,0,474,4418000,Full,726000000
1784670184.002166787,25492.20,58700,58700,59200,58800,58400,58800,59200,59600,59200,57000,57000,58100,59400,58500,58500,59300,58900,58100,58100,55400,56200,54600,54600,59400,54600,54300,53100,53500,53900,54600,64100,65600,64800,64800,60200,66000,65200,63300,64800,64800,64100,64500,64100,58100,55800,57600,54600,56600,53500,53900,54300,37000,0,0,37000,43453,59600,95000,0,41148,37000,36100,51824,95000,38094,0,39591,58400,36758,0,47218,0,49789,0,36233,44154,0,48655,57600,0,37379,0,44257,47206,49649,51107,51376,55611,52418,60000,49964,49056,44114,36100,3400,-273000,-273000,-273000,336308,779485,20704352,342550,63,0,224,22,126,0,448,44,0,0,0,0,1640,19443,402336,702,10392,14010,244768,2199,336308,779485,20704352,342550,15475008,618888,7227304,2.35,0.00,0.00,657270,359985,13305148,333709,,,,1670400,1670400,1670400,1670400,1670400,1670400,1497600,1497600,0,,,,,,0,,838002,1000356,495,4929,400,1,494000,4929000,6828000,0,474,4418000,Full,726000000
1784670184.279939964,25492.48,58700,59000,60300,59200,58800,59600,59600,59600,59200,57400,57400,58100,60200,58900,58900,59700,58900,58500,58100,55400,56600,54600,54600,59800,54600,54300,53100,53900,53900,55000,64100,66000,64100,64800,60600,66000,65200,63700,65200,64500,63700,64500,64100,58100,55400,58000,55000,57000,53500,53500,54600,37000,0,0,37000,43473,60000,95000,0,41148,37000,36100,51863,95000,38094,0,39591,58400,36764,0,47218,0,49852,0,36221,44190,0,48667,58400,0,37402,0,44224,47182,49646,51174,51275,55611,52182,60300,49796,49090,44114,36100,3400,-273000,-273000,-273000,336308,779485,20704352,342550,63,0,224,22,126,0,448,44,0,0,0,0,1640,19443,402336,702,10392,14010,244768,2199,336308,779485,20704352,342550,15475008,616136,7224552,2.35,0.00,0.00,657270,359985,13305148,333709,,,,1785600,1785600,1785600,1785600,1785600,1785600,883200,883200,0,,,,,,0,,838002,1000356,495,4929,400,1,494000,4931000,6828000,0,474,4418000,Full,726000000
1784670184.572124911,25492.77,57100,57500,58800,58400,58000,58400,58800,58400,58400,57000,57000,58100,59400,58500,58500,59300,58500,58500,57700,55000,56200,54600,54600,58700,54600,54300,52700,53500,53900,54600,63700,66000,63700,64800,59800,66000,64800,63700,64800,64500,63300,64100,64100,58100,56200,56400,55000,57000,53900,53500,54300,37000,0,0,37000,43470,57200,95000,0,41148,37000,36100,51814,95000,38094,0,39591,57200,36744,0,47246,0,49815,0,36230,44180,0,48654,58000,0,37390,0,44279,47232,49651,50737,51207,55611,51947,59600,49964,49426,44216,36100,3400,-273000,-273000,-273000,336308,779485,20704352,342550,63,0,224,22,126,0,448,44,0,0,0,0,1640,19443,402336,702,10392,14010,244768,2199,336308,779485,20704352,342550,15475008,618400,7226788,2.35,0.00,0.00,657270,359985,13305148,333709,,,,1785600,1785600,1785600,1785600,1785600,1785600,883200,883200,0,,,,,,0,,838002,1000356,495,4929,400,1,494000,4931000,6826000,0,470,4416000,Full,726000000
1784670184.872697307,25493.07,56700,57500,58800,58000,58000,57600,57200,57600,57200,57400,57000,58100,59400,58500,58500,59700,58900,58100,58100,55400,56600,54600,54600,59000,54600,54300,52700,53500,53900,54600,63700,65600,64100,64800,59400,65600,64800,63300,64100,64500,63700,64100,63700,58100,55800,56100,55000,57000,53900,53500,53900,37000,0,0,37000,43480,56800,95000,0,41148,37000,36200,51863,95000,38094,0,39591,56800,36775,0,47229,0,49848,0,36227,44167,0,48690,56400,0,37378,0,44286,47225,49675,51107,51308,55645,52081,59200,49997,49526,44216,36200,3400,-273000,-273000,-273000,336317,779490,20704464,342552,63,0,224,22,126,0,448,44,0,0,0,0,1640,19443,402336,702,10392,14010,244768,2199,336317,779490,20704464,342552,15475008,620404,7228720,2.28,0.00,0.00,657270,359985,13305204,333709,,,,998400,998400,998400,998400,998400,998400,883200,883200,0,,,,,,0,,852067,1000451,495,4929,400,1,494000,4932000,6826000,0,455,4416000,Full,726000000
1784670185.188574755,25493.39,57100,57500,58800,58800,58400,58000,57600,58800,58800,57000,57000,58100,59400,58500,58900,59300,58900,58100,57700,55400,56200,54600,54600,59000,54300,54300,53100,53500,53500,54300,63700,66000,64100,65200,59800,65600,65200,63300,64800,64800,63700,64500,64100,58100,56200,56400,55000,57000,53500,53500,54300,37000,0,0,37000,43501,56800,95000,0,41148,37000,36200,51848,95000,38094,0,39591,57600,36750,0,47210,0,49852,0,36204,44190,0,48682,58400,0,37396,0,44309,47206,49667,51006,51308,55645,52081,59600,49964,49728,44216,36200,3400,-273000,-273000,-273000,336317,779490,20704464,342552,63,0,224,22,126,0,448,44,0,0,0,0,1640,19443,402336,702,10392,14010,244768,2199,336317,779490,20704464,342552,15475008,615880,7224196,2.28,0.00,0.00,657270,359985,13305204,333709,,,,1324800,1324800,1324800,1324800,1324800,1324800,883200,883200,0,,,,,,0,,852067,1000451,495,4929,410,1,494000,4926000,6826000,0,455,4416000,Full,726000000
1784670185.695219234,25493.90,57100,57500,58800,58400,58000,58000,57600,58000,57200,57400,57400,58500,59400,59300,58900,60100,59300,58500,57700,55800,56600,54600,54600,59000,54600,54300,52700,53500,53900,54600,63700,66000,64100,65200,59800,66000,65200,63700,64800,64500,64100,64500,64100,58500,55800,56400,54600,57000,53500,53500,54300,37000,0,0,37000,43507,57200,95000,0,41148,37000,36200,51863,95000,38094,0,39591,56400,36772,0,47253,0,49852,0,36201,44230,0,48717,56800,0,37429,0,44323,47221,49708,50938,51275,55847,52216,59600,49930,48955,43980,36200,3400,-273000,-273000,-273000,336317,779490,20704464,342552,63,0,224,22,126,0,448,44,0,0,0,0,1640,19443,402336,702,10392,14010,244768,2199,336317,779490,20704464,342552,15475008,618260,7226692,2.28,0.00,0.00,657270,359985,13305204,333709,,,,787200,787200,787200,787200,787200,787200,883200,883200,0,,,,,,0,,852067,1000451,495,4929,410,1,494000,4927000,6826000,0,455,4416000,Full,726000000
1784670186.013971578,25494.22,57500,58300,59200,58800,58400,58800,58800,58800,58400,57000,57000,58500,59800,58500,58900,59300,58900,58500,57700,55400,56600,54600,54600,59400,54600,54300,53100,53500,53900,55000,63300,65600,64500,64500,59800,65200,65200,62900,64100,64500,63700,64500,64500,58500,55800,56800,55000,57000,53900,53500,54300,37000,0,0,37000,43512,57600,95000,0,41148,37000,36200,51871,95000,38094,0,39591,57200,36775,0,47242,0,49852,0,36198,44224,0,48737,56800,0,37420,0,44319,47253,49704,51006,51207,55712,52149,60000,50031,48955,43980,36200,3400,-273000,-273000,-273000,336317,779490,20704464,342552,63,0,224,22,126,0,448,44,0,0,0,0,1640,19443,402336,702,10392,14010,244768,2199,336317,779490,20704464,342552,15475008,624100,7232456,2.28,0.00,0.00,657270,359985,13305204,333709,,,,883200,883200,883200,883200,883200,883200,883200,883200,0,,,,,,0,,857631,1000265,495,4929,410,1,494000,4928000,6826000,0,455,4416000,Full,726000000
1784670186.333020588,25494.53,57900,58300,59200,58400,58400,58800,59200,58400,58400,57400,57000,58500,59400,58500,58500,59300,58900,58100,57700,55000,55800,54600,54600,59400,54600,54300,53100,53500,53500,54600,64100,66000,64100,64800,59800,66000,64800,63700,64800,64500,63700,64100,64100,58100,56200,56800,55000,57000,53500,53900,53900,37000,0,0,37000,43516,58000,95000,0,41148,37000,36200,51875,95000,38094,0,39591,58400,36794,0,47260,0,49893,0,36213,44201,0,48741,59600,0,37423,0,44356,47253,49725,50905,51409,55645,52182,60000,49964,49560,44182,36200,3400,-273000,-273000,-273000,336317,779490,20704464,342552,63,0,224,22,126,0,448,44,0,0,0,0,1640,19443,402336,702,10392,14010,244768,2199,336317,779490,20704464,342552,15475008,620072,7228432,2.28,0.00,0.00,657270,359985,13305204,333709,,,,1555200,1785600,1785600,1785600,1785600,1785600,883200,883200,0,,,,,,0,,857631,1000265,495,4929,410,1,494000,4929000,6826000,0,455,4416000,Full,726000000
1784670186.616548244,25494.82,56700,57500,58400,58400,57600,57600,57600,58000,57600,57000,57400,58100,59000,58500,58900,59700,58900,58500,58100,55800,56200,54600,54600,58700,54600,54300,52700,53500,53900,54600,63700,66000,64100,64800,59000,65600,64800,63300,64500,64500,63700,64100,63700,58100,55800,56100,55000,57000,53900,53500,53900,37000,0,0,37000,43523,57200,95000,0,41148,37000,36200,51875,95000,38094,0,39591,56800,36780,0,47264,0,49881,0,36204,44246,0,48721,56800,0,37375,0,44333,47246,49700,50905,51376,55510,51947,59200,49930,48955,44148,36200,3400,-273000,-273000,-273000,336317,779490,20704464,342552,63,0,224,22,126,0,448,44,0,0,0,0,1640,19443,402336,702,10392,14010,244768,2199,336317,779490,20704464,342552,15475008,613840,7222200,2.23,0.00,0.00,657270,359985,13305204,333709,,,,1324800,1324800,1324800,1324800,1324800,1324800,883200,883200,0,,,,,,0,,857631,1000265,495,4929,410,1,494000,4931000,6826000,0,455,4416000,Full,726000000
1784670186.935750483,25495.14,56700,57100,58000,58400,57600,57600,57600,57600,56800,57400,57000,58100,59000,58500,58900,59300,58500,58100,58100,55000,56600,54600,54600,58700,54300,54300,52700,53500,53500,54600,64100,66000,64500,64800,59400,66000,65600,63300,64500,64500,63700,64100,64500,58100,55800,56100,54600,57000,53500,53900,54300,37000,0,0,37000,43527,56400,95000,0,41268,37000,36200,51914,95000,38178,0,39705,56400,36800,0,47289,0,49893,0,36227,44234,0,48737,56100,0,37364,0,44342,47281,49700,50938,51510,55678,51846,58800,49964,49224,44182,36200,3400,-273000,-273000,-273000,336317,779490,20704464,342552,63,0,224,22,126,0,448,44,0,0,0,0,1640,19443,402336,702,10392,14010,244768,2199,336317,779490,20704464,342552,15475008,615624,7223984,2.23,0.00,0.00,657270,359985,13305204,333709,,,,998400,998400,998400,998400,998400,998400,883200,883200,0,,,,,,0,,842400,1000095,495,4929,410,1,494000,4931000,6826000,0,455,4416000,Full,726000000
1784670187.259370483,25495.46,57100,57500,58400,58400,58000,58000,57600,58000,57200,57000,57000,58100,59400,58500,58900,59700,58500,58100,57700,55400,55800,54600,54600,58700,54300,54300,53100,53500,53500,54600,63700,65200,63700,64800,59400,65200,64500,62900,64100,64100,63300,64100,63700,58500,55800,56100,54600,57000,53500,53500,54300,37000,0,0,37000,43543,56800,95000,0,41268,37000,36200,51887,95000,38178,0,39705,56400,36794,0,47268,0,49900,0,36252,44272,0,48741,56400,0,37435,0,44363,47281,49696,51107,51308,55712,51947,59200,49930,49090,44148,36200,3400,-273000,-273000,-273000,336317,779490,20704464,342552,63,0,224,22,126,0,448,44,0,0,0,0,1640,19443,402336,702,10392,14010,244768,2199,336317,779490,20704464,342552,15475008,610080,7218444,2.23,0.00,0.00,657270,359985,13305204,333709,,,,998400,998400,998400,998400,998400,998400,883200,883200,0,,,,,,0,,842400,1000095,495,4929,410,1,494000,4928000,6826000,0,455,4416000,Full,726000000
1784670187.583425171,25495.78,57500,57900,58800,58800,58000,58000,58000,58400,58400,57000,57000,58100,59400,58100,58500,59300,58500,58100,57700,55400,56200,54600,54600,59000,54300,54300,52700,53100,53500,54600,63700,65200,64100,64800,59400,65600,64800,62900,64800,64500,63700,64100,64100,58100,55800,56400,54600,56600,53500,53900,54300,37000,0,0,37000,43555,57200,95000,0,41268,37000,36200,51854,95000,38178,0,39705,56800,36800,0,47296,0,49885,0,36267,44216,0,48764,58000,0,37394,0,44345,47278,49741,50938,51308,55544,52048,59600,49930,49056,44047,36200,3400,-273000,-273000,-273000,336317,779490,20704464,342552,63,0,224,22,126,0,448,44,0,0,0,0,1640,19443,402336,702,10392,14010,244768,2199,336317,779490,20704464,342552,15475008,616016,7224360,2.23,0.00,0.00,657270,359985,13305204,333709,,,,1228800,1228800,1228800,1228800,1228800,1228800,883200,883200,0,,,,,,0,,842400,1000095,495,4929,410,1,494000,4931000,6826000,0,455,4416000,Full,726000000
1784670187.883902202,25496.09,57100,57100,58800,58000,57600,57600,58000,58000,57600,56600,56600,58100,59400,58500,58500,59300,58100,58100,57700,54600,55800,54600,54600,58700,54600,54300,53100,53500,53500,54600,64100,66000,64100,64800,59400,65600,64800,63300,64500,64500,63300,63700,64100,57700,55400,56100,54600,56600,53500,53500,54300,37000,0,0,37000,43565,56800,95000,0,41268,37000,36200,51897,95000,38178,0,39705,56800,36797,0,47278,0,49900,0,36213,44267,0,48789,57600,0,37431,0,44393,47313,49732,51006,51376,55544,52048,59200,49997,49526,43980,36200,3400,-273000,-273000,-273000,336323,779490,20704576,342553,63,0,224,22,126,0,448,44,0,0,0,0,1640,19443,402336,702,10392,14010,244768,2199,336323,779490,20704576,342553,15475008,616068,7224396,2.23,0.00,0.00,657270,359985,13305260,333709,,,,1785600,1785600,1785600,1785600,1785600,1785600,883200,883200,0,,,,,,0,,842020,1000263,495,4929,410,1,494000,4928000,6826000,0,455,4416000,Full,726000000
1784670188.174212879,25496.38,56700,57100,58400,58000,57600,57600,58000,58000,57600,57000,57000,58100,58700,58500,58900,59300,58500,58500,57700,55400,56200,54600,54600,58700,54300,54300,52700,53500,53500,54300,61000,62500,62100,61700,58700,62100,62500,60600,61400,62500,62100,62500,62100,58100,55400,56100,54600,56600,53500,53500,54300,37000,0,0,37000,43558,57600,95000,0,41268,37000,36200,51897,95000,38178,0,39705,56100,36808,0,47300,0,49922,0,36213,44279,0,48789,56100,0,37411,0,44385,47292,49745,50905,51207,55376,51812,58800,49896,48787,44013,36200,3400,-273000,-273000,-273000,336323,779490,20704576,342553,63,0,224,22,126,0,448,44,0,0,0,0,1640,19443,402336,702,10392,14010,244768,2199,336323,779490,20704576,342553,15475008,612360,8593064,2.23,0.00,0.00,657270,359985,13305260,333709,,,,1785600,1785600,1785600,1785600,1785600,1785600,883200,883200,0,,,,,,0,,842020,1000263,495,4929,410,1,431000,4936000,6826000,0,455,4416000,Full,646000000
