step,token_id,token_text,wall_us,n_kv_cells,rss_kb,log_prob,nll,evicted_this_step
0,26155," fleet",131500527,9737,555004,-2.428002,2.428002,0
1,574," was",131547992,9738,535196,-0.633810,0.633810,0
2,6319," designed",131567829,9739,535196,-0.864254,0.864254,0
3,311," to",131587853,9740,535324,-0.008511,0.008511,0
4,387," be",131608514,9741,535244,-0.096777,0.096777,0
5,13171," capable",131633961,9742,535304,-0.885369,0.885369,0
6,315," of",131664712,9743,535380,-0.000983,0.000983,0
7,11039," fighting",131690713,9744,535380,-2.433324,2.433324,0
8,264," a",131719144,9745,535380,-0.740148,0.740148,0
9,1403," two",131746865,9746,535380,-1.074725,1.074725,0
10,12,"-",131774312,9747,535352,-1.384412,1.384412,0
11,5383,"ship",131803908,9748,535352,-0.849639,0.849639,0
12,8209," battle",131833810,9749,535352,-0.108282,0.108282,0
13,304," in",131862539,9750,535476,-0.876465,0.876465,0
14,11002," Japanese",131890602,9751,535476,-0.463300,0.463300,0
15,21160," waters",131921242,9752,535476,-0.007816,0.007816,0
16,323," and",131948276,9753,535484,-1.416798,1.416798,0
17,1053," would",131976327,9754,535484,-1.002852,1.002852,0
18,617," have",132002359,9755,535484,-1.805700,1.805700,0
19,1027," been",132028378,9756,535484,-0.546031,0.546031,0
20,279," the",132054928,9757,535484,-1.010091,1.010091,0
21,7928," largest",132081505,9758,535484,-0.432500,0.432500,0
22,26155," fleet",132109167,9759,535484,-0.600199,0.600199,0
23,3596," ever",132135870,9760,535484,-0.959567,0.959567,0
24,5918," built",132170032,9761,535484,-0.978886,0.978886,0
25,520," at",132205056,9762,535484,-0.809187,0.809187,0
26,430," that",132233207,9763,535512,-2.227523,2.227523,0
27,892," time",132269905,9764,535468,-0.003606,0.003606,0
28,662," .",132301919,9765,535468,-0.024703,0.024703,0
29,578," The",132333253,9766,535468,-0.237810,0.237810,0
30,2955," design",132363666,9767,535468,-0.904375,0.904375,0
31,315," of",132390228,9768,535464,-0.119119,0.119119,0
32,279," the",132417472,9769,535464,-0.011279,0.011279,0
33,25572," battles",132444786,9770,535464,-0.156577,0.156577,0
34,34322,"hips",132472499,9771,535464,-0.060013,0.060013,0
35,574," was",132498847,9772,535464,-0.181854,0.181854,0
36,28160," influenced",132525253,9773,535460,-0.484704,0.484704,0
37,555," by",132552071,9774,535444,-0.012617,0.012617,0
38,279," the",132579090,9775,535464,-0.055861,0.055861,0
39,11002," Japanese",132605234,9776,535464,-1.416001,1.416001,0
40,19574," Navy",132631208,9777,535464,-0.923290,0.923290,0
41,596,"'s",132657070,9778,535464,-0.117604,0.117604,0
42,12876," desire",132683644,9779,535464,-0.785538,0.785538,0
43,311," to",132710336,9780,535464,-0.010988,0.010988,0
44,10519," maintain",132738128,9781,535464,-0.433855,0.433855,0
45,264," a",132765618,9782,535436,-0.069684,0.069684,0
46,26155," fleet",132792383,9783,535436,-0.092702,0.092702,0
47,449," with",132819413,9784,535436,-2.398304,2.398304,0
48,520," at",132846233,9785,535404,-2.274772,2.274772,0
49,3325," least",132873528,9786,535404,-0.000026,0.000026,0
50,220," ",132904987,9787,535404,-0.002645,0.002645,0
51,2031,"70",132933979,9788,535404,-0.036716,0.036716,0
52,1034," %",132960843,9789,535404,-0.164724,0.164724,0
53,439," as",132987426,9790,535404,-0.048794,0.048794,0
54,1690," many",133014811,9791,535404,-0.000292,0.000292,0
55,6864," capital",133041924,9792,535404,-0.000635,0.000635,0
56,18198," ships",133068172,9793,535404,-0.001245,0.001245,0
57,439," as",133096039,9794,535404,-0.000701,0.000701,0
58,279," the",133122631,9795,535404,-0.000946,0.000946,0
59,2326," US",133150393,9796,535404,-0.000781,0.000781,0
60,19574," Navy",133181654,9797,535432,-0.001297,0.001297,0
61,662," .",133211217,9798,535432,-0.164805,0.164805,0
62,578," The",133239281,9799,535432,-0.272344,0.272344,0
63,358," I",133270150,9800,535464,-1.348686,1.348686,0
64,41,"J",133297757,9801,535464,-0.285616,0.285616,0
65,45,"N",133326066,9802,535464,-0.030912,0.030912,0
66,364," '",133357671,9803,535464,-0.328145,0.328145,0
67,82,"s",133384378,9804,535464,-0.000041,0.000041,0
68,26155," fleet",133410955,9805,535464,-0.119938,0.119938,0
69,574," was",133437282,9806,535464,-2.305144,2.305144,0
70,6319," designed",133464080,9807,535464,-1.086508,1.086508,0
71,311," to",133490022,9808,535464,-0.045252,0.045252,0
72,387," be",133516224,9809,535456,-0.021164,0.021164,0
73,13171," capable",133543397,9810,535456,-0.312790,0.312790,0
74,315," of",133569683,9811,535452,-0.000200,0.000200,0
75,11039," fighting",133595810,9812,535452,-0.009856,0.009856,0
76,264," a",133622253,9813,535452,-0.004854,0.004854,0
77,1403," two",133649684,9814,535452,-0.003169,0.003169,0
78,12,"-",133678222,9815,535452,-0.002704,0.002704,0
79,5383,"ship",133709746,9816,535452,-0.020872,0.020872,0
80,8209," battle",133736996,9817,535456,-0.001652,0.001652,0
81,304," in",133764483,9818,535456,-0.000915,0.000915,0
82,11002," Japanese",133809081,9819,535456,-0.000321,0.000321,0
83,21160," waters",133844681,9820,535456,-0.000148,0.000148,0
84,323," and",133877546,9821,535456,-0.007922,0.007922,0
85,1053," would",133908075,9822,535456,-0.037316,0.037316,0
86,617," have",133935954,9823,535456,-0.002300,0.002300,0
87,1027," been",133963866,9824,535456,-0.000348,0.000348,0
88,279," the",133993702,9825,535456,-0.000152,0.000152,0
89,7928," largest",134021403,9826,535456,-0.000155,0.000155,0
90,26155," fleet",134049232,9827,535456,-0.000500,0.000500,0
91,3596," ever",134078359,9828,535464,-0.000221,0.000221,0
92,5918," built",134105801,9829,535464,-0.000585,0.000585,0
93,520," at",134133509,9830,535464,-0.000243,0.000243,0
94,430," that",134162131,9831,535464,-0.000556,0.000556,0
95,892," time",134198222,9832,535464,-0.000015,0.000015,0
96,662," .",134225124,9833,535464,-0.013723,0.013723,0
97,578," The",134252841,9834,535464,-0.012106,0.012106,0
98,2955," design",134282212,9835,535464,-0.002033,0.002033,0
99,315," of",134309849,9836,535464,-0.003819,0.003819,0
100,279," the",134339795,9837,535464,-0.000065,0.000065,0
101,25572," battles",134366845,9838,535464,-0.005406,0.005406,0
102,34322,"hips",134392874,9839,535464,-0.005858,0.005858,0
103,574," was",134418958,9840,535464,-0.002021,0.002021,0
104,28160," influenced",134444965,9841,535464,-0.000324,0.000324,0
105,555," by",134472123,9842,535464,-0.000067,0.000067,0
106,279," the",134499058,9843,535464,-0.000102,0.000102,0
107,11002," Japanese",134525490,9844,535464,-0.000142,0.000142,0
108,19574," Navy",134551839,9845,535464,-0.001209,0.001209,0
109,596,"'s",134578713,9846,535464,-0.008516,0.008516,0
110,12876," desire",134606495,9847,535464,-0.000212,0.000212,0
111,311," to",134636445,9848,535464,-0.000062,0.000062,0
112,10519," maintain",134666579,9849,535464,-0.000715,0.000715,0
113,264," a",134697755,9850,535464,-0.000079,0.000079,0
114,26155," fleet",134726237,9851,535464,-0.000103,0.000103,0
115,449," with",134758936,9852,535464,-0.000204,0.000204,0
116,520," at",134790040,9853,535464,-0.001388,0.001388,0
117,3325," least",134821910,9854,535464,-0.000023,0.000023,0
118,220," ",134858150,9855,535464,-0.000017,0.000017,0
119,2031,"70",134884851,9856,535464,-0.000243,0.000243,0
120,1034," %",134912552,9857,535464,-0.026194,0.026194,0
121,439," as",134939817,9858,535464,-0.000024,0.000024,0
122,1690," many",134967258,9859,535464,-0.000027,0.000027,0
123,6864," capital",134993187,9860,535464,-0.000010,0.000010,0
124,18198," ships",135020431,9861,535464,-0.000367,0.000367,0
125,439," as",135047052,9862,535464,-0.000012,0.000012,0
126,279," the",135075727,9863,535464,-0.000004,0.000004,0
127,2326," US",135104145,9864,535464,-0.000055,0.000055,0
128,19574," Navy",135131001,9865,535464,-0.000251,0.000251,0
129,662," .",135157297,9866,535464,-0.014368,0.014368,0
130,578," The",135184376,9867,535464,-0.008408,0.008408,0
131,358," I",135211564,9868,535464,-0.163413,0.163413,0
132,41,"J",135237605,9869,535464,-0.001651,0.001651,0
133,45,"N",135264463,9870,535464,-0.001399,0.001399,0
134,364," '",135291015,9871,535464,-0.015386,0.015386,0
135,82,"s",135317445,9872,535464,-0.000010,0.000010,0
136,26155," fleet",135343877,9873,535464,-0.002160,0.002160,0
137,574," was",135369815,9874,535464,-0.006733,0.006733,0
138,6319," designed",135396167,9875,535464,-0.000870,0.000870,0
139,311," to",135422885,9876,535464,-0.000285,0.000285,0
140,387," be",135448810,9877,535464,-0.000109,0.000109,0
141,13171," capable",135476921,9878,535464,-0.002298,0.002298,0
142,315," of",135510041,9879,535464,-0.000053,0.000053,0
143,11039," fighting",135538593,9880,535464,-0.000106,0.000106,0
144,264," a",135573626,9881,535464,-0.000383,0.000383,0
145,1403," two",135604270,9882,535464,-0.000168,0.000168,0
146,12,"-",135633680,9883,535464,-0.000404,0.000404,0
147,5383,"ship",135662675,9884,535464,-0.012365,0.012365,0
148,8209," battle",135691291,9885,535464,-0.000501,0.000501,0
149,304," in",135721805,9886,535464,-0.000041,0.000041,0
150,11002," Japanese",135751458,9887,535464,-0.000048,0.000048,0
151,21160," waters",135778203,9888,535464,-0.000126,0.000126,0
152,323," and",135806270,9889,535464,-0.000197,0.000197,0
153,1053," would",135833383,9890,535464,-0.001670,0.001670,0
154,617," have",135861459,9891,535464,-0.000283,0.000283,0
155,1027," been",135891964,9892,535464,-0.000046,0.000046,0
156,279," the",135921790,9893,535464,-0.000024,0.000024,0
157,7928," largest",135952881,9894,535464,-0.000056,0.000056,0
158,26155," fleet",135980103,9895,535464,-0.000156,0.000156,0
159,3596," ever",136007099,9896,535464,-0.000075,0.000075,0
160,5918," built",136034324,9897,535464,-0.000319,0.000319,0
161,520," at",136061595,9898,535464,-0.000038,0.000038,0
162,430," that",136089079,9899,535464,-0.000102,0.000102,0
163,892," time",136117976,9900,535464,-0.000010,0.000010,0
164,662," .",136144708,9901,535464,-0.031769,0.031769,0
165,578," The",136171288,9902,535464,-0.006462,0.006462,0
166,2955," design",136197785,9903,535464,-0.007392,0.007392,0
167,315," of",136224625,9904,535464,-0.001301,0.001301,0
168,279," the",136251177,9905,535464,-0.000043,0.000043,0
169,25572," battles",136277694,9906,535464,-0.004666,0.004666,0
170,34322,"hips",136309629,9907,535464,-0.005268,0.005268,0
171,574," was",136336381,9908,535464,-0.001080,0.001080,0
172,28160," influenced",136363967,9909,535464,-0.000382,0.000382,0
173,555," by",136393598,9910,535464,-0.000059,0.000059,0
174,279," the",136435951,9911,535464,-0.000078,0.000078,0
175,11002," Japanese",136464366,9912,535464,-0.000139,0.000139,0
176,19574," Navy",136495605,9913,535464,-0.000500,0.000500,0
177,596,"'s",136525300,9914,535464,-0.001251,0.001251,0
178,12876," desire",136553863,9915,535464,-0.000133,0.000133,0
179,311," to",136579962,9916,535464,-0.000061,0.000061,0
180,10519," maintain",136608522,9917,535464,-0.000504,0.000504,0
181,264," a",136635634,9918,535464,-0.000078,0.000078,0
182,26155," fleet",136663238,9919,535464,-0.000066,0.000066,0
183,449," with",136689578,9920,535464,-0.000203,0.000203,0
184,520," at",136715979,9921,535464,-0.001258,0.001258,0
185,3325," least",136742099,9922,535464,-0.000028,0.000028,0
186,220," ",136770779,9923,535464,-0.000017,0.000017,0
187,2031,"70",136801807,9924,535464,-0.000147,0.000147,0
188,1034," %",136829336,9925,535464,-0.035828,0.035828,0
189,439," as",136857232,9926,535464,-0.000029,0.000029,0
190,1690," many",136889298,9927,535464,-0.000035,0.000035,0
191,6864," capital",136916215,9928,535464,-0.000013,0.000013,0
192,18198," ships",136949810,9929,535464,-0.000328,0.000328,0
193,439," as",136983003,9930,535464,-0.000008,0.000008,0
194,279," the",137012917,9931,535464,-0.000007,0.000007,0
195,2326," US",137039754,9932,535464,-0.000053,0.000053,0
196,19574," Navy",137065850,9933,535464,-0.000190,0.000190,0
197,662," .",137092192,9934,535464,-0.035819,0.035819,0
198,578," The",137118607,9935,535464,-0.005582,0.005582,0
199,358," I",137144757,9936,535464,-0.103686,0.103686,0
200,41,"J",137172565,9937,535464,-0.000726,0.000726,0
201,45,"N",137200077,9938,535464,-0.000857,0.000857,0
202,364," '",137226594,9939,535464,-0.009533,0.009533,0
203,82,"s",137268003,9940,535464,-0.000012,0.000012,0
204,26155," fleet",137298139,9941,535464,-0.000694,0.000694,0
205,574," was",137326355,9942,535464,-0.001985,0.001985,0
206,6319," designed",137353066,9943,535464,-0.000952,0.000952,0
207,311," to",137380006,9944,535464,-0.000128,0.000128,0
208,387," be",137410760,9945,535464,-0.000050,0.000050,0
209,13171," capable",137440625,9946,535464,-0.001542,0.001542,0
210,315," of",137472118,9947,535464,-0.000057,0.000057,0
211,11039," fighting",137502771,9948,535464,-0.000061,0.000061,0
212,264," a",137529457,9949,535464,-0.000474,0.000474,0
213,1403," two",137555630,9950,535464,-0.000075,0.000075,0
214,12,"-",137581827,9951,535464,-0.000103,0.000103,0
215,5383,"ship",137607927,9952,535464,-0.010371,0.010371,0
216,8209," battle",137634376,9953,535464,-0.000310,0.000310,0
217,304," in",137661090,9954,535340,-0.000027,0.000027,0
218,11002," Japanese",137687436,9955,535340,-0.000060,0.000060,0
219,21160," waters",137714670,9956,535340,-0.000116,0.000116,0
220,323," and",137741761,9957,535464,-0.000116,0.000116,0
221,1053," would",137770356,9958,535464,-0.000881,0.000881,0
222,617," have",137801652,9959,535464,-0.000174,0.000174,0
223,1027," been",137831176,9960,535464,-0.000024,0.000024,0
224,279," the",137859274,9961,535464,-0.000013,0.000013,0
225,7928," largest",137886145,9962,535464,-0.000036,0.000036,0
226,26155," fleet",137912664,9963,535464,-0.000125,0.000125,0
227,3596," ever",137938768,9964,535464,-0.000060,0.000060,0
228,5918," built",137965979,9965,535464,-0.000314,0.000314,0
229,520," at",137999940,9966,535464,-0.000025,0.000025,0
230,430," that",138026379,9967,535464,-0.000060,0.000060,0
231,892," time",138050373,9968,535464,-0.000009,0.000009,0
232,662," .",138072570,9969,535464,-0.055878,0.055878,0
233,578," The",138094730,9970,535464,-0.006188,0.006188,0
234,2955," design",138116602,9971,535464,-0.004138,0.004138,0
235,315," of",138138379,9972,535464,-0.000520,0.000520,0
236,279," the",138160992,9973,535464,-0.000029,0.000029,0
237,25572," battles",138186261,9974,535464,-0.001570,0.001570,0
238,34322,"hips",138213131,9975,535464,-0.004398,0.004398,0
239,574," was",138240108,9976,535464,-0.000631,0.000631,0
240,28160," influenced",138268802,9977,535464,-0.000223,0.000223,0
241,555," by",138296189,9978,535464,-0.000036,0.000036,0
242,279," the",138327207,9979,535464,-0.000034,0.000034,0
243,11002," Japanese",138354052,9980,535464,-0.000104,0.000104,0
244,19574," Navy",138385346,9981,535464,-0.000199,0.000199,0
245,596,"'s",138412099,9982,535464,-0.000562,0.000562,0
246,12876," desire",138441317,9983,535464,-0.000096,0.000096,0
247,311," to",138468084,9984,535464,-0.000044,0.000044,0
248,10519," maintain",138496924,9985,535464,-0.000229,0.000229,0
249,264," a",138522954,9986,535464,-0.000057,0.000057,0
250,26155," fleet",138549005,9987,535464,-0.000040,0.000040,0
251,449," with",138574872,9988,535464,-0.000100,0.000100,0
252,520," at",138600862,9989,535464,-0.000499,0.000499,0
253,3325," least",138627290,9990,535464,-0.000029,0.000029,0
254,220," ",138653413,9991,535464,-0.000012,0.000012,0
255,2031,"70",138680629,9992,535464,-0.000104,0.000104,0
256,1034," %",138711289,9993,535464,-0.011455,0.011455,0
257,439," as",138739114,9994,535464,-0.000021,0.000021,0
258,1690," many",138770832,9995,535464,-0.000029,0.000029,0
259,6864," capital",138800421,9996,535464,-0.000013,0.000013,0
260,18198," ships",138830383,9997,535464,-0.000246,0.000246,0
261,439," as",138860977,9998,535464,-0.000007,0.000007,0
262,279," the",138894006,9999,535464,-0.000008,0.000008,0
263,2326," US",138926614,10000,535464,-0.000052,0.000052,0
264,19574," Navy",138953849,10001,535464,-0.000206,0.000206,0
265,662," .",138980520,10002,535464,-0.043562,0.043562,0
266,578," The",139008254,10003,535464,-0.003732,0.003732,0
267,358," I",139034602,10004,535464,-0.029787,0.029787,0
268,41,"J",139060638,10005,535464,-0.000466,0.000466,0
269,45,"N",139087204,10006,535464,-0.000851,0.000851,0
270,364," '",139113593,10007,535464,-0.002311,0.002311,0
271,82,"s",139139612,10008,535464,-0.000013,0.000013,0
272,26155," fleet",139165640,10009,535464,-0.000277,0.000277,0
273,574," was",139192625,10010,535464,-0.000839,0.000839,0
274,6319," designed",139219666,10011,535464,-0.000576,0.000576,0
275,311," to",139246792,10012,535464,-0.000121,0.000121,0
276,387," be",139278033,10013,535464,-0.000034,0.000034,0
277,13171," capable",139304770,10014,535464,-0.001090,0.001090,0
278,315," of",139331255,10015,535464,-0.000065,0.000065,0
279,11039," fighting",139358322,10016,535464,-0.000044,0.000044,0
280,264," a",139384720,10017,535464,-0.000285,0.000285,0
281,1403," two",139411774,10018,535464,-0.000059,0.000059,0
282,12,"-",139438014,10019,535464,-0.000047,0.000047,0
283,5383,"ship",139464191,10020,535464,-0.007830,0.007830,0
284,8209," battle",139490707,10021,535464,-0.000253,0.000253,0
285,304," in",139517575,10022,535464,-0.000021,0.000021,0
286,11002," Japanese",139545150,10023,535464,-0.000067,0.000067,0
287,21160," waters",139572735,10024,535464,-0.000109,0.000109,0
288,323," and",139600423,10025,535464,-0.000082,0.000082,0
289,1053," would",139628546,10026,535464,-0.000594,0.000594,0
290,617," have",139661901,10027,535464,-0.000148,0.000148,0
291,1027," been",139693739,10028,535464,-0.000020,0.000020,0
292,279," the",139724222,10029,535464,-0.000012,0.000012,0
293,7928," largest",139754840,10030,535464,-0.000031,0.000031,0
294,26155," fleet",139781530,10031,535464,-0.000117,0.000117,0
295,3596," ever",139810247,10032,535464,-0.000067,0.000067,0
296,5918," built",139837738,10033,535464,-0.000366,0.000366,0
297,520," at",139867058,10034,535464,-0.000020,0.000020,0
298,430," that",139894021,10035,535464,-0.000054,0.000054,0
299,892," time",139920353,10036,535464,-0.000014,0.000014,0
300,662," .",139946602,10037,535464,-0.072500,0.072500,0
301,578," The",139972760,10038,535464,-0.009158,0.009158,0
302,2955," design",139999644,10039,535464,-0.002292,0.002292,0
303,315," of",140025692,10040,535464,-0.000325,0.000325,0
304,279," the",140051898,10041,535464,-0.000021,0.000021,0
305,25572," battles",140078045,10042,535464,-0.001168,0.001168,0
306,34322,"hips",140104642,10043,535464,-0.003933,0.003933,0
307,574," was",140131549,10044,535464,-0.000481,0.000481,0
308,28160," influenced",140158846,10045,535464,-0.000255,0.000255,0
309,555," by",140185508,10046,535464,-0.000042,0.000042,0
310,279," the",140216930,10047,535464,-0.000023,0.000023,0
311,11002," Japanese",140255264,10048,535556,-0.000132,0.000132,0
312,19574," Navy",140285130,10049,535464,-0.000170,0.000170,0
313,596,"'s",140311976,10050,535464,-0.000362,0.000362,0
314,12876," desire",140340804,10051,535464,-0.000106,0.000106,0
315,311," to",140368674,10052,535464,-0.000037,0.000037,0
316,10519," maintain",140396761,10053,535464,-0.000205,0.000205,0
317,264," a",140423804,10054,535464,-0.000071,0.000071,0
318,26155," fleet",140450900,10055,535464,-0.000033,0.000033,0
319,449," with",140477688,10056,535464,-0.000074,0.000074,0
320,520," at",140504536,10057,535464,-0.000387,0.000387,0
321,3325," least",140531522,10058,535464,-0.000028,0.000028,0
322,220," ",140558132,10059,535464,-0.000006,0.000006,0
323,2031,"70",140587792,10060,535464,-0.000141,0.000141,0
324,1034," %",140615438,10061,535464,-0.008835,0.008835,0
325,439," as",140643414,10062,535464,-0.000024,0.000024,0
326,1690," many",140673380,10063,535464,-0.000039,0.000039,0
327,6864," capital",140705962,10064,535464,-0.000014,0.000014,0
328,18198," ships",140734001,10065,535464,-0.000265,0.000265,0
329,439," as",140765986,10066,535464,-0.000008,0.000008,0
330,279," the",140794287,10067,535464,-0.000010,0.000010,0
331,2326," US",140824688,10068,535464,-0.000056,0.000056,0
332,19574," Navy",140853186,10069,535464,-0.000224,0.000224,0
333,662," .",140879373,10070,535464,-0.053532,0.053532,0
334,578," The",140905854,10071,535464,-0.003584,0.003584,0
335,358," I",140931962,10072,535464,-0.019079,0.019079,0
336,41,"J",140958291,10073,535464,-0.000371,0.000371,0
337,45,"N",140985273,10074,535464,-0.000872,0.000872,0
338,364," '",141011466,10075,535464,-0.002889,0.002889,0
339,82,"s",141037473,10076,535464,-0.000013,0.000013,0
340,26155," fleet",141064071,10077,535464,-0.000207,0.000207,0
341,574," was",141091673,10078,535464,-0.000584,0.000584,0
342,6319," designed",141118343,10079,535464,-0.000435,0.000435,0
343,311," to",141149141,10080,535464,-0.000094,0.000094,0
344,387," be",141176359,10081,535464,-0.000026,0.000026,0
345,13171," capable",141203120,10082,535464,-0.000944,0.000944,0
346,315," of",141229866,10083,535464,-0.000076,0.000076,0
347,11039," fighting",141259980,10084,535464,-0.000042,0.000042,0
348,264," a",141291766,10085,535464,-0.000277,0.000277,0
349,1403," two",141320202,10086,535464,-0.000055,0.000055,0
350,12,"-",141353740,10087,535464,-0.000035,0.000035,0
351,5383,"ship",141389208,10088,535464,-0.005832,0.005832,0
352,8209," battle",141421258,10089,535464,-0.000240,0.000240,0
353,304," in",141454202,10090,535464,-0.000024,0.000024,0
354,11002," Japanese",141485146,10091,535464,-0.000069,0.000069,0
355,21160," waters",141518008,10092,535464,-0.000111,0.000111,0
356,323," and",141549707,10093,535464,-0.000071,0.000071,0
357,1053," would",141577396,10094,535464,-0.000493,0.000493,0
358,617," have",141604281,10095,535464,-0.000162,0.000162,0
359,1027," been",141632719,10096,535464,-0.000021,0.000021,0
360,279," the",141660156,10097,535464,-0.000015,0.000015,0
361,7928," largest",141687441,10098,535464,-0.000036,0.000036,0
362,26155," fleet",141714527,10099,535464,-0.000119,0.000119,0
363,3596," ever",141742496,10100,535464,-0.000085,0.000085,0
364,5918," built",141769614,10101,535464,-0.000420,0.000420,0
365,520," at",141805888,10102,535464,-0.000023,0.000023,0
366,430," that",141832343,10103,535464,-0.000057,0.000057,0
367,892," time",141861371,10104,535464,-0.000017,0.000017,0
368,662," .",141887938,10105,535464,-0.090112,0.090112,0
369,578," The",141914530,10106,535464,-0.011516,0.011516,0
370,2955," design",141942947,10107,535464,-0.001662,0.001662,0
371,315," of",141971663,10108,535464,-0.000264,0.000264,0
372,279," the",141998762,10109,535440,-0.000024,0.000024,0
373,25572," battles",142026084,10110,535440,-0.000906,0.000906,0
374,34322,"hips",142053299,10111,535464,-0.003346,0.003346,0
375,574," was",142088092,10112,535464,-0.000497,0.000497,0
376,28160," influenced",142115020,10113,535464,-0.000181,0.000181,0
377,555," by",142146040,10114,535464,-0.000052,0.000052,0
378,279," the",142176486,10115,535464,-0.000024,0.000024,0
379,11002," Japanese",142203294,10116,535464,-0.000130,0.000130,0
380,19574," Navy",142230037,10117,535464,-0.000181,0.000181,0
381,596,"'s",142256966,10118,535464,-0.000293,0.000293,0
382,12876," desire",142285743,10119,535464,-0.000151,0.000151,0
383,311," to",142313208,10120,535464,-0.000046,0.000046,0
384,10519," maintain",142339926,10121,535464,-0.000227,0.000227,0
385,264," a",142373771,10122,535464,-0.000058,0.000058,0
386,26155," fleet",142401525,10123,535464,-0.000029,0.000029,0
387,449," with",142428339,10124,535464,-0.000077,0.000077,0
388,520," at",142462045,10125,535436,-0.000259,0.000259,0
389,3325," least",142489413,10126,535436,-0.000028,0.000028,0
390,220," ",142516788,10127,535436,-0.000007,0.000007,0
391,2031,"70",142543387,10128,535464,-0.000135,0.000135,0
392,1034," %",142570598,10129,535464,-0.006203,0.006203,0
393,439," as",142597929,10130,535464,-0.000026,0.000026,0
394,1690," many",142625502,10131,535464,-0.000047,0.000047,0
395,6864," capital",142652032,10132,535464,-0.000018,0.000018,0
396,18198," ships",142677879,10133,535464,-0.000297,0.000297,0
397,439," as",142704067,10134,535464,-0.000012,0.000012,0
398,279," the",142730314,10135,535464,-0.000011,0.000011,0
399,2326," US",142756280,10136,535464,-0.000070,0.000070,0
400,19574," Navy",142782405,10137,535432,-0.000308,0.000308,0
401,662," .",142809113,10138,535464,-0.066291,0.066291,0
402,578," The",142839452,10139,535464,-0.005449,0.005449,0
403,358," I",142866009,10140,535464,-0.008701,0.008701,0
404,41,"J",142893352,10141,535464,-0.000423,0.000423,0
405,45,"N",142927307,10142,535464,-0.000890,0.000890,0
406,364," '",142957553,10143,535464,-0.001836,0.001836,0
407,82,"s",142986130,10144,535464,-0.000013,0.000013,0
408,26155," fleet",143015000,10145,535464,-0.000231,0.000231,0
409,574," was",143046119,10146,535464,-0.000564,0.000564,0
410,6319," designed",143078914,10147,535464,-0.000386,0.000386,0
411,311," to",143106192,10148,535464,-0.000097,0.000097,0
412,387," be",143133857,10149,535464,-0.000031,0.000031,0
413,13171," capable",143161025,10150,535464,-0.001002,0.001002,0
414,315," of",143187853,10151,535464,-0.000092,0.000092,0
415,11039," fighting",143215026,10152,535464,-0.000044,0.000044,0
416,264," a",143241044,10153,535464,-0.000302,0.000302,0
417,1403," two",143267596,10154,535464,-0.000062,0.000062,0
418,12,"-",143293842,10155,535464,-0.000029,0.000029,0
419,5383,"ship",143320738,10156,535464,-0.005363,0.005363,0
420,8209," battle",143348761,10157,535464,-0.000219,0.000219,0
421,304," in",143375671,10158,535464,-0.000025,0.000025,0
422,11002," Japanese",143405642,10159,535464,-0.000080,0.000080,0
423,21160," waters",143431799,10160,535464,-0.000119,0.000119,0
424,323," and",143462302,10161,535464,-0.000071,0.000071,0
425,1053," would",143495572,10162,535464,-0.000478,0.000478,0
426,617," have",143522182,10163,535464,-0.000163,0.000163,0
427,1027," been",143549308,10164,535464,-0.000023,0.000023,0
428,279," the",143576537,10165,535464,-0.000017,0.000017,0
429,7928," largest",143603073,10166,535464,-0.000041,0.000041,0
430,26155," fleet",143629500,10167,535464,-0.000125,0.000125,0
431,3596," ever",143655633,10168,535464,-0.000095,0.000095,0
432,5918," built",143681754,10169,535464,-0.000452,0.000452,0
433,520," at",143708013,10170,535464,-0.000025,0.000025,0
434,430," that",143734589,10171,535464,-0.000064,0.000064,0
435,892," time",143761829,10172,535464,-0.000019,0.000019,0
436,662," .",143797287,10173,535464,-0.108869,0.108869,0
437,578," The",143828674,10174,535464,-0.020476,0.020476,0
438,2955," design",143856477,10175,535464,-0.002062,0.002062,0
439,315," of",143884144,10176,535464,-0.000278,0.000278,0
440,279," the",143911020,10177,535464,-0.000043,0.000043,0
441,25572," battles",143941768,10178,535464,-0.000996,0.000996,0
442,34322,"hips",143969586,10179,535464,-0.003270,0.003270,0
443,574," was",143996692,10180,535464,-0.000496,0.000496,0
444,28160," influenced",144025495,10181,535464,-0.000182,0.000182,0
445,555," by",144053188,10182,535464,-0.000063,0.000063,0
446,279," the",144081040,10183,535464,-0.000025,0.000025,0
447,11002," Japanese",144107224,10184,535464,-0.000142,0.000142,0
448,19574," Navy",144136271,10185,535464,-0.000171,0.000171,0
449,596,"'s",144162487,10186,535464,-0.000333,0.000333,0
450,12876," desire",144188532,10187,535464,-0.000182,0.000182,0
451,311," to",144215064,10188,535464,-0.000055,0.000055,0
452,10519," maintain",144241574,10189,535464,-0.000239,0.000239,0
453,264," a",144269529,10190,535360,-0.000061,0.000061,0
454,26155," fleet",144296904,10191,535464,-0.000030,0.000030,0
455,449," with",144323837,10192,535464,-0.000091,0.000091,0
456,520," at",144352900,10193,535464,-0.000230,0.000230,0
457,3325," least",144379939,10194,535464,-0.000033,0.000033,0
458,220," ",144409561,10195,535464,-0.000004,0.000004,0
459,2031,"70",144436583,10196,535464,-0.000138,0.000138,0
460,1034," %",144463651,10197,535464,-0.005551,0.005551,0
461,439," as",144490303,10198,535464,-0.000029,0.000029,0
462,1690," many",144517059,10199,535464,-0.000053,0.000053,0
463,6864," capital",144543178,10200,535464,-0.000021,0.000021,0
464,18198," ships",144570053,10201,535464,-0.000291,0.000291,0
465,439," as",144596712,10202,535464,-0.000017,0.000017,0
466,279," the",144624271,10203,535464,-0.000012,0.000012,0
467,2326," US",144652444,10204,535464,-0.000086,0.000086,0
468,19574," Navy",144680096,10205,535464,-0.000388,0.000388,0
469,662," .",144708710,10206,535464,-0.089878,0.089878,0
470,578," The",144738905,10207,535464,-0.007472,0.007472,0
471,358," I",144769530,10208,535464,-0.006738,0.006738,0
472,41,"J",144797793,10209,535464,-0.000541,0.000541,0
473,45,"N",144829657,10210,535464,-0.001153,0.001153,0
474,364," '",144861861,10211,535464,-0.001963,0.001963,0
475,82,"s",144894035,10212,535464,-0.000014,0.000014,0
476,26155," fleet",144924422,10213,535464,-0.000256,0.000256,0
477,574," was",144951088,10214,535464,-0.000542,0.000542,0
478,6319," designed",144977792,10215,535464,-0.000351,0.000351,0
479,311," to",145004473,10216,535464,-0.000101,0.000101,0
480,387," be",145030694,10217,535464,-0.000036,0.000036,0
481,13171," capable",145056738,10218,535464,-0.000904,0.000904,0
482,315," of",145082932,10219,535464,-0.000110,0.000110,0
483,11039," fighting",145109042,10220,535464,-0.000047,0.000047,0
484,264," a",145135923,10221,535464,-0.000352,0.000352,0
485,1403," two",145162007,10222,535464,-0.000064,0.000064,0
486,12,"-",145188016,10223,535464,-0.000028,0.000028,0
487,5383,"ship",145215493,10224,535464,-0.005905,0.005905,0
488,8209," battle",145242193,10225,535464,-0.000269,0.000269,0
489,304," in",145268934,10226,535464,-0.000034,0.000034,0
490,11002," Japanese",145296580,10227,535464,-0.000102,0.000102,0
491,21160," waters",145323829,10228,535464,-0.000148,0.000148,0
492,323," and",145350274,10229,535464,-0.000080,0.000080,0
493,1053," would",145380960,10230,535440,-0.000544,0.000544,0
494,617," have",145408429,10231,535440,-0.000194,0.000194,0
495,1027," been",145436350,10232,535440,-0.000030,0.000030,0
496,279," the",145463832,10233,535440,-0.000027,0.000027,0
497,7928," largest",145490807,10234,535440,-0.000052,0.000052,0
498,26155," fleet",145518975,10235,535440,-0.000142,0.000142,0
499,3596," ever",145545839,10236,535440,-0.000121,0.000121,0
500,5918," built",145573627,10237,535440,-0.000558,0.000558,0
501,520," at",145600868,10238,535440,-0.000036,0.000036,0
502,430," that",145628692,10239,535440,-0.000092,0.000092,0
503,892," time",145656074,10240,535440,-0.000023,0.000023,0
504,662," .",145694674,10241,535440,-0.115826,0.115826,0
505,578," The",145726090,10242,535440,-0.028272,0.028272,0
506,2955," design",145757005,10243,535440,-0.002113,0.002113,0
507,315," of",145784699,10244,535440,-0.000302,0.000302,0
508,279," the",145810864,10245,535440,-0.000036,0.000036,0
509,25572," battles",145837792,10246,535464,-0.001219,0.001219,0
510,34322,"hips",145864072,10247,535464,-0.003527,0.003527,0
511,574," was",145892754,10248,535464,-0.000489,0.000489,0
512,28160," influenced",145920960,10249,535464,-0.000187,0.000187,0
513,555," by",145948344,10250,535464,-0.000075,0.000075,0
514,279," the",145975064,10251,535464,-0.000025,0.000025,0
515,11002," Japanese",146001103,10252,535464,-0.000157,0.000157,0
516,19574," Navy",146027787,10253,535464,-0.000200,0.000200,0
517,596,"'s",146053868,10254,535464,-0.000357,0.000357,0
518,12876," desire",146079936,10255,535464,-0.000235,0.000235,0
519,311," to",146106043,10256,535464,-0.000050,0.000050,0
520,10519," maintain",146132569,10257,535464,-0.000279,0.000279,0
521,264," a",146160255,10258,535464,-0.000069,0.000069,0
522,26155," fleet",146187454,10259,535464,-0.000033,0.000033,0
523,449," with",146215037,10260,535464,-0.000106,0.000106,0
524,520," at",146244857,10261,535464,-0.000182,0.000182,0
525,3325," least",146271717,10262,535464,-0.000037,0.000037,0
526,220," ",146300574,10263,535464,-0.000007,0.000007,0
527,2031,"70",146328835,10264,535464,-0.000158,0.000158,0
528,1034," %",146355866,10265,535464,-0.005511,0.005511,0
529,439," as",146382653,10266,535464,-0.000040,0.000040,0
530,1690," many",146409392,10267,535464,-0.000078,0.000078,0
531,6864," capital",146435906,10268,535464,-0.000028,0.000028,0
532,18198," ships",146464936,10269,535464,-0.000376,0.000376,0
533,439," as",146492256,10270,535464,-0.000024,0.000024,0
534,279," the",146520167,10271,535464,-0.000016,0.000016,0
535,2326," US",146548595,10272,535464,-0.000120,0.000120,0
536,19574," Navy",146576636,10273,535464,-0.000516,0.000516,0
537,662," .",146603680,10274,535464,-0.119508,0.119508,0
538,578," The",146630307,10275,535464,-0.010567,0.010567,0
539,358," I",146660932,10276,535464,-0.005380,0.005380,0
540,41,"J",146688541,10277,535464,-0.000539,0.000539,0
541,45,"N",146718994,10278,535464,-0.001374,0.001374,0
542,364," '",146746398,10279,535464,-0.001673,0.001673,0
543,82,"s",146774106,10280,535464,-0.000016,0.000016,0
544,26155," fleet",146803013,10281,535464,-0.000293,0.000293,0
545,574," was",146833870,10282,535464,-0.000502,0.000502,0
546,6319," designed",146861756,10283,535464,-0.000349,0.000349,0
547,311," to",146889595,10284,535464,-0.000096,0.000096,0
548,387," be",146916347,10285,535464,-0.000036,0.000036,0
549,13171," capable",146942916,10286,535464,-0.000864,0.000864,0
550,315," of",146970098,10287,535464,-0.000176,0.000176,0
551,11039," fighting",146997002,10288,535464,-0.000050,0.000050,0
552,264," a",147027773,10289,535464,-0.000428,0.000428,0
553,1403," two",147055875,10290,535464,-0.000074,0.000074,0
554,12,"-",147082560,10291,535464,-0.000032,0.000032,0
555,5383,"ship",147113587,10292,535464,-0.006545,0.006545,0
556,8209," battle",147145452,10293,535404,-0.000300,0.000300,0
557,304," in",147173028,10294,535404,-0.000054,0.000054,0
558,11002," Japanese",147205917,10295,535404,-0.000136,0.000136,0
559,21160," waters",147237684,10296,535404,-0.000195,0.000195,0
560,323," and",147265474,10297,535404,-0.000097,0.000097,0
561,1053," would",147293977,10298,535404,-0.000650,0.000650,0
562,617," have",147321365,10299,535404,-0.000234,0.000234,0
563,1027," been",147348845,10300,535404,-0.000041,0.000041,0
564,279," the",147376346,10301,535404,-0.000048,0.000048,0
565,7928," largest",147405061,10302,535368,-0.000071,0.000071,0
566,26155," fleet",147438830,10303,535428,-0.000181,0.000181,0
567,3596," ever",147467463,10304,535436,-0.000162,0.000162,0
568,5918," built",147502689,10305,535464,-0.000761,0.000761,0
569,520," at",147530100,10306,535464,-0.000052,0.000052,0
570,430," that",147555632,10307,535464,-0.000129,0.000129,0
571,892," time",147581199,10308,535424,-0.000029,0.000029,0
572,662," .",147607445,10309,535408,-0.145844,0.145844,0
573,578," The",147632321,10310,535408,-0.037220,0.037220,0
574,2955," design",147658377,10311,535408,-0.001632,0.001632,0
575,315," of",147684522,10312,535408,-0.000292,0.000292,0
576,279," the",147711021,10313,535408,-0.000050,0.000050,0
577,25572," battles",147737095,10314,535408,-0.000716,0.000716,0
578,34322,"hips",147763214,10315,535408,-0.003918,0.003918,0
579,574," was",147789171,10316,535408,-0.000670,0.000670,0
580,28160," influenced",147816372,10317,535408,-0.000217,0.000217,0
581,555," by",147842842,10318,535408,-0.000118,0.000118,0
582,279," the",147869250,10319,535408,-0.000032,0.000032,0
583,11002," Japanese",147895860,10320,535408,-0.000196,0.000196,0
584,19574," Navy",147923123,10321,535408,-0.000263,0.000263,0
585,596,"'s",147950009,10322,535408,-0.000390,0.000390,0
586,12876," desire",147990187,10323,535408,-0.000357,0.000357,0
587,311," to",148018034,10324,535464,-0.000087,0.000087,0
588,10519," maintain",148048687,10325,535464,-0.000345,0.000345,0
589,264," a",148075546,10326,535464,-0.000100,0.000100,0
590,26155," fleet",148102415,10327,535464,-0.000038,0.000038,0
591,449," with",148129524,10328,535464,-0.000156,0.000156,0
592,520," at",148156641,10329,535464,-0.000253,0.000253,0
593,3325," least",148184059,10330,535464,-0.000050,0.000050,0
594,220," ",148210777,10331,535464,-0.000009,0.000009,0
595,2031,"70",148237504,10332,535464,-0.000196,0.000196,0
596,1034," %",148264364,10333,535464,-0.005261,0.005261,0
597,439," as",148295327,10334,535464,-0.000060,0.000060,0
598,1690," many",148322817,10335,535464,-0.000109,0.000109,0
599,6864," capital",148350797,10336,535464,-0.000036,0.000036,0
600,18198," ships",148381948,10337,535464,-0.000462,0.000462,0
601,439," as",148409085,10338,535464,-0.000038,0.000038,0
602,279," the",148435605,10339,535464,-0.000022,0.000022,0
603,2326," US",148464013,10340,535464,-0.000171,0.000171,0
604,19574," Navy",148497540,10341,535464,-0.000833,0.000833,0
605,662," .",148524231,10342,535464,-0.181629,0.181629,0
606,578," The",148551992,10343,535464,-0.016980,0.016980,0
607,358," I",148578178,10344,535464,-0.008902,0.008902,0
608,41,"J",148604364,10345,535464,-0.000631,0.000631,0
609,45,"N",148630813,10346,535464,-0.001929,0.001929,0
610,364," '",148656873,10347,535464,-0.001917,0.001917,0
611,82,"s",148682933,10348,535464,-0.000019,0.000019,0
612,26155," fleet",148708835,10349,535464,-0.000335,0.000335,0
613,574," was",148735625,10350,535464,-0.000562,0.000562,0
614,6319," designed",148762049,10351,535464,-0.000371,0.000371,0
615,311," to",148791267,10352,535464,-0.000078,0.000078,0
616,387," be",148819706,10353,535464,-0.000047,0.000047,0
617,13171," capable",148853310,10354,535464,-0.000981,0.000981,0
618,315," of",148885633,10355,535464,-0.000204,0.000204,0
619,11039," fighting",148917286,10356,535464,-0.000067,0.000067,0
620,264," a",148947807,10357,535464,-0.000544,0.000544,0
621,1403," two",148974995,10358,535464,-0.000096,0.000096,0
622,12,"-",149001988,10359,535464,-0.000043,0.000043,0
623,5383,"ship",149029621,10360,535464,-0.006797,0.006797,0
624,8209," battle",149056327,10361,535464,-0.000398,0.000398,0
625,304," in",149083773,10362,535464,-0.000082,0.000082,0
626,11002," Japanese",149111797,10363,535464,-0.000182,0.000182,0
627,21160," waters",149138890,10364,535464,-0.000268,0.000268,0
628,323," and",149164933,10365,535464,-0.000144,0.000144,0
629,1053," would",149191216,10366,535464,-0.000806,0.000806,0
630,617," have",149217205,10367,535464,-0.000298,0.000298,0
631,1027," been",149244668,10368,535464,-0.000054,0.000054,0
632,279," the",149272012,10369,535464,-0.000084,0.000084,0
633,7928," largest",149300856,10370,535464,-0.000090,0.000090,0
634,26155," fleet",149331461,10371,535464,-0.000213,0.000213,0
635,3596," ever",149358154,10372,535464,-0.000205,0.000205,0
636,5918," built",149385340,10373,535464,-0.000904,0.000904,0
637,520," at",149416448,10374,535464,-0.000065,0.000065,0
638,430," that",149443982,10375,535464,-0.000174,0.000174,0
639,892," time",149473824,10376,535464,-0.000042,0.000042,0
640,662," .",149500793,10377,535464,-0.211719,0.211719,0
641,578," The",149527480,10378,535464,-0.042557,0.042557,0
642,2955," design",149554042,10379,535464,-0.001413,0.001413,0
643,315," of",149580277,10380,535464,-0.000499,0.000499,0
644,279," the",149606761,10381,535464,-0.000065,0.000065,0
645,25572," battles",149633398,10382,535452,-0.000677,0.000677,0
646,34322,"hips",149660363,10383,535464,-0.004149,0.004149,0
647,574," was",149688784,10384,535464,-0.000646,0.000646,0
648,28160," influenced",149725271,10385,535464,-0.000237,0.000237,0
649,555," by",149757874,10386,535412,-0.000117,0.000117,0
650,279," the",149792086,10387,535412,-0.000038,0.000038,0
651,11002," Japanese",149819850,10388,535412,-0.000252,0.000252,0
652,19574," Navy",149847625,10389,535412,-0.000297,0.000297,0
653,596,"'s",149879399,10390,535412,-0.000374,0.000374,0
654,12876," desire",149906126,10391,535412,-0.000362,0.000362,0
655,311," to",149939462,10392,535412,-0.000109,0.000109,0
656,10519," maintain",149970648,10393,535412,-0.000352,0.000352,0
657,264," a",149998109,10394,535412,-0.000109,0.000109,0
658,26155," fleet",150024455,10395,535412,-0.000043,0.000043,0
659,449," with",150050921,10396,535412,-0.000181,0.000181,0
660,520," at",150077142,10397,535412,-0.000253,0.000253,0
661,3325," least",150103297,10398,535412,-0.000056,0.000056,0
662,220," ",150129349,10399,535412,-0.000021,0.000021,0
663,2031,"70",150156065,10400,535412,-0.000215,0.000215,0
664,1034," %",150182664,10401,535412,-0.006280,0.006280,0
665,439," as",150210133,10402,535412,-0.000067,0.000067,0
666,1690," many",150237830,10403,535412,-0.000134,0.000134,0
667,6864," capital",150264754,10404,535412,-0.000043,0.000043,0
668,18198," ships",150296986,10405,535412,-0.000480,0.000480,0
669,439," as",150324185,10406,535412,-0.000048,0.000048,0
670,279," the",150356080,10407,535412,-0.000031,0.000031,0
671,2326," US",150385716,10408,535412,-0.000198,0.000198,0
672,19574," Navy",150416815,10409,535412,-0.000958,0.000958,0
673,662," .",150443923,10410,535412,-0.271676,0.271676,0
674,578," The",150469938,10411,535412,-0.019755,0.019755,0
675,358," I",150497102,10412,535412,-0.010211,0.010211,0
676,41,"J",150525040,10413,535412,-0.000720,0.000720,0
677,45,"N",150552124,10414,535412,-0.002553,0.002553,0
678,364," '",150579813,10415,535412,-0.003848,0.003848,0
679,82,"s",150606876,10416,535412,-0.000022,0.000022,0
680,26155," fleet",150633851,10417,535412,-0.000354,0.000354,0
681,574," was",150669490,10418,535412,-0.000657,0.000657,0
682,6319," designed",150701275,10419,535464,-0.000395,0.000395,0
683,311," to",150731579,10420,535464,-0.000130,0.000130,0
684,387," be",150760105,10421,535464,-0.000048,0.000048,0
685,13171," capable",150791943,10422,535464,-0.001087,0.001087,0
686,315," of",150822281,10423,535464,-0.000195,0.000195,0
687,11039," fighting",150854292,10424,535464,-0.000077,0.000077,0
688,264," a",150881373,10425,535464,-0.000620,0.000620,0
689,1403," two",150914807,10426,535464,-0.000110,0.000110,0
690,12,"-",150941303,10427,535344,-0.000055,0.000055,0
691,5383,"ship",150968068,10428,535464,-0.006963,0.006963,0
692,8209," battle",150994077,10429,535464,-0.000412,0.000412,0
693,304," in",151020194,10430,535464,-0.000106,0.000106,0
694,11002," Japanese",151046114,10431,535464,-0.000210,0.000210,0
695,21160," waters",151072502,10432,535464,-0.000294,0.000294,0
696,323," and",151098995,10433,535464,-0.000144,0.000144,0
697,1053," would",151125326,10434,535464,-0.000851,0.000851,0
698,617," have",151153209,10435,535464,-0.000322,0.000322,0
699,1027," been",151180473,10436,535464,-0.000063,0.000063,0
700,279," the",151208081,10437,535464,-0.000105,0.000105,0
701,7928," largest",151239464,10438,535464,-0.000098,0.000098,0
702,26155," fleet",151267158,10439,535464,-0.000218,0.000218,0
703,3596," ever",151297994,10440,535464,-0.000238,0.000238,0
704,5918," built",151325540,10441,535464,-0.001032,0.001032,0
705,520," at",151358135,10442,535444,-0.000084,0.000084,0
706,430," that",151385393,10443,535444,-0.000218,0.000218,0
707,892," time",151412045,10444,535444,-0.000054,0.000054,0
708,662," .",151441000,10445,535444,-0.261452,0.261452,0
709,578," The",151471517,10446,535444,-0.048119,0.048119,0
710,2955," design",151498134,10447,535444,-0.000726,0.000726,0
711,315," of",151524880,10448,535444,-0.000542,0.000542,0
712,279," the",151552733,10449,535444,-0.000071,0.000071,0
713,25572," battles",151579682,10450,535444,-0.000618,0.000618,0
714,34322,"hips",151607705,10451,535444,-0.003553,0.003553,0
715,574," was",151635417,10452,535444,-0.000683,0.000683,0
716,28160," influenced",151663513,10453,535444,-0.000255,0.000255,0
717,555," by",151691725,10454,535444,-0.000133,0.000133,0
718,279," the",151718394,10455,535444,-0.000040,0.000040,0
719,11002," Japanese",151745717,10456,535444,-0.000280,0.000280,0
720,19574," Navy",151777687,10457,535444,-0.000300,0.000300,0
721,596,"'s",151806042,10458,535444,-0.000449,0.000449,0
722,12876," desire",151833547,10459,535444,-0.000413,0.000413,0
723,311," to",151860659,10460,535444,-0.000128,0.000128,0
724,10519," maintain",151887460,10461,535444,-0.000438,0.000438,0
725,264," a",151913706,10462,535444,-0.000115,0.000115,0
726,26155," fleet",151941366,10463,535444,-0.000043,0.000043,0
727,449," with",151968187,10464,535444,-0.000178,0.000178,0
728,520," at",151994300,10465,535444,-0.000281,0.000281,0
729,3325," least",152020399,10466,535444,-0.000062,0.000062,0
730,220," ",152046609,10467,535444,-0.000023,0.000023,0
731,2031,"70",152073919,10468,535444,-0.000230,0.000230,0
732,1034," %",152101187,10469,535444,-0.006325,0.006325,0
733,439," as",152128056,10470,535444,-0.000072,0.000072,0
734,1690," many",152157951,10471,535444,-0.000145,0.000145,0
735,6864," capital",152185174,10472,535444,-0.000049,0.000049,0
736,18198," ships",152221669,10473,535444,-0.000556,0.000556,0
737,439," as",152254555,10474,535444,-0.000060,0.000060,0
738,279," the",152284929,10475,535444,-0.000032,0.000032,0
739,2326," US",152318002,10476,535444,-0.000237,0.000237,0
740,19574," Navy",152351557,10477,535428,-0.001278,0.001278,0
741,662," .",152379500,10478,535428,-0.290987,0.290987,0
742,578," The",152408351,10479,535444,-0.019089,0.019089,0
743,358," I",152435464,10480,535444,-0.008137,0.008137,0
744,41,"J",152473765,10481,535444,-0.000609,0.000609,0
745,45,"N",152501967,10482,535444,-0.002484,0.002484,0
746,364," '",152534047,10483,535444,-0.003202,0.003202,0
747,82,"s",152562252,10484,535444,-0.000022,0.000022,0
748,26155," fleet",152589216,10485,535444,-0.000335,0.000335,0
749,574," was",152616375,10486,535444,-0.000620,0.000620,0
750,6319," designed",152643248,10487,535444,-0.000408,0.000408,0
751,311," to",152669888,10488,535444,-0.000119,0.000119,0
752,387," be",152698213,10489,535444,-0.000058,0.000058,0
753,13171," capable",152725634,10490,535444,-0.001029,0.001029,0
754,315," of",152753621,10491,535444,-0.000201,0.000201,0
755,11039," fighting",152780352,10492,535444,-0.000077,0.000077,0
756,264," a",152808721,10493,535444,-0.000659,0.000659,0
757,1403," two",152835981,10494,535444,-0.000117,0.000117,0
758,12,"-",152870272,10495,535444,-0.000055,0.000055,0
759,5383,"ship",152897473,10496,535444,-0.018833,0.018833,0
760,8209," battle",152927703,10497,535444,-0.000568,0.000568,0
761,304," in",152954528,10498,535444,-0.000114,0.000114,0
762,11002," Japanese",152982230,10499,535444,-0.000231,0.000231,0
763,21160," waters",153017362,10500,535444,-0.000305,0.000305,0
764,323," and",153045809,10501,535444,-0.000177,0.000177,0
765,1053," would",153077314,10502,535444,-0.000857,0.000857,0
766,617," have",153110187,10503,535444,-0.000303,0.000303,0
767,1027," been",153137837,10504,535444,-0.000072,0.000072,0
768,279," the",153164426,10505,535444,-0.000132,0.000132,0
769,7928," largest",153191898,10506,535444,-0.000100,0.000100,0
770,26155," fleet",153218756,10507,535444,-0.000209,0.000209,0
771,3596," ever",153245664,10508,535444,-0.000261,0.000261,0
772,5918," built",153273054,10509,535444,-0.001050,0.001050,0
773,520," at",153300349,10510,535444,-0.000093,0.000093,0
774,430," that",153334002,10511,535444,-0.000205,0.000205,0
775,892," time",153366225,10512,535464,-0.000081,0.000081,0
776,662," .",153393986,10513,535464,-0.289927,0.289927,0
777,578," The",153421635,10514,535464,-0.038770,0.038770,0
778,2955," design",153448668,10515,535464,-0.001151,0.001151,0
779,315," of",153475850,10516,535464,-0.000530,0.000530,0
780,279," the",153509222,10517,535464,-0.000084,0.000084,0
781,25572," battles",153543910,10518,535464,-0.000598,0.000598,0
782,34322,"hips",153570871,10519,535464,-0.003375,0.003375,0
783,574," was",153599516,10520,535464,-0.000703,0.000703,0
784,28160," influenced",153625740,10521,535464,-0.000293,0.000293,0
785,555," by",153652937,10522,535464,-0.000134,0.000134,0
786,279," the",153679418,10523,535464,-0.000041,0.000041,0
787,11002," Japanese",153705460,10524,535464,-0.000306,0.000306,0
788,19574," Navy",153731524,10525,535464,-0.000292,0.000292,0
789,596,"'s",153758169,10526,535464,-0.000462,0.000462,0
790,12876," desire",153784454,10527,535464,-0.000438,0.000438,0
791,311," to",153810997,10528,535464,-0.000107,0.000107,0
792,10519," maintain",153837801,10529,535464,-0.000442,0.000442,0
793,264," a",153864418,10530,535464,-0.000134,0.000134,0
794,26155," fleet",153895895,10531,535464,-0.000045,0.000045,0
795,449," with",153925273,10532,535464,-0.000205,0.000205,0
796,520," at",153954985,10533,535464,-0.000301,0.000301,0
797,3325," least",153982056,10534,535464,-0.000065,0.000065,0
798,220," ",154013353,10535,535424,-0.000015,0.000015,0
799,2031,"70",154045789,10536,535424,-0.000288,0.000288,0
800,1034," %",154076105,10537,535424,-0.006958,0.006958,0
801,439," as",154104253,10538,535464,-0.000128,0.000128,0
802,1690," many",154132362,10539,535464,-0.000182,0.000182,0
803,6864," capital",154159730,10540,535464,-0.000052,0.000052,0
804,18198," ships",154187289,10541,535464,-0.000594,0.000594,0
805,439," as",154214185,10542,535464,-0.000067,0.000067,0
806,279," the",154241686,10543,535464,-0.000033,0.000033,0
807,2326," US",154269208,10544,535464,-0.000281,0.000281,0
808,19574," Navy",154297845,10545,535464,-0.001351,0.001351,0
809,13,".",154324968,10546,535464,-1.993167,1.993167,0
810,578," The",154352343,10547,535464,-0.119930,0.119930,0
811,358," I",154378890,10548,535464,-0.207176,0.207176,0
812,41,"J",154405477,10549,535464,-0.004628,0.004628,0
813,45,"N",154432815,10550,535464,-0.013818,0.013818,0
814,364," '",154459577,10551,535464,-0.606991,0.606991,0
815,82,"s",154493554,10552,535464,-0.000061,0.000061,0
816,26155," fleet",154521421,10553,535464,-0.008247,0.008247,0
817,574," was",154548252,10554,535464,-0.002682,0.002682,0
818,6319," designed",154575721,10555,535464,-0.000562,0.000562,0
819,311," to",154602877,10556,535464,-0.000359,0.000359,0
820,387," be",154629990,10557,535464,-0.000133,0.000133,0
821,13171," capable",154656682,10558,535464,-0.002454,0.002454,0
822,315," of",154682834,10559,535464,-0.000211,0.000211,0
823,11039," fighting",154708965,10560,535464,-0.000179,0.000179,0
824,264," a",154735579,10561,535464,-0.000593,0.000593,0
825,1403," two",154768936,10562,535464,-0.000124,0.000124,0
826,12,"-",154797811,10563,535464,-0.000277,0.000277,0
827,5383,"ship",154829852,10564,535444,-0.007807,0.007807,0
828,8209," battle",154860931,10565,535444,-0.000603,0.000603,0
829,304," in",154895317,10566,535444,-0.000134,0.000134,0
830,11002," Japanese",154928871,10567,535464,-0.000193,0.000193,0
831,21160," waters",154959195,10568,535464,-0.000366,0.000366,0
832,323," and",154986143,10569,535464,-0.000538,0.000538,0
833,1053," would",155015121,10570,535464,-0.001378,0.001378,0
834,617," have",155042087,10571,535464,-0.000757,0.000757,0
835,1027," been",155070414,10572,535464,-0.000075,0.000075,0
836,279," the",155098150,10573,535464,-0.000120,0.000120,0
837,7928," largest",155125279,10574,535464,-0.000107,0.000107,0
838,26155," fleet",155151677,10575,535464,-0.000242,0.000242,0
839,3596," ever",155177867,10576,535464,-0.000308,0.000308,0
840,5918," built",155205089,10577,535464,-0.001288,0.001288,0
841,520," at",155232973,10578,535464,-0.000216,0.000216,0
842,430," that",155262622,10579,535464,-0.000289,0.000289,0
843,892," time",155293155,10580,535464,-0.000046,0.000046,0
844,627,".
",155320240,10581,535464,-1.903085,1.903085,0
845,791,"The",155348000,10582,535464,-0.177337,0.177337,0
846,2955," design",155381592,10583,535464,-1.012111,1.012111,0
847,315," of",155408162,10584,535464,-0.001717,0.001717,0
848,279," the",155441639,10585,535464,-0.000268,0.000268,0
849,25572," battles",155468708,10586,535464,-1.366388,1.366388,0
850,34322,"hips",155495255,10587,535464,-0.045548,0.045548,0
851,574," was",155521472,10588,535464,-0.106365,0.106365,0
852,28160," influenced",155547758,10589,535464,-0.008862,0.008862,0
853,555," by",155574771,10590,535464,-0.000087,0.000087,0
854,279," the",155600949,10591,535464,-0.001353,0.001353,0
855,11002," Japanese",155627557,10592,535464,-0.020630,0.020630,0
856,19574," Navy",155654059,10593,535464,-0.000700,0.000700,0
857,596,"'s",155681879,10594,535464,-0.000842,0.000842,0
858,12876," desire",155709822,10595,535464,-0.000112,0.000112,0
859,311," to",155739806,10596,535464,-0.000166,0.000166,0
860,10519," maintain",155770718,10597,535464,-0.000469,0.000469,0
861,264," a",155801918,10598,535464,-0.000042,0.000042,0
862,26155," fleet",155830212,10599,535464,-0.000049,0.000049,0
863,449," with",155858829,10600,535464,-0.001001,0.001001,0
864,520," at",155885648,10601,535464,-0.000912,0.000912,0
865,3325," least",155921724,10602,535464,-0.000006,0.000006,0
866,220," ",155949912,10603,535440,-0.000028,0.000028,0
867,2031,"70",155976599,10604,535440,-0.000285,0.000285,0
868,1034," %",156003221,10605,535440,-0.682839,0.682839,0
869,439," as",156029415,10606,535440,-0.000140,0.000140,0
870,1690," many",156055864,10607,535440,-0.000025,0.000025,0
871,6864," capital",156082158,10608,535440,-0.000009,0.000009,0
872,18198," ships",156108514,10609,535440,-0.000354,0.000354,0
873,439," as",156134864,10610,535440,-0.000013,0.000013,0
874,279," the",156161562,10611,535440,-0.000023,0.000023,0
875,2326," US",156188618,10612,535440,-0.000275,0.000275,0
876,19574," Navy",156216754,10613,535440,-0.000372,0.000372,0
877,13,".",156246174,10614,535440,-0.060832,0.060832,0
878,578," The",156276783,10615,535440,-0.009086,0.009086,0
879,358," I",156303652,10616,535440,-0.041013,0.041013,0
880,41,"J",156333252,10617,535440,-0.000956,0.000956,0
881,45,"N",156360376,10618,535440,-0.000453,0.000453,0
882,364," '",156390420,10619,535440,-0.081120,0.081120,0
883,82,"s",156417673,10620,535440,-0.000012,0.000012,0
884,26155," fleet",156444137,10621,535440,-0.000839,0.000839,0
885,574," was",156470634,10622,535440,-0.000795,0.000795,0
886,6319," designed",156497803,10623,535440,-0.000301,0.000301,0
887,311," to",156524871,10624,535440,-0.000027,0.000027,0
888,387," be",156553880,10625,535440,-0.000008,0.000008,0
889,13171," capable",156581781,10626,535440,-0.000615,0.000615,0
890,315," of",156608982,10627,535440,-0.000005,0.000005,0
891,11039," fighting",156636521,10628,535440,-0.000017,0.000017,0
892,264," a",156663885,10629,535440,-0.000106,0.000106,0
893,1403," two",156694811,10630,535440,-0.000034,0.000034,0
894,12,"-",156729322,10631,535440,-0.000141,0.000141,0
895,5383,"ship",156758868,10632,535440,-0.007368,0.007368,0
896,8209," battle",156790347,10633,535440,-0.000418,0.000418,0
897,304," in",156818121,10634,535440,-0.000015,0.000015,0
898,11002," Japanese",156845576,10635,535464,-0.000047,0.000047,0
899,21160," waters",156881696,10636,535464,-0.000032,0.000032,0
900,323," and",156908429,10637,535464,-0.000295,0.000295,0
901,1053," would",156934761,10638,535464,-0.000762,0.000762,0
902,617," have",156961045,10639,535464,-0.000056,0.000056,0
903,1027," been",156987308,10640,535464,-0.000018,0.000018,0
904,279," the",157013431,10641,535464,-0.000008,0.000008,0
905,7928," largest",157039716,10642,535464,-0.000022,0.000022,0
906,26155," fleet",157065764,10643,535464,-0.000045,0.000045,0
907,3596," ever",157092086,10644,535432,-0.000037,0.000037,0
908,5918," built",157119343,10645,535464,-0.000252,0.000252,0
909,520," at",157146583,10646,535464,-0.000020,0.000020,0
910,430," that",157173398,10647,535464,-0.000025,0.000025,0
911,892," time",157205390,10648,535464,-0.000003,0.000003,0
912,13,".",157232695,10649,535464,-0.068059,0.068059,0
913,578," The",157259670,10650,535464,-0.006303,0.006303,0
914,2955," design",157286868,10651,535464,-0.007092,0.007092,0
915,315," of",157313845,10652,535464,-0.000804,0.000804,0
916,279," the",157344654,10653,535464,-0.000008,0.000008,0
917,25572," battles",157371131,10654,535464,-0.000270,0.000270,0
918,34322,"hips",157399801,10655,535464,-0.002424,0.002424,0
919,574," was",157426579,10656,535464,-0.000303,0.000303,0
920,28160," influenced",157453737,10657,535464,-0.000691,0.000691,0
921,555," by",157481115,10658,535464,-0.000015,0.000015,0
922,279," the",157508027,10659,535464,-0.000034,0.000034,0
923,11002," Japanese",157539377,10660,535464,-0.000118,0.000118,0
924,19574," Navy",157567533,10661,535464,-0.000127,0.000127,0
925,596,"'s",157598072,10662,535464,-0.000082,0.000082,0
926,12876," desire",157629161,10663,535464,-0.000037,0.000037,0
927,311," to",157659558,10664,535464,-0.000024,0.000024,0
928,10519," maintain",157692081,10665,535464,-0.000071,0.000071,0
929,264," a",157720302,10666,535464,-0.000016,0.000016,0
930,26155," fleet",157748240,10667,535464,-0.000019,0.000019,0
931,449," with",157777273,10668,535464,-0.000029,0.000029,0
932,520," at",157814161,10669,535464,-0.000139,0.000139,0
933,3325," least",157843488,10670,535464,-0.000010,0.000010,0
934,220," ",157871407,10671,535464,-0.000002,0.000002,0
935,2031,"70",157904909,10672,535464,-0.000086,0.000086,0
936,1034," %",157931723,10673,535464,-0.001358,0.001358,0
937,439," as",157960382,10674,535464,-0.000004,0.000004,0
938,1690," many",157990178,10675,535464,-0.000015,0.000015,0
939,6864," capital",158029913,10676,535444,-0.000007,0.000007,0
940,18198," ships",158057774,10677,535444,-0.000158,0.000158,0
941,439," as",158084727,10678,535444,-0.000008,0.000008,0
942,279," the",158111557,10679,535444,-0.000003,0.000003,0
943,2326," US",158139384,10680,535444,-0.000012,0.000012,0
944,19574," Navy",158170893,10681,535444,-0.000173,0.000173,0
945,13,".",158205462,10682,535444,-0.009334,0.009334,0
946,578," The",158233102,10683,535444,-0.000622,0.000622,0
947,358," I",158262011,10684,535444,-0.001857,0.001857,0
948,41,"J",158293965,10685,535444,-0.000124,0.000124,0
949,45,"N",158322083,10686,535444,-0.000402,0.000402,0
950,364," '",158349671,10687,535464,-0.000377,0.000377,0
951,82,"s",158377261,10688,535464,-0.000006,0.000006,0
952,26155," fleet",158410580,10689,535464,-0.000080,0.000080,0
953,574," was",158439070,10690,535464,-0.000221,0.000221,0
954,6319," designed",158470271,10691,535436,-0.000059,0.000059,0
955,311," to",158498281,10692,535436,-0.000027,0.000027,0
956,387," be",158526231,10693,535436,-0.000011,0.000011,0
957,13171," capable",158561096,10694,535436,-0.000459,0.000459,0
958,315," of",158593822,10695,535436,-0.000010,0.000010,0
959,11039," fighting",158622022,10696,535436,-0.000016,0.000016,0
960,264," a",158649176,10697,535436,-0.000073,0.000073,0
961,1403," two",158675918,10698,535436,-0.000025,0.000025,0
962,12,"-",158702247,10699,535436,-0.000018,0.000018,0
963,5383,"ship",158728508,10700,535436,-0.005172,0.005172,0
964,8209," battle",158754631,10701,535436,-0.000162,0.000162,0
965,304," in",158780854,10702,535436,-0.000009,0.000009,0
966,11002," Japanese",158807402,10703,535436,-0.000059,0.000059,0
967,21160," waters",158833688,10704,535436,-0.000053,0.000053,0
968,323," and",158859803,10705,535436,-0.000047,0.000047,0
969,1053," would",158886055,10706,535436,-0.000323,0.000323,0
970,617," have",158913197,10707,535436,-0.000076,0.000076,0
971,1027," been",158940494,10708,535436,-0.000012,0.000012,0
972,279," the",158968253,10709,535436,-0.000010,0.000010,0
973,7928," largest",158994900,10710,535436,-0.000029,0.000029,0
974,26155," fleet",159034074,10711,535436,-0.000040,0.000040,0
975,3596," ever",159070102,10712,535436,-0.000074,0.000074,0
976,5918," built",159102161,10713,535436,-0.000272,0.000272,0
977,520," at",159129863,10714,535436,-0.000022,0.000022,0
978,430," that",159159799,10715,535436,-0.000027,0.000027,0
979,892," time",159187255,10716,535316,-0.000004,0.000004,0
980,13,".",159213946,10717,535436,-0.020691,0.020691,0
981,578," The",159241257,10718,535436,-0.000824,0.000824,0
982,2955," design",159268447,10719,535436,-0.000618,0.000618,0
983,315," of",159295892,10720,535436,-0.000141,0.000141,0
984,279," the",159322647,10721,535436,-0.000013,0.000013,0
985,25572," battles",159349782,10722,535436,-0.000293,0.000293,0
986,34322,"hips",159376322,10723,535436,-0.002043,0.002043,0
987,574," was",159404119,10724,535364,-0.000321,0.000321,0
988,28160," influenced",159433586,10725,535436,-0.000114,0.000114,0
989,555," by",159461392,10726,535436,-0.000024,0.000024,0
990,279," the",159488885,10727,535436,-0.000016,0.000016,0
991,11002," Japanese",159518133,10728,535380,-0.000081,0.000081,0
992,19574," Navy",159545615,10729,535380,-0.000142,0.000142,0
993,596,"'s",159573458,10730,535360,-0.000245,0.000245,0
994,12876," desire",159600983,10731,535360,-0.000098,0.000098,0
995,311," to",159627610,10732,535360,-0.000055,0.000055,0
996,10519," maintain",159653876,10733,535360,-0.000139,0.000139,0
997,264," a",159680992,10734,535360,-0.000036,0.000036,0
998,26155," fleet",159706976,10735,535360,-0.000024,0.000024,0
999,449," with",159733287,10736,535360,-0.000058,0.000058,0
1000,520," at",159760107,10737,535360,-0.000110,0.000110,0
1001,3325," least",159786375,10738,535360,-0.000014,0.000014,0
1002,220," ",159813431,10739,535360,-0.000004,0.000004,0
1003,2031,"70",159840219,10740,535360,-0.000107,0.000107,0
1004,1034," %",159870221,10741,535360,-0.002281,0.002281,0
1005,439," as",159897970,10742,535360,-0.000019,0.000019,0
1006,1690," many",159930291,10743,535380,-0.000032,0.000032,0
1007,6864," capital",159958344,10744,535344,-0.000012,0.000012,0
1008,18198," ships",159993271,10745,535344,-0.000219,0.000219,0
1009,439," as",160021834,10746,535400,-0.000019,0.000019,0
1010,279," the",160056743,10747,535400,-0.000005,0.000005,0
1011,2326," US",160085650,10748,535380,-0.000019,0.000019,0
1012,19574," Navy",160112379,10749,535380,-0.000261,0.000261,0
1013,13,".",160140726,10750,535380,-0.008766,0.008766,0
1014,578," The",160167995,10751,535380,-0.000455,0.000455,0
1015,358," I",160197169,10752,535380,-0.003328,0.003328,0
1016,41,"J",160224131,10753,535380,-0.000209,0.000209,0
1017,45,"N",160250722,10754,535380,-0.000751,0.000751,0
1018,364," '",160277328,10755,535380,-0.000474,0.000474,0
1019,82,"s",160303895,10756,535380,-0.000007,0.000007,0
1020,26155," fleet",160332064,10757,535380,-0.000131,0.000131,0
1021,574," was",160358971,10758,535380,-0.000274,0.000274,0
1022,6319," designed",160387722,10759,535380,-0.000102,0.000102,0
1023,311," to",160414060,10760,535380,-0.000060,0.000060,0
1024,387," be",160442283,10761,535380,-0.000017,0.000017,0
1025,13171," capable",160472833,10762,535380,-0.000596,0.000596,0
1026,315," of",160499841,10763,535380,-0.000028,0.000028,0
1027,11039," fighting",160527211,10764,535380,-0.000020,0.000020,0
1028,264," a",160554046,10765,535380,-0.000109,0.000109,0
1029,1403," two",160580628,10766,535380,-0.000026,0.000026,0
1030,12,"-",160607277,10767,535380,-0.000018,0.000018,0
1031,5383,"ship",160633405,10768,535380,-0.004442,0.004442,0
1032,8209," battle",160659572,10769,535380,-0.000145,0.000145,0
1033,304," in",160685796,10770,535380,-0.000016,0.000016,0
1034,11002," Japanese",160712334,10771,535380,-0.000061,0.000061,0
1035,21160," waters",160741317,10772,535380,-0.000086,0.000086,0
1036,323," and",160774361,10773,535380,-0.000055,0.000055,0
1037,1053," would",160805507,10774,535400,-0.000340,0.000340,0
1038,617," have",160833610,10775,535400,-0.000089,0.000089,0
1039,1027," been",160861638,10776,535368,-0.000017,0.000017,0
1040,279," the",160893693,10777,535368,-0.000017,0.000017,0
1041,7928," largest",160921255,10778,535368,-0.000033,0.000033,0
1042,26155," fleet",160949721,10779,535364,-0.000054,0.000054,0
1043,3596," ever",160977914,10780,535364,-0.000122,0.000122,0
1044,5918," built",161009112,10781,535364,-0.000404,0.000404,0
1045,520," at",161037303,10782,535348,-0.000033,0.000033,0
1046,430," that",161065819,10783,535348,-0.000040,0.000040,0
1047,892," time",161092047,10784,535348,-0.000010,0.000010,0
1048,13,".",161118311,10785,535348,-0.030559,0.030559,0
1049,578," The",161144788,10786,535348,-0.000690,0.000690,0
1050,2955," design",161171172,10787,535348,-0.000520,0.000520,0
1051,315," of",161197265,10788,535348,-0.000144,0.000144,0
1052,279," the",161223587,10789,535348,-0.000013,0.000013,0
1053,25572," battles",161250639,10790,535348,-0.000287,0.000287,0
1054,34322,"hips",161277967,10791,535348,-0.001724,0.001724,0
1055,574," was",161304611,10792,535348,-0.000309,0.000309,0
1056,28160," influenced",161332704,10793,535348,-0.000133,0.000133,0
1057,555," by",161359489,10794,535348,-0.000032,0.000032,0
1058,279," the",161386846,10795,535348,-0.000014,0.000014,0
1059,11002," Japanese",161413543,10796,535348,-0.000075,0.000075,0
1060,19574," Navy",161445361,10797,535396,-0.000136,0.000136,0
1061,596,"'s",161472979,10798,535396,-0.000294,0.000294,0
1062,12876," desire",161499728,10799,535396,-0.000150,0.000150,0
1063,311," to",161526142,10800,535396,-0.000069,0.000069,0
1064,10519," maintain",161552980,10801,535396,-0.000154,0.000154,0
1065,264," a",161579946,10802,535396,-0.000037,0.000037,0
1066,26155," fleet",161607812,10803,535396,-0.000024,0.000024,0
1067,449," with",161635851,10804,535396,-0.000056,0.000056,0
1068,520," at",161662720,10805,535396,-0.000092,0.000092,0
1069,3325," least",161690785,10806,535396,-0.000016,0.000016,0
1070,220," ",161726680,10807,535396,-0.000005,0.000005,0
1071,2031,"70",161758351,10808,535396,-0.000113,0.000113,0
1072,1034," %",161786048,10809,535396,-0.002180,0.002180,0
1073,439," as",161818192,10810,535396,-0.000023,0.000023,0
1074,1690," many",161850167,10811,535464,-0.000045,0.000045,0
1075,6864," capital",161881657,10812,535464,-0.000018,0.000018,0
1076,18198," ships",161912949,10813,535464,-0.000268,0.000268,0
1077,439," as",161942227,10814,535464,-0.000024,0.000024,0
1078,279," the",161975148,10815,535464,-0.000007,0.000007,0
1079,2326," US",162001373,10816,535464,-0.000028,0.000028,0
1080,19574," Navy",162027463,10817,535464,-0.000276,0.000276,0
1081,13,".",162053785,10818,535432,-0.007243,0.007243,0
1082,578," The",162080525,10819,535464,-0.000408,0.000408,0
1083,358," I",162106747,10820,535464,-0.002552,0.002552,0
1084,41,"J",162132903,10821,535464,-0.000208,0.000208,0
1085,45,"N",162159205,10822,535464,-0.000865,0.000865,0
1086,364," '",162186887,10823,535464,-0.000616,0.000616,0
1087,82,"s",162214769,10824,535464,-0.000009,0.000009,0
1088,26155," fleet",162241567,10825,535464,-0.000120,0.000120,0
1089,574," was",162273447,10826,535464,-0.000228,0.000228,0
1090,6319," designed",162301069,10827,535464,-0.000128,0.000128,0
1091,311," to",162327903,10828,535464,-0.000068,0.000068,0
1092,387," be",162354724,10829,535464,-0.000019,0.000019,0
1093,13171," capable",162381723,10830,535464,-0.000634,0.000634,0
1094,315," of",162413507,10831,535464,-0.000029,0.000029,0
1095,11039," fighting",162445671,10832,535464,-0.000019,0.000019,0
1096,264," a",162472918,10833,535464,-0.000121,0.000121,0
1097,1403," two",162499661,10834,535464,-0.000029,0.000029,0
1098,12,"-",162527081,10835,535464,-0.000013,0.000013,0
1099,5383,"ship",162554915,10836,535464,-0.004418,0.004418,0
1100,8209," battle",162583344,10837,535464,-0.000130,0.000130,0
1101,304," in",162611245,10838,535552,-0.000019,0.000019,0
1102,11002," Japanese",162638078,10839,535464,-0.000062,0.000062,0
1103,21160," waters",162677540,10840,535464,-0.000096,0.000096,0
1104,323," and",162709549,10841,535464,-0.000050,0.000050,0
1105,1053," would",162736608,10842,535464,-0.000395,0.000395,0
1106,617," have",162763707,10843,535464,-0.000110,0.000110,0
1107,1027," been",162787860,10844,535464,-0.000023,0.000023,0
1108,279," the",162811154,10845,535464,-0.000019,0.000019,0
1109,7928," largest",162838936,10846,535464,-0.000035,0.000035,0
1110,26155," fleet",162861345,10847,535464,-0.000063,0.000063,0
1111,3596," ever",162886907,10848,535464,-0.000183,0.000183,0
1112,5918," built",162913300,10849,535464,-0.000454,0.000454,0
1113,520," at",162939795,10850,535464,-0.000043,0.000043,0
1114,430," that",162966305,10851,535464,-0.000061,0.000061,0
1115,892," time",162993111,10852,535464,-0.000010,0.000010,0
1116,13,".",163019566,10853,535464,-0.016230,0.016230,0
1117,578," The",163046091,10854,535464,-0.000413,0.000413,0
1118,2955," design",163073491,10855,535464,-0.000417,0.000417,0
1119,315," of",163100554,10856,535464,-0.000127,0.000127,0
1120,279," the",163127825,10857,535464,-0.000013,0.000013,0
1121,25572," battles",163159480,10858,535464,-0.000283,0.000283,0
1122,34322,"hips",163187025,10859,535464,-0.001487,0.001487,0
1123,574," was",163213968,10860,535464,-0.000328,0.000328,0
1124,28160," influenced",163241453,10861,535464,-0.000157,0.000157,0
1125,555," by",163278256,10862,535464,-0.000035,0.000035,0
1126,279," the",163309801,10863,535464,-0.000013,0.000013,0
1127,11002," Japanese",163342086,10864,535464,-0.000075,0.000075,0
1128,19574," Navy",163374367,10865,535464,-0.000118,0.000118,0
1129,596,"'s",163406477,10866,535464,-0.000291,0.000291,0
1130,12876," desire",163438070,10867,535464,-0.000217,0.000217,0
1131,311," to",163469506,10868,535464,-0.000068,0.000068,0
1132,10519," maintain",163502125,10869,535464,-0.000170,0.000170,0
1133,264," a",163533867,10870,535464,-0.000042,0.000042,0
1134,26155," fleet",163561507,10871,535464,-0.000024,0.000024,0
1135,449," with",163590007,10872,535464,-0.000065,0.000065,0
1136,520," at",163617570,10873,535464,-0.000080,0.000080,0
1137,3325," least",163646695,10874,535464,-0.000021,0.000021,0
1138,220," ",163674192,10875,535464,-0.000002,0.000002,0
1139,2031,"70",163705939,10876,535464,-0.000111,0.000111,0
1140,1034," %",163733763,10877,535464,-0.002562,0.002562,0
1141,439," as",163760986,10878,535464,-0.000028,0.000028,0
1142,1690," many",163789058,10879,535464,-0.000063,0.000063,0
1143,6864," capital",163816988,10880,535464,-0.000026,0.000026,0
1144,18198," ships",163844442,10881,535464,-0.000325,0.000325,0
1145,439," as",163875505,10882,535464,-0.000036,0.000036,0
1146,279," the",163904112,10883,535464,-0.000010,0.000010,0
1147,2326," US",163931700,10884,535464,-0.000043,0.000043,0
1148,19574," Navy",163960377,10885,535364,-0.000369,0.000369,0
1149,13,".",163997870,10886,535336,-0.006660,0.006660,0
1150,578," The",164034114,10887,535336,-0.000462,0.000462,0
1151,358," I",164061584,10888,535336,-0.001207,0.001207,0
1152,41,"J",164090800,10889,535336,-0.000255,0.000255,0
1153,45,"N",164117867,10890,535364,-0.001035,0.001035,0
1154,364," '",164149374,10891,535364,-0.000613,0.000613,0
1155,82,"s",164177009,10892,535364,-0.000008,0.000008,0
1156,26155," fleet",164205179,10893,535364,-0.000147,0.000147,0
1157,574," was",164232626,10894,535364,-0.000261,0.000261,0
1158,6319," designed",164260544,10895,535364,-0.000153,0.000153,0
1159,311," to",164287818,10896,535364,-0.000077,0.000077,0
1160,387," be",164315311,10897,535364,-0.000026,0.000026,0
1161,13171," capable",164342905,10898,535364,-0.000790,0.000790,0
1162,315," of",164381944,10899,535440,-0.000038,0.000038,0
1163,11039," fighting",164413115,10900,535464,-0.000023,0.000023,0
1164,264," a",164443998,10901,535344,-0.000190,0.000190,0
1165,1403," two",164471466,10902,535344,-0.000037,0.000037,0
1166,12,"-",164498350,10903,535344,-0.000018,0.000018,0
1167,5383,"ship",164526130,10904,535344,-0.009692,0.009692,0
1168,8209," battle",164555811,10905,535464,-0.000144,0.000144,0
1169,304," in",164586267,10906,535464,-0.000034,0.000034,0
1170,11002," Japanese",164613488,10907,535464,-0.000073,0.000073,0
1171,21160," waters",164640896,10908,535464,-0.000120,0.000120,0
1172,323," and",164667371,10909,535464,-0.000061,0.000061,0
1173,1053," would",164694007,10910,535464,-0.000455,0.000455,0
1174,617," have",164720994,10911,535464,-0.000171,0.000171,0
1175,1027," been",164757156,10912,535464,-0.000037,0.000037,0
1176,279," the",164788623,10913,535464,-0.000041,0.000041,0
1177,7928," largest",164820700,10914,535464,-0.000047,0.000047,0
1178,26155," fleet",164851285,10915,535464,-0.000085,0.000085,0
1179,3596," ever",164882818,10916,535464,-0.000269,0.000269,0
1180,5918," built",164913181,10917,535464,-0.000509,0.000509,0
1181,520," at",164944209,10918,535464,-0.000037,0.000037,0
1182,430," that",164978290,10919,535464,-0.000088,0.000088,0
1183,892," time",165015392,10920,535464,-0.000015,0.000015,0
1184,13,".",165058624,10921,535464,-0.009092,0.009092,0
1185,578," The",165099132,10922,535464,-0.000433,0.000433,0
1186,2955," design",165141425,10923,535424,-0.000430,0.000430,0
1187,315," of",165181259,10924,535424,-0.000131,0.000131,0
1188,279," the",165222178,10925,535424,-0.000019,0.000019,0
1189,25572," battles",165264751,10926,535424,-0.000371,0.000371,0
1190,34322,"hips",165301357,10927,535424,-0.001577,0.001577,0
1191,574," was",165337983,10928,535344,-0.000329,0.000329,0
1192,28160," influenced",165374819,10929,535464,-0.000188,0.000188,0
1193,555," by",165410730,10930,535464,-0.000052,0.000052,0
1194,279," the",165450022,10931,535464,-0.000015,0.000015,0
1195,11002," Japanese",165487099,10932,535464,-0.000093,0.000093,0
1196,19574," Navy",165524073,10933,535464,-0.000131,0.000131,0
1197,596,"'s",165561135,10934,535464,-0.000300,0.000300,0
1198,12876," desire",165602283,10935,535464,-0.000216,0.000216,0
1199,311," to",165636320,10936,535464,-0.000071,0.000071,0
1200,10519," maintain",165672783,10937,535464,-0.000207,0.000207,0
1201,264," a",165703785,10938,535464,-0.000055,0.000055,0
1202,26155," fleet",165738386,10939,535464,-0.000028,0.000028,0
1203,449," with",165774140,10940,535464,-0.000093,0.000093,0
1204,520," at",165810368,10941,535464,-0.000082,0.000082,0
1205,3325," least",165847571,10942,535464,-0.000023,0.000023,0
1206,220," ",165885724,10943,535464,-0.000009,0.000009,0
1207,2031,"70",165928244,10944,535464,-0.000153,0.000153,0
1208,1034," %",165969201,10945,535464,-0.002648,0.002648,0
1209,439," as",166010267,10946,535464,-0.000035,0.000035,0
1210,1690," many",166053179,10947,535464,-0.000085,0.000085,0
1211,6864," capital",166092936,10948,535464,-0.000035,0.000035,0
1212,18198," ships",166136111,10949,535464,-0.000376,0.000376,0
1213,439," as",166177776,10950,535464,-0.000055,0.000055,0
1214,279," the",166214968,10951,535464,-0.000012,0.000012,0
1215,2326," US",166252632,10952,535464,-0.000056,0.000056,0
1216,19574," Navy",166289705,10953,535464,-0.000416,0.000416,0
1217,13,".",166327011,10954,535464,-0.007816,0.007816,0
1218,578," The",166365111,10955,535464,-0.000622,0.000622,0
1219,358," I",166403955,10956,535464,-0.000813,0.000813,0
1220,41,"J",166442085,10957,535464,-0.000259,0.000259,0
1221,45,"N",166480496,10958,535464,-0.001313,0.001313,0
1222,364," '",166523710,10959,535464,-0.000632,0.000632,0
1223,82,"s",166565779,10960,535464,-0.000008,0.000008,0
1224,26155," fleet",166609726,10961,535464,-0.000171,0.000171,0
1225,574," was",166654838,10962,535464,-0.000218,0.000218,0
1226,6319," designed",166695150,10963,535464,-0.000182,0.000182,0
1227,311," to",166735610,10964,535464,-0.000090,0.000090,0
1228,387," be",166773561,10965,535464,-0.000032,0.000032,0
1229,13171," capable",166811528,10966,535464,-0.000940,0.000940,0
1230,315," of",166849061,10967,535464,-0.000059,0.000059,0
1231,11039," fighting",166888538,10968,535464,-0.000028,0.000028,0
1232,264," a",166926685,10969,535464,-0.000244,0.000244,0
1233,1403," two",166964706,10970,535464,-0.000057,0.000057,0
1234,12,"-",167003580,10971,535464,-0.000024,0.000024,0
1235,5383,"ship",167041397,10972,535464,-0.005721,0.005721,0
1236,8209," battle",167078946,10973,535464,-0.000168,0.000168,0
1237,304," in",167116819,10974,535464,-0.000045,0.000045,0
1238,11002," Japanese",167155699,10975,535464,-0.000091,0.000091,0
1239,21160," waters",167192619,10976,535464,-0.000131,0.000131,0
1240,323," and",167229334,10977,535464,-0.000078,0.000078,0
1241,1053," would",167267053,10978,535464,-0.000646,0.000646,0
1242,617," have",167304327,10979,535464,-0.000209,0.000209,0
1243,1027," been",167341651,10980,535464,-0.000046,0.000046,0
1244,279," the",167379808,10981,535464,-0.000044,0.000044,0
1245,7928," largest",167421805,10982,535464,-0.000053,0.000053,0
1246,26155," fleet",167461752,10983,535464,-0.000101,0.000101,0
1247,3596," ever",167502158,10984,535464,-0.000316,0.000316,0
1248,5918," built",167541921,10985,535464,-0.000581,0.000581,0
1249,520," at",167581976,10986,535464,-0.000043,0.000043,0
1250,430," that",167620662,10987,535464,-0.000113,0.000113,0
1251,892," time",167659790,10988,535464,-0.000018,0.000018,0
1252,13,".",167698066,10989,535464,-0.010623,0.010623,0
1253,578," The",167736356,10990,535464,-0.000380,0.000380,0
1254,2955," design",167776004,10991,535464,-0.000404,0.000404,0
1255,315," of",167816982,10992,535464,-0.000136,0.000136,0
1256,279," the",167857835,10993,535464,-0.000024,0.000024,0
1257,25572," battles",167900647,10994,535464,-0.000384,0.000384,0
1258,34322,"hips",167940125,10995,535464,-0.001437,0.001437,0
1259,574," was",167979835,10996,535464,-0.000359,0.000359,0
1260,28160," influenced",168019805,10997,535464,-0.000214,0.000214,0
1261,555," by",168060205,10998,535460,-0.000059,0.000059,0
1262,279," the",168099641,10999,535460,-0.000015,0.000015,0
1263,11002," Japanese",168137212,11000,535460,-0.000141,0.000141,0
1264,19574," Navy",168175111,11001,535460,-0.000123,0.000123,0
1265,596,"'s",168212643,11002,535460,-0.000292,0.000292,0
1266,12876," desire",168250504,11003,535460,-0.000238,0.000238,0
1267,311," to",168289687,11004,535460,-0.000044,0.000044,0
1268,10519," maintain",168331484,11005,535460,-0.000209,0.000209,0
1269,264," a",168373850,11006,535464,-0.000058,0.000058,0
1270,26155," fleet",168418588,11007,535464,-0.000028,0.000028,0
1271,449," with",168462863,11008,535464,-0.000100,0.000100,0
1272,520," at",168504510,11009,535464,-0.000068,0.000068,0
1273,3325," least",168546599,11010,535464,-0.000027,0.000027,0
1274,220," ",168589066,11011,535424,-0.000005,0.000005,0
1275,2031,"70",168628299,11012,535424,-0.000158,0.000158,0
1276,1034," %",168668728,11013,535424,-0.003234,0.003234,0
1277,439," as",168713819,11014,535424,-0.000036,0.000036,0
1278,1690," many",168754404,11015,535464,-0.000093,0.000093,0
1279,6864," capital",168793762,11016,535464,-0.000036,0.000036,0
1280,18198," ships",168829928,11017,535464,-0.000356,0.000356,0
1281,439," as",168865106,11018,535464,-0.000062,0.000062,0
1282,279," the",168901798,11019,535464,-0.000014,0.000014,0
1283,2326," US",168934913,11020,535340,-0.000062,0.000062,0
1284,19574," Navy",168968365,11021,535340,-0.000460,0.000460,0
1285,13,".",169001230,11022,535340,-0.009687,0.009687,0
1286,578," The",169031272,11023,535340,-0.000603,0.000603,0
1287,358," I",169061640,11024,535340,-0.001101,0.001101,0
1288,41,"J",169091533,11025,535340,-0.000285,0.000285,0
1289,45,"N",169124452,11026,535340,-0.001360,0.001360,0
1290,364," '",169163903,11027,535344,-0.000645,0.000645,0
1291,82,"s",169202957,11028,535464,-0.000009,0.000009,0
1292,26155," fleet",169239788,11029,535464,-0.000177,0.000177,0
1293,574," was",169279080,11030,535464,-0.000270,0.000270,0
1294,6319," designed",169317995,11031,535464,-0.000196,0.000196,0
1295,311," to",169358077,11032,535464,-0.000047,0.000047,0
1296,387," be",169398335,11033,535464,-0.000035,0.000035,0
1297,13171," capable",169437697,11034,535464,-0.000891,0.000891,0
1298,315," of",169477679,11035,535464,-0.000074,0.000074,0
1299,11039," fighting",169519509,11036,535464,-0.000029,0.000029,0
1300,264," a",169559590,11037,535464,-0.000253,0.000253,0
1301,1403," two",169596654,11038,535464,-0.000058,0.000058,0
1302,12,"-",169634248,11039,535464,-0.000026,0.000026,0
1303,5383,"ship",169674015,11040,535464,-0.006361,0.006361,0
1304,8209," battle",169713556,11041,535464,-0.000165,0.000165,0
1305,304," in",169754050,11042,535464,-0.000044,0.000044,0
1306,11002," Japanese",169798031,11043,535464,-0.000101,0.000101,0
1307,21160," waters",169845575,11044,535464,-0.000138,0.000138,0
1308,323," and",169885844,11045,535464,-0.000080,0.000080,0
1309,1053," would",169926810,11046,535464,-0.000685,0.000685,0
1310,617," have",169971003,11047,535464,-0.000216,0.000216,0
1311,1027," been",170014310,11048,535464,-0.000050,0.000050,0
1312,279," the",170054261,11049,535464,-0.000033,0.000033,0
1313,7928," largest",170092385,11050,535464,-0.000054,0.000054,0
1314,26155," fleet",170130948,11051,535464,-0.000104,0.000104,0
1315,3596," ever",170169931,11052,535464,-0.000326,0.000326,0
1316,5918," built",170213371,11053,535464,-0.000613,0.000613,0
1317,520," at",170252063,11054,535464,-0.000066,0.000066,0
1318,430," that",170291080,11055,535464,-0.000128,0.000128,0
1319,892," time",170331777,11056,535464,-0.000023,0.000023,0
1320,13,".",170372298,11057,535464,-0.011613,0.011613,0
1321,578," The",170412646,11058,535464,-0.000399,0.000399,0
1322,2955," design",170451575,11059,535464,-0.000522,0.000522,0
1323,315," of",170489712,11060,535464,-0.000163,0.000163,0
1324,279," the",170529807,11061,535464,-0.000028,0.000028,0
1325,25572," battles",170569693,11062,535464,-0.000382,0.000382,0
1326,34322,"hips",170609471,11063,535464,-0.001354,0.001354,0
1327,574," was",170647189,11064,535464,-0.000369,0.000369,0
1328,28160," influenced",170685781,11065,535464,-0.000226,0.000226,0
1329,555," by",170723914,11066,535464,-0.000062,0.000062,0
1330,279," the",170762031,11067,535464,-0.000016,0.000016,0
1331,11002," Japanese",170800431,11068,535464,-0.000123,0.000123,0
1332,19574," Navy",170839386,11069,535464,-0.000125,0.000125,0
1333,596,"'s",170877794,11070,535464,-0.000310,0.000310,0
1334,12876," desire",170916178,11071,535464,-0.000237,0.000237,0
1335,311," to",170954606,11072,535464,-0.000056,0.000056,0
1336,10519," maintain",170995092,11073,535464,-0.000233,0.000233,0
1337,264," a",171035520,11074,535464,-0.000068,0.000068,0
1338,26155," fleet",171076422,11075,535464,-0.000031,0.000031,0
1339,449," with",171121696,11076,535464,-0.000102,0.000102,0
1340,520," at",171159908,11077,535464,-0.000089,0.000089,0
1341,3325," least",171198050,11078,535464,-0.000031,0.000031,0
1342,220," ",171240765,11079,535464,-0.000011,0.000011,0
1343,2031,"70",171285277,11080,535464,-0.000187,0.000187,0
1344,1034," %",171327091,11081,535464,-0.003393,0.003393,0
1345,439," as",171366794,11082,535464,-0.000047,0.000047,0
1346,1690," many",171404807,11083,535464,-0.000102,0.000102,0
1347,6864," capital",171442689,11084,535464,-0.000037,0.000037,0
1348,18198," ships",171480427,11085,535464,-0.000407,0.000407,0
1349,439," as",171518744,11086,535464,-0.000059,0.000059,0
1350,279," the",171556424,11087,535464,-0.000017,0.000017,0
1351,2326," US",171594536,11088,535464,-0.000072,0.000072,0
1352,19574," Navy",171633463,11089,535464,-0.000510,0.000510,0
1353,13,".",171671983,11090,535464,-0.012472,0.012472,0
1354,578," The",171710681,11091,535464,-0.000786,0.000786,0
1355,358," I",171749238,11092,535464,-0.001317,0.001317,0
1356,41,"J",171790764,11093,535464,-0.000255,0.000255,0
1357,45,"N",171831542,11094,535464,-0.001617,0.001617,0
1358,364," '",171871322,11095,535464,-0.000632,0.000632,0
1359,82,"s",171916552,11096,535464,-0.000009,0.000009,0
1360,26155," fleet",171959451,11097,535464,-0.000208,0.000208,0
1361,574," was",171997660,11098,535464,-0.000270,0.000270,0
1362,6319," designed",172036367,11099,535464,-0.000216,0.000216,0
1363,311," to",172075218,11100,535464,-0.000087,0.000087,0
1364,387," be",172113329,11101,535464,-0.000038,0.000038,0
1365,13171," capable",172152661,11102,535464,-0.000902,0.000902,0
1366,315," of",172193396,11103,535464,-0.000080,0.000080,0
1367,11039," fighting",172235353,11104,535464,-0.000030,0.000030,0
1368,264," a",172275627,11105,535464,-0.000279,0.000279,0
1369,1403," two",172313575,11106,535464,-0.000059,0.000059,0
1370,12,"-",172351429,11107,535464,-0.000028,0.000028,0
1371,5383,"ship",172391510,11108,535464,-0.006478,0.006478,0
1372,8209," battle",172431417,11109,535464,-0.000170,0.000170,0
1373,304," in",172470588,11110,535464,-0.000060,0.000060,0
1374,11002," Japanese",172510156,11111,535464,-0.000125,0.000125,0
1375,21160," waters",172549886,11112,535464,-0.000149,0.000149,0
1376,323," and",172589217,11113,535436,-0.000086,0.000086,0
1377,1053," would",172629545,11114,535436,-0.000687,0.000687,0
1378,617," have",172667698,11115,535436,-0.000242,0.000242,0
1379,1027," been",172704884,11116,535436,-0.000061,0.000061,0
1380,279," the",172742257,11117,535436,-0.000067,0.000067,0
1381,7928," largest",172781511,11118,535436,-0.000060,0.000060,0
1382,26155," fleet",172820603,11119,535436,-0.000117,0.000117,0
1383,3596," ever",172859542,11120,535436,-0.000371,0.000371,0
1384,5918," built",172897561,11121,535436,-0.000742,0.000742,0
1385,520," at",172935195,11122,535436,-0.000075,0.000075,0
1386,430," that",172972953,11123,535436,-0.000151,0.000151,0
1387,892," time",173011444,11124,535436,-0.000029,0.000029,0
1388,13,".",173050628,11125,535436,-0.017531,0.017531,0
1389,578," The",173094390,11126,535436,-0.000368,0.000368,0
1390,2955," design",173132349,11127,535436,-0.000341,0.000341,0
1391,315," of",173172465,11128,535460,-0.000194,0.000194,0
1392,279," the",173210874,11129,535460,-0.000031,0.000031,0
1393,25572," battles",173261957,11130,535460,-0.000337,0.000337,0
1394,34322,"hips",173302593,11131,535460,-0.001352,0.001352,0
1395,574," was",173342915,11132,535460,-0.000329,0.000329,0
1396,28160," influenced",173382215,11133,535460,-0.000240,0.000240,0
1397,555," by",173420776,11134,535460,-0.000068,0.000068,0
1398,279," the",173458820,11135,535460,-0.000018,0.000018,0
1399,11002," Japanese",173500662,11136,535460,-0.000132,0.000132,0
1400,19574," Navy",173541471,11137,535460,-0.000127,0.000127,0
1401,596,"'s",173583958,11138,535460,-0.000272,0.000272,0
1402,12876," desire",173631473,11139,535464,-0.000248,0.000248,0
1403,311," to",173670251,11140,535464,-0.000045,0.000045,0
1404,10519," maintain",173712068,11141,535464,-0.000233,0.000233,0
1405,264," a",173753864,11142,535464,-0.000061,0.000061,0
1406,26155," fleet",173794259,11143,535464,-0.000031,0.000031,0
1407,449," with",173833909,11144,535464,-0.000104,0.000104,0
1408,520," at",173872928,11145,535464,-0.000089,0.000089,0
1409,3325," least",173911903,11146,535464,-0.000029,0.000029,0
1410,220," ",173953676,11147,535464,-0.000013,0.000013,0
1411,2031,"70",173995198,11148,535464,-0.000183,0.000183,0
1412,1034," %",174035180,11149,535464,-0.002689,0.002689,0
1413,439," as",174077156,11150,535464,-0.000047,0.000047,0
1414,1690," many",174117876,11151,535464,-0.000112,0.000112,0
1415,6864," capital",174160220,11152,535464,-0.000039,0.000039,0
1416,18198," ships",174201858,11153,535464,-0.000459,0.000459,0
1417,439," as",174247126,11154,535464,-0.000069,0.000069,0
1418,279," the",174289816,11155,535464,-0.000017,0.000017,0
1419,2326," US",174330128,11156,535464,-0.000089,0.000089,0
1420,19574," Navy",174369000,11157,535464,-0.000578,0.000578,0
1421,13,".",174407775,11158,535464,-0.015254,0.015254,0
1422,578," The",174446617,11159,535464,-0.000550,0.000550,0
1423,358," I",174485072,11160,535464,-0.001586,0.001586,0
1424,41,"J",174523579,11161,535464,-0.000216,0.000216,0
1425,45,"N",174562618,11162,535464,-0.001528,0.001528,0
1426,364," '",174600681,11163,535464,-0.000596,0.000596,0
1427,82,"s",174639557,11164,535464,-0.000009,0.000009,0
1428,26155," fleet",174677900,11165,535464,-0.000227,0.000227,0
1429,574," was",174715956,11166,535464,-0.000217,0.000217,0
1430,6319," designed",174756622,11167,535464,-0.000227,0.000227,0
1431,311," to",174805597,11168,535464,-0.000074,0.000074,0
1432,387," be",174845920,11169,535464,-0.000036,0.000036,0
1433,13171," capable",174886180,11170,535464,-0.000810,0.000810,0
1434,315," of",174924555,11171,535464,-0.000099,0.000099,0
1435,11039," fighting",174963353,11172,535464,-0.000028,0.000028,0
1436,264," a",175009777,11173,535464,-0.000276,0.000276,0
1437,1403," two",175054807,11174,535464,-0.000058,0.000058,0
1438,12,"-",175096631,11175,535464,-0.000029,0.000029,0
1439,5383,"ship",175136742,11176,535464,-0.005762,0.005762,0
1440,8209," battle",175174818,11177,535464,-0.000188,0.000188,0
1441,304," in",175214362,11178,535464,-0.000053,0.000053,0
1442,11002," Japanese",175252662,11179,535464,-0.000116,0.000116,0
1443,21160," waters",175292110,11180,535464,-0.000157,0.000157,0
1444,323," and",175333699,11181,535464,-0.000085,0.000085,0
1445,1053," would",175372611,11182,535464,-0.000676,0.000676,0
1446,617," have",175414564,11183,535464,-0.000241,0.000241,0
1447,1027," been",175455055,11184,535464,-0.000065,0.000065,0
1448,279," the",175494478,11185,535464,-0.000070,0.000070,0
1449,7928," largest",175532877,11186,535464,-0.000062,0.000062,0
1450,26155," fleet",175571156,11187,535464,-0.000119,0.000119,0
1451,3596," ever",175611710,11188,535464,-0.000398,0.000398,0
1452,5918," built",175652315,11189,535464,-0.000838,0.000838,0
1453,520," at",175692439,11190,535464,-0.000057,0.000057,0
1454,430," that",175731967,11191,535464,-0.000153,0.000153,0
1455,892," time",175771739,11192,535464,-0.000038,0.000038,0
1456,13,".",175815494,11193,535464,-0.030076,0.030076,0
1457,578," The",175861426,11194,535340,-0.000368,0.000368,0
1458,2955," design",175903213,11195,535340,-0.000156,0.000156,0
1459,315," of",175943717,11196,535340,-0.000195,0.000195,0
1460,279," the",175981756,11197,535464,-0.000039,0.000039,0
1461,25572," battles",176020225,11198,535464,-0.000266,0.000266,0
1462,34322,"hips",176059611,11199,535464,-0.001368,0.001368,0
1463,574," was",176098319,11200,535464,-0.000375,0.000375,0
1464,28160," influenced",176139597,11201,535464,-0.000275,0.000275,0
1465,555," by",176182883,11202,535464,-0.000077,0.000077,0
1466,279," the",176223937,11203,535464,-0.000019,0.000019,0
1467,11002," Japanese",176264926,11204,535464,-0.000144,0.000144,0
1468,19574," Navy",176305753,11205,535464,-0.000126,0.000126,0
1469,596,"'s",176350145,11206,535464,-0.000244,0.000244,0
1470,12876," desire",176390943,11207,535464,-0.000268,0.000268,0
1471,311," to",176428954,11208,535464,-0.000051,0.000051,0
1472,10519," maintain",176466684,11209,535464,-0.000252,0.000252,0
1473,264," a",176504988,11210,535464,-0.000070,0.000070,0
1474,26155," fleet",176542407,11211,535464,-0.000035,0.000035,0
1475,449," with",176580909,11212,535464,-0.000102,0.000102,0
1476,520," at",176619706,11213,535464,-0.000083,0.000083,0
1477,3325," least",176659622,11214,535464,-0.000031,0.000031,0
1478,220," ",176698716,11215,535464,-0.000015,0.000015,0
1479,2031,"70",176741012,11216,535464,-0.000177,0.000177,0
1480,1034," %",176781916,11217,535464,-0.002916,0.002916,0
1481,439," as",176824974,11218,535464,-0.000047,0.000047,0
1482,1690," many",176871627,11219,535464,-0.000134,0.000134,0
1483,6864," capital",176912699,11220,535464,-0.000046,0.000046,0
1484,18198," ships",176952840,11221,535464,-0.000497,0.000497,0
1485,439," as",176991507,11222,535464,-0.000072,0.000072,0
1486,279," the",177029810,11223,535464,-0.000019,0.000019,0
1487,2326," US",177070152,11224,535464,-0.000094,0.000094,0
1488,19574," Navy",177110597,11225,535464,-0.000655,0.000655,0
1489,13,".",177150181,11226,535464,-0.017396,0.017396,0
1490,578," The",177189817,11227,535464,-0.000489,0.000489,0
1491,358," I",177228462,11228,535464,-0.001283,0.001283,0
1492,41,"J",177269790,11229,535464,-0.000211,0.000211,0
1493,45,"N",177310367,11230,535464,-0.001654,0.001654,0
1494,364," '",177350191,11231,535464,-0.000680,0.000680,0
1495,82,"s",177388083,11232,535464,-0.000008,0.000008,0
1496,26155," fleet",177427225,11233,535464,-0.000229,0.000229,0
1497,574," was",177465746,11234,535464,-0.000283,0.000283,0
1498,6319," designed",177503511,11235,535464,-0.000241,0.000241,0
1499,311," to",177541626,11236,535464,-0.000075,0.000075,0
1500,387," be",177581754,11237,535464,-0.000037,0.000037,0
1501,13171," capable",177623367,11238,535464,-0.000798,0.000798,0
1502,315," of",177665479,11239,535464,-0.000111,0.000111,0
1503,11039," fighting",177709849,11240,535464,-0.000030,0.000030,0
1504,264," a",177758147,11241,535464,-0.000290,0.000290,0
1505,1403," two",177799172,11242,535464,-0.000056,0.000056,0
1506,12,"-",177837724,11243,535464,-0.000028,0.000028,0
1507,5383,"ship",177876019,11244,535464,-0.005775,0.005775,0
1508,8209," battle",177914491,11245,535464,-0.000202,0.000202,0
1509,304," in",177952346,11246,535464,-0.000059,0.000059,0
1510,11002," Japanese",177990253,11247,535464,-0.000123,0.000123,0
1511,21160," waters",178028627,11248,535464,-0.000179,0.000179,0
1512,323," and",178068111,11249,535464,-0.000097,0.000097,0
1513,1053," would",178110012,11250,535464,-0.000697,0.000697,0
1514,617," have",178149096,11251,535464,-0.000236,0.000236,0
1515,1027," been",178187507,11252,535464,-0.000069,0.000069,0
1516,279," the",178229116,11253,535464,-0.000099,0.000099,0
1517,7928," largest",178269759,11254,535464,-0.000065,0.000065,0
1518,26155," fleet",178309406,11255,535464,-0.000129,0.000129,0
1519,3596," ever",178347491,11256,535464,-0.000403,0.000403,0
1520,5918," built",178385208,11257,535464,-0.000879,0.000879,0
1521,520," at",178424151,11258,535368,-0.000084,0.000084,0
1522,430," that",178463552,11259,535464,-0.000165,0.000165,0
1523,892," time",178502170,11260,535464,-0.000044,0.000044,0
1524,13,".",178541644,11261,535464,-0.038242,0.038242,0
1525,578," The",178597028,11262,535464,-0.000323,0.000323,0
1526,2955," design",178642016,11263,535464,-0.000197,0.000197,0
1527,315," of",178689220,11264,535464,-0.000230,0.000230,0
1528,279," the",178730188,11265,535464,-0.000046,0.000046,0
1529,25572," battles",178770586,11266,535464,-0.000268,0.000268,0
1530,34322,"hips",178809816,11267,535464,-0.001349,0.001349,0
1531,574," was",178848084,11268,535464,-0.000368,0.000368,0
1532,28160," influenced",178886686,11269,535464,-0.000281,0.000281,0
1533,555," by",178925053,11270,535464,-0.000084,0.000084,0
1534,279," the",178963813,11271,535464,-0.000024,0.000024,0
1535,11002," Japanese",179004708,11272,535464,-0.000154,0.000154,0
1536,19574," Navy",179043485,11273,535464,-0.000135,0.000135,0
1537,596,"'s",179084632,11274,535464,-0.000280,0.000280,0
1538,12876," desire",179125902,11275,535464,-0.000279,0.000279,0
1539,311," to",179165729,11276,535464,-0.000069,0.000069,0
1540,10519," maintain",179204138,11277,535464,-0.000290,0.000290,0
1541,264," a",179244908,11278,535464,-0.000085,0.000085,0
1542,26155," fleet",179288648,11279,535464,-0.000038,0.000038,0
1543,449," with",179330144,11280,535464,-0.000141,0.000141,0
1544,520," at",179373508,11281,535464,-0.000095,0.000095,0
1545,3325," least",179415415,11282,535464,-0.000033,0.000033,0
1546,220," ",179457069,11283,535464,-0.000020,0.000020,0
1547,2031,"70",179496473,11284,535464,-0.000221,0.000221,0
1548,1034," %",179538857,11285,535464,-0.002831,0.002831,0
1549,439," as",179581194,11286,535464,-0.000056,0.000056,0
1550,1690," many",179623375,11287,535464,-0.000140,0.000140,0
1551,6864," capital",179663777,11288,535464,-0.000051,0.000051,0
1552,18198," ships",179703611,11289,535464,-0.000583,0.000583,0
1553,439," as",179746036,11290,535464,-0.000077,0.000077,0
1554,279," the",179787514,11291,535464,-0.000022,0.000022,0
1555,2326," US",179828957,11292,535464,-0.000105,0.000105,0
1556,19574," Navy",179871246,11293,535464,-0.000691,0.000691,0
1557,13,".",179912967,11294,535464,-0.020720,0.020720,0
1558,578," The",179951286,11295,535464,-0.000565,0.000565,0
1559,358," I",179991268,11296,535464,-0.001601,0.001601,0
1560,41,"J",180029930,11297,535464,-0.000225,0.000225,0
1561,45,"N",180070407,11298,535464,-0.001522,0.001522,0
1562,364," '",180109546,11299,535464,-0.000718,0.000718,0
1563,82,"s",180148270,11300,535464,-0.000008,0.000008,0
1564,26155," fleet",180189492,11301,535464,-0.000275,0.000275,0
1565,574," was",180230824,11302,535464,-0.000307,0.000307,0
1566,6319," designed",180274153,11303,535464,-0.000272,0.000272,0
1567,311," to",180319107,11304,535464,-0.000079,0.000079,0
1568,387," be",180359670,11305,535464,-0.000040,0.000040,0
1569,13171," capable",180401738,11306,535464,-0.000853,0.000853,0
1570,315," of",180443636,11307,535464,-0.000136,0.000136,0
1571,11039," fighting",180490117,11308,535464,-0.000032,0.000032,0
1572,264," a",180531994,11309,535464,-0.000336,0.000336,0
1573,1403," two",180571884,11310,535464,-0.000055,0.000055,0
1574,12,"-",180610174,11311,535464,-0.000029,0.000029,0
1575,5383,"ship",180648610,11312,535464,-0.006220,0.006220,0
1576,8209," battle",180687308,11313,535464,-0.000220,0.000220,0
1577,304," in",180725679,11314,535464,-0.000072,0.000072,0
1578,11002," Japanese",180764173,11315,535464,-0.000140,0.000140,0
1579,21160," waters",180802343,11316,535464,-0.000193,0.000193,0
1580,323," and",180841875,11317,535464,-0.000114,0.000114,0
1581,1053," would",180881599,11318,535464,-0.000739,0.000739,0
1582,617," have",180925798,11319,535464,-0.000262,0.000262,0
1583,1027," been",180964459,11320,535444,-0.000077,0.000077,0
1584,279," the",181004529,11321,535444,-0.000118,0.000118,0
1585,7928," largest",181045394,11322,535444,-0.000069,0.000069,0
1586,26155," fleet",181086306,11323,535444,-0.000139,0.000139,0
1587,3596," ever",181126281,11324,535444,-0.000430,0.000430,0
1588,5918," built",181165131,11325,535444,-0.000944,0.000944,0
1589,520," at",181205208,11326,535444,-0.000090,0.000090,0
1590,430," that",181246778,11327,535444,-0.000190,0.000190,0
1591,892," time",181287237,11328,535444,-0.000049,0.000049,0
1592,13,".",181327236,11329,535444,-0.033841,0.033841,0
1593,578," The",181365421,11330,535444,-0.000298,0.000298,0
1594,2955," design",181413622,11331,535444,-0.000293,0.000293,0
1595,315," of",181455030,11332,535444,-0.000244,0.000244,0
1596,279," the",181496096,11333,535444,-0.000055,0.000055,0
1597,25572," battles",181536434,11334,535444,-0.000312,0.000312,0
1598,34322,"hips",181575915,11335,535444,-0.001258,0.001258,0
1599,574," was",181613766,11336,535444,-0.000449,0.000449,0
1600,28160," influenced",181651731,11337,535444,-0.000279,0.000279,0
1601,555," by",181690733,11338,535444,-0.000096,0.000096,0
1602,279," the",181730603,11339,535444,-0.000025,0.000025,0
1603,11002," Japanese",181770891,11340,535464,-0.000173,0.000173,0
1604,19574," Navy",181812057,11341,535464,-0.000146,0.000146,0
1605,596,"'s",181858512,11342,535464,-0.000328,0.000328,0
1606,12876," desire",181903625,11343,535464,-0.000308,0.000308,0
1607,311," to",181945195,11344,535464,-0.000081,0.000081,0
1608,10519," maintain",181991027,11345,535464,-0.000311,0.000311,0
1609,264," a",182031329,11346,535464,-0.000090,0.000090,0
1610,26155," fleet",182070649,11347,535460,-0.000040,0.000040,0
1611,449," with",182109049,11348,535464,-0.000163,0.000163,0
1612,520," at",182149789,11349,535464,-0.000098,0.000098,0
1613,3325," least",182191131,11350,535464,-0.000037,0.000037,0
1614,220," ",182231985,11351,535464,-0.000009,0.000009,0
1615,2031,"70",182271195,11352,535464,-0.000228,0.000228,0
1616,1034," %",182313884,11353,535464,-0.003177,0.003177,0
1617,439," as",182359750,11354,535464,-0.000064,0.000064,0
1618,1690," many",182401305,11355,535464,-0.000145,0.000145,0
1619,6864," capital",182442347,11356,535464,-0.000056,0.000056,0
1620,18198," ships",182481953,11357,535464,-0.000545,0.000545,0
1621,439," as",182519977,11358,535464,-0.000097,0.000097,0
1622,279," the",182558288,11359,535464,-0.000028,0.000028,0
1623,2326," US",182601780,11360,535464,-0.000113,0.000113,0
1624,19574," Navy",182643298,11361,535464,-0.000750,0.000750,0
1625,13,".",182684610,11362,535464,-0.017568,0.017568,0
1626,578," The",182723539,11363,535464,-0.000461,0.000461,0
1627,358," I",182763733,11364,535464,-0.001102,0.001102,0
1628,41,"J",182805519,11365,535464,-0.000266,0.000266,0
1629,45,"N",182846472,11366,535464,-0.001549,0.001549,0
1630,364," '",182886911,11367,535464,-0.000702,0.000702,0
1631,82,"s",182925760,11368,535464,-0.000010,0.000010,0
1632,26155," fleet",182964381,11369,535464,-0.000276,0.000276,0
1633,574," was",183005473,11370,535464,-0.000314,0.000314,0
1634,6319," designed",183046962,11371,535464,-0.000262,0.000262,0
1635,311," to",183087643,11372,535464,-0.000081,0.000081,0
1636,387," be",183127784,11373,535464,-0.000039,0.000039,0
1637,13171," capable",183166840,11374,535464,-0.000827,0.000827,0
1638,315," of",183207808,11375,535464,-0.000106,0.000106,0
1639,11039," fighting",183249346,11376,535464,-0.000033,0.000033,0
1640,264," a",183293505,11377,535464,-0.000368,0.000368,0
1641,1403," two",183336615,11378,535464,-0.000061,0.000061,0
1642,12,"-",183377838,11379,535464,-0.000031,0.000031,0
1643,5383,"ship",183416369,11380,535464,-0.007068,0.007068,0
1644,8209," battle",183456737,11381,535464,-0.000223,0.000223,0
1645,304," in",183498282,11382,535464,-0.000070,0.000070,0
1646,11002," Japanese",183543855,11383,535464,-0.000150,0.000150,0
1647,21160," waters",183586760,11384,535464,-0.000188,0.000188,0
1648,323," and",183629562,11385,535464,-0.000112,0.000112,0
1649,1053," would",183674895,11386,535464,-0.000776,0.000776,0
1650,617," have",183717016,11387,535464,-0.000274,0.000274,0
1651,1027," been",183758988,11388,535464,-0.000087,0.000087,0
1652,279," the",183802179,11389,535464,-0.000114,0.000114,0
1653,7928," largest",183845644,11390,535464,-0.000074,0.000074,0
1654,26155," fleet",183886075,11391,535464,-0.000141,0.000141,0
1655,3596," ever",183925484,11392,535464,-0.000458,0.000458,0
1656,5918," built",183966079,11393,535464,-0.000950,0.000950,0
1657,520," at",184005554,11394,535464,-0.000097,0.000097,0
1658,430," that",184053823,11395,535464,-0.000199,0.000199,0
1659,892," time",184097274,11396,535464,-0.000052,0.000052,0
1660,13,".",184135872,11397,535464,-0.025160,0.025160,0
1661,578," The",184175097,11398,535464,-0.000281,0.000281,0
1662,2955," design",184217949,11399,535464,-0.000247,0.000247,0
1663,315," of",184259450,11400,535464,-0.000231,0.000231,0
1664,279," the",184302259,11401,535464,-0.000059,0.000059,0
1665,25572," battles",184343324,11402,535464,-0.000294,0.000294,0
1666,34322,"hips",184383903,11403,535464,-0.001191,0.001191,0
1667,574," was",184424818,11404,535464,-0.000470,0.000470,0
1668,28160," influenced",184467250,11405,535464,-0.000283,0.000283,0
1669,555," by",184512007,11406,535464,-0.000101,0.000101,0
1670,279," the",184557988,11407,535464,-0.000028,0.000028,0
1671,11002," Japanese",184600802,11408,535464,-0.000211,0.000211,0
1672,19574," Navy",184645122,11409,535464,-0.000152,0.000152,0
1673,596,"'s",184688065,11410,535464,-0.000302,0.000302,0
1674,12876," desire",184733097,11411,535464,-0.000299,0.000299,0
1675,311," to",184777406,11412,535344,-0.000073,0.000073,0
1676,10519," maintain",184819263,11413,535344,-0.000307,0.000307,0
1677,264," a",184862312,11414,535344,-0.000091,0.000091,0
1678,26155," fleet",184903805,11415,535344,-0.000041,0.000041,0
1679,449," with",184946418,11416,535344,-0.000128,0.000128,0
1680,520," at",184988451,11417,535344,-0.000105,0.000105,0
1681,3325," least",185028270,11418,535344,-0.000040,0.000040,0
1682,220," ",185069756,11419,535344,-0.000016,0.000016,0
1683,2031,"70",185114040,11420,535344,-0.000217,0.000217,0
1684,1034," %",185160743,11421,535344,-0.002752,0.002752,0
1685,439," as",185204095,11422,535344,-0.000064,0.000064,0
1686,1690," many",185245392,11423,535328,-0.000149,0.000149,0
1687,6864," capital",185284914,11424,535328,-0.000057,0.000057,0
1688,18198," ships",185322194,11425,535328,-0.000533,0.000533,0
1689,439," as",185362416,11426,535328,-0.000087,0.000087,0
1690,279," the",185397842,11427,535328,-0.000029,0.000029,0
1691,2326," US",185441202,11428,535328,-0.000110,0.000110,0
1692,19574," Navy",185480390,11429,535328,-0.000842,0.000842,0
1693,13,".",185521260,11430,535328,-0.016205,0.016205,0
1694,578," The",185561701,11431,535328,-0.000550,0.000550,0
1695,358," I",185601483,11432,535328,-0.001344,0.001344,0
1696,41,"J",185639673,11433,535328,-0.000308,0.000308,0
1697,45,"N",185678233,11434,535236,-0.001741,0.001741,0
1698,364," '",185717528,11435,535328,-0.000673,0.000673,0
1699,82,"s",185758920,11436,535328,-0.000011,0.000011,0
1700,26155," fleet",185797735,11437,535328,-0.000315,0.000315,0
1701,574," was",185837448,11438,535328,-0.000250,0.000250,0
1702,6319," designed",185877395,11439,535328,-0.000271,0.000271,0
1703,311," to",185933349,11440,535328,-0.000097,0.000097,0
1704,387," be",185975841,11441,535328,-0.000047,0.000047,0
1705,13171," capable",186018378,11442,535328,-0.000845,0.000845,0
1706,315," of",186066764,11443,535328,-0.000148,0.000148,0
1707,11039," fighting",186106894,11444,535328,-0.000035,0.000035,0
1708,264," a",186147985,11445,535328,-0.000397,0.000397,0
1709,1403," two",186193209,11446,535328,-0.000067,0.000067,0
1710,12,"-",186236785,11447,535328,-0.000033,0.000033,0
1711,5383,"ship",186278664,11448,535328,-0.008109,0.008109,0
1712,8209," battle",186320790,11449,535448,-0.000223,0.000223,0
1713,304," in",186365147,11450,535448,-0.000088,0.000088,0
1714,11002," Japanese",186413033,11451,535448,-0.000183,0.000183,0
1715,21160," waters",186454002,11452,535448,-0.000194,0.000194,0
1716,323," and",186494855,11453,535448,-0.000138,0.000138,0
1717,1053," would",186533143,11454,535448,-0.000862,0.000862,0
1718,617," have",186572325,11455,535444,-0.000326,0.000326,0
1719,1027," been",186610990,11456,535444,-0.000110,0.000110,0
1720,279," the",186649636,11457,535444,-0.000154,0.000154,0
1721,7928," largest",186689292,11458,535444,-0.000082,0.000082,0
1722,26155," fleet",186731331,11459,535444,-0.000153,0.000153,0
1723,3596," ever",186775898,11460,535460,-0.000488,0.000488,0
1724,5918," built",186817093,11461,535460,-0.001008,0.001008,0
1725,520," at",186858149,11462,535460,-0.000114,0.000114,0
1726,430," that",186902174,11463,535432,-0.000246,0.000246,0
1727,892," time",186942111,11464,535460,-0.000054,0.000054,0
1728,13,".",186981352,11465,535460,-0.023972,0.023972,0
1729,578," The",187020559,11466,535460,-0.000291,0.000291,0
1730,2955," design",187060144,11467,535460,-0.000302,0.000302,0
1731,315," of",187098497,11468,535460,-0.000271,0.000271,0
1732,279," the",187137715,11469,535460,-0.000065,0.000065,0
1733,25572," battles",187179200,11470,535460,-0.000272,0.000272,0
1734,34322,"hips",187221884,11471,535460,-0.001198,0.001198,0
1735,574," was",187263289,11472,535460,-0.000445,0.000445,0
1736,28160," influenced",187302306,11473,535460,-0.000309,0.000309,0
1737,555," by",187341813,11474,535460,-0.000105,0.000105,0
1738,279," the",187383044,11475,535460,-0.000030,0.000030,0
1739,11002," Japanese",187423870,11476,535460,-0.000205,0.000205,0
1740,19574," Navy",187464545,11477,535460,-0.000161,0.000161,0
1741,596,"'s",187503464,11478,535460,-0.000295,0.000295,0
1742,12876," desire",187542076,11479,535460,-0.000324,0.000324,0
1743,311," to",187584404,11480,535460,-0.000084,0.000084,0
1744,10519," maintain",187626399,11481,535460,-0.000316,0.000316,0
1745,264," a",187673858,11482,535460,-0.000086,0.000086,0
1746,26155," fleet",187716377,11483,535460,-0.000040,0.000040,0
1747,449," with",187758998,11484,535460,-0.000157,0.000157,0
1748,520," at",187802081,11485,535464,-0.000107,0.000107,0
1749,3325," least",187841641,11486,535464,-0.000043,0.000043,0
1750,220," ",187884198,11487,535464,-0.000020,0.000020,0
1751,2031,"70",187925577,11488,535464,-0.000244,0.000244,0
1752,1034," %",187965376,11489,535464,-0.002650,0.002650,0
1753,439," as",188003967,11490,535464,-0.000066,0.000066,0
1754,1690," many",188043115,11491,535464,-0.000156,0.000156,0
1755,6864," capital",188084574,11492,535464,-0.000060,0.000060,0
1756,18198," ships",188126001,11493,535464,-0.000513,0.000513,0
1757,439," as",188167164,11494,535464,-0.000095,0.000095,0
1758,279," the",188205878,11495,535464,-0.000035,0.000035,0
1759,2326," US",188244827,11496,535464,-0.000134,0.000134,0
1760,19574," Navy",188286953,11497,535464,-0.000952,0.000952,0
1761,13,".",188328096,11498,535464,-0.020797,0.020797,0
1762,578," The",188369305,11499,535464,-0.000472,0.000472,0
1763,358," I",188408336,11500,535464,-0.001559,0.001559,0
1764,41,"J",188448542,11501,535464,-0.000293,0.000293,0
1765,45,"N",188494221,11502,535464,-0.001955,0.001955,0
1766,364," '",188540676,11503,535464,-0.000792,0.000792,0
1767,82,"s",188585362,11504,535464,-0.000013,0.000013,0
1768,26155," fleet",188629752,11505,535464,-0.000312,0.000312,0
1769,574," was",188670347,11506,535464,-0.000374,0.000374,0
1770,6319," designed",188711707,11507,535464,-0.000276,0.000276,0
1771,311," to",188752417,11508,535464,-0.000108,0.000108,0
1772,387," be",188793851,11509,535464,-0.000049,0.000049,0
1773,13171," capable",188835555,11510,535464,-0.001042,0.001042,0
1774,315," of",188877753,11511,535464,-0.000155,0.000155,0
1775,11039," fighting",188918642,11512,535464,-0.000037,0.000037,0
1776,264," a",188957966,11513,535464,-0.000432,0.000432,0
1777,1403," two",188997193,11514,535464,-0.000077,0.000077,0
1778,12,"-",189036864,11515,535464,-0.000024,0.000024,0
1779,5383,"ship",189078053,11516,535464,-0.006528,0.006528,0
1780,8209," battle",189117802,11517,535464,-0.000226,0.000226,0
1781,304," in",189158487,11518,535464,-0.000099,0.000099,0
1782,11002," Japanese",189197367,11519,535464,-0.000190,0.000190,0
1783,21160," waters",189238063,11520,535464,-0.000228,0.000228,0
1784,323," and",189277476,11521,535464,-0.000149,0.000149,0
1785,1053," would",189317462,11522,535464,-0.000949,0.000949,0
1786,617," have",189356766,11523,535464,-0.000351,0.000351,0
1787,1027," been",189396858,11524,535464,-0.000119,0.000119,0
1788,279," the",189436476,11525,535464,-0.000170,0.000170,0
1789,7928," largest",189481302,11526,535448,-0.000083,0.000083,0
1790,26155," fleet",189520367,11527,535448,-0.000155,0.000155,0
1791,3596," ever",189560509,11528,535440,-0.000613,0.000613,0
1792,5918," built",189600376,11529,535440,-0.000969,0.000969,0
1793,520," at",189639721,11530,535440,-0.000133,0.000133,0
1794,430," that",189678879,11531,535464,-0.000260,0.000260,0
1795,892," time",189718849,11532,535464,-0.000057,0.000057,0
1796,13,".",189758745,11533,535464,-0.019922,0.019922,0
1797,578," The",189797532,11534,535464,-0.000261,0.000261,0
1798,2955," design",189836016,11535,535464,-0.000170,0.000170,0
1799,315," of",189876828,11536,535464,-0.000242,0.000242,0
1800,279," the",189917534,11537,535464,-0.000068,0.000068,0
1801,25572," battles",189957615,11538,535464,-0.000229,0.000229,0
1802,34322,"hips",189999651,11539,535464,-0.001211,0.001211,0
1803,574," was",190041955,11540,535464,-0.000488,0.000488,0
1804,28160," influenced",190084225,11541,535464,-0.000310,0.000310,0
1805,555," by",190132035,11542,535464,-0.000095,0.000095,0
1806,279," the",190173906,11543,535464,-0.000032,0.000032,0
1807,11002," Japanese",190216873,11544,535464,-0.000195,0.000195,0
1808,19574," Navy",190260586,11545,535464,-0.000174,0.000174,0
1809,596,"'s",190301071,11546,535464,-0.000295,0.000295,0
1810,12876," desire",190341009,11547,535464,-0.000340,0.000340,0
1811,311," to",190377915,11548,535464,-0.000089,0.000089,0
1812,10519," maintain",190412645,11549,535464,-0.000326,0.000326,0
1813,264," a",190449722,11550,535464,-0.000095,0.000095,0
1814,26155," fleet",190483563,11551,535464,-0.000042,0.000042,0
1815,449," with",190516540,11552,535400,-0.000180,0.000180,0
1816,520," at",190548717,11553,535464,-0.000115,0.000115,0
1817,3325," least",190588993,11554,535464,-0.000042,0.000042,0
1818,220," ",190623392,11555,535464,-0.000019,0.000019,0
1819,2031,"70",190659458,11556,535464,-0.000271,0.000271,0
1820,1034," %",190698607,11557,535464,-0.003075,0.003075,0
1821,439," as",190737123,11558,535464,-0.000075,0.000075,0
1822,1690," many",190776183,11559,535464,-0.000173,0.000173,0
1823,6864," capital",190816009,11560,535464,-0.000069,0.000069,0
1824,18198," ships",190856128,11561,535464,-0.000600,0.000600,0
1825,439," as",190896187,11562,535464,-0.000106,0.000106,0
1826,279," the",190936285,11563,535464,-0.000042,0.000042,0
1827,2326," US",190975706,11564,535464,-0.000132,0.000132,0
1828,19574," Navy",191015602,11565,535464,-0.001091,0.001091,0
1829,13,".",191055266,11566,535464,-0.023287,0.023287,0
1830,578," The",191100018,11567,535464,-0.000438,0.000438,0
1831,358," I",191139971,11568,535464,-0.001416,0.001416,0
1832,41,"J",191179750,11569,535464,-0.000278,0.000278,0
1833,45,"N",191221559,11570,535464,-0.001728,0.001728,0
1834,364," '",191260273,11571,535464,-0.000817,0.000817,0
1835,82,"s",191299324,11572,535368,-0.000012,0.000012,0
1836,26155," fleet",191339302,11573,535464,-0.000305,0.000305,0
1837,574," was",191378473,11574,535464,-0.000400,0.000400,0
1838,6319," designed",191419122,11575,535464,-0.000276,0.000276,0
1839,311," to",191459048,11576,535464,-0.000133,0.000133,0
1840,387," be",191501140,11577,535464,-0.000071,0.000071,0
1841,13171," capable",191541573,11578,535464,-0.001063,0.001063,0
1842,315," of",191581120,11579,535464,-0.000154,0.000154,0
1843,11039," fighting",191619820,11580,535464,-0.000039,0.000039,0
1844,264," a",191658417,11581,535464,-0.000450,0.000450,0
1845,1403," two",191697839,11582,535464,-0.000086,0.000086,0
1846,12,"-",191737942,11583,535464,-0.000038,0.000038,0
1847,5383,"ship",191777710,11584,535464,-0.006555,0.006555,0
1848,8209," battle",191818146,11585,535464,-0.000235,0.000235,0
1849,304," in",191865586,11586,535464,-0.000101,0.000101,0
1850,11002," Japanese",191907476,11587,535464,-0.000182,0.000182,0
1851,21160," waters",191949831,11588,535464,-0.000245,0.000245,0
1852,323," and",191999871,11589,535464,-0.000143,0.000143,0
1853,1053," would",192040277,11590,535464,-0.001098,0.001098,0
1854,617," have",192079457,11591,535464,-0.000361,0.000361,0
1855,1027," been",192118000,11592,535464,-0.000126,0.000126,0
1856,279," the",192159084,11593,535464,-0.000185,0.000185,0
1857,7928," largest",192200812,11594,535464,-0.000083,0.000083,0
1858,26155," fleet",192240885,11595,535464,-0.000158,0.000158,0
1859,3596," ever",192280488,11596,535464,-0.000675,0.000675,0
1860,5918," built",192320118,11597,535464,-0.001007,0.001007,0
1861,520," at",192362130,11598,535464,-0.000148,0.000148,0
1862,430," that",192404021,11599,535340,-0.000302,0.000302,0
1863,892," time",192451681,11600,535340,-0.000060,0.000060,0
1864,13,".",192496899,11601,535340,-0.019619,0.019619,0
1865,578," The",192540581,11602,535340,-0.000265,0.000265,0
1866,2955," design",192582583,11603,535340,-0.000295,0.000295,0
1867,315," of",192622927,11604,535340,-0.000278,0.000278,0
1868,279," the",192664918,11605,535340,-0.000066,0.000066,0
1869,25572," battles",192706769,11606,535340,-0.000252,0.000252,0
1870,34322,"hips",192757283,11607,535340,-0.001258,0.001258,0
1871,574," was",192799772,11608,535340,-0.000500,0.000500,0
1872,28160," influenced",192845130,11609,535340,-0.000305,0.000305,0
1873,555," by",192893364,11610,535340,-0.000099,0.000099,0
1874,279," the",192938802,11611,535464,-0.000031,0.000031,0
1875,11002," Japanese",192980214,11612,535464,-0.000191,0.000191,0
1876,19574," Navy",193022598,11613,535464,-0.000195,0.000195,0
1877,596,"'s",193064222,11614,535464,-0.000344,0.000344,0
1878,12876," desire",193105598,11615,535464,-0.000366,0.000366,0
1879,311," to",193146122,11616,535464,-0.000115,0.000115,0
1880,10519," maintain",193185469,11617,535464,-0.000350,0.000350,0
1881,264," a",193225598,11618,535464,-0.000107,0.000107,0
1882,26155," fleet",193273301,11619,535464,-0.000042,0.000042,0
1883,449," with",193315450,11620,535464,-0.000171,0.000171,0
1884,520," at",193357633,11621,535464,-0.000117,0.000117,0
1885,3325," least",193400910,11622,535464,-0.000043,0.000043,0
1886,220," ",193443611,11623,535464,-0.000029,0.000029,0
1887,2031,"70",193486264,11624,535464,-0.000298,0.000298,0
1888,1034," %",193525935,11625,535464,-0.003383,0.003383,0
1889,439," as",193568263,11626,535464,-0.000084,0.000084,0
1890,1690," many",193610252,11627,535464,-0.000193,0.000193,0
1891,6864," capital",193653403,11628,535464,-0.000076,0.000076,0
1892,18198," ships",193693426,11629,535464,-0.000543,0.000543,0
1893,439," as",193733275,11630,535464,-0.000114,0.000114,0
1894,279," the",193775800,11631,535464,-0.000048,0.000048,0
1895,2326," US",193818015,11632,535348,-0.000156,0.000156,0
1896,19574," Navy",193869198,11633,535464,-0.001143,0.001143,0
1897,13,".",193912172,11634,535464,-0.025384,0.025384,0
1898,578," The",193952278,11635,535464,-0.000492,0.000492,0
1899,358," I",193991424,11636,535464,-0.002229,0.002229,0
1900,41,"J",194031795,11637,535464,-0.000305,0.000305,0
1901,45,"N",194073555,11638,535464,-0.001777,0.001777,0
1902,364," '",194115281,11639,535464,-0.000909,0.000909,0
1903,82,"s",194157694,11640,535464,-0.000013,0.000013,0
1904,26155," fleet",194200537,11641,535464,-0.000368,0.000368,0
1905,574," was",194250724,11642,535464,-0.000424,0.000424,0
1906,6319," designed",194292679,11643,535464,-0.000284,0.000284,0
1907,311," to",194336771,11644,535464,-0.000118,0.000118,0
1908,387," be",194379507,11645,535464,-0.000078,0.000078,0
1909,13171," capable",194422080,11646,535464,-0.001264,0.001264,0
1910,315," of",194464340,11647,535464,-0.000133,0.000133,0
1911,11039," fighting",194505723,11648,535464,-0.000041,0.000041,0
1912,264," a",194546356,11649,535464,-0.000451,0.000451,0
1913,1403," two",194585537,11650,535464,-0.000097,0.000097,0
1914,12,"-",194625879,11651,535464,-0.000040,0.000040,0
1915,5383,"ship",194665363,11652,535464,-0.006437,0.006437,0
1916,8209," battle",194710326,11653,535464,-0.000323,0.000323,0
1917,304," in",194751190,11654,535464,-0.000111,0.000111,0
1918,11002," Japanese",194791100,11655,535464,-0.000159,0.000159,0
1919,21160," waters",194831849,11656,535464,-0.000233,0.000233,0
1920,323," and",194873860,11657,535464,-0.000109,0.000109,0
1921,1053," would",194916560,11658,535464,-0.001155,0.001155,0
1922,617," have",194956876,11659,535464,-0.000407,0.000407,0
1923,1027," been",194996796,11660,535464,-0.000130,0.000130,0
1924,279," the",195036335,11661,535464,-0.000194,0.000194,0
1925,7928," largest",195079122,11662,535464,-0.000085,0.000085,0
1926,26155," fleet",195122875,11663,535464,-0.000165,0.000165,0
1927,3596," ever",195167246,11664,535400,-0.000759,0.000759,0
1928,5918," built",195209546,11665,535400,-0.001019,0.001019,0
1929,520," at",195253507,11666,535400,-0.000170,0.000170,0
1930,430," that",195296225,11667,535400,-0.000331,0.000331,0
1931,892," time",195341898,11668,535400,-0.000062,0.000062,0
1932,13,".",195384873,11669,535400,-0.023998,0.023998,0
1933,578," The",195427576,11670,535400,-0.000411,0.000411,0
1934,2955," design",195474073,11671,535464,-0.000329,0.000329,0
1935,315," of",195518084,11672,535464,-0.000305,0.000305,0
1936,279," the",195560380,11673,535464,-0.000073,0.000073,0
1937,25572," battles",195606413,11674,535464,-0.000365,0.000365,0
1938,34322,"hips",195648876,11675,535464,-0.001223,0.001223,0
1939,574," was",195688847,11676,535464,-0.000571,0.000571,0
1940,28160," influenced",195730744,11677,535464,-0.000322,0.000322,0
1941,555," by",195772834,11678,535464,-0.000101,0.000101,0
1942,279," the",195815931,11679,535464,-0.000032,0.000032,0
1943,11002," Japanese",195858609,11680,535464,-0.000182,0.000182,0
1944,19574," Navy",195901208,11681,535464,-0.000214,0.000214,0
1945,596,"'s",195942008,11682,535464,-0.000346,0.000346,0
1946,12876," desire",195985552,11683,535464,-0.000415,0.000415,0
1947,311," to",196028648,11684,535416,-0.000122,0.000122,0
1948,10519," maintain",196074348,11685,535416,-0.000354,0.000354,0
1949,264," a",196115824,11686,535416,-0.000111,0.000111,0
1950,26155," fleet",196156785,11687,535416,-0.000044,0.000044,0
1951,449," with",196197803,11688,535416,-0.000194,0.000194,0
1952,520," at",196238042,11689,535416,-0.000170,0.000170,0
1953,3325," least",196277230,11690,535416,-0.000043,0.000043,0
1954,220," ",196316580,11691,535416,-0.000033,0.000033,0
1955,2031,"70",196356401,11692,535416,-0.000310,0.000310,0
1956,1034," %",196396263,11693,535320,-0.003213,0.003213,0
1957,439," as",196436704,11694,535416,-0.000085,0.000085,0
1958,1690," many",196480871,11695,535416,-0.000192,0.000192,0
1959,6864," capital",196522138,11696,535416,-0.000080,0.000080,0
1960,18198," ships",196561120,11697,535416,-0.000533,0.000533,0
1961,439," as",196601573,11698,535416,-0.000116,0.000116,0
1962,279," the",196640637,11699,535416,-0.000048,0.000048,0
1963,2326," US",196680026,11700,535416,-0.000156,0.000156,0
1964,19574," Navy",196719896,11701,535416,-0.001285,0.001285,0
1965,13,".",196761172,11702,535416,-0.030024,0.030024,0
1966,578," The",196802418,11703,535416,-0.000499,0.000499,0
1967,358," I",196842797,11704,535416,-0.001606,0.001606,0
1968,41,"J",196886166,11705,535416,-0.000292,0.000292,0
1969,45,"N",196929316,11706,535464,-0.001839,0.001839,0
1970,364," '",196973623,11707,535464,-0.001034,0.001034,0
1971,82,"s",197016641,11708,535464,-0.000013,0.000013,0
1972,26155," fleet",197058274,11709,535464,-0.000375,0.000375,0
1973,574," was",197098897,11710,535464,-0.000448,0.000448,0
1974,6319," designed",197141431,11711,535464,-0.000283,0.000283,0
1975,311," to",197183186,11712,535464,-0.000149,0.000149,0
1976,387," be",197224447,11713,535464,-0.000086,0.000086,0
1977,13171," capable",197265428,11714,535464,-0.001387,0.001387,0
1978,315," of",197305069,11715,535464,-0.000177,0.000177,0
1979,11039," fighting",197344612,11716,535464,-0.000043,0.000043,0
1980,264," a",197385157,11717,535464,-0.000428,0.000428,0
1981,1403," two",197425317,11718,535464,-0.000143,0.000143,0
1982,12,"-",197469517,11719,535464,-0.000042,0.000042,0
1983,5383,"ship",197510008,11720,535464,-0.005851,0.005851,0
1984,8209," battle",197550289,11721,535464,-0.000260,0.000260,0
1985,304," in",197598785,11722,535464,-0.000112,0.000112,0
1986,11002," Japanese",197642256,11723,535464,-0.000155,0.000155,0
1987,21160," waters",197684802,11724,535464,-0.000193,0.000193,0
1988,323," and",197726108,11725,535464,-0.000172,0.000172,0
1989,1053," would",197765803,11726,535464,-0.001215,0.001215,0
1990,617," have",197810544,11727,535464,-0.000450,0.000450,0
1991,1027," been",197850201,11728,535464,-0.000140,0.000140,0
1992,279," the",197892366,11729,535464,-0.000198,0.000198,0
1993,7928," largest",197936256,11730,535464,-0.000088,0.000088,0
1994,26155," fleet",197978072,11731,535464,-0.000171,0.000171,0
1995,3596," ever",198021550,11732,535464,-0.000634,0.000634,0
1996,5918," built",198061786,11733,535464,-0.000997,0.000997,0
1997,520," at",198101612,11734,535464,-0.000188,0.000188,0
1998,430," that",198143310,11735,535464,-0.000333,0.000333,0
1999,892," time",198184658,11736,535464,-0.000064,0.000064,0
2000,13,".",198225816,11737,535464,-0.023224,0.023224,0
2001,578," The",198265484,11738,535464,-0.000292,0.000292,0
2002,2955," design",198305232,11739,535464,-0.000363,0.000363,0
2003,315," of",198348107,11740,535464,-0.000290,0.000290,0
2004,279," the",198391763,11741,535344,-0.000089,0.000089,0
2005,25572," battles",198434271,11742,535344,-0.000413,0.000413,0
2006,34322,"hips",198477252,11743,535328,-0.001248,0.001248,0
2007,574," was",198526357,11744,535328,-0.000578,0.000578,0
2008,28160," influenced",198568694,11745,535328,-0.000341,0.000341,0
2009,555," by",198608792,11746,535328,-0.000107,0.000107,0
2010,279," the",198652865,11747,535328,-0.000033,0.000033,0
2011,11002," Japanese",198695099,11748,535328,-0.000197,0.000197,0
2012,19574," Navy",198737297,11749,535328,-0.000234,0.000234,0
2013,596,"'s",198778149,11750,535328,-0.000349,0.000349,0
2014,12876," desire",198817991,11751,535328,-0.000397,0.000397,0
2015,311," to",198857935,11752,535328,-0.000142,0.000142,0
2016,10519," maintain",198900041,11753,535328,-0.000389,0.000389,0
2017,264," a",198944458,11754,535328,-0.000113,0.000113,0
2018,26155," fleet",198989883,11755,535328,-0.000048,0.000048,0
2019,449," with",199030786,11756,535328,-0.000192,0.000192,0
2020,520," at",199070361,11757,535328,-0.000165,0.000165,0
2021,3325," least",199109734,11758,535328,-0.000044,0.000044,0
2022,220," ",199151829,11759,535328,-0.000033,0.000033,0
2023,2031,"70",199193758,11760,535328,-0.000310,0.000310,0
2024,1034," %",199236692,11761,535328,-0.003105,0.003105,0
2025,439," as",199278336,11762,535328,-0.000087,0.000087,0
2026,1690," many",199319301,11763,535328,-0.000196,0.000196,0
2027,6864," capital",199360268,11764,535344,-0.000080,0.000080,0
2028,18198," ships",199402321,11765,535344,-0.000605,0.000605,0
2029,439," as",199445336,11766,535344,-0.000129,0.000129,0
2030,279," the",199487887,11767,535344,-0.000048,0.000048,0
2031,2326," US",199530977,11768,535344,-0.000143,0.000143,0
2032,19574," Navy",199573643,11769,535344,-0.001210,0.001210,0
2033,13,".",199612996,11770,535344,-0.027585,0.027585,0
2034,578," The",199654897,11771,535344,-0.000600,0.000600,0
2035,358," I",199697389,11772,535344,-0.001949,0.001949,0
2036,41,"J",199740761,11773,535344,-0.000324,0.000324,0
2037,45,"N",199783563,11774,535344,-0.001749,0.001749,0
2038,364," '",199827570,11775,535344,-0.001124,0.001124,0
2039,82,"s",199877409,11776,535464,-0.000014,0.000014,0
2040,26155," fleet",199920158,11777,535464,-0.000418,0.000418,0
2041,574," was",199962387,11778,535464,-0.000488,0.000488,0
2042,6319," designed",200004592,11779,535464,-0.000285,0.000285,0
2043,311," to",200047291,11780,535464,-0.000159,0.000159,0
2044,387," be",200087868,11781,535464,-0.000089,0.000089,0
2045,13171," capable",200134064,11782,535464,-0.001407,0.001407,0
2046,315," of",200173931,11783,535464,-0.000190,0.000190,0
2047,11039," fighting",200215859,11784,535464,-0.000046,0.000046,0
2048,264," a",200259489,11785,535464,-0.000460,0.000460,0
2049,1403," two",200302152,11786,535464,-0.000106,0.000106,0
2050,12,"-",200347221,11787,535464,-0.000040,0.000040,0
2051,5383,"ship",200393172,11788,535464,-0.006485,0.006485,0
2052,8209," battle",200435530,11789,535464,-0.000265,0.000265,0
2053,304," in",200477724,11790,535464,-0.000115,0.000115,0
2054,11002," Japanese",200517197,11791,535464,-0.000169,0.000169,0
2055,21160," waters",200560068,11792,535464,-0.000221,0.000221,0
2056,323," and",200602760,11793,535464,-0.000115,0.000115,0
2057,1053," would",200645740,11794,535464,-0.001246,0.001246,0
2058,617," have",200687150,11795,535464,-0.000437,0.000437,0
2059,1027," been",200727529,11796,535464,-0.000142,0.000142,0
2060,279," the",200767630,11797,535464,-0.000181,0.000181,0
2061,7928," largest",200817563,11798,535464,-0.000092,0.000092,0
2062,26155," fleet",200860471,11799,535464,-0.000183,0.000183,0
2063,3596," ever",200903652,11800,535464,-0.000824,0.000824,0
2064,5918," built",200946174,11801,535464,-0.000987,0.000987,0
2065,520," at",200990203,11802,535464,-0.000180,0.000180,0
2066,430," that",201030628,11803,535464,-0.000367,0.000367,0
2067,892," time",201072414,11804,535464,-0.000067,0.000067,0
2068,13,".",201121007,11805,535464,-0.033939,0.033939,0
2069,578," The",201167227,11806,535464,-0.000307,0.000307,0
2070,2955," design",201210313,11807,535464,-0.000482,0.000482,0
2071,315," of",201255662,11808,535464,-0.000375,0.000375,0
2072,279," the",201298209,11809,535464,-0.000123,0.000123,0
2073,25572," battles",201340191,11810,535464,-0.000488,0.000488,0
2074,34322,"hips",201380429,11811,535464,-0.001343,0.001343,0
2075,574," was",201420723,11812,535464,-0.000600,0.000600,0
2076,28160," influenced",201463181,11813,535464,-0.000410,0.000410,0
2077,555," by",201513278,11814,535464,-0.000120,0.000120,0
2078,279," the",201556195,11815,535464,-0.000046,0.000046,0
2079,11002," Japanese",201599049,11816,535464,-0.000227,0.000227,0
2080,19574," Navy",201645368,11817,535464,-0.000258,0.000258,0
2081,596,"'s",201687518,11818,535464,-0.000361,0.000361,0
2082,12876," desire",201728885,11819,535464,-0.000402,0.000402,0
2083,311," to",201772336,11820,535464,-0.000158,0.000158,0
2084,10519," maintain",201811204,11821,535464,-0.000394,0.000394,0
2085,264," a",201849492,11822,535464,-0.000114,0.000114,0
2086,26155," fleet",201887885,11823,535464,-0.000049,0.000049,0
2087,449," with",201923377,11824,535464,-0.000203,0.000203,0
2088,520," at",201962168,11825,535464,-0.000164,0.000164,0
2089,3325," least",202002072,11826,535464,-0.000048,0.000048,0
2090,220," ",202042025,11827,535464,-0.000029,0.000029,0
2091,2031,"70",202082199,11828,535464,-0.000226,0.000226,0
2092,1034," %",202122554,11829,535464,-0.002889,0.002889,0
2093,439," as",202162335,11830,535464,-0.000095,0.000095,0
2094,1690," many",202202334,11831,535464,-0.000209,0.000209,0
2095,6864," capital",202242152,11832,535464,-0.000079,0.000079,0
2096,18198," ships",202282519,11833,535464,-0.000743,0.000743,0
2097,439," as",202322222,11834,535464,-0.000143,0.000143,0
2098,279," the",202361550,11835,535464,-0.000051,0.000051,0
2099,2326," US",202401215,11836,535464,-0.000177,0.000177,0
2100,19574," Navy",202441071,11837,535464,-0.001281,0.001281,0
2101,13,".",202481734,11838,535464,-0.033747,0.033747,0
2102,578," The",202529476,11839,535464,-0.000614,0.000614,0
2103,358," I",202572948,11840,535464,-0.001980,0.001980,0
2104,41,"J",202616566,11841,535464,-0.000356,0.000356,0
2105,45,"N",202660261,11842,535360,-0.001749,0.001749,0
2106,364," '",202703051,11843,535360,-0.000958,0.000958,0
2107,82,"s",202744682,11844,535360,-0.000015,0.000015,0
2108,26155," fleet",202784213,11845,535360,-0.000453,0.000453,0
2109,574," was",202823933,11846,535360,-0.000415,0.000415,0
2110,6319," designed",202863607,11847,535360,-0.000300,0.000300,0
2111,311," to",202903551,11848,535360,-0.000173,0.000173,0
2112,387," be",202944903,11849,535260,-0.000083,0.000083,0
2113,13171," capable",202984878,11850,535260,-0.001472,0.001472,0
2114,315," of",203025733,11851,535260,-0.000235,0.000235,0
2115,11039," fighting",203072362,11852,535260,-0.000048,0.000048,0
2116,264," a",203125346,11853,535360,-0.000492,0.000492,0
2117,1403," two",203168433,11854,535360,-0.000114,0.000114,0
2118,12,"-",203210992,11855,535360,-0.000044,0.000044,0
2119,5383,"ship",203252208,11856,535360,-0.006137,0.006137,0
2120,8209," battle",203292807,11857,535360,-0.000289,0.000289,0
2121,304," in",203333418,11858,535360,-0.000122,0.000122,0
2122,11002," Japanese",203382344,11859,535360,-0.000180,0.000180,0
2123,21160," waters",203424741,11860,535360,-0.000221,0.000221,0
2124,323," and",203473394,11861,535360,-0.000192,0.000192,0
2125,1053," would",203516425,11862,535360,-0.001162,0.001162,0
2126,617," have",203557793,11863,535360,-0.000436,0.000436,0
2127,1027," been",203598071,11864,535360,-0.000141,0.000141,0
2128,279," the",203637974,11865,535360,-0.000194,0.000194,0
2129,7928," largest",203677236,11866,535360,-0.000099,0.000099,0
2130,26155," fleet",203716758,11867,535360,-0.000185,0.000185,0
2131,3596," ever",203756881,11868,535360,-0.000847,0.000847,0
2132,5918," built",203796672,11869,535360,-0.001134,0.001134,0
2133,520," at",203838769,11870,535360,-0.000186,0.000186,0
2134,430," that",203881592,11871,535360,-0.000391,0.000391,0
2135,892," time",203929283,11872,535360,-0.000075,0.000075,0
2136,13,".",203975460,11873,535360,-0.040567,0.040567,0
2137,578," The",204018480,11874,535360,-0.000310,0.000310,0
2138,2955," design",204059574,11875,535360,-0.000390,0.000390,0
2139,315," of",204100425,11876,535360,-0.000384,0.000384,0
2140,279," the",204141182,11877,535272,-0.000124,0.000124,0
2141,25572," battles",204184985,11878,535272,-0.000527,0.000527,0
2142,34322,"hips",204228214,11879,535272,-0.001395,0.001395,0
2143,574," was",204272341,11880,535272,-0.000619,0.000619,0
2144,28160," influenced",204313853,11881,535376,-0.000377,0.000377,0
2145,555," by",204354368,11882,535376,-0.000122,0.000122,0
2146,279," the",204394327,11883,535376,-0.000042,0.000042,0
2147,11002," Japanese",204435651,11884,535376,-0.000231,0.000231,0
2148,19574," Navy",204476379,11885,535376,-0.000264,0.000264,0
2149,596,"'s",204516416,11886,535376,-0.000320,0.000320,0
2150,12876," desire",204557121,11887,535376,-0.000407,0.000407,0
2151,311," to",204596861,11888,535376,-0.000129,0.000129,0
2152,10519," maintain",204636514,11889,535376,-0.000415,0.000415,0
2153,264," a",204676286,11890,535376,-0.000116,0.000116,0
2154,26155," fleet",204716173,11891,535376,-0.000051,0.000051,0
2155,449," with",204757333,11892,535376,-0.000201,0.000201,0
2156,520," at",204797702,11893,535376,-0.000173,0.000173,0
2157,3325," least",204841628,11894,535376,-0.000047,0.000047,0
2158,220," ",204884308,11895,535376,-0.000033,0.000033,0
2159,2031,"70",204927031,11896,535376,-0.000365,0.000365,0
2160,1034," %",204970529,11897,535376,-0.003270,0.003270,0
2161,439," as",205013932,11898,535376,-0.000098,0.000098,0
2162,1690," many",205056645,11899,535376,-0.000205,0.000205,0
2163,6864," capital",205096911,11900,535376,-0.000081,0.000081,0
2164,18198," ships",205141686,11901,535376,-0.000658,0.000658,0
2165,439," as",205184866,11902,535376,-0.000146,0.000146,0
2166,279," the",205228043,11903,535376,-0.000052,0.000052,0
2167,2326," US",205271526,11904,535376,-0.000180,0.000180,0
2168,19574," Navy",205315533,11905,535376,-0.001477,0.001477,0
2169,13,".",205357937,11906,535376,-0.030227,0.030227,0
2170,578," The",205398838,11907,535376,-0.000576,0.000576,0
2171,358," I",205442334,11908,535376,-0.001860,0.001860,0
2172,41,"J",205485148,11909,535376,-0.000397,0.000397,0
2173,45,"N",205527555,11910,535376,-0.001912,0.001912,0
2174,364," '",205568414,11911,535376,-0.001336,0.001336,0
2175,82,"s",205608678,11912,535376,-0.000017,0.000017,0
2176,26155," fleet",205648705,11913,535376,-0.000440,0.000440,0
2177,574," was",205691781,11914,535376,-0.000494,0.000494,0
2178,6319," designed",205734815,11915,535376,-0.000327,0.000327,0
2179,311," to",205779121,11916,535376,-0.000042,0.000042,0
2180,387," be",205822083,11917,535376,-0.000096,0.000096,0
2181,13171," capable",205869505,11918,535376,-0.001551,0.001551,0
2182,315," of",205913885,11919,535464,-0.000205,0.000205,0
2183,11039," fighting",205957042,11920,535464,-0.000053,0.000053,0
2184,264," a",206000770,11921,535464,-0.000499,0.000499,0
2185,1403," two",206050021,11922,535464,-0.000117,0.000117,0
2186,12,"-",206092410,11923,535464,-0.000045,0.000045,0
2187,5383,"ship",206135726,11924,535464,-0.006014,0.006014,0
2188,8209," battle",206179104,11925,535464,-0.000273,0.000273,0
2189,304," in",206220491,11926,535464,-0.000132,0.000132,0
2190,11002," Japanese",206262043,11927,535464,-0.000191,0.000191,0
2191,21160," waters",206305809,11928,535420,-0.000241,0.000241,0
2192,323," and",206351049,11929,535420,-0.000197,0.000197,0
2193,1053," would",206396491,11930,535420,-0.001288,0.001288,0
2194,617," have",206439037,11931,535420,-0.000484,0.000484,0
2195,1027," been",206481803,11932,535420,-0.000149,0.000149,0
2196,279," the",206524894,11933,535420,-0.000220,0.000220,0
2197,7928," largest",206565684,11934,535420,-0.000105,0.000105,0
2198,26155," fleet",206604783,11935,535464,-0.000199,0.000199,0
2199,3596," ever",206646543,11936,535464,-0.000909,0.000909,0
2200,5918," built",206682174,11937,535464,-0.001153,0.001153,0
2201,520," at",206716979,11938,535464,-0.000209,0.000209,0
2202,430," that",206749521,11939,535464,-0.000414,0.000414,0
2203,892," time",206782059,11940,535464,-0.000082,0.000082,0
2204,13,".",206820709,11941,535464,-0.041417,0.041417,0
2205,578," The",206858577,11942,535464,-0.000318,0.000318,0
2206,2955," design",206901171,11943,535464,-0.000328,0.000328,0
2207,315," of",206942825,11944,535464,-0.000408,0.000408,0
2208,279," the",206983025,11945,535464,-0.000150,0.000150,0
2209,25572," battles",207022680,11946,535464,-0.000562,0.000562,0
2210,34322,"hips",207062653,11947,535464,-0.001408,0.001408,0
2211,574," was",207102370,11948,535464,-0.000597,0.000597,0
2212,28160," influenced",207142087,11949,535464,-0.000389,0.000389,0
2213,555," by",207187252,11950,535464,-0.000139,0.000139,0
2214,279," the",207227729,11951,535464,-0.000047,0.000047,0
2215,11002," Japanese",207269398,11952,535464,-0.000238,0.000238,0
2216,19574," Navy",207310130,11953,535464,-0.000278,0.000278,0
2217,596,"'s",207351096,11954,535464,-0.000309,0.000309,0
2218,12876," desire",207395404,11955,535464,-0.000424,0.000424,0
2219,311," to",207436758,11956,535464,-0.000163,0.000163,0
2220,10519," maintain",207478830,11957,535464,-0.000454,0.000454,0
2221,264," a",207519416,11958,535464,-0.000166,0.000166,0
2222,26155," fleet",207560529,11959,535464,-0.000054,0.000054,0
2223,449," with",207603327,11960,535464,-0.000243,0.000243,0
2224,520," at",207645679,11961,535464,-0.000157,0.000157,0
2225,3325," least",207688643,11962,535464,-0.000051,0.000051,0
2226,220," ",207732138,11963,535464,-0.000029,0.000029,0
2227,2031,"70",207775532,11964,535464,-0.000399,0.000399,0
2228,1034," %",207819312,11965,535464,-0.003368,0.003368,0
2229,439," as",207862646,11966,535464,-0.000117,0.000117,0
2230,1690," many",207905491,11967,535464,-0.000233,0.000233,0
2231,6864," capital",207947930,11968,535464,-0.000092,0.000092,0
2232,18198," ships",207990679,11969,535464,-0.000727,0.000727,0
2233,439," as",208032021,11970,535464,-0.000163,0.000163,0
2234,279," the",208072588,11971,535464,-0.000063,0.000063,0
2235,2326," US",208115745,11972,535464,-0.000227,0.000227,0
2236,19574," Navy",208162773,11973,535464,-0.001692,0.001692,0
2237,13,".",208213111,11974,535464,-0.033481,0.033481,0
2238,578," The",208256835,11975,535464,-0.000611,0.000611,0
2239,358," I",208300242,11976,535464,-0.001595,0.001595,0
2240,41,"J",208344840,11977,535464,-0.000392,0.000392,0
2241,45,"N",208390678,11978,535464,-0.002159,0.002159,0
2242,364," '",208433690,11979,535464,-0.001287,0.001287,0
2243,82,"s",208475765,11980,535464,-0.000017,0.000017,0
2244,26155," fleet",208515721,11981,535464,-0.000477,0.000477,0
2245,574," was",208558016,11982,535464,-0.000535,0.000535,0
2246,6319," designed",208599714,11983,535464,-0.000347,0.000347,0
2247,311," to",208640841,11984,535464,-0.000058,0.000058,0
2248,387," be",208681513,11985,535464,-0.000108,0.000108,0
2249,13171," capable",208723101,11986,535464,-0.001635,0.001635,0
2250,315," of",208763964,11987,535464,-0.000321,0.000321,0
2251,11039," fighting",208807379,11988,535464,-0.000056,0.000056,0
2252,264," a",208849622,11989,535464,-0.000590,0.000590,0
2253,1403," two",208892499,11990,535464,-0.000124,0.000124,0
2254,12,"-",208934051,11991,535464,-0.000025,0.000025,0
2255,5383,"ship",208975554,11992,535464,-0.005808,0.005808,0
2256,8209," battle",209016718,11993,535464,-0.000290,0.000290,0
2257,304," in",209061834,11994,535464,-0.000146,0.000146,0
2258,11002," Japanese",209105734,11995,535464,-0.000210,0.000210,0
2259,21160," waters",209149481,11996,535464,-0.000264,0.000264,0
2260,323," and",209193214,11997,535340,-0.000232,0.000232,0
2261,1053," would",209247377,11998,535340,-0.001297,0.001297,0
2262,617," have",209290698,11999,535340,-0.000458,0.000458,0
2263,1027," been",209332655,12000,535340,-0.000168,0.000168,0
2264,279," the",209373125,12001,535340,-0.000230,0.000230,0
2265,7928," largest",209413701,12002,535340,-0.000114,0.000114,0
2266,26155," fleet",209453856,12003,535340,-0.000208,0.000208,0
2267,3596," ever",209495049,12004,535340,-0.001000,0.001000,0
2268,5918," built",209535587,12005,535340,-0.001317,0.001317,0
2269,520," at",209577331,12006,535340,-0.000263,0.000263,0
2270,430," that",209617997,12007,535340,-0.000446,0.000446,0
2271,892," time",209669245,12008,535340,-0.000141,0.000141,0
2272,13,".",209716024,12009,535340,-0.035781,0.035781,0
2273,578," The",209761328,12010,535340,-0.000317,0.000317,0
2274,2955," design",209804348,12011,535340,-0.000294,0.000294,0
2275,315," of",209847694,12012,535464,-0.000388,0.000388,0
2276,279," the",209889962,12013,535464,-0.000166,0.000166,0
2277,25572," battles",209933948,12014,535464,-0.000610,0.000610,0
2278,34322,"hips",209974550,12015,535464,-0.001433,0.001433,0
2279,574," was",210021744,12016,535464,-0.000662,0.000662,0
2280,28160," influenced",210066058,12017,535464,-0.000424,0.000424,0
2281,555," by",210109543,12018,535464,-0.000145,0.000145,0
2282,279," the",210153162,12019,535464,-0.000052,0.000052,0
2283,11002," Japanese",210200010,12020,535464,-0.000235,0.000235,0
2284,19574," Navy",210241409,12021,535464,-0.000288,0.000288,0
2285,596,"'s",210282926,12022,535464,-0.000328,0.000328,0
2286,12876," desire",210323133,12023,535464,-0.000476,0.000476,0
2287,311," to",210365490,12024,535464,-0.000163,0.000163,0
2288,10519," maintain",210409680,12025,535464,-0.000464,0.000464,0
2289,264," a",210455064,12026,535464,-0.000165,0.000165,0
2290,26155," fleet",210498854,12027,535464,-0.000054,0.000054,0
2291,449," with",210540775,12028,535464,-0.000297,0.000297,0
2292,520," at",210584479,12029,535464,-0.000215,0.000215,0
2293,3325," least",210629609,12030,535464,-0.000055,0.000055,0
2294,220," ",210672739,12031,535464,-0.000037,0.000037,0
2295,2031,"70",210716919,12032,535464,-0.000296,0.000296,0
2296,1034," %",210760436,12033,535464,-0.003805,0.003805,0
2297,439," as",210803603,12034,535464,-0.000127,0.000127,0
2298,1690," many",210846963,12035,535464,-0.000254,0.000254,0
2299,6864," capital",210889881,12036,535464,-0.000100,0.000100,0
2300,18198," ships",210930886,12037,535464,-0.000840,0.000840,0
2301,439," as",210974415,12038,535464,-0.000188,0.000188,0
2302,279," the",211021159,12039,535340,-0.000068,0.000068,0
2303,2326," US",211065275,12040,535464,-0.000233,0.000233,0
2304,19574," Navy",211108012,12041,535464,-0.001780,0.001780,0
2305,13,".",211149845,12042,535464,-0.040940,0.040940,0
2306,578," The",211190081,12043,535464,-0.000506,0.000506,0
2307,358," I",211230360,12044,535464,-0.001110,0.001110,0
2308,41,"J",211273638,12045,535464,-0.000396,0.000396,0
2309,45,"N",211316473,12046,535464,-0.002249,0.002249,0
2310,364," '",211361234,12047,535464,-0.001346,0.001346,0
2311,82,"s",211405291,12048,535464,-0.000018,0.000018,0
2312,26155," fleet",211448730,12049,535464,-0.000483,0.000483,0
2313,574," was",211497120,12050,535464,-0.000476,0.000476,0
2314,6319," designed",211541409,12051,535464,-0.000384,0.000384,0
2315,311," to",211584347,12052,535464,-0.000153,0.000153,0
2316,387," be",211625040,12053,535464,-0.000106,0.000106,0
2317,13171," capable",211667027,12054,535464,-0.001625,0.001625,0
2318,315," of",211707353,12055,535464,-0.000344,0.000344,0
2319,11039," fighting",211745059,12056,535464,-0.000059,0.000059,0
2320,264," a",211781038,12057,535464,-0.000552,0.000552,0
2321,1403," two",211815990,12058,535464,-0.000132,0.000132,0
2322,12,"-",211849317,12059,535464,-0.000055,0.000055,0
2323,5383,"ship",211885907,12060,535464,-0.005972,0.005972,0
2324,8209," battle",211920702,12061,535464,-0.000310,0.000310,0
2325,304," in",211958388,12062,535464,-0.000159,0.000159,0
2326,11002," Japanese",211996519,12063,535464,-0.000229,0.000229,0
2327,21160," waters",212036199,12064,535464,-0.000308,0.000308,0
2328,323," and",212078880,12065,535464,-0.000244,0.000244,0
2329,1053," would",212119878,12066,535464,-0.001528,0.001528,0
2330,617," have",212160158,12067,535464,-0.000567,0.000567,0
2331,1027," been",212200031,12068,535464,-0.000179,0.000179,0
2332,279," the",212240101,12069,535464,-0.000270,0.000270,0
2333,7928," largest",212282476,12070,535464,-0.000123,0.000123,0
2334,26155," fleet",212325368,12071,535464,-0.000214,0.000214,0
2335,3596," ever",212370922,12072,535464,-0.001063,0.001063,0
2336,5918," built",212416267,12073,535464,-0.001442,0.001442,0
2337,520," at",212459991,12074,535464,-0.000289,0.000289,0
2338,430," that",212510633,12075,535464,-0.000475,0.000475,0
2339,892," time",212555280,12076,535464,-0.000102,0.000102,0
2340,13,".",212598376,12077,535464,-0.034524,0.034524,0
2341,578," The",212638866,12078,535464,-0.000322,0.000322,0
2342,2955," design",212681300,12079,535464,-0.000321,0.000321,0
2343,315," of",212723540,12080,535464,-0.000396,0.000396,0
2344,279," the",212765915,12081,535464,-0.000160,0.000160,0
2345,25572," battles",212809788,12082,535464,-0.000604,0.000604,0
2346,34322,"hips",212852339,12083,535464,-0.001504,0.001504,0
2347,574," was",212894194,12084,535464,-0.000595,0.000595,0
2348,28160," influenced",212934978,12085,535464,-0.000434,0.000434,0
2349,555," by",212982874,12086,535464,-0.000147,0.000147,0
2350,279," the",213026130,12087,535464,-0.000042,0.000042,0
2351,11002," Japanese",213069558,12088,535464,-0.000262,0.000262,0
2352,19574," Navy",213112738,12089,535464,-0.000310,0.000310,0
2353,596,"'s",213156724,12090,535464,-0.000372,0.000372,0
2354,12876," desire",213200353,12091,535464,-0.000534,0.000534,0
2355,311," to",213241296,12092,535464,-0.000173,0.000173,0
2356,10519," maintain",213285577,12093,535464,-0.000491,0.000491,0
2357,264," a",213330176,12094,535464,-0.000186,0.000186,0
2358,26155," fleet",213377911,12095,535464,-0.000057,0.000057,0
2359,449," with",213421517,12096,535464,-0.000276,0.000276,0
2360,520," at",213464690,12097,535464,-0.000245,0.000245,0
2361,3325," least",213508980,12098,535464,-0.000061,0.000061,0
2362,220," ",213552144,12099,535464,-0.000041,0.000041,0
2363,2031,"70",213592723,12100,535464,-0.000504,0.000504,0
2364,1034," %",213635860,12101,535520,-0.004102,0.004102,0
2365,439," as",213678231,12102,535464,-0.000158,0.000158,0
2366,1690," many",213721853,12103,535464,-0.000304,0.000304,0
2367,6864," capital",213765496,12104,535464,-0.000109,0.000109,0
2368,18198," ships",213808190,12105,535464,-0.000869,0.000869,0
2369,439," as",213849199,12106,535464,-0.000216,0.000216,0
2370,279," the",213891893,12107,535464,-0.000074,0.000074,0
2371,2326," US",213935554,12108,535464,-0.000249,0.000249,0
2372,19574," Navy",213979889,12109,535464,-0.001920,0.001920,0
2373,13,".",214025910,12110,535464,-0.042609,0.042609,0
2374,578," The",214069966,12111,535464,-0.000544,0.000544,0
2375,358," I",214114951,12112,535464,-0.001010,0.001010,0
2376,41,"J",214158134,12113,535464,-0.000371,0.000371,0
2377,45,"N",214200525,12114,535464,-0.002482,0.002482,0
2378,364," '",214241434,12115,535464,-0.001337,0.001337,0
2379,82,"s",214283520,12116,535464,-0.000020,0.000020,0
2380,26155," fleet",214324642,12117,535464,-0.000512,0.000512,0
2381,574," was",214370765,12118,535464,-0.000346,0.000346,0
2382,6319," designed",214412382,12119,535420,-0.000394,0.000394,0
2383,311," to",214453051,12120,535420,-0.000149,0.000149,0
2384,387," be",214492911,12121,535420,-0.000108,0.000108,0
2385,13171," capable",214533320,12122,535420,-0.001735,0.001735,0
2386,315," of",214574613,12123,535420,-0.000356,0.000356,0
2387,11039," fighting",214615096,12124,535420,-0.000065,0.000065,0
2388,264," a",214657425,12125,535420,-0.000617,0.000617,0
2389,1403," two",214698701,12126,535420,-0.000148,0.000148,0
2390,12,"-",214742580,12127,535420,-0.000058,0.000058,0
2391,5383,"ship",214791967,12128,535420,-0.006115,0.006115,0
2392,8209," battle",214838171,12129,535420,-0.000314,0.000314,0
2393,304," in",214882098,12130,535420,-0.000194,0.000194,0
2394,11002," Japanese",214926131,12131,535464,-0.000240,0.000240,0
2395,21160," waters",214969610,12132,535464,-0.000318,0.000318,0
2396,323," and",215012746,12133,535464,-0.000169,0.000169,0
2397,1053," would",215054002,12134,535464,-0.001660,0.001660,0
2398,617," have",215099114,12135,535464,-0.000495,0.000495,0
2399,1027," been",215142671,12136,535464,-0.000190,0.000190,0
2400,279," the",215189726,12137,535464,-0.000198,0.000198,0
2401,7928," largest",215235077,12138,535464,-0.000128,0.000128,0
2402,26155," fleet",215278999,12139,535464,-0.000214,0.000214,0
2403,3596," ever",215322630,12140,535464,-0.001140,0.001140,0
2404,5918," built",215365170,12141,535464,-0.001340,0.001340,0
2405,520," at",215406187,12142,535464,-0.000315,0.000315,0
2406,430," that",215446729,12143,535464,-0.000580,0.000580,0
2407,892," time",215487291,12144,535464,-0.000112,0.000112,0
2408,13,".",215527479,12145,535464,-0.039213,0.039213,0
2409,578," The",215568513,12146,535464,-0.000340,0.000340,0
2410,2955," design",215610159,12147,535464,-0.000427,0.000427,0
2411,315," of",215657667,12148,535464,-0.000438,0.000438,0
2412,279," the",215701481,12149,535464,-0.000181,0.000181,0
2413,25572," battles",215745887,12150,535464,-0.000730,0.000730,0
2414,34322,"hips",215789719,12151,535464,-0.001491,0.001491,0
2415,574," was",215833739,12152,535464,-0.000694,0.000694,0
2416,28160," influenced",215877289,12153,535464,-0.000463,0.000463,0
2417,555," by",215919794,12154,535464,-0.000145,0.000145,0
2418,279," the",215960205,12155,535464,-0.000052,0.000052,0
2419,11002," Japanese",216001107,12156,535464,-0.000285,0.000285,0
2420,19574," Navy",216041985,12157,535464,-0.000317,0.000317,0
2421,596,"'s",216083672,12158,535464,-0.000408,0.000408,0
2422,12876," desire",216126060,12159,535464,-0.000597,0.000597,0
2423,311," to",216167668,12160,535464,-0.000211,0.000211,0
2424,10519," maintain",216208699,12161,535464,-0.000510,0.000510,0
2425,264," a",216252367,12162,535464,-0.000212,0.000212,0
2426,26155," fleet",216296632,12163,535464,-0.000059,0.000059,0
2427,449," with",216339529,12164,535464,-0.000345,0.000345,0
2428,520," at",216382867,12165,535464,-0.000251,0.000251,0
2429,3325," least",216427147,12166,535464,-0.000066,0.000066,0
2430,220," ",216471061,12167,535464,-0.000052,0.000052,0
2431,2031,"70",216517961,12168,535444,-0.000552,0.000552,0
2432,1034," %",216563544,12169,535444,-0.003964,0.003964,0
2433,439," as",216608481,12170,535444,-0.000163,0.000163,0
2434,1690," many",216655573,12171,535444,-0.000338,0.000338,0
2435,6864," capital",216701668,12172,535444,-0.000114,0.000114,0
2436,18198," ships",216746580,12173,535444,-0.000900,0.000900,0
2437,439," as",216790117,12174,535444,-0.000238,0.000238,0
2438,279," the",216836905,12175,535444,-0.000084,0.000084,0
2439,2326," US",216883555,12176,535444,-0.000258,0.000258,0
2440,19574," Navy",216927772,12177,535464,-0.002013,0.002013,0
2441,13,".",216971824,12178,535464,-0.051275,0.051275,0
2442,578," The",217013499,12179,535464,-0.000583,0.000583,0
2443,358," I",217056993,12180,535464,-0.001142,0.001142,0
2444,41,"J",217100773,12181,535464,-0.000383,0.000383,0
2445,45,"N",217145515,12182,535464,-0.002764,0.002764,0
2446,364," '",217189047,12183,535464,-0.001297,0.001297,0
2447,82,"s",217235447,12184,535464,-0.000019,0.000019,0
2448,26155," fleet",217284412,12185,535464,-0.000514,0.000514,0
2449,574," was",217330960,12186,535464,-0.000486,0.000486,0
2450,6319," designed",217375652,12187,535464,-0.000406,0.000406,0
2451,311," to",217422328,12188,535464,-0.000238,0.000238,0
2452,387," be",217466135,12189,535464,-0.000117,0.000117,0
2453,13171," capable",217511888,12190,535464,-0.001795,0.001795,0
2454,315," of",217562829,12191,535464,-0.000336,0.000336,0
2455,11039," fighting",217606890,12192,535464,-0.000069,0.000069,0
2456,264," a",217650042,12193,535464,-0.000601,0.000601,0
2457,1403," two",217692825,12194,535464,-0.000162,0.000162,0
2458,12,"-",217734980,12195,535464,-0.000058,0.000058,0
2459,5383,"ship",217775248,12196,535464,-0.005736,0.005736,0
2460,8209," battle",217817266,12197,535464,-0.000327,0.000327,0
2461,304," in",217860594,12198,535464,-0.000180,0.000180,0
2462,11002," Japanese",217904663,12199,535464,-0.000252,0.000252,0
2463,21160," waters",217953618,12200,535464,-0.000284,0.000284,0
2464,323," and",217997910,12201,535464,-0.000257,0.000257,0
2465,1053," would",218041558,12202,535464,-0.001658,0.001658,0
2466,617," have",218083533,12203,535464,-0.000623,0.000623,0
2467,1027," been",218124448,12204,535464,-0.000197,0.000197,0
2468,279," the",218166422,12205,535464,-0.000272,0.000272,0
2469,7928," largest",218210076,12206,535464,-0.000133,0.000133,0
2470,26155," fleet",218254338,12207,535464,-0.000209,0.000209,0
2471,3596," ever",218299018,12208,535464,-0.001190,0.001190,0
2472,5918," built",218345352,12209,535464,-0.001418,0.001418,0
2473,520," at",218391815,12210,535464,-0.000318,0.000318,0
2474,430," that",218438055,12211,535464,-0.000524,0.000524,0
2475,892," time",218481739,12212,535464,-0.000124,0.000124,0
2476,13,".",218525321,12213,535464,-0.042225,0.042225,0
2477,578," The",218568803,12214,535464,-0.000341,0.000341,0
2478,2955," design",218612525,12215,535464,-0.000344,0.000344,0
2479,315," of",218655744,12216,535464,-0.000403,0.000403,0
2480,279," the",218697444,12217,535464,-0.000172,0.000172,0
2481,25572," battles",218739350,12218,535464,-0.000781,0.000781,0
2482,34322,"hips",218780591,12219,535464,-0.001630,0.001630,0
2483,574," was",218823337,12220,535464,-0.000707,0.000707,0
2484,28160," influenced",218866530,12221,535464,-0.000479,0.000479,0
2485,555," by",218913200,12222,535464,-0.000154,0.000154,0
2486,279," the",218966123,12223,535464,-0.000042,0.000042,0
2487,11002," Japanese",219014316,12224,535464,-0.000272,0.000272,0
2488,19574," Navy",219057676,12225,535464,-0.000312,0.000312,0
2489,596,"'s",219101606,12226,535464,-0.000370,0.000370,0
2490,12876," desire",219145843,12227,535464,-0.000635,0.000635,0
2491,311," to",219190641,12228,535464,-0.000199,0.000199,0
2492,10519," maintain",219234725,12229,535464,-0.000502,0.000502,0
2493,264," a",219279306,12230,535464,-0.000143,0.000143,0
2494,26155," fleet",219323348,12231,535464,-0.000060,0.000060,0
2495,449," with",219367026,12232,535464,-0.000360,0.000360,0
2496,520," at",219410123,12233,535464,-0.000220,0.000220,0
2497,3325," least",219453265,12234,535464,-0.000064,0.000064,0
2498,220," ",219495286,12235,535464,-0.000017,0.000017,0
2499,2031,"70",219536383,12236,535464,-0.000557,0.000557,0
2500,1034," %",219577138,12237,535464,-0.004089,0.004089,0
2501,439," as",219620470,12238,535464,-0.000166,0.000166,0
2502,1690," many",219663823,12239,535464,-0.000337,0.000337,0
2503,6864," capital",219708762,12240,535344,-0.000115,0.000115,0
2504,18198," ships",219752965,12241,535344,-0.000896,0.000896,0
2505,439," as",219801443,12242,535344,-0.000229,0.000229,0
2506,279," the",219847265,12243,535344,-0.000065,0.000065,0
2507,2326," US",219891335,12244,535480,-0.000226,0.000226,0
2508,19574," Navy",219932784,12245,535480,-0.002042,0.002042,0
2509,13,".",219973967,12246,535480,-0.051182,0.051182,0
2510,578," The",220014975,12247,535480,-0.000590,0.000590,0
2511,358," I",220056677,12248,535480,-0.000991,0.000991,0
2512,41,"J",220098010,12249,535480,-0.000431,0.000431,0
2513,45,"N",220138872,12250,535480,-0.003028,0.003028,0
2514,364," '",220181432,12251,535440,-0.001174,0.001174,0
2515,82,"s",220225815,12252,535440,-0.000018,0.000018,0
2516,26155," fleet",220269053,12253,535480,-0.000499,0.000499,0
2517,574," was",220317488,12254,535464,-0.000377,0.000377,0
2518,6319," designed",220361385,12255,535464,-0.000422,0.000422,0
2519,311," to",220404656,12256,535464,-0.000248,0.000248,0
2520,387," be",220449263,12257,535464,-0.000099,0.000099,0
2521,13171," capable",220497953,12258,535464,-0.001782,0.001782,0
2522,315," of",220539132,12259,535464,-0.000206,0.000206,0
2523,11039," fighting",220582023,12260,535464,-0.000070,0.000070,0
2524,264," a",220628257,12261,535464,-0.000589,0.000589,0
2525,1403," two",220673708,12262,535464,-0.000180,0.000180,0
2526,12,"-",220718018,12263,535464,-0.000052,0.000052,0
2527,5383,"ship",220764116,12264,535456,-0.006309,0.006309,0
2528,8209," battle",220809121,12265,535456,-0.000347,0.000347,0
2529,304," in",220855826,12266,535456,-0.000185,0.000185,0
2530,11002," Japanese",220900018,12267,535456,-0.000263,0.000263,0
2531,21160," waters",220944337,12268,535456,-0.000331,0.000331,0
2532,323," and",220985834,12269,535456,-0.000238,0.000238,0
2533,1053," would",221037734,12270,535456,-0.001269,0.001269,0
2534,617," have",221081970,12271,535456,-0.000530,0.000530,0
2535,1027," been",221129596,12272,535464,-0.000198,0.000198,0
2536,279," the",221174093,12273,535344,-0.000142,0.000142,0
2537,7928," largest",221218923,12274,535344,-0.000107,0.000107,0
2538,26155," fleet",221262778,12275,535344,-0.000220,0.000220,0
2539,3596," ever",221306679,12276,535464,-0.001260,0.001260,0
2540,5918," built",221350348,12277,535464,-0.001350,0.001350,0
2541,520," at",221394146,12278,535464,-0.000319,0.000319,0
2542,430," that",221435860,12279,535464,-0.000420,0.000420,0
2543,892," time",221481386,12280,535464,-0.000210,0.000210,0
2544,13,".",221525977,12281,535464,-0.044835,0.044835,0
2545,578," The",221576783,12282,535464,-0.000352,0.000352,0
2546,2955," design",221621697,12283,535464,-0.000409,0.000409,0
2547,315," of",221666916,12284,535464,-0.000455,0.000455,0
2548,279," the",221717630,12285,535464,-0.000179,0.000179,0
2549,25572," battles",221761730,12286,535464,-0.000694,0.000694,0
2550,34322,"hips",221805596,12287,535464,-0.001640,0.001640,0
2551,574," was",221849675,12288,535464,-0.000605,0.000605,0
2552,28160," influenced",221890548,12289,535464,-0.000488,0.000488,0
2553,555," by",221933440,12290,535464,-0.000149,0.000149,0
2554,279," the",221976626,12291,535464,-0.000046,0.000046,0
2555,11002," Japanese",222020974,12292,535464,-0.000296,0.000296,0
2556,19574," Navy",222069572,12293,535464,-0.000329,0.000329,0
2557,596,"'s",222113385,12294,535464,-0.000393,0.000393,0
2558,12876," desire",222158683,12295,535464,-0.000694,0.000694,0
2559,311," to",222204429,12296,535464,-0.000135,0.000135,0
2560,10519," maintain",222248496,12297,535464,-0.000454,0.000454,0
2561,264," a",222292581,12298,535464,-0.000209,0.000209,0
2562,26155," fleet",222336988,12299,535464,-0.000063,0.000063,0
2563,449," with",222381904,12300,535464,-0.000280,0.000280,0
2564,520," at",222429453,12301,535464,-0.000239,0.000239,0
2565,3325," least",222473693,12302,535464,-0.000065,0.000065,0
2566,220," ",222518037,12303,535464,-0.000012,0.000012,0
2567,2031,"70",222562529,12304,535464,-0.000475,0.000475,0
2568,1034," %",222607271,12305,535464,-0.003858,0.003858,0
2569,439," as",222650961,12306,535464,-0.000189,0.000189,0
2570,1690," many",222693862,12307,535464,-0.000429,0.000429,0
2571,6864," capital",222737083,12308,535464,-0.000123,0.000123,0
2572,18198," ships",222783614,12309,535464,-0.000982,0.000982,0
2573,439," as",222823331,12310,535464,-0.000228,0.000228,0
2574,279," the",222866389,12311,535464,-0.000100,0.000100,0
2575,2326," US",222906713,12312,535464,-0.000273,0.000273,0
2576,19574," Navy",222945066,12313,535464,-0.002106,0.002106,0
2577,13,".",222988366,12314,535464,-0.051131,0.051131,0
2578,578," The",223032305,12315,535464,-0.000566,0.000566,0
2579,358," I",223075481,12316,535464,-0.001399,0.001399,0
2580,41,"J",223117695,12317,535464,-0.000412,0.000412,0
2581,45,"N",223160252,12318,535464,-0.003521,0.003521,0
2582,364," '",223202623,12319,535464,-0.001339,0.001339,0
2583,82,"s",223245112,12320,535464,-0.000019,0.000019,0
2584,26155," fleet",223290531,12321,535464,-0.000542,0.000542,0
2585,574," was",223334217,12322,535464,-0.000558,0.000558,0
2586,6319," designed",223378170,12323,535456,-0.000457,0.000457,0
2587,311," to",223423780,12324,535464,-0.000079,0.000079,0
2588,387," be",223467067,12325,535464,-0.000097,0.000097,0
2589,13171," capable",223509999,12326,535464,-0.001804,0.001804,0
2590,315," of",223550768,12327,535464,-0.000234,0.000234,0
2591,11039," fighting",223593854,12328,535464,-0.000071,0.000071,0
2592,264," a",223637154,12329,535464,-0.000591,0.000591,0
2593,1403," two",223681574,12330,535464,-0.000227,0.000227,0
2594,12,"-",223725762,12331,535464,-0.000062,0.000062,0
2595,5383,"ship",223769314,12332,535464,-0.008775,0.008775,0
2596,8209," battle",223817540,12333,535464,-0.000467,0.000467,0
2597,304," in",223861968,12334,535464,-0.000187,0.000187,0
2598,11002," Japanese",223905850,12335,535464,-0.000266,0.000266,0
2599,21160," waters",223948739,12336,535464,-0.000310,0.000310,0
2600,323," and",223992215,12337,535464,-0.000225,0.000225,0
2601,1053," would",224037251,12338,535464,-0.001540,0.001540,0
2602,617," have",224080953,12339,535464,-0.000478,0.000478,0
2603,1027," been",224126049,12340,535464,-0.000190,0.000190,0
2604,279," the",224170110,12341,535464,-0.000128,0.000128,0
2605,7928," largest",224217401,12342,535464,-0.000124,0.000124,0
2606,26155," fleet",224261792,12343,535464,-0.000198,0.000198,0
2607,3596," ever",224309131,12344,535464,-0.001256,0.001256,0
2608,5918," built",224355305,12345,535464,-0.001349,0.001349,0
2609,520," at",224397778,12346,535464,-0.000222,0.000222,0
2610,430," that",224441351,12347,535464,-0.000545,0.000545,0
2611,892," time",224485032,12348,535464,-0.000131,0.000131,0
2612,13,".",224528473,12349,535464,-0.044037,0.044037,0
2613,578," The",224572030,12350,535464,-0.000322,0.000322,0
2614,2955," design",224616772,12351,535464,-0.000522,0.000522,0
2615,315," of",224658206,12352,535464,-0.000315,0.000315,0
2616,279," the",224705267,12353,535464,-0.000175,0.000175,0
2617,25572," battles",224749141,12354,535464,-0.000660,0.000660,0
2618,34322,"hips",224794061,12355,535464,-0.001555,0.001555,0
2619,574," was",224837478,12356,535464,-0.000706,0.000706,0
2620,28160," influenced",224881009,12357,535464,-0.000482,0.000482,0
2621,555," by",224926956,12358,535464,-0.000132,0.000132,0
2622,279," the",224969943,12359,535464,-0.000052,0.000052,0
2623,11002," Japanese",225011213,12360,535464,-0.000302,0.000302,0
2624,19574," Navy",225054664,12361,535464,-0.000345,0.000345,0
2625,596,"'s",225098658,12362,535464,-0.000379,0.000379,0
2626,12876," desire",225142621,12363,535464,-0.000773,0.000773,0
2627,311," to",225186490,12364,535464,-0.000180,0.000180,0
2628,10519," maintain",225231046,12365,535464,-0.000448,0.000448,0
2629,264," a",225275010,12366,535464,-0.000203,0.000203,0
2630,26155," fleet",225318343,12367,535464,-0.000062,0.000062,0
2631,449," with",225362237,12368,535464,-0.000284,0.000284,0
2632,520," at",225405280,12369,535464,-0.000240,0.000240,0
2633,3325," least",225448537,12370,535464,-0.000066,0.000066,0
2634,220," ",225491961,12371,535464,-0.000012,0.000012,0
2635,2031,"70",225536829,12372,535464,-0.000565,0.000565,0
2636,1034," %",225581420,12373,535464,-0.003906,0.003906,0
2637,439," as",225627444,12374,535464,-0.000180,0.000180,0
2638,1690," many",225669593,12375,535464,-0.000354,0.000354,0
2639,6864," capital",225710027,12376,535464,-0.000128,0.000128,0
2640,18198," ships",225751272,12377,535464,-0.000958,0.000958,0
2641,439," as",225791407,12378,535464,-0.000219,0.000219,0
2642,279," the",225831143,12379,535464,-0.000073,0.000073,0
2643,2326," US",225871489,12380,535464,-0.000249,0.000249,0
2644,19574," Navy",225911800,12381,535464,-0.002274,0.002274,0
2645,13,".",225955404,12382,535464,-0.061773,0.061773,0
2646,578," The",226000980,12383,535464,-0.000517,0.000517,0
2647,358," I",226046050,12384,535464,-0.001333,0.001333,0
2648,41,"J",226089739,12385,535464,-0.000403,0.000403,0
2649,45,"N",226136729,12386,535464,-0.002810,0.002810,0
2650,364," '",226185789,12387,535464,-0.001015,0.001015,0
2651,82,"s",226228846,12388,535464,-0.000020,0.000020,0
2652,26155," fleet",226269509,12389,535464,-0.000554,0.000554,0
2653,574," was",226310108,12390,535464,-0.000492,0.000492,0
2654,6319," designed",226351697,12391,535464,-0.000454,0.000454,0
2655,311," to",226397046,12392,535464,-0.000222,0.000222,0
2656,387," be",226439217,12393,535464,-0.000120,0.000120,0
2657,13171," capable",226480296,12394,535464,-0.001827,0.001827,0
2658,315," of",226524402,12395,535464,-0.000327,0.000327,0
2659,11039," fighting",226565551,12396,535464,-0.000072,0.000072,0
2660,264," a",226614147,12397,535464,-0.000584,0.000584,0
2661,1403," two",226658358,12398,535464,-0.000257,0.000257,0
2662,12,"-",226702102,12399,535464,-0.000059,0.000059,0
2663,5383,"ship",226743862,12400,535464,-0.008282,0.008282,0
2664,8209," battle",226784310,12401,535464,-0.000414,0.000414,0
2665,304," in",226824529,12402,535464,-0.000165,0.000165,0
2666,11002," Japanese",226864858,12403,535464,-0.000268,0.000268,0
2667,21160," waters",226905735,12404,535464,-0.000341,0.000341,0
2668,323," and",226946891,12405,535464,-0.000236,0.000236,0
2669,1053," would",226987860,12406,535464,-0.001269,0.001269,0
2670,617," have",227029412,12407,535464,-0.000580,0.000580,0
2671,1027," been",227081753,12408,535464,-0.000193,0.000193,0
2672,279," the",227126317,12409,535464,-0.000133,0.000133,0
2673,7928," largest",227169839,12410,535464,-0.000138,0.000138,0
2674,26155," fleet",227213113,12411,535464,-0.000219,0.000219,0
2675,3596," ever",227259851,12412,535464,-0.001328,0.001328,0
2676,5918," built",227303450,12413,535464,-0.001405,0.001405,0
2677,520," at",227349161,12414,535464,-0.000197,0.000197,0
2678,430," that",227393353,12415,535464,-0.000429,0.000429,0
2679,892," time",227437985,12416,535464,-0.000141,0.000141,0
2680,13,".",227483072,12417,535464,-0.044799,0.044799,0
2681,578," The",227525541,12418,535464,-0.000306,0.000306,0
2682,2955," design",227568843,12419,535464,-0.000295,0.000295,0
2683,315," of",227613501,12420,535464,-0.000425,0.000425,0
2684,279," the",227657387,12421,535464,-0.000191,0.000191,0
2685,25572," battles",227700859,12422,535464,-0.000637,0.000637,0
2686,34322,"hips",227745700,12423,535464,-0.001565,0.001565,0
2687,574," was",227793606,12424,535464,-0.000817,0.000817,0
2688,28160," influenced",227840277,12425,535464,-0.000502,0.000502,0
2689,555," by",227884238,12426,535464,-0.000154,0.000154,0
2690,279," the",227929790,12427,535464,-0.000048,0.000048,0
2691,11002," Japanese",227973700,12428,535464,-0.000336,0.000336,0
2692,19574," Navy",228017579,12429,535464,-0.000338,0.000338,0
2693,596,"'s",228062599,12430,535464,-0.000367,0.000367,0
2694,12876," desire",228107049,12431,535464,-0.000718,0.000718,0
2695,311," to",228150761,12432,535464,-0.000099,0.000099,0
2696,10519," maintain",228194222,12433,535464,-0.000471,0.000471,0
2697,264," a",228243286,12434,535464,-0.000164,0.000164,0
2698,26155," fleet",228297017,12435,535464,-0.000064,0.000064,0
2699,449," with",228341952,12436,535464,-0.000294,0.000294,0
2700,520," at",228385802,12437,535464,-0.000361,0.000361,0
2701,3325," least",228429297,12438,535464,-0.000069,0.000069,0
2702,220," ",228472900,12439,535464,-0.000036,0.000036,0
2703,2031,"70",228516286,12440,535464,-0.000472,0.000472,0
2704,1034," %",228559951,12441,535464,-0.003716,0.003716,0
2705,439," as",228604088,12442,535464,-0.000171,0.000171,0
2706,1690," many",228647717,12443,535464,-0.000452,0.000452,0
2707,6864," capital",228693167,12444,535464,-0.000128,0.000128,0
2708,18198," ships",228734815,12445,535464,-0.001137,0.001137,0
2709,439," as",228776232,12446,535464,-0.000239,0.000239,0
2710,279," the",228817721,12447,535464,-0.000102,0.000102,0
2711,2326," US",228858876,12448,535464,-0.000404,0.000404,0
2712,19574," Navy",228899990,12449,535464,-0.002189,0.002189,0
2713,13,".",228941664,12450,535464,-0.064441,0.064441,0
2714,578," The",228984614,12451,535464,-0.000511,0.000511,0
2715,358," I",229028799,12452,535464,-0.001196,0.001196,0
2716,41,"J",229073282,12453,535464,-0.000389,0.000389,0
2717,45,"N",229118567,12454,535464,-0.002821,0.002821,0
2718,364," '",229161938,12455,535464,-0.001112,0.001112,0
2719,82,"s",229207779,12456,535464,-0.000018,0.000018,0
2720,26155," fleet",229251737,12457,535464,-0.000615,0.000615,0
2721,574," was",229295062,12458,535464,-0.000605,0.000605,0
2722,6319," designed",229338641,12459,535464,-0.000515,0.000515,0
2723,311," to",229379447,12460,535464,-0.000054,0.000054,0
2724,387," be",229420282,12461,535464,-0.000104,0.000104,0
2725,13171," capable",229461179,12462,535464,-0.001917,0.001917,0
2726,315," of",229501636,12463,535464,-0.000362,0.000362,0
2727,11039," fighting",229541936,12464,535464,-0.000076,0.000076,0
2728,264," a",229583666,12465,535464,-0.000711,0.000711,0
2729,1403," two",229627867,12466,535464,-0.000201,0.000201,0
2730,12,"-",229672139,12467,535464,-0.000038,0.000038,0
2731,5383,"ship",229720870,12468,535464,-0.006624,0.006624,0
2732,8209," battle",229769044,12469,535464,-0.000400,0.000400,0
2733,304," in",229818776,12470,535464,-0.000197,0.000197,0
2734,11002," Japanese",229862619,12471,535464,-0.000284,0.000284,0
2735,21160," waters",229906329,12472,535464,-0.000327,0.000327,0
2736,323," and",229949802,12473,535464,-0.000177,0.000177,0
2737,1053," would",229991240,12474,535464,-0.001244,0.001244,0
2738,617," have",230036702,12475,535464,-0.000586,0.000586,0
2739,1027," been",230082030,12476,535464,-0.000164,0.000164,0
2740,279," the",230129704,12477,535464,-0.000310,0.000310,0
2741,7928," largest",230179262,12478,535464,-0.000144,0.000144,0
2742,26155," fleet",230222953,12479,535464,-0.000217,0.000217,0
2743,3596," ever",230266139,12480,535464,-0.001403,0.001403,0
2744,5918," built",230309329,12481,535464,-0.001469,0.001469,0
2745,520," at",230351991,12482,535464,-0.000249,0.000249,0
2746,430," that",230392260,12483,535464,-0.000393,0.000393,0
2747,892," time",230432703,12484,535464,-0.000174,0.000174,0
2748,13,".",230473723,12485,535464,-0.048161,0.048161,0
2749,578," The",230515235,12486,535464,-0.000296,0.000296,0
2750,2955," design",230558424,12487,535464,-0.000425,0.000425,0
2751,315," of",230603028,12488,535464,-0.000487,0.000487,0
2752,279," the",230644081,12489,535464,-0.000218,0.000218,0
2753,25572," battles",230682628,12490,535464,-0.000630,0.000630,0
2754,34322,"hips",230720128,12491,535464,-0.001614,0.001614,0
2755,574," was",230758079,12492,535464,-0.000665,0.000665,0
2756,28160," influenced",230795040,12493,535464,-0.000535,0.000535,0
2757,555," by",230834598,12494,535464,-0.000161,0.000161,0
2758,279," the",230875054,12495,535464,-0.000053,0.000053,0
2759,11002," Japanese",230915983,12496,535464,-0.000369,0.000369,0
2760,19574," Navy",230957466,12497,535464,-0.000340,0.000340,0
2761,596,"'s",231002044,12498,535464,-0.000439,0.000439,0
2762,12876," desire",231044421,12499,535464,-0.000742,0.000742,0
2763,311," to",231089290,12500,535464,-0.000096,0.000096,0
2764,10519," maintain",231132993,12501,535464,-0.000619,0.000619,0
2765,264," a",231176368,12502,535464,-0.000176,0.000176,0
2766,26155," fleet",231218117,12503,535464,-0.000066,0.000066,0
2767,449," with",231259567,12504,535464,-0.000360,0.000360,0
2768,520," at",231301007,12505,535384,-0.000364,0.000364,0
2769,3325," least",231342794,12506,535464,-0.000077,0.000077,0
2770,220," ",231386700,12507,535464,-0.000047,0.000047,0
2771,2031,"70",231431168,12508,535464,-0.000523,0.000523,0
2772,1034," %",231476092,12509,535464,-0.005672,0.005672,0
2773,439," as",231520989,12510,535464,-0.000669,0.000669,0
2774,1690," many",231565770,12511,535464,-0.000370,0.000370,0
2775,6864," capital",231615183,12512,535464,-0.000138,0.000138,0
2776,18198," ships",231658165,12513,535464,-0.001125,0.001125,0
2777,439," as",231698989,12514,535464,-0.000165,0.000165,0
2778,279," the",231739449,12515,535464,-0.000080,0.000080,0
2779,2326," US",231780574,12516,535464,-0.000285,0.000285,0
2780,19574," Navy",231821462,12517,535464,-0.002065,0.002065,0
2781,13,".",231862192,12518,535464,-0.066313,0.066313,0
2782,578," The",231903872,12519,535464,-0.000536,0.000536,0
2783,358," I",231945475,12520,535464,-0.001088,0.001088,0
2784,41,"J",231989005,12521,535464,-0.000427,0.000427,0
2785,45,"N",232041208,12522,535464,-0.003664,0.003664,0
2786,364," '",232084996,12523,535464,-0.001260,0.001260,0
2787,82,"s",232128239,12524,535464,-0.000022,0.000022,0
2788,26155," fleet",232172250,12525,535464,-0.000666,0.000666,0
2789,574," was",232217299,12526,535464,-0.000593,0.000593,0
2790,6319," designed",232260691,12527,535464,-0.000568,0.000568,0
2791,311," to",232301863,12528,535464,-0.000061,0.000061,0
2792,387," be",232345639,12529,535464,-0.000106,0.000106,0
2793,13171," capable",232389543,12530,535464,-0.001922,0.001922,0
2794,315," of",232433319,12531,535464,-0.000371,0.000371,0
2795,11039," fighting",232477141,12532,535464,-0.000082,0.000082,0
2796,264," a",232521194,12533,535464,-0.000718,0.000718,0
2797,1403," two",232564095,12534,535464,-0.000314,0.000314,0
2798,12,"-",232604441,12535,535464,-0.000065,0.000065,0
2799,5383,"ship",232645363,12536,535464,-0.006222,0.006222,0
2800,8209," battle",232686068,12537,535464,-0.000602,0.000602,0
2801,304," in",232726938,12538,535464,-0.000245,0.000245,0
2802,11002," Japanese",232768653,12539,535464,-0.000296,0.000296,0
2803,21160," waters",232811183,12540,535464,-0.000292,0.000292,0
2804,323," and",232854949,12541,535464,-0.000281,0.000281,0
2805,1053," would",232900773,12542,535464,-0.001462,0.001462,2509
2806,617," have",232959046,10034,535464,-0.000496,0.000496,0
2807,1027," been",233170289,10035,535324,-0.004779,0.004779,0
2808,279," the",233220632,10036,535344,-0.000495,0.000495,0
2809,7928," largest",233261827,10037,535432,-0.000254,0.000254,0
2810,26155," fleet",233301892,10038,535432,-0.000505,0.000505,0
2811,3596," ever",233341519,10039,535432,-0.002009,0.002009,0
2812,5918," built",233381715,10040,535408,-0.004882,0.004882,0
2813,520," at",233419616,10041,535460,-0.000549,0.000549,0
2814,430," that",233457400,10042,535460,-0.000619,0.000619,0
2815,892," time",233494927,10043,535460,-0.000066,0.000066,0
2816,13,".",233531623,10044,535460,-0.050382,0.050382,0
2817,578," The",233571734,10045,535460,-0.002016,0.002016,0
2818,2955," design",233609702,10046,535460,-0.003703,0.003703,0
2819,315," of",233649841,10047,535460,-0.001795,0.001795,0
2820,279," the",233690530,10048,535460,-0.000146,0.000146,0
2821,94400," Fus",233742145,10049,535460,-0.547184,0.547184,0
2822,56761,"ō",233786345,10050,535460,-0.004161,0.004161,0
2823,15144,"-class",233825839,10051,535460,-0.009708,0.009708,0
2824,25572," battles",233866528,10052,535460,-0.001153,0.001153,0
2825,34322,"hips",233905842,10053,535460,-0.015863,0.015863,0
2826,574," was",233945264,10054,535360,-0.003137,0.003137,0
2827,27367," shaped",233984063,10055,535460,-0.115819,0.115819,0
2828,2225," both",234020853,10056,535456,-0.485692,0.485692,0
2829,555," by",234063093,10057,535456,-0.000052,0.000052,0
2830,279," the",234101567,10058,535456,-0.000115,0.000115,0
2831,14529," ongoing",234142370,10059,535456,-0.035586,0.035586,0
2832,6625," international",234180778,10060,535456,-0.000187,0.000187,0
2833,46398," naval",234217448,10061,535456,-0.001551,0.001551,0
2834,11977," arms",234256867,10062,535456,-0.000999,0.000999,0
2835,7102," race",234300707,10063,535456,-0.000196,0.000196,0
2836,323," and",234338752,10064,535456,-0.000052,0.000052,0
2837,264," a",234376236,10065,535456,-0.000061,0.000061,0
2838,12876," desire",234412816,10066,535456,-0.000382,0.000382,0
2839,4315," among",234449571,10067,535456,-0.002900,0.002900,0
2840,11002," Japanese",234486283,10068,535456,-0.000124,0.000124,0
2841,46398," naval",234522996,10069,535456,-0.004892,0.004892,0
2842,68552," planners",234560732,10070,535456,-0.000138,0.000138,0
2843,311," to",234598049,10071,535456,-0.000044,0.000044,0
2844,10519," maintain",234635369,10072,535456,-0.000239,0.000239,0
2845,264," a",234678055,10073,535456,-0.000056,0.000056,0
2846,26155," fleet",234715921,10074,535456,-0.000143,0.000143,0
2847,315," of",234758263,10075,535456,-0.000092,0.000092,0
2848,6864," capital",234797972,10076,535456,-0.000134,0.000134,0
2849,18198," ships",234837217,10077,535456,-0.000425,0.000425,0
2850,8147," powerful",234874911,10078,535456,-0.001334,0.001334,0
2851,3403," enough",234912945,10079,535456,-0.000017,0.000017,0
2852,311," to",234949787,10080,535456,-0.000062,0.000062,0
2853,51571," withstand",234992492,10081,535456,-2.184896,2.184896,0
2854,9354," enemy",235029989,10082,535456,-4.420287,4.420287,0
2855,8951," attacks",235070752,10083,535456,-1.043165,1.043165,0
2856,662," .",235109902,10084,535456,-1.886485,1.886485,0
2857,578," The",235149238,10085,535456,-0.068449,0.068449,0
2858,358," I",235188043,10086,535456,-0.132617,0.132617,0
2859,41,"J",235224795,10087,535456,-0.001904,0.001904,0
2860,45,"N",235261466,10088,535456,-0.001548,0.001548,0
2861,364," '",235298304,10089,535456,-0.066586,0.066586,0
2862,82,"s",235335001,10090,535456,-0.000012,0.000012,0
2863,26155," fleet",235369935,10091,535456,-0.015497,0.015497,0
2864,1047," had",235405749,10092,535456,-3.875966,3.875966,0
2865,17033," proven",235442420,10093,535456,-0.099098,0.099098,0
2866,7701," highly",235479754,10094,535456,-0.003228,0.003228,0
2867,6992," successful",235521655,10095,535456,-0.003743,0.003743,0
2868,304," in",235562119,10096,535456,-0.000655,0.000655,0
2869,220," ",235607190,10097,535456,-0.005855,0.005855,0
2870,7028,"190",235646739,10098,535456,-0.001204,0.001204,0
2871,20,"5",235688092,10099,535456,-0.002965,0.002965,0
2872,1174," ,",235726085,10100,535456,-0.264175,0.264175,0
2873,279," the",235766393,10101,535456,-0.001439,0.001439,0
2874,1566," last",235807578,10102,535456,-0.001039,0.001039,0
2875,1060," year",235847033,10103,535456,-0.000102,0.000102,0
2876,315," of",235884847,10104,535456,-0.000042,0.000042,0
2877,279," the",235930896,10105,535456,-0.000023,0.000023,0
2878,93991," Russo",235973259,10106,535456,-0.000532,0.000532,0
2879,12278,"-J",236014078,10107,535456,-0.030017,0.030017,0
2880,29789,"apanese",236053812,10108,535456,-0.021557,0.021557,0
2881,5111," War",236096435,10109,535456,-0.000621,0.000621,0
2882,1174," ,",236141292,10110,535456,-0.011152,0.011152,0
2883,902," which",236181915,10111,535456,-0.002001,0.002001,0
2884,11957," cul",236222398,10112,535456,-0.012883,0.012883,0
2885,52299,"minated",236262849,10113,535456,-0.009710,0.009710,0
2886,304," in",236302059,10114,535456,-0.001438,0.001438,0
2887,6457," Japan",236345691,10115,535456,-3.323037,3.323037,0
2888,596,"'s",236384339,10116,535412,-0.074178,0.074178,0
2889,18506," defeat",236425703,10117,535412,-0.759166,0.759166,0
2890,520," at",236468635,10118,535412,-3.327786,3.327786,0
2891,26132," Ts",236509365,10119,535412,-4.700695,4.700695,0
2892,76159,"ushima",236549744,10120,535412,-0.006476,0.006476,0
2893,662," .",236587298,10121,535412,-0.015402,0.015402,0
2894,763," In",236624512,10122,535412,-0.163330,0.163330,0
2895,279," the",236662575,10123,535412,-0.007823,0.007823,0
2896,40696," aftermath",236700768,10124,535412,-0.005647,0.005647,0
2897,1174," ,",236745409,10125,535456,-0.019064,0.019064,0
2898,279," the",236782289,10126,535456,-0.006744,0.006744,0
2899,11002," Japanese",236823962,10127,535456,-0.000382,0.000382,0
2900,21080," Empire",236865329,10128,535456,-0.015015,0.015015,0
2901,7214," immediately",236904513,10129,535456,-0.108896,0.108896,0
2902,6656," turned",236941839,10130,535456,-0.004063,0.004063,0
2903,1202," its",236980087,10131,535456,-0.002094,0.002094,0
2904,5357," focus",237019576,10132,535456,-0.000144,0.000144,0
2905,311," to",237060708,10133,535456,-0.002135,0.002135,0
2906,4857," building",237099225,10134,535456,-6.028993,6.028993,0
2907,264," a",237135397,10135,535456,-0.039750,0.039750,0
2908,502," new",237172643,10136,535456,-2.260070,2.260070,0
2909,26155," fleet",237210164,10137,535456,-0.009637,0.009637,0
2910,449," with",237247494,10138,535456,-2.913501,2.913501,0
2911,264," a",237284786,10139,535456,-0.320844,0.320844,0
2912,4528," similar",237326327,10140,535456,-1.517331,1.517331,0
2913,2955," design",237367590,10141,535456,-0.792291,0.792291,0
2914,323," and",237408579,10142,535456,-2.924647,2.924647,0
2915,264," a",237449676,10143,535456,-0.396409,0.396409,0
2916,5190," higher",237488278,10144,535456,-1.281940,1.281940,0
2917,11668," percentage",237527992,10145,535456,-1.076480,1.076480,0
2918,315," of",237567604,10146,535456,-0.000443,0.000443,0
2919,6864," capital",237605633,10147,535456,-0.110989,0.110989,0
2920,18198," ships",237642104,10148,535456,-0.015348,0.015348,0
2921,662," .",237679428,10149,535456,-0.008453,0.008453,0
2922,578," The",237715892,10150,535456,-0.417433,0.417433,0
2923,358," I",237752459,10151,535456,-1.894533,1.894533,0
2924,41,"J",237789495,10152,535456,-0.279408,0.279408,0
2925,45,"N",237827303,10153,535336,-0.001820,0.001820,0
2926,364," '",237865634,10154,535456,-0.011560,0.011560,0
2927,82,"s",237902387,10155,535456,-0.000012,0.000012,0
2928,2132," second",237941492,10156,535456,-2.374458,2.374458,0
2929,26155," fleet",237981249,10157,535456,-0.537845,0.537845,0
2930,574," was",238021041,10158,535456,-0.853632,0.853632,0
2931,5918," built",238065389,10159,535456,-0.905845,0.905845,0
2932,1990," between",238104516,10160,535456,-2.665642,2.665642,0
2933,220," ",238141647,10161,535456,-0.001165,0.001165,0
2934,7529,"191",238178271,10162,535456,-1.133338,1.133338,0
2935,19,"4",238215358,10163,535456,-1.519992,1.519992,0
2936,323," and",238253078,10164,535456,-0.096423,0.096423,0
2937,220," ",238288703,10165,535456,-0.000430,0.000430,0
2938,7529,"191",238329682,10166,535456,-0.101301,0.101301,0
2939,22,"7",238367783,10167,535456,-1.026799,1.026799,0
2940,11,",",238405416,10168,535456,-3.656346,3.656346,0
2941,449," with",238445909,10169,535456,-0.831355,0.831355,0
2942,8223," eight",238485472,10170,535456,-2.944220,2.944220,0
2943,6617," modern",238525101,10171,535456,-0.050505,0.050505,0
2944,25572," battles",238564557,10172,535456,-0.000704,0.000704,0
2945,34322,"hips",238602242,10173,535456,-0.007058,0.007058,0
2946,11,",",238640397,10174,535456,-1.651296,1.651296,0
2947,1855," each",238685187,10175,535456,-4.335641,4.335641,0
2948,315," of",238725620,10176,535456,-2.222005,2.222005,0
2949,220," ",238764169,10177,535456,-0.016899,0.016899,0
2950,508,"20",238801783,10178,535456,-0.554811,0.554811,0
2951,11,",",238838802,10179,535456,-0.000159,0.000159,0
2952,931,"000",238882803,10180,535456,-0.216539,0.216539,0
2953,1317," long",238927867,10181,535456,-0.001041,0.001041,0
2954,20181," tons",238968866,10182,535456,-0.000851,0.000851,0
2955,320," (",239008355,10183,535456,-0.006689,0.006689,0
2956,220," ",239045675,10184,535456,-0.001433,0.001433,0
2957,508,"20",239090660,10185,535456,-0.002444,0.002444,0
2958,11,",",239130071,10186,535456,-0.000185,0.000185,0
2959,14423,"321",239168738,10187,535456,-0.002979,0.002979,0
2960,259," t",239207061,10188,535456,-0.000185,0.000185,0
2961,883," )",239244883,10189,535456,-0.102971,0.102971,0
2962,1174," ,",239291784,10190,535456,-1.416906,1.416906,0
2963,323," and",239334351,10191,535456,-0.001679,0.001679,0
2964,8223," eight",239374381,10192,535456,-0.098006,0.098006,0
2965,6617," modern",239413456,10193,535456,-0.000145,0.000145,0
2966,6916," arm",239449856,10194,535456,-0.001118,0.001118,0
2967,21020,"oured",239486623,10195,535456,-0.000981,0.000981,0
2968,60197," cruis",239523126,10196,535456,-0.026740,0.026740,0
2969,388,"ers",239560280,10197,535456,-0.000063,0.000063,0
2970,1174," ,",239596581,10198,535456,-2.896912,2.896912,0
2971,1855," each",239633709,10199,535456,-0.069724,0.069724,0
2972,315," of",239674139,10200,535456,-0.001678,0.001678,0
2973,220," ",239712248,10201,535456,-0.000070,0.000070,0
2974,972,"18",239752181,10202,535456,-0.001884,0.001884,0
2975,11,",",239792102,10203,535456,-0.000045,0.000045,0
2976,931,"000",239833088,10204,535456,-0.000800,0.000800,0
2977,1317," long",239872413,10205,535456,-0.000047,0.000047,0
2978,20181," tons",239909516,10206,535456,-0.000657,0.000657,0
2979,320," (",239946623,10207,535456,-0.000006,0.000006,0
2980,220," ",239986311,10208,535456,-0.000065,0.000065,0
2981,972,"18",240025622,10209,535456,-0.000139,0.000139,0
2982,11,",",240071171,10210,535456,-0.000053,0.000053,0
2983,17212,"289",240110375,10211,535456,-0.001388,0.001388,0
2984,259," t",240148232,10212,535456,-0.000083,0.000083,0
2985,883," )",240188192,10213,535456,-0.022645,0.022645,0
2986,662," .",240228876,10214,535456,-0.088021,0.088021,0
2987,578," The",240267974,10215,535456,-0.501317,0.501317,0
2988,358," I",240304956,10216,535456,-0.537522,0.537522,0
2989,41,"J",240341522,10217,535456,-0.063232,0.063232,0
2990,45,"N",240377684,10218,535456,-0.000931,0.000931,0
2991,364," '",240415169,10219,535456,-0.034740,0.034740,0
2992,82,"s",240449860,10220,535456,-0.000003,0.000003,0
2993,2132," second",240486076,10221,535456,-0.519771,0.519771,0
2994,26155," fleet",240523434,10222,535456,-0.001221,0.001221,0
2995,574," was",240560734,10223,535456,-0.070436,0.070436,0
2996,6319," designed",240599268,10224,535456,-0.240314,0.240314,0
2997,311," to",240639929,10225,535456,-0.087943,0.087943,0
2998,387," be",240679969,10226,535456,-0.080762,0.080762,0
2999,1524," even",240719526,10227,535456,-1.529455,1.529455,0
3000,810," more",240757994,10228,535456,-0.012388,0.012388,0
3001,8147," powerful",240797720,10229,535456,-0.772764,0.772764,0
3002,1109," than",240840801,10230,535456,-0.298449,0.298449,0
3003,279," the",240881362,10231,535456,-0.044747,0.044747,0
3004,1176," first",240921265,10232,535456,-0.052737,0.052737,0
3005,26155," fleet",240958366,10233,535456,-0.705062,0.705062,0
3006,662," .",240996229,10234,535456,-2.118496,2.118496,0
3007,578," The",241035136,10235,535456,-0.245711,0.245711,0
3008,2955," design",241072630,10236,535456,-0.713882,0.713882,0
3009,315," of",241109699,10237,535456,-0.017766,0.017766,0
3010,279," the",241150138,10238,535456,-0.007904,0.007904,0
3011,358," I",241187326,10239,535456,-0.205497,0.205497,0
3012,41,"J",241224487,10240,535456,-0.068328,0.068328,0
3013,45,"N",241260681,10241,535456,-0.000804,0.000804,0
3014,364," '",241297230,10242,535456,-0.072975,0.072975,0
3015,82,"s",241334081,10243,535456,-0.000020,0.000020,0
3016,2132," second",241371477,10244,535456,-0.043632,0.043632,0
3017,26155," fleet",241406634,10245,535456,-0.001341,0.001341,0
3018,574," was",241446150,10246,535456,-0.021664,0.021664,0
3019,28160," influenced",241487112,10247,535456,-0.041953,0.041953,0
3020,555," by",241526208,10248,535456,-0.003246,0.003246,0
3021,264," a",241567318,10249,535456,-3.734856,3.734856,0
3022,12876," desire",241605357,10250,535456,-0.383787,0.383787,0
3023,311," to",241646326,10251,535456,-0.015560,0.015560,0
3024,10519," maintain",241684144,10252,535456,-1.201679,1.201679,0
3025,264," a",241723590,10253,535456,-0.059812,0.059812,0
3026,3831," strong",241761377,10254,535456,-3.781928,3.781928,0
3027,46398," naval",241800486,10255,535456,-1.344641,1.344641,0
3028,9546," presence",241839179,10256,535456,-0.136375,0.136375,0
3029,304," in",241878036,10257,535456,-0.061537,0.061537,0
3030,279," the",241915079,10258,535456,-0.014260,0.014260,0
3031,16867," Pacific",241952635,10259,535456,-0.201270,0.201270,0
3032,22302," Ocean",241990082,10260,535456,-0.833020,0.833020,0
3033,323," and",242027658,10261,535456,-0.592717,0.592717,0
3034,311," to",242077473,10262,535456,-0.007793,0.007793,0
3035,5663," counter",242117482,10263,535456,-1.939658,1.939658,0
3036,904," any",242157142,10264,535456,-4.095407,4.095407,0
3037,4754," potential",242196520,10265,535456,-0.068888,0.068888,0
3038,18208," threats",242235064,10266,535456,-0.397781,0.397781,0
3039,505," from",242271944,10267,535456,-0.042250,0.042250,0
3040,6457," Japan",242309666,10268,535456,-2.700033,2.700033,0
3041,596,"'s",242347377,10269,535456,-0.057830,0.057830,0
3042,35938," rivals",242385241,10270,535456,-1.317585,1.317585,0
3043,662," .",242428150,10271,535336,-0.022093,0.022093,0
3044,763," In",242465919,10272,535456,-3.280614,3.280614,0
3045,220," ",242508043,10273,535456,-0.357862,0.357862,0
3046,7529,"191",242548987,10274,535456,-0.747585,0.747585,0
3047,23,"8",242588522,10275,535336,-0.842929,0.842929,0
3048,11,",",242627364,10276,535336,-0.213227,0.213227,0
3049,6457," Japan",242665351,10277,535336,-3.502175,3.502175,0
3050,6137," began",242703655,10278,535316,-1.940629,1.940629,0
3051,1202," its",242742835,10279,535336,-1.851245,1.851245,0
3052,1866," own",242781124,10280,535336,-2.314804,2.314804,0
3053,6411," military",242817809,10281,535336,-2.568884,2.568884,0
3054,14800," expansion",242857122,10282,535336,-0.644622,0.644622,0
3055,304," in",242897260,10283,535336,-0.085221,0.085221,0
3056,13936," Asia",242935796,10284,535336,-1.784042,1.784042,0
3057,1174," ,",242981416,10285,535456,-1.187965,1.187965,0
3058,902," which",243021742,10286,535456,-1.193311,1.193311,0
3059,6197," led",243061880,10287,535456,-1.210834,1.210834,0
3060,311," to",243101640,10288,535456,-0.000320,0.000320,0
3061,459," an",243140666,10289,535456,-3.348501,3.348501,0
3062,5376," increase",243178657,10290,535456,-0.205302,0.205302,0
3063,304," in",243216079,10291,535456,-0.000088,0.000088,0
3064,1202," its",243254086,10292,535456,-2.565592,2.565592,0
3065,46398," naval",243291782,10293,535456,-0.580155,0.580155,0
3066,8246," construction",243330135,10294,535456,-2.318609,2.318609,0
3067,13,".",243368248,10295,535332,-2.267423,2.267423,0
3068,578," The",243407459,10296,535332,-0.297343,0.297343,0
3069,358," I",243449219,10297,535332,-0.175304,0.175304,0
3070,41,"J",243487809,10298,535332,-0.022235,0.022235,0
3071,45,"N",243524719,10299,535332,-0.000492,0.000492,0
3072,364," '",243565096,10300,535332,-0.013247,0.013247,0
3073,82,"s",243608117,10301,535332,-0.000006,0.000006,0
3074,4948," third",243647221,10302,535332,-0.030317,0.030317,0
3075,26155," fleet",243685952,10303,535332,-0.027450,0.027450,0
3076,574," was",243722187,10304,535332,-0.062234,0.062234,0
3077,5918," built",243758655,10305,535332,-0.008516,0.008516,0
3078,1990," between",243795476,10306,535332,-0.210584,0.210584,0
3079,220," ",243832880,10307,535332,-0.000068,0.000068,0
3080,5926,"192",243871572,10308,535332,-0.282322,0.282322,0
3081,15,"0",243911286,10309,535304,-0.264880,0.264880,0
3082,323," and",243950349,10310,535428,-0.000172,0.000172,0
3083,220," ",243990318,10311,535428,-0.000018,0.000018,0
3084,5926,"192",244028470,10312,535428,-0.021646,0.021646,0
3085,17,"2",244071952,10313,535428,-0.634061,0.634061,0
3086,11,",",244111379,10314,535428,-0.010549,0.010549,0
3087,449," with",244153097,10315,535428,-0.011996,0.011996,0
3088,8223," eight",244197928,10316,535428,-0.786957,0.786957,0
3089,6617," modern",244237021,10317,535428,-0.001174,0.001174,0
3090,25572," battles",244274948,10318,535428,-0.000677,0.000677,0
3091,34322,"hips",244314927,10319,535428,-0.001889,0.001889,0
3092,11,",",244354840,10320,535428,-0.031749,0.031749,0
3093,1855," each",244393732,10321,535428,-0.004210,0.004210,0
3094,315," of",244432022,10322,535428,-0.000872,0.000872,0
3095,220," ",244478100,10323,535428,-0.000055,0.000055,0
3096,508,"20",244517459,10324,535428,-0.135843,0.135843,0
3097,11,",",244556972,10325,535428,-0.000011,0.000011,0
3098,931,"000",244595777,10326,535428,-0.002750,0.002750,0
3099,1317," long",244634237,10327,535428,-0.000072,0.000072,0
3100,20181," tons",244671457,10328,535428,-0.000247,0.000247,0
3101,320," (",244707606,10329,535428,-0.000151,0.000151,0
3102,220," ",244741562,10330,535428,-0.000051,0.000051,0
3103,508,"20",244778906,10331,535428,-0.000080,0.000080,0
3104,11,",",244822622,10332,535428,-0.000039,0.000039,0
3105,14423,"321",244855171,10333,535428,-0.001519,0.001519,0
3106,259," t",244887896,10334,535428,-0.000086,0.000086,0
3107,883," )",244920264,10335,535428,-0.089749,0.089749,0
3108,1174," ,",244953442,10336,535428,-0.001956,0.001956,0
3109,323," and",244988299,10337,535428,-0.000224,0.000224,0
3110,8223," eight",245023048,10338,535428,-0.020082,0.020082,0
3111,6617," modern",245059338,10339,535428,-0.000065,0.000065,0
3112,6916," arm",245096234,10340,535428,-0.000280,0.000280,0
3113,21020,"oured",245134963,10341,535428,-0.000324,0.000324,0
3114,60197," cruis",245177664,10342,535428,-0.026836,0.026836,0
3115,388,"ers",245214823,10343,535428,-0.000012,0.000012,0
3116,1174," ,",245252225,10344,535428,-0.375973,0.375973,0
3117,1855," each",245291472,10345,535428,-0.000269,0.000269,0
3118,315," of",245328464,10346,535428,-0.000021,0.000021,0
3119,220," ",245365143,10347,535428,-0.000009,0.000009,0
3120,972,"18",245402132,10348,535428,-0.002253,0.002253,0
3121,11,",",245438312,10349,535428,-0.000003,0.000003,0
3122,931,"000",245475123,10350,535428,-0.000366,0.000366,0
3123,1317," long",245513274,10351,535428,-0.000015,0.000015,0
3124,20181," tons",245557840,10352,535428,-0.000277,0.000277,0
3125,320," (",245598803,10353,535428,-0.000002,0.000002,0
3126,220," ",245639239,10354,535428,-0.000005,0.000005,0
3127,972,"18",245680022,10355,535456,-0.000034,0.000034,0
3128,11,",",245720349,10356,535364,-0.000010,0.000010,0
3129,17212,"289",245760432,10357,535364,-0.000560,0.000560,0
3130,259," t",245800391,10358,535364,-0.000038,0.000038,0
3131,883," )",245837702,10359,535364,-0.010385,0.010385,0
3132,662," .",245874917,10360,535364,-0.019974,0.019974,0
3133,578," The",245911806,10361,535364,-0.052984,0.052984,0
3134,358," I",245949011,10362,535364,-0.013438,0.013438,0
3135,41,"J",245984695,10363,535364,-0.000206,0.000206,0
3136,45,"N",246021784,10364,535364,-0.000096,0.000096,0
3137,364," '",246059052,10365,535364,-0.011893,0.011893,0
3138,82,"s",246101274,10366,535364,-0.000003,0.000003,0
3139,4948," third",246139670,10367,535364,-0.000589,0.000589,0
3140,26155," fleet",246179086,10368,535364,-0.000458,0.000458,0
3141,574," was",246218167,10369,535364,-0.002792,0.002792,0
3142,6319," designed",246256612,10370,535364,-0.010626,0.010626,0
3143,311," to",246293586,10371,535364,-0.001832,0.001832,0
3144,387," be",246330289,10372,535364,-0.069268,0.069268,0
3145,1524," even",246367651,10373,535240,-0.708183,0.708183,0
3146,810," more",246405343,10374,535364,-0.000429,0.000429,0
3147,8147," powerful",246442739,10375,535364,-0.028327,0.028327,0
3148,1109," than",246490233,10376,535364,-0.060898,0.060898,0
3149,279," the",246529541,10377,535364,-0.006908,0.006908,0
3150,2132," second",246570370,10378,535364,-0.083873,0.083873,0
3151,26155," fleet",246608820,10379,535364,-0.002174,0.002174,0
3152,662," .",246646180,10380,535364,-0.068364,0.068364,0
3153,578," The",246683474,10381,535364,-0.024033,0.024033,0
3154,2955," design",246721492,10382,535364,-0.020238,0.020238,0
3155,315," of",246758083,10383,535364,-0.000359,0.000359,0
3156,279," the",246794915,10384,535364,-0.000369,0.000369,0
3157,358," I",246831565,10385,535364,-0.000117,0.000117,0
3158,41,"J",246868065,10386,535364,-0.000055,0.000055,0
3159,45,"N",246904376,10387,535364,-0.000085,0.000085,0
3160,364," '",246940284,10388,535364,-0.011720,0.011720,0
3161,82,"s",246978666,10389,535364,-0.000007,0.000007,0
3162,4948," third",247021507,10390,535364,-0.000256,0.000256,0
3163,26155," fleet",247058546,10391,535364,-0.000246,0.000246,0
3164,574," was",247100584,10392,535364,-0.001040,0.001040,0
3165,28160," influenced",247137790,10393,535364,-0.000945,0.000945,0
3166,555," by",247179563,10394,535364,-0.000089,0.000089,0
3167,264," a",247217780,10395,535364,-0.054911,0.054911,0
3168,12876," desire",247255418,10396,535364,-0.004668,0.004668,0
3169,311," to",247292729,10397,535364,-0.000346,0.000346,0
3170,10519," maintain",247332280,10398,535364,-0.120094,0.120094,0
3171,264," a",247372666,10399,535364,-0.010896,0.010896,0
3172,3831," strong",247412322,10400,535244,-0.001442,0.001442,0
3173,46398," naval",247451646,10401,535364,-0.041223,0.041223,0
3174,9546," presence",247491183,10402,535364,-0.000116,0.000116,0
3175,304," in",247529065,10403,535364,-0.003886,0.003886,0
3176,279," the",247567773,10404,535456,-0.001860,0.001860,0
3177,16867," Pacific",247605232,10405,535456,-0.010096,0.010096,0
3178,22302," Ocean",247642769,10406,535456,-0.023945,0.023945,0
3179,323," and",247680100,10407,535456,-0.011137,0.011137,0
3180,311," to",247717720,10408,535456,-0.000155,0.000155,0
3181,5663," counter",247754324,10409,535456,-0.032872,0.032872,0
3182,904," any",247790217,10410,535456,-0.006675,0.006675,0
3183,4754," potential",247826104,10411,535456,-0.000064,0.000064,0
3184,18208," threats",247862344,10412,535456,-0.000151,0.000151,0
3185,505," from",247897469,10413,535456,-0.000955,0.000955,0
3186,6457," Japan",247933893,10414,535456,-0.013319,0.013319,0
3187,596,"'s",247973879,10415,535456,-0.001357,0.001357,0
3188,35938," rivals",248011830,10416,535456,-0.008266,0.008266,0
3189,662," .",248049485,10417,535456,-0.011581,0.011581,0
3190,763," In",248094863,10418,535456,-0.407403,0.407403,0
3191,220," ",248134075,10419,535376,-0.010957,0.010957,0
3192,7285,"193",248171534,10420,535456,-0.487767,0.487767,0
3193,19,"4",248208934,10421,535456,-1.612667,1.612667,0
3194,11,",",248246371,10422,535456,-0.081568,0.081568,0
3195,6457," Japan",248285726,10423,535456,-0.211705,0.211705,0
3196,6137," began",248325627,10424,535456,-0.417583,0.417583,0
3197,1202," its",248367226,10425,535456,-0.094612,0.094612,0
3198,1866," own",248403835,10426,535456,-0.076631,0.076631,0
3199,6411," military",248443559,10427,535456,-0.022296,0.022296,0
3200,14800," expansion",248481744,10428,535456,-0.006625,0.006625,0
3201,304," in",248519251,10429,535456,-0.003607,0.003607,0
3202,13936," Asia",248563637,10430,535456,-0.388748,0.388748,0
3203,1174," ,",248600735,10431,535456,-0.359469,0.359469,0
3204,902," which",248639488,10432,535456,-0.013341,0.013341,0
3205,6197," led",248678583,10433,535456,-0.001289,0.001289,0
3206,311," to",248717239,10434,535456,-0.000007,0.000007,0
3207,459," an",248754094,10435,535456,-0.201667,0.201667,0
3208,5376," increase",248791395,10436,535456,-0.007886,0.007886,0
3209,304," in",248830179,10437,535456,-0.000012,0.000012,0
3210,1202," its",248868910,10438,535388,-0.001142,0.001142,0
3211,46398," naval",248909579,10439,535388,-0.001359,0.001359,0
3212,8246," construction",248951818,10440,535388,-0.000182,0.000182,0
3213,13,".",248997933,10441,535388,-0.330597,0.330597,0
3214,578," The",249042900,10442,535456,-0.013773,0.013773,0
3215,358," I",249083350,10443,535456,-0.029758,0.029758,0
3216,41,"J",249123162,10444,535456,-0.005131,0.005131,0
3217,45,"N",249160318,10445,535456,-0.000533,0.000533,0
3218,364," '",249196573,10446,535456,-0.028898,0.028898,0
3219,82,"s",249233142,10447,535456,-0.000005,0.000005,0
3220,11999," fourth",249269529,10448,535456,-0.009738,0.009738,0
3221,26155," fleet",249306006,10449,535456,-0.043257,0.043257,0
3222,574," was",249349463,10450,535456,-0.005203,0.005203,0
3223,5918," built",249387072,10451,535456,-0.002355,0.002355,0
3224,1990," between",249426341,10452,535456,-0.025070,0.025070,0
3225,220," ",249463820,10453,535456,-0.000027,0.000027,0
3226,6393,"194",249501074,10454,535456,-2.257349,2.257349,0
3227,15,"0",249538817,10455,535456,-0.260479,0.260479,0
3228,323," and",249576181,10456,535456,-0.000775,0.000775,0
3229,220," ",249613441,10457,535456,-0.000054,0.000054,0
3230,6393,"194",249651655,10458,535456,-0.000106,0.000106,0
3231,17,"2",249688740,10459,535456,-0.854694,0.854694,0
3232,11,",",249726419,10460,535456,-0.002149,0.002149,0
3233,449," with",249766369,10461,535456,-0.003043,0.003043,0
3234,8223," eight",249806054,10462,535456,-0.052682,0.052682,0
3235,6617," modern",249845531,10463,535456,-0.000482,0.000482,0
3236,25572," battles",249890860,10464,535456,-0.000409,0.000409,0
3237,34322,"hips",249930028,10465,535456,-0.001766,0.001766,0
3238,11,",",249968362,10466,535456,-0.002053,0.002053,0
3239,1855," each",250005763,10467,535456,-0.000665,0.000665,0
3240,315," of",250042838,10468,535456,-0.000108,0.000108,0
3241,220," ",250080015,10469,535456,-0.000017,0.000017,0
3242,508,"20",250117583,10470,535456,-0.054470,0.054470,0
3243,11,",",250155466,10471,535456,-0.000006,0.000006,0
3244,931,"000",250200265,10472,535456,-0.000478,0.000478,0
3245,1317," long",250241710,10473,535456,-0.000046,0.000046,0
3246,20181," tons",250282894,10474,535456,-0.000218,0.000218,0
3247,320," (",250319632,10475,535456,-0.000026,0.000026,0
3248,220," ",250358239,10476,535456,-0.000032,0.000032,0
3249,508,"20",250395182,10477,535456,-0.000172,0.000172,0
3250,11,",",250431839,10478,535456,-0.000020,0.000020,0
3251,14423,"321",250469235,10479,535456,-0.001283,0.001283,0
3252,259," t",250507663,10480,535456,-0.000072,0.000072,0
3253,883," )",250545368,10481,535456,-0.014828,0.014828,0
3254,1174," ,",250582712,10482,535456,-0.001657,0.001657,0
3255,323," and",250623281,10483,535432,-0.000098,0.000098,0
3256,8223," eight",250664352,10484,535432,-0.009311,0.009311,0
3257,6617," modern",250709662,10485,535432,-0.000051,0.000051,0
3258,6916," arm",250749598,10486,535432,-0.000115,0.000115,0
3259,21020,"oured",250789610,10487,535432,-0.000218,0.000218,0
3260,60197," cruis",250828629,10488,535432,-0.020186,0.020186,0
3261,388,"ers",250866275,10489,535432,-0.000014,0.000014,0
3262,1174," ,",250905042,10490,535432,-0.064624,0.064624,0
3263,1855," each",250944456,10491,535432,-0.000039,0.000039,0
3264,315," of",250982359,10492,535432,-0.000009,0.000009,0
3265,220," ",251019225,10493,535432,-0.000008,0.000008,0
3266,972,"18",251057159,10494,535432,-0.001261,0.001261,0
3267,11,",",251094357,10495,535432,-0.000002,0.000002,0
3268,931,"000",251131684,10496,535432,-0.000298,0.000298,0
3269,1317," long",251173725,10497,535432,-0.000009,0.000009,0
3270,20181," tons",251211134,10498,535432,-0.000307,0.000307,0
3271,320," (",251257644,10499,535432,-0.000001,0.000001,0
3272,220," ",251297516,10500,535432,-0.000002,0.000002,0
3273,972,"18",251336047,10501,535432,-0.000025,0.000025,0
3274,11,",",251372749,10502,535432,-0.000010,0.000010,0
3275,17212,"289",251410126,10503,535432,-0.000563,0.000563,0
3276,259," t",251447377,10504,535432,-0.000035,0.000035,0
3277,883," )",251484493,10505,535432,-0.004765,0.004765,0
3278,662," .",251522854,10506,535432,-0.002871,0.002871,0
3279,578," The",251561184,10507,535432,-0.002972,0.002972,0
3280,358," I",251601029,10508,535432,-0.001113,0.001113,0
3281,41,"J",251641302,10509,535432,-0.000076,0.000076,0
3282,45,"N",251678575,10510,535432,-0.000105,0.000105,0
3283,364," '",251716502,10511,535432,-0.009691,0.009691,0
3284,82,"s",251756617,10512,535432,-0.000003,0.000003,0
3285,11999," fourth",251795865,10513,535432,-0.000380,0.000380,0
3286,26155," fleet",251834383,10514,535432,-0.000414,0.000414,0
3287,574," was",251870733,10515,535432,-0.001246,0.001246,0
3288,6319," designed",251906992,10516,535432,-0.000301,0.000301,0
3289,311," to",251943197,10517,535432,-0.000087,0.000087,0
3290,387," be",251980478,10518,535432,-0.000832,0.000832,0
3291,1524," even",252018248,10519,535432,-0.015814,0.015814,0
3292,810," more",252058126,10520,535432,-0.000018,0.000018,0
3293,8147," powerful",252102017,10521,535432,-0.000677,0.000677,0
3294,1109," than",252142138,10522,535432,-0.001711,0.001711,0
3295,279," the",252181901,10523,535428,-0.000528,0.000528,0
3296,4948," third",252224200,10524,535428,-0.014577,0.014577,0
3297,26155," fleet",252264522,10525,535428,-0.000252,0.000252,0
3298,662," .",252304032,10526,535456,-0.007359,0.007359,0
3299,578," The",252342909,10527,535456,-0.000609,0.000609,0
3300,2955," design",252379922,10528,535456,-0.000101,0.000101,0
3301,315," of",252419209,10529,535456,-0.000023,0.000023,0
3302,279," the",252462973,10530,535456,-0.000025,0.000025,0
3303,358," I",252500796,10531,535456,-0.000006,0.000006,0
3304,41,"J",252538017,10532,535456,-0.000033,0.000033,0
3305,45,"N",252578180,10533,535456,-0.000049,0.000049,0
3306,364," '",252615532,10534,535456,-0.003974,0.003974,0
3307,82,"s",252660991,10535,535456,-0.000006,0.000006,0
3308,11999," fourth",252698147,10536,535456,-0.000240,0.000240,0
3309,26155," fleet",252734796,10537,535440,-0.000274,0.000274,0
3310,574," was",252771297,10538,535456,-0.000561,0.000561,0
3311,28160," influenced",252807606,10539,535456,-0.000034,0.000034,0
3312,555," by",252844164,10540,535456,-0.000021,0.000021,0
3313,264," a",252881291,10541,535456,-0.001421,0.001421,0
3314,12876," desire",252917651,10542,535456,-0.000247,0.000247,0
3315,311," to",252956256,10543,535456,-0.000014,0.000014,0
3316,10519," maintain",252996142,10544,535456,-0.005897,0.005897,0
3317,264," a",253033861,10545,535456,-0.000392,0.000392,0
3318,3831," strong",253070173,10546,535456,-0.000090,0.000090,0
3319,46398," naval",253109660,10547,535456,-0.001535,0.001535,0
3320,9546," presence",253147445,10548,535456,-0.000042,0.000042,0
3321,304," in",253184198,10549,535456,-0.000178,0.000178,0
3322,279," the",253221416,10550,535456,-0.000558,0.000558,0
3323,16867," Pacific",253258583,10551,535456,-0.001369,0.001369,0
3324,22302," Ocean",253296246,10552,535456,-0.003272,0.003272,0
3325,323," and",253334249,10553,535456,-0.001738,0.001738,0
3326,311," to",253371163,10554,535456,-0.000063,0.000063,0
3327,5663," counter",253408047,10555,535456,-0.000951,0.000951,0
3328,904," any",253445104,10556,535456,-0.000312,0.000312,0
3329,4754," potential",253482638,10557,535456,-0.000034,0.000034,0
3330,18208," threats",253520353,10558,535456,-0.000060,0.000060,0
3331,505," from",253557616,10559,535456,-0.000067,0.000067,0
3332,6457," Japan",253595513,10560,535456,-0.002152,0.002152,0
3333,596,"'s",253632604,10561,535456,-0.000697,0.000697,0
3334,35938," rivals",253671729,10562,535456,-0.010029,0.010029,0
3335,662," .",253711375,10563,535456,-0.016618,0.016618,0
3336,763," In",253750269,10564,535456,-0.399367,0.399367,0
3337,220," ",253786769,10565,535456,-0.008286,0.008286,0
3338,6393,"194",253823255,10566,535456,-0.015772,0.015772,0
3339,21,"6",253861583,10567,535456,-0.912159,0.912159,0
3340,11,",",253901621,10568,535456,-0.021968,0.021968,0
3341,6457," Japan",253941296,10569,535456,-0.089536,0.089536,0
3342,6137," began",253978207,10570,535456,-0.543839,0.543839,0
3343,1202," its",254020487,10571,535456,-0.019906,0.019906,0
3344,1866," own",254058138,10572,535456,-0.002991,0.002991,0
3345,6411," military",254099939,10573,535392,-0.003229,0.003229,0
3346,14800," expansion",254143390,10574,535440,-0.002540,0.002540,0
3347,304," in",254180634,10575,535440,-0.003740,0.003740,0
3348,13936," Asia",254217600,10576,535392,-0.014245,0.014245,0
3349,1174," ,",254254102,10577,535392,-0.022614,0.022614,0
3350,902," which",254290571,10578,535392,-0.000690,0.000690,0
3351,6197," led",254333802,10579,535456,-0.000455,0.000455,0
3352,311," to",254374826,10580,535456,-0.000003,0.000003,0
3353,459," an",254409871,10581,535456,-0.018604,0.018604,0
3354,5376," increase",254444122,10582,535456,-0.001131,0.001131,0
3355,304," in",254474952,10583,535456,-0.000009,0.000009,0
3356,1202," its",254504318,10584,535456,-0.000348,0.000348,0
3357,46398," naval",254533028,10585,535456,-0.000272,0.000272,0
3358,8246," construction",254566633,10586,535456,-0.000052,0.000052,0
3359,13,".",254601525,10587,535456,-0.044833,0.044833,0
3360,578," The",254636876,10588,535456,-0.006274,0.006274,0
3361,358," I",254674768,10589,535456,-0.011905,0.011905,0
3362,41,"J",254716436,10590,535456,-0.001612,0.001612,0
3363,45,"N",254758299,10591,535456,-0.000411,0.000411,0
3364,364," '",254792816,10592,535456,-0.038512,0.038512,0
3365,82,"s",254824127,10593,535456,-0.000004,0.000004,0
3366,18172," fifth",254853622,10594,535456,-0.031797,0.031797,0
3367,26155," fleet",254882082,10595,535456,-0.021942,0.021942,0
3368,574," was",254909969,10596,535456,-0.005328,0.005328,0
3369,5918," built",254939562,10597,535456,-0.001502,0.001502,0
3370,1990," between",254968087,10598,535456,-0.012655,0.012655,0
3371,220," ",254999717,10599,535456,-0.000026,0.000026,0
3372,6280,"195",255026902,10600,535456,-1.388062,1.388062,0
3373,15,"0",255059015,10601,535456,-0.096016,0.096016,0
3374,323," and",255092633,10602,535456,-0.000115,0.000115,0
3375,220," ",255127280,10603,535456,-0.000017,0.000017,0
3376,6280,"195",255161739,10604,535456,-0.000476,0.000476,0
3377,17,"2",255196511,10605,535456,-0.653974,0.653974,0
3378,11,",",255230969,10606,535456,-0.000698,0.000698,0
3379,449," with",255265784,10607,535456,-0.002098,0.002098,0
3380,8223," eight",255301743,10608,535456,-0.024391,0.024391,0
3381,6617," modern",255341604,10609,535456,-0.000208,0.000208,0
3382,25572," battles",255382042,10610,535456,-0.000726,0.000726,0
3383,34322,"hips",255419184,10611,535456,-0.001918,0.001918,0
3384,11,",",255457572,10612,535456,-0.000440,0.000440,0
3385,1855," each",255494682,10613,535456,-0.000266,0.000266,0
3386,315," of",255532299,10614,535456,-0.000081,0.000081,0
3387,220," ",255569754,10615,535456,-0.000010,0.000010,0
3388,508,"20",255607398,10616,535456,-0.021775,0.021775,0
3389,11,",",255644471,10617,535456,-0.000003,0.000003,0
3390,931,"000",255681749,10618,535456,-0.000307,0.000307,0
3391,1317," long",255718570,10619,535456,-0.000034,0.000034,0
3392,20181," tons",255755770,10620,535456,-0.000141,0.000141,0
3393,320," (",255793502,10621,535456,-0.000037,0.000037,0
3394,220," ",255830881,10622,535456,-0.000039,0.000039,0
3395,508,"20",255869418,10623,535456,-0.000138,0.000138,0
3396,11,",",255906384,10624,535456,-0.000015,0.000015,0
3397,14423,"321",255944514,10625,535456,-0.000826,0.000826,0
3398,259," t",255984154,10626,535456,-0.000051,0.000051,0
3399,883," )",256023096,10627,535456,-0.019502,0.019502,0
3400,1174," ,",256061868,10628,535456,-0.001751,0.001751,0
3401,323," and",256098483,10629,535456,-0.000048,0.000048,0
3402,8223," eight",256135039,10630,535456,-0.002938,0.002938,0
3403,6617," modern",256171754,10631,535456,-0.000021,0.000021,0
3404,6916," arm",256221792,10632,535456,-0.000064,0.000064,0
3405,21020,"oured",256264756,10633,535352,-0.000193,0.000193,0
3406,60197," cruis",256302828,10634,535456,-0.020004,0.020004,0
3407,388,"ers",256343890,10635,535456,-0.000014,0.000014,0
3408,1174," ,",256384467,10636,535456,-0.050052,0.050052,0
3409,1855," each",256424407,10637,535456,-0.000026,0.000026,0
3410,315," of",256463530,10638,535456,-0.000009,0.000009,0
3411,220," ",256500844,10639,535456,-0.000004,0.000004,0
3412,972,"18",256537755,10640,535456,-0.000834,0.000834,0
3413,11,",",256574406,10641,535456,-0.000002,0.000002,0
3414,931,"000",256610720,10642,535456,-0.000356,0.000356,0
3415,1317," long",256646137,10643,535456,-0.000010,0.000010,0
3416,20181," tons",256683157,10644,535456,-0.000277,0.000277,0
3417,320," (",256725109,10645,535456,-0.000001,0.000001,0
3418,220," ",256764613,10646,535456,-0.000003,0.000003,0
3419,972,"18",256805745,10647,535456,-0.000014,0.000014,0
3420,11,",",256845677,10648,535456,-0.000008,0.000008,0
3421,17212,"289",256882355,10649,535456,-0.000477,0.000477,0
3422,259," t",256918707,10650,535456,-0.000034,0.000034,0
3423,883," )",256955139,10651,535456,-0.006753,0.006753,0
3424,662," .",256991413,10652,535456,-0.002732,0.002732,0
3425,578," The",257028319,10653,535456,-0.000475,0.000475,0
3426,358," I",257065723,10654,535456,-0.000208,0.000208,0
3427,41,"J",257108092,10655,535456,-0.000056,0.000056,0
3428,45,"N",257145631,10656,535456,-0.000091,0.000091,0
3429,364," '",257193508,10657,535456,-0.008104,0.008104,0
3430,82,"s",257232170,10658,535456,-0.000003,0.000003,0
3431,18172," fifth",257271509,10659,535456,-0.000831,0.000831,0
3432,26155," fleet",257309084,10660,535456,-0.000276,0.000276,0
3433,574," was",257346925,10661,535456,-0.002250,0.002250,0
3434,6319," designed",257384983,10662,535456,-0.000129,0.000129,0
3435,311," to",257422692,10663,535456,-0.000030,0.000030,0
3436,387," be",257459031,10664,535456,-0.000178,0.000178,0
3437,1524," even",257495938,10665,535456,-0.009765,0.009765,0
3438,810," more",257532315,10666,535456,-0.000012,0.000012,0
3439,8147," powerful",257568624,10667,535456,-0.000303,0.000303,0
3440,1109," than",257604193,10668,535456,-0.000416,0.000416,0
3441,279," the",257641880,10669,535456,-0.000272,0.000272,0
3442,11999," fourth",257682917,10670,535456,-0.006180,0.006180,0
3443,26155," fleet",257725592,10671,535456,-0.000140,0.000140,0
3444,662," .",257765585,10672,535456,-0.007237,0.007237,0
3445,578," The",257803333,10673,535456,-0.000482,0.000482,0
3446,2955," design",257842603,10674,535456,-0.000030,0.000030,0
3447,315," of",257882785,10675,535456,-0.000019,0.000019,0
3448,279," the",257921516,10676,535456,-0.000011,0.000011,0
3449,358," I",257959377,10677,535456,-0.000005,0.000005,0
3450,41,"J",257996493,10678,535456,-0.000026,0.000026,0
3451,45,"N",258034236,10679,535456,-0.000041,0.000041,0
3452,364," '",258071793,10680,535456,-0.005243,0.005243,0
3453,82,"s",258109589,10681,535456,-0.000006,0.000006,0
3454,18172," fifth",258158128,10682,535456,-0.000608,0.000608,0
3455,26155," fleet",258198068,10683,535456,-0.000275,0.000275,0
3456,574," was",258238998,10684,535456,-0.000848,0.000848,0
3457,28160," influenced",258278120,10685,535456,-0.000043,0.000043,0
3458,555," by",258315563,10686,535456,-0.000020,0.000020,0
3459,264," a",258353136,10687,535456,-0.000156,0.000156,0
3460,12876," desire",258389725,10688,535456,-0.000069,0.000069,0
3461,311," to",258426162,10689,535456,-0.000022,0.000022,0
3462,10519," maintain",258463054,10690,535456,-0.001630,0.001630,0
3463,264," a",258500008,10691,535456,-0.000179,0.000179,0
3464,3831," strong",258538331,10692,535456,-0.000075,0.000075,0
3465,46398," naval",258575579,10693,535456,-0.001523,0.001523,0
3466,9546," presence",258613643,10694,535456,-0.000029,0.000029,0
3467,304," in",258651249,10695,535456,-0.000165,0.000165,0
3468,279," the",258691700,10696,535456,-0.000090,0.000090,0
3469,16867," Pacific",258733517,10697,535456,-0.000840,0.000840,0
3470,22302," Ocean",258770959,10698,535456,-0.001360,0.001360,0
3471,323," and",258808319,10699,535456,-0.001072,0.001072,0
3472,311," to",258853777,10700,535332,-0.000068,0.000068,0
3473,5663," counter",258893946,10701,535456,-0.000999,0.000999,0
3474,904," any",258933018,10702,535336,-0.000198,0.000198,0
3475,4754," potential",258971277,10703,535336,-0.000031,0.000031,0
3476,18208," threats",259009165,10704,535456,-0.000034,0.000034,0
3477,505," from",259048790,10705,535456,-0.000042,0.000042,0
3478,6457," Japan",259088764,10706,535456,-0.001131,0.001131,0
3479,596,"'s",259133324,10707,535456,-0.000200,0.000200,0
3480,35938," rivals",259173488,10708,535456,-0.005855,0.005855,0
3481,6905," .

",259211753,10709,535456,-3.701360,3.701360,0
3482,791,"The",259251875,10710,535456,-0.112274,0.112274,0
3483,2955," design",259291374,10711,535456,-0.701811,0.701811,0
3484,315," of",259329463,10712,535456,-0.004495,0.004495,0
3485,279," the",259366222,10713,535456,-0.001233,0.001233,0
3486,94400," Fus",259402821,10714,535456,-3.300879,3.300879,0
3487,56761,"ō",259439455,10715,535456,-0.003562,0.003562,0
3488,15144,"-class",259477005,10716,535456,-0.018390,0.018390,0
3489,25572," battles",259517639,10717,535456,-0.001594,0.001594,0
3490,34322,"hips",259555343,10718,535456,-0.028691,0.028691,0
3491,11,",",259595819,10719,535456,-3.805219,3.805219,0
3492,902," which",259635539,10720,535456,-1.499075,1.499075,0
3493,1051," were",259673747,10721,535456,-1.245365,1.245365,0
3494,5918," built",259711867,10722,535456,-1.847018,1.847018,0
3495,369," for",259753592,10723,535456,-1.847903,1.847903,0
3496,6457," Japan",259797814,10724,535456,-5.058958,5.058958,0
3497,1990," between",259838918,10725,535456,-2.421262,2.421262,0
3498,220," ",259879399,10726,535456,-0.001557,0.001557,0
3499,7028,"190",259916533,10727,535456,-0.013949,0.013949,0
3500,20,"5",259956147,10728,535456,-0.335674,0.335674,0
3501,323," and",259999799,10729,535456,-0.001019,0.001019,0
3502,220," ",260043209,10730,535456,-0.000289,0.000289,0
3503,7529,"191",260085937,10731,535456,-0.820318,0.820318,0
3504,22,"7",260125847,10732,535456,-0.398799,0.398799,0
3505,11,",",260166797,10733,535456,-0.000677,0.000677,0
3506,574," was",260208744,10734,535456,-0.106879,0.106879,0
3507,27367," shaped",260249387,10735,535456,-2.130048,2.130048,0
3508,2225," both",260289745,10736,535456,-2.599601,2.599601,0
3509,555," by",260328111,10737,535456,-0.000016,0.000016,0
3510,279," the",260368027,10738,535456,-0.000351,0.000351,0
3511,14529," ongoing",260408079,10739,535456,-0.078948,0.078948,0
3512,6625," international",260448511,10740,535456,-0.000242,0.000242,0
3513,46398," naval",260489053,10741,535456,-0.002665,0.002665,0
3514,11977," arms",260527007,10742,535456,-0.000797,0.000797,0
3515,7102," race",260565828,10743,535456,-0.000128,0.000128,0
3516,323," and",260603842,10744,535360,-0.000410,0.000410,0
3517,264," a",260640957,10745,535456,-0.000608,0.000608,0
3518,12876," desire",260678988,10746,535456,-0.000069,0.000069,0
3519,4315," among",260717046,10747,535456,-0.007920,0.007920,0
3520,11002," Japanese",260754780,10748,535456,-0.000134,0.000134,0
3521,46398," naval",260792619,10749,535456,-0.003385,0.003385,0
3522,68552," planners",260830811,10750,535456,-0.000168,0.000168,0
3523,311," to",260868391,10751,535456,-0.000015,0.000015,0
3524,10519," maintain",260906655,10752,535456,-0.000649,0.000649,0
3525,264," a",260949113,10753,535456,-0.000019,0.000019,0
3526,26155," fleet",260986694,10754,535456,-0.003937,0.003937,0
3527,315," of",261024075,10755,535456,-0.000109,0.000109,0
3528,6864," capital",261063421,10756,535456,-0.000072,0.000072,0
3529,18198," ships",261102117,10757,535456,-0.000373,0.000373,0
3530,8147," powerful",261141878,10758,535456,-0.002803,0.002803,0
3531,3403," enough",261179453,10759,535456,-0.000005,0.000005,0
3532,311," to",261221823,10760,535456,-0.000015,0.000015,0
3533,51571," withstand",261262193,10761,535456,-0.001982,0.001982,0
3534,9354," enemy",261306005,10762,535456,-0.000119,0.000119,0
3535,8951," attacks",261343692,10763,535456,-0.000098,0.000098,0
3536,13,".",261381484,10764,535348,-0.245351,0.245351,0
3537,578," The",261419793,10765,535348,-0.036210,0.036210,0
3538,358," I",261461056,10766,535348,-1.538400,1.538400,0
3539,41,"J",261498881,10767,535348,-0.002540,0.002540,0
3540,45,"N",261536350,10768,535348,-0.000289,0.000289,0
3541,364," '",261574533,10769,535348,-0.209927,0.209927,0
3542,82,"s",261614021,10770,535348,-0.000002,0.000002,0
3543,2132," second",261653591,10771,535348,-0.515579,0.515579,0
3544,26155," fleet",261692723,10772,535348,-0.006692,0.006692,0
3545,574," was",261730391,10773,535348,-0.556183,0.556183,0
3546,6319," designed",261770971,10774,535456,-1.352483,1.352483,0
3547,311," to",261811389,10775,535456,-0.002425,0.002425,0
3548,387," be",261853885,10776,535456,-0.000114,0.000114,0
3549,1524," even",261891031,10777,535456,-0.006489,0.006489,0
3550,810," more",261927937,10778,535456,-0.000021,0.000021,0
3551,8147," powerful",261967142,10779,535456,-0.000257,0.000257,0
3552,1109," than",262006282,10780,535456,-0.002189,0.002189,0
3553,279," the",262045329,10781,535456,-0.000582,0.000582,0
3554,1176," first",262084936,10782,535456,-0.000415,0.000415,0
3555,26155," fleet",262124687,10783,535456,-0.003013,0.003013,0
3556,11,",",262168716,10784,535456,-0.331203,0.331203,0
3557,449," with",262210777,10785,535456,-0.596040,0.596040,0
3558,8223," eight",262252948,10786,535456,-0.026242,0.026242,0
3559,6617," modern",262293993,10787,535456,-0.000046,0.000046,0
3560,25572," battles",262331841,10788,535456,-0.000088,0.000088,0
3561,34322,"hips",262372606,10789,535456,-0.001332,0.001332,0
3562,11,",",262413404,10790,535456,-0.003023,0.003023,0
3563,1855," each",262452021,10791,535456,-0.000128,0.000128,0
3564,315," of",262489900,10792,535456,-0.000917,0.000917,0
3565,220," ",262526837,10793,535456,-0.000020,0.000020,0
3566,508,"20",262563523,10794,535456,-0.000225,0.000225,0
3567,11,",",262600625,10795,535456,-0.000009,0.000009,0
3568,931,"000",262637966,10796,535456,-0.000036,0.000036,0
3569,1317," long",262675853,10797,535456,-0.000017,0.000017,0
3570,20181," tons",262717799,10798,535456,-0.000101,0.000101,0
3571,320," (",262754800,10799,535456,-0.000918,0.000918,0
3572,220," ",262791621,10800,535456,-0.000301,0.000301,0
3573,508,"20",262829448,10801,535456,-0.000093,0.000093,0
3574,11,",",262867229,10802,535456,-0.000016,0.000016,0
3575,14423,"321",262904808,10803,535456,-0.001828,0.001828,0
3576,259," t",262943027,10804,535456,-0.000068,0.000068,0
3577,883," )",262980182,10805,535456,-0.201837,0.201837,0
3578,1174," ,",263017854,10806,535456,-0.005232,0.005232,0
3579,323," and",263055179,10807,535456,-0.000006,0.000006,0
3580,8223," eight",263093462,10808,535456,-0.000049,0.000049,0
3581,6617," modern",263131421,10809,535456,-0.000009,0.000009,0
3582,6916," arm",263168492,10810,535456,-0.000006,0.000006,0
3583,21020,"oured",263222203,10811,535456,-0.000291,0.000291,0
3584,60197," cruis",263261999,10812,535456,-0.009189,0.009189,0
3585,388,"ers",263301570,10813,535456,-0.000039,0.000039,0
3586,1174," ,",263339746,10814,535456,-2.279167,2.279167,0
3587,1855," each",263379323,10815,535456,-0.000035,0.000035,0
3588,315," of",263418187,10816,535456,-0.000005,0.000005,0
3589,220," ",263456618,10817,535456,-0.000002,0.000002,0
3590,972,"18",263493084,10818,535456,-0.000029,0.000029,0
3591,11,",",263530025,10819,535456,-0.000003,0.000003,0
3592,931,"000",263568236,10820,535456,-0.000163,0.000163,0
3593,1317," long",263606038,10821,535456,-0.000006,0.000006,0
3594,20181," tons",263645980,10822,535456,-0.000144,0.000144,0
3595,320," (",263684081,10823,535456,-0.000001,0.000001,0
3596,220," ",263725053,10824,535456,-0.000001,0.000001,0
3597,972,"18",263765888,10825,535456,-0.000014,0.000014,0
3598,11,",",263805998,10826,535456,-0.000010,0.000010,0
3599,17212,"289",263844052,10827,535456,-0.000210,0.000210,0
3600,259," t",263884077,10828,535456,-0.000023,0.000023,0
3601,883," )",263923814,10829,535456,-0.040246,0.040246,0
3602,662," .",263963328,10830,535456,-0.014660,0.014660,0
3603,578," The",264001525,10831,535456,-0.004154,0.004154,0
3604,358," I",264038860,10832,535456,-0.078430,0.078430,0
3605,41,"J",264077129,10833,535456,-0.000081,0.000081,0
3606,45,"N",264117954,10834,535456,-0.000072,0.000072,0
3607,364," '",264155998,10835,535456,-0.002018,0.002018,0
3608,82,"s",264197020,10836,535456,-0.000001,0.000001,0
3609,4948," third",264237618,10837,535456,-0.105585,0.105585,0
3610,26155," fleet",264277252,10838,535456,-0.003461,0.003461,0
3611,574," was",264315891,10839,535456,-0.002071,0.002071,0
3612,6319," designed",264352834,10840,535456,-0.003999,0.003999,0
3613,311," to",264389418,10841,535456,-0.000251,0.000251,0
3614,387," be",264425575,10842,535456,-0.000493,0.000493,0
3615,1524," even",264461449,10843,535456,-0.031139,0.031139,0
3616,810," more",264496677,10844,535456,-0.000040,0.000040,0
3617,8147," powerful",264534139,10845,535456,-0.000216,0.000216,0
3618,1109," than",264571462,10846,535456,-0.001470,0.001470,0
3619,279," the",264621379,10847,535456,-0.000025,0.000025,0
3620,2132," second",264662333,10848,535456,-0.000119,0.000119,0
3621,26155," fleet",264705416,10849,535456,-0.000175,0.000175,0
3622,13,".",264749550,10850,535456,-10.144433,10.144433,0
3623,578," The",264790061,10851,535456,-0.026454,0.026454,0
3624,2955," design",264829928,10852,535456,-0.606495,0.606495,0
3625,315," of",264868731,10853,535456,-0.000707,0.000707,0
3626,279," the",264907182,10854,535456,-0.000500,0.000500,0
3627,358," I",264943813,10855,535456,-0.000039,0.000039,0
3628,41,"J",264981584,10856,535456,-0.000043,0.000043,0
3629,45,"N",265019929,10857,535456,-0.000047,0.000047,0
3630,364," '",265057670,10858,535456,-0.000701,0.000701,0
3631,82,"s",265096027,10859,535456,-0.000002,0.000002,0
3632,4948," third",265136310,10860,535456,-0.064337,0.064337,0
3633,26155," fleet",265176668,10861,535456,-0.000262,0.000262,0
3634,574," was",265216769,10862,535456,-0.001368,0.001368,0
3635,28160," influenced",265254147,10863,535456,-0.000365,0.000365,0
3636,555," by",265291237,10864,535456,-0.000019,0.000019,0
3637,264," a",265328546,10865,535456,-0.000533,0.000533,0
3638,12876," desire",265369344,10866,535456,-0.000056,0.000056,0
3639,311," to",265407323,10867,535456,-0.000007,0.000007,0
3640,10519," maintain",265445681,10868,535456,-0.000078,0.000078,0
3641,264," a",265482972,10869,535456,-0.000013,0.000013,0
3642,3831," strong",265521991,10870,535456,-0.000080,0.000080,0
3643,46398," naval",265560537,10871,535456,-0.000377,0.000377,0
3644,9546," presence",265598719,10872,535456,-0.000024,0.000024,0
3645,304," in",265636468,10873,535456,-0.000003,0.000003,0
3646,279," the",265674510,10874,535456,-0.000041,0.000041,0
3647,16867," Pacific",265715625,10875,535456,-0.000048,0.000048,0
3648,22302," Ocean",265754223,10876,535456,-0.000422,0.000422,0
3649,323," and",265796779,10877,535456,-0.002090,0.002090,0
3650,311," to",265837093,10878,535456,-0.000023,0.000023,0
3651,5663," counter",265876188,10879,535456,-0.000059,0.000059,0
3652,904," any",265914989,10880,535456,-0.000046,0.000046,0
3653,4754," potential",265957009,10881,535456,-0.000008,0.000008,0
3654,18208," threats",265998199,10882,535456,-0.000022,0.000022,0
3655,505," from",266038404,10883,535456,-0.000014,0.000014,0
3656,6457," Japan",266077022,10884,535456,-0.000546,0.000546,0
3657,596,"'s",266114354,10885,535456,-0.000502,0.000502,0
3658,35938," rivals",266150769,10886,535456,-0.000501,0.000501,0
3659,13,".",266187452,10887,535456,-0.045704,0.045704,0
3660,763," In",266224519,10888,535456,-1.014023,1.014023,0
3661,220," ",266261731,10889,535456,-0.000868,0.000868,0
3662,7285,"193",266299942,10890,535456,-0.010550,0.010550,0
3663,19,"4",266337397,10891,535456,-0.001782,0.001782,0
3664,11,",",266375614,10892,535456,-0.001832,0.001832,0
3665,6457," Japan",266421675,10893,535456,-0.001778,0.001778,0
3666,6137," began",266462131,10894,535456,-0.000267,0.000267,0
3667,1202," its",266505964,10895,535456,-0.000115,0.000115,0
3668,1866," own",266545333,10896,535456,-0.000059,0.000059,0
3669,6411," military",266586816,10897,535456,-0.000031,0.000031,0
3670,14800," expansion",266625739,10898,535456,-0.000012,0.000012,0
3671,304," in",266662416,10899,535456,-0.000005,0.000005,0
3672,13936," Asia",266699005,10900,535456,-0.000093,0.000093,0
3673,11,",",266735337,10901,535456,-0.073732,0.073732,0
3674,902," which",266772044,10902,535456,-0.022775,0.022775,0
3675,6197," led",266807840,10903,535456,-0.000075,0.000075,0
3676,311," to",266845383,10904,535456,-0.000001,0.000001,0
3677,459," an",266882921,10905,535456,-0.000215,0.000215,0
3678,5376," increase",266920039,10906,535456,-0.000152,0.000152,0
3679,304," in",266959253,10907,535456,-0.000004,0.000004,0
3680,1202," its",267003570,10908,535456,-0.001475,0.001475,0
3681,46398," naval",267041215,10909,535456,-0.000121,0.000121,0
3682,8246," construction",267077502,10910,535456,-0.000050,0.000050,0
3683,13,".",267114849,10911,535456,-0.015698,0.015698,0
3684,578," The",267156173,10912,535388,-0.000418,0.000418,0
3685,358," I",267193967,10913,535456,-0.002855,0.002855,0
3686,41,"J",267230992,10914,535456,-0.000135,0.000135,0
3687,45,"N",267268378,10915,535456,-0.000053,0.000053,0
3688,364," '",267306905,10916,535456,-0.002348,0.002348,0
3689,82,"s",267345684,10917,535456,-0.000002,0.000002,0
3690,11999," fourth",267383525,10918,535456,-0.001945,0.001945,0
3691,26155," fleet",267421969,10919,535452,-0.001379,0.001379,0
3692,574," was",267459217,10920,535452,-0.000656,0.000656,0
3693,6319," designed",267496334,10921,535456,-0.046610,0.046610,0
3694,311," to",267533184,10922,535456,-0.000165,0.000165,0
3695,387," be",267570328,10923,535456,-0.000017,0.000017,0
3696,1524," even",267607207,10924,535456,-0.001561,0.001561,0
3697,810," more",267644092,10925,535456,-0.000008,0.000008,0
3698,8147," powerful",267680344,10926,535456,-0.000206,0.000206,0
3699,1109," than",267716133,10927,535456,-0.000118,0.000118,0
3700,279," the",267754825,10928,535456,-0.000133,0.000133,0
3701,4948," third",267792499,10929,535456,-0.000697,0.000697,0
3702,26155," fleet",267829358,10930,535456,-0.000207,0.000207,0
3703,382,".

",267869160,10931,535456,-4.929831,4.929831,0
3704,791,"The",267906723,10932,535456,-0.063025,0.063025,0
3705,2955," design",267944122,10933,535456,-0.202812,0.202812,0
3706,315," of",267982106,10934,535456,-0.000138,0.000138,0
3707,279," the",268021880,10935,535456,-0.000469,0.000469,0
3708,358," I",268059272,10936,535456,-0.002130,0.002130,0
3709,41,"J",268096762,10937,535456,-0.016326,0.016326,0
3710,45,"N",268134286,10938,535456,-0.000680,0.000680,0
3711,364," '",268172014,10939,535456,-0.212675,0.212675,0
3712,82,"s",268210630,10940,535456,-0.000002,0.000002,0
3713,11999," fourth",268248268,10941,535456,-0.078144,0.078144,0
3714,26155," fleet",268285759,10942,535456,-0.001689,0.001689,0
3715,574," was",268323586,10943,535336,-0.090527,0.090527,0
3716,28160," influenced",268363920,10944,535456,-0.000668,0.000668,0
3717,555," by",268405611,10945,535456,-0.000043,0.000043,0
3718,264," a",268444961,10946,535456,-0.002152,0.002152,0
3719,12876," desire",268483879,10947,535456,-0.000105,0.000105,0
3720,311," to",268520795,10948,535456,-0.000008,0.000008,0
3721,10519," maintain",268557693,10949,535456,-0.000516,0.000516,0
3722,264," a",268596113,10950,535456,-0.000028,0.000028,0
3723,3831," strong",268633403,10951,535456,-0.000054,0.000054,0
3724,46398," naval",268670687,10952,535456,-0.000443,0.000443,0
3725,9546," presence",268710392,10953,535456,-0.000012,0.000012,0
3726,304," in",268751542,10954,535456,-0.000012,0.000012,0
3727,279," the",268795726,10955,535456,-0.000037,0.000037,0
3728,16867," Pacific",268839070,10956,535456,-0.000197,0.000197,0
3729,22302," Ocean",268885037,10957,535456,-0.000465,0.000465,0
3730,323," and",268925824,10958,535456,-0.000493,0.000493,0
3731,311," to",268965627,10959,535456,-0.000010,0.000010,0
3732,5663," counter",269005290,10960,535456,-0.000115,0.000115,0
3733,904," any",269043919,10961,535456,-0.000073,0.000073,0
3734,4754," potential",269082247,10962,535456,-0.000013,0.000013,0
3735,18208," threats",269120698,10963,535456,-0.000019,0.000019,0
3736,505," from",269161259,10964,535456,-0.000018,0.000018,0
3737,6457," Japan",269205290,10965,535456,-0.000955,0.000955,0
3738,596,"'s",269246000,10966,535456,-0.000154,0.000154,0
3739,35938," rivals",269285448,10967,535456,-0.001224,0.001224,0
3740,13,".",269323271,10968,535456,-0.005169,0.005169,0
3741,763," In",269362857,10969,535456,-0.092852,0.092852,0
3742,220," ",269403638,10970,535456,-0.000663,0.000663,0
3743,6393,"194",269443270,10971,535456,-0.005456,0.005456,0
3744,21,"6",269480727,10972,535456,-0.014014,0.014014,0
3745,11,",",269517656,10973,535456,-0.000328,0.000328,0
3746,6457," Japan",269555357,10974,535456,-0.000191,0.000191,0
3747,6137," began",269591586,10975,535456,-0.000765,0.000765,0
3748,1202," its",269629737,10976,535456,-0.000254,0.000254,0
3749,1866," own",269668439,10977,535456,-0.000005,0.000005,0
3750,6411," military",269707073,10978,535456,-0.000123,0.000123,0
3751,14800," expansion",269749853,10979,535456,-0.000014,0.000014,0
3752,304," in",269792219,10980,535336,-0.000007,0.000007,0
3753,13936," Asia",269829481,10981,535456,-0.000361,0.000361,0
3754,11,",",269869748,10982,535456,-0.000382,0.000382,0
3755,902," which",269909734,10983,535456,-0.000106,0.000106,0
3756,6197," led",269948198,10984,535456,-0.000075,0.000075,0
3757,311," to",269984789,10985,535456,-0.000001,0.000001,0
3758,459," an",270021318,10986,535456,-0.000121,0.000121,0
3759,5376," increase",270058595,10987,535456,-0.000141,0.000141,0
3760,304," in",270097729,10988,535456,-0.000006,0.000006,0
3761,1202," its",270136927,10989,535456,-0.000040,0.000040,0
3762,46398," naval",270175575,10990,535456,-0.000117,0.000117,0
3763,8246," construction",270213440,10991,535456,-0.000014,0.000014,0
3764,13,".",270253456,10992,535456,-0.013362,0.013362,0
3765,578," The",270290828,10993,535456,-0.000341,0.000341,0
3766,358," I",270327701,10994,535456,-0.003215,0.003215,0
3767,41,"J",270366864,10995,535456,-0.000246,0.000246,0
3768,45,"N",270406700,10996,535456,-0.000056,0.000056,0
3769,364," '",270445401,10997,535456,-0.000357,0.000357,0
3770,82,"s",270483923,10998,535456,-0.000003,0.000003,0
3771,18172," fifth",270525974,10999,535456,-0.002171,0.002171,0
3772,26155," fleet",270566244,11000,535456,-0.000441,0.000441,0
3773,574," was",270610563,11001,535456,-0.000756,0.000756,0
3774,6319," designed",270648454,11002,535456,-0.002177,0.002177,0
3775,311," to",270687120,11003,535456,-0.000040,0.000040,0
3776,387," be",270725787,11004,535456,-0.000013,0.000013,0
3777,1524," even",270765733,11005,535456,-0.001770,0.001770,0
3778,810," more",270803930,11006,535456,-0.000009,0.000009,0
3779,8147," powerful",270841674,11007,535456,-0.000141,0.000141,0
3780,1109," than",270879196,11008,535456,-0.000198,0.000198,0
3781,279," the",270916536,11009,535456,-0.000120,0.000120,0
3782,11999," fourth",270955719,11010,535456,-0.000538,0.000538,0
3783,26155," fleet",270992708,11011,535456,-0.000118,0.000118,0
3784,382,".

",271030241,11012,535456,-1.147014,1.147014,0
3785,791,"The",271071138,11013,535456,-0.002721,0.002721,0
3786,2955," design",271111672,11014,535456,-0.002768,0.002768,0
3787,315," of",271151025,11015,535456,-0.000007,0.000007,0
3788,279," the",271189631,11016,535456,-0.000045,0.000045,0
3789,358," I",271226989,11017,535456,-0.000005,0.000005,0
3790,41,"J",271264259,11018,535456,-0.000044,0.000044,0
3791,45,"N",271301598,11019,535456,-0.000064,0.000064,0
3792,364," '",271344238,11020,535456,-0.001761,0.001761,0
3793,82,"s",271381887,11021,535456,-0.000002,0.000002,0
3794,18172," fifth",271419018,11022,535456,-0.001339,0.001339,0
3795,26155," fleet",271457405,11023,535456,-0.000309,0.000309,0
3796,574," was",271498629,11024,535456,-0.000277,0.000277,0
3797,28160," influenced",271536725,11025,535368,-0.000109,0.000109,0
3798,555," by",271578989,11026,535368,-0.000014,0.000014,0
3799,264," a",271619034,11027,535368,-0.000145,0.000145,0
3800,12876," desire",271657722,11028,535368,-0.000022,0.000022,0
3801,311," to",271694232,11029,535368,-0.000007,0.000007,0
3802,10519," maintain",271730760,11030,535368,-0.000042,0.000042,0
3803,264," a",271767318,11031,535368,-0.000015,0.000015,0
3804,3831," strong",271804161,11032,535368,-0.000023,0.000023,0
3805,46398," naval",271840995,11033,535368,-0.000334,0.000334,0
3806,9546," presence",271878415,11034,535368,-0.000009,0.000009,0
3807,304," in",271916299,11035,535368,-0.000006,0.000006,0
3808,279," the",271955658,11036,535368,-0.000005,0.000005,0
3809,16867," Pacific",271993304,11037,535244,-0.000038,0.000038,0
3810,22302," Ocean",272036418,11038,535368,-0.000184,0.000184,0
3811,323," and",272077500,11039,535368,-0.000110,0.000110,0
3812,311," to",272119021,11040,535368,-0.000006,0.000006,0
3813,5663," counter",272159580,11041,535368,-0.000129,0.000129,0
3814,904," any",272196949,11042,535368,-0.000016,0.000016,0
3815,4754," potential",272234419,11043,535368,-0.000013,0.000013,0
3816,18208," threats",272272615,11044,535368,-0.000011,0.000011,0
3817,505," from",272310059,11045,535368,-0.000009,0.000009,0
3818,6457," Japan",272360463,11046,535368,-0.000154,0.000154,0
3819,596,"'s",272401379,11047,535368,-0.000050,0.000050,0
3820,35938," rivals",272442405,11048,535368,-0.000808,0.000808,0
3821,382,".

",272485639,11049,535368,-0.688326,0.688326,0
3822,791,"The",272533818,11050,535368,-0.164551,0.164551,0
3823,2955," design",272573553,11051,535368,-0.395021,0.395021,0
3824,315," of",272612773,11052,535368,-0.000328,0.000328,0
3825,279," the",272649655,11053,535368,-0.001157,0.001157,0
3826,358," I",272687185,11054,535368,-0.000709,0.000709,0
3827,41,"J",272723903,11055,535368,-0.002854,0.002854,0
3828,45,"N",272759915,11056,535368,-0.000386,0.000386,0
3829,364," '",272795197,11057,535368,-0.033450,0.033450,0
3830,82,"s",272832634,11058,535368,-0.000002,0.000002,0
3831,26084," sixth",272871755,11059,535368,-1.193563,1.193563,0
3832,323," and",272909006,11060,535368,-3.014427,3.014427,0
3833,31487," seventh",272950956,11061,535368,-0.678775,0.678775,0
3834,91749," fleets",272989564,11062,535368,-0.122417,0.122417,0
3835,11,",",273030071,11063,535368,-1.159793,1.159793,0
3836,902," which",273069752,11064,535368,-0.029763,0.029763,0
3837,1051," were",273107459,11065,535368,-0.002066,0.002066,0
3838,5918," built",273143290,11066,535368,-0.015352,0.015352,0
3839,1990," between",273180389,11067,535368,-0.228192,0.228192,0
3840,220," ",273218116,11068,535332,-0.000393,0.000393,0
3841,6280,"195",273255088,11069,535332,-0.261791,0.261791,0
3842,15,"0",273294092,11070,535368,-0.062778,0.062778,0
3843,323," and",273331617,11071,535368,-0.000066,0.000066,0
3844,220," ",273373108,11072,535368,-0.000011,0.000011,0
3845,6280,"195",273411888,11073,535292,-0.013923,0.013923,0
3846,17,"2",273455583,11074,535432,-0.012661,0.012661,0
3847,11,",",273495610,11075,535368,-0.035138,0.035138,0
3848,449," with",273535515,11076,535368,-2.490758,2.490758,0
3849,8223," eight",273574621,11077,535368,-0.003414,0.003414,0
3850,6617," modern",273613454,11078,535244,-0.000055,0.000055,0
3851,25572," battles",273650643,11079,535368,-0.000271,0.000271,0
3852,34322,"hips",273687533,11080,535368,-0.000731,0.000731,0
3853,11,",",273725014,11081,535368,-0.001284,0.001284,0
3854,1855," each",273762154,11082,535368,-0.000134,0.000134,0
3855,315," of",273799332,11083,535328,-0.000060,0.000060,0
3856,220," ",273837358,11084,535416,-0.000011,0.000011,0
3857,508,"20",273877289,11085,535416,-0.000640,0.000640,0
3858,11,",",273929430,11086,535456,-0.000003,0.000003,0
3859,931,"000",273970288,11087,535456,-0.000050,0.000050,0
3860,1317," long",274009931,11088,535456,-0.000020,0.000020,0
3861,20181," tons",274048089,11089,535456,-0.000156,0.000156,0
3862,320," (",274085966,11090,535456,-0.000205,0.000205,0
3863,220," ",274124553,11091,535456,-0.001321,0.001321,0
3864,508,"20",274162068,11092,535456,-0.000034,0.000034,0
3865,11,",",274199173,11093,535456,-0.000056,0.000056,0
3866,14423,"321",274236451,11094,535456,-0.001201,0.001201,0
3867,259," t",274277574,11095,535456,-0.000080,0.000080,0
3868,883," )",274316702,11096,535456,-0.067898,0.067898,0
3869,1174," ,",274354517,11097,535456,-0.000674,0.000674,0
3870,574," was",274397642,11098,535456,-7.667078,7.667078,0
3871,28160," influenced",274438229,11099,535456,-0.024890,0.024890,0
3872,555," by",274476372,11100,535456,-0.001282,0.001282,0
3873,264," a",274513996,11101,535456,-0.021884,0.021884,0
3874,12876," desire",274550838,11102,535456,-0.001066,0.001066,0
3875,311," to",274587446,11103,535456,-0.000484,0.000484,0
3876,10519," maintain",274624359,11104,535456,-0.006067,0.006067,0
3877,264," a",274659881,11105,535456,-0.000461,0.000461,0
3878,3831," strong",274696381,11106,535456,-0.000105,0.000105,0
3879,46398," naval",274733880,11107,535456,-0.005063,0.005063,0
3880,9546," presence",274772722,11108,535456,-0.000022,0.000022,0
3881,304," in",274810122,11109,535456,-0.000606,0.000606,0
3882,279," the",274855785,11110,535456,-0.000078,0.000078,0
3883,16867," Pacific",274896886,11111,535444,-0.000705,0.000705,0
3884,22302," Ocean",274939849,11112,535456,-0.003566,0.003566,0
3885,13,".",274978942,11113,535456,-5.212159,5.212159,0
3886,578," The",275016969,11114,535456,-0.018003,0.018003,0
3887,2955," design",275053991,11115,535456,-0.434614,0.434614,0
3888,315," of",275091551,11116,535456,-0.027816,0.027816,0
3889,279," the",275128664,11117,535456,-0.003047,0.003047,0
3890,358," I",275166402,11118,535456,-0.000251,0.000251,0
3891,41,"J",275206283,11119,535456,-0.000286,0.000286,0
3892,45,"N",275246313,11120,535456,-0.000127,0.000127,0
3893,364," '",275286251,11121,535456,-0.003771,0.003771,0
3894,82,"s",275325628,11122,535456,-0.000003,0.000003,0
3895,26084," sixth",275369657,11123,535456,-0.069707,0.069707,0
3896,26155," fleet",275406116,11124,535456,-1.029357,1.029357,0
3897,574," was",275442953,11125,535456,-0.004429,0.004429,0
3898,28160," influenced",275479025,11126,535456,-0.004208,0.004208,0
3899,555," by",275515435,11127,535456,-0.000239,0.000239,0
3900,264," a",275552004,11128,535456,-0.011428,0.011428,0
3901,12876," desire",275589772,11129,535456,-0.002020,0.002020,0
3902,311," to",275629047,11130,535456,-0.000455,0.000455,0
3903,5663," counter",275668201,11131,535456,-0.874627,0.874627,0
3904,904," any",275706066,11132,535456,-0.061513,0.061513,0
3905,4754," potential",275750033,11133,535456,-0.000626,0.000626,0
3906,18208," threats",275789912,11134,535456,-0.001353,0.001353,0
3907,505," from",275829505,11135,535456,-0.000499,0.000499,0
3908,6457," Japan",275867749,11136,535456,-0.311083,0.311083,0
3909,596,"'s",275906373,11137,535332,-0.000234,0.000234,0
3910,35938," rivals",275943645,11138,535456,-0.008861,0.008861,0
3911,382,".

",275980551,11139,535456,-1.695690,1.695690,0
3912,791,"The",276017175,11140,535456,-0.010062,0.010062,0
3913,2955," design",276054778,11141,535456,-0.036352,0.036352,0
3914,315," of",276092414,11142,535456,-0.000030,0.000030,0
3915,279," the",276130967,11143,535456,-0.000011,0.000011,0
3916,358," I",276174742,11144,535456,-0.000015,0.000015,0
3917,41,"J",276212211,11145,535456,-0.000217,0.000217,0
3918,45,"N",276252910,11146,535456,-0.000101,0.000101,0
3919,364," '",276293587,11147,535456,-0.002384,0.002384,0
3920,82,"s",276334049,11148,535456,-0.000003,0.000003,0
3921,31487," seventh",276373617,11149,535456,-0.595038,0.595038,0
3922,26155," fleet",276411968,11150,535456,-0.019601,0.019601,0
3923,574," was",276453248,11151,535456,-0.025950,0.025950,0
3924,28160," influenced",276494569,11152,535456,-0.000922,0.000922,0
3925,555," by",276535535,11153,535456,-0.000107,0.000107,0
3926,264," a",276573882,11154,535456,-0.002505,0.002505,0
3927,12876," desire",276615674,11155,535456,-0.000164,0.000164,0
3928,311," to",276657676,11156,535456,-0.000152,0.000152,0
3929,10519," maintain",276697803,11157,535456,-0.042812,0.042812,0
3930,264," a",276737141,11158,535456,-0.000125,0.000125,0
3931,3831," strong",276775508,11159,535456,-0.000075,0.000075,0
3932,46398," naval",276813154,11160,535456,-0.001033,0.001033,0
3933,9546," presence",276850993,11161,535456,-0.000012,0.000012,0
3934,304," in",276889057,11162,535456,-0.000169,0.000169,0
3935,279," the",276927487,11163,535456,-0.000018,0.000018,0
3936,16867," Pacific",276965422,11164,535456,-0.000109,0.000109,0
3937,22302," Ocean",277003259,11165,535456,-0.000658,0.000658,0
3938,323," and",277041316,11166,535456,-0.304803,0.304803,0
3939,311," to",277081329,11167,535456,-0.000409,0.000409,0
3940,5663," counter",277119565,11168,535456,-0.001494,0.001494,0
3941,904," any",277159582,11169,535456,-0.000399,0.000399,0
3942,4754," potential",277201356,11170,535456,-0.000024,0.000024,0
3943,18208," threats",277240747,11171,535456,-0.000051,0.000051,0
3944,505," from",277279058,11172,535456,-0.000074,0.000074,0
3945,6457," Japan",277317150,11173,535456,-0.000554,0.000554,0
3946,596,"'s",277354775,11174,535456,-0.000046,0.000046,0
3947,35938," rivals",277392391,11175,535456,-0.001720,0.001720,0
3948,382,".

",277431256,11176,535456,-0.103695,0.103695,0
3949,791,"The",277469121,11177,535456,-0.029726,0.029726,0
3950,2955," design",277509698,11178,535456,-0.062137,0.062137,0
3951,315," of",277549886,11179,535456,-0.000045,0.000045,0
3952,279," the",277590057,11180,535456,-0.000090,0.000090,0
3953,358," I",277630584,11181,535456,-0.000051,0.000051,0
3954,41,"J",277668138,11182,535456,-0.000317,0.000317,0
3955,45,"N",277705727,11183,535456,-0.000126,0.000126,0
3956,364," '",277742350,11184,535456,-0.005634,0.005634,0
3957,82,"s",277778101,11185,535456,-0.000002,0.000002,0
3958,37477," eighth",277813670,11186,535456,-0.362439,0.362439,0
3959,323," and",277848740,11187,535456,-0.717748,0.717748,0
3960,43641," ninth",277884376,11188,535456,-0.115676,0.115676,0
3961,91749," fleets",277920557,11189,535456,-0.004401,0.004401,0
3962,11,",",277957632,11190,535456,-0.000168,0.000168,0
3963,902," which",277997907,11191,535456,-0.000220,0.000220,0
3964,1051," were",278036449,11192,535456,-0.001042,0.001042,0
3965,5918," built",278074971,11193,535456,-0.000465,0.000465,0
3966,1990," between",278115859,11194,535456,-0.018566,0.018566,0
3967,220," ",278157433,11195,535456,-0.000010,0.000010,0
3968,5162,"196",278196437,11196,535456,-0.392156,0.392156,0
3969,15,"0",278235888,11197,535456,-0.112117,0.112117,0
3970,323," and",278273988,11198,535456,-0.000221,0.000221,0
3971,220," ",278314402,11199,535456,-0.000006,0.000006,0
3972,5162,"196",278355208,11200,535456,-0.002477,0.002477,0
3973,17,"2",278394692,11201,535456,-0.888541,0.888541,0
3974,11,",",278432629,11202,535456,-0.004153,0.004153,0
3975,449," with",278470959,11203,535456,-0.023826,0.023826,0
3976,8223," eight",278508098,11204,535456,-0.005869,0.005869,0
3977,6617," modern",278549046,11205,535456,-0.000107,0.000107,0
3978,25572," battles",278587067,11206,535456,-0.006587,0.006587,0
3979,34322,"hips",278625412,11207,535456,-0.001000,0.001000,0
3980,11,",",278662302,11208,535456,-0.001389,0.001389,0
3981,1855," each",278699598,11209,535456,-0.000373,0.000373,0
3982,315," of",278736550,11210,535456,-0.000076,0.000076,0
3983,220," ",278773914,11211,535456,-0.000011,0.000011,0
3984,508,"20",278811390,11212,535456,-0.041732,0.041732,0
3985,11,",",278849348,11213,535456,-0.000002,0.000002,0
3986,931,"000",278887222,11214,535456,-0.000467,0.000467,0
3987,1317," long",278925115,11215,535456,-0.000038,0.000038,0
3988,20181," tons",278965646,11216,535456,-0.000172,0.000172,0
3989,320," (",279006138,11217,535456,-0.000238,0.000238,0
3990,220," ",279046181,11218,535456,-0.000091,0.000091,0
3991,508,"20",279087815,11219,535456,-0.000235,0.000235,0
3992,11,",",279128627,11220,535456,-0.000028,0.000028,0
3993,14423,"321",279169328,11221,535456,-0.001018,0.001018,0
3994,259," t",279209466,11222,535456,-0.000048,0.000048,0
3995,883," )",279248889,11223,535456,-0.029562,0.029562,0
3996,1174," ,",279285973,11224,535456,-0.002735,0.002735,0
3997,574," was",279323501,11225,535456,-0.216113,0.216113,0
3998,28160," influenced",279361556,11226,535456,-0.000207,0.000207,0
3999,555," by",279405206,11227,535456,-0.000039,0.000039,0
4000,264," a",279443591,11228,535456,-0.000892,0.000892,0
4001,12876," desire",279491798,11229,535456,-0.000123,0.000123,0
4002,311," to",279533043,11230,535456,-0.000111,0.000111,0
4003,10519," maintain",279573232,11231,535456,-0.045303,0.045303,0
4004,264," a",279613069,11232,535456,-0.000205,0.000205,0
4005,3831," strong",279653234,11233,535456,-0.000098,0.000098,0
4006,46398," naval",279690803,11234,535456,-0.001368,0.001368,0
4007,9546," presence",279730859,11235,535456,-0.000032,0.000032,0
4008,304," in",279773397,11236,535456,-0.000284,0.000284,0
4009,279," the",279812200,11237,535456,-0.000013,0.000013,0
4010,16867," Pacific",279851347,11238,535456,-0.000559,0.000559,0
4011,22302," Ocean",279890571,11239,535456,-0.006953,0.006953,0
4012,13,".",279931620,11240,535456,-1.596161,1.596161,0
4013,578," The",279969903,11241,535456,-0.000664,0.000664,0
4014,2955," design",280012675,11242,535456,-0.000707,0.000707,0
4015,315," of",280051547,11243,535456,-0.000441,0.000441,0
4016,279," the",280088771,11244,535456,-0.000023,0.000023,0
4017,358," I",280126279,11245,535456,-0.000010,0.000010,0
4018,41,"J",280164171,11246,535456,-0.000023,0.000023,0
4019,45,"N",280200993,11247,535456,-0.000051,0.000051,0
4020,364," '",280236406,11248,535456,-0.001325,0.001325,0
4021,82,"s",280274298,11249,535456,-0.000004,0.000004,0
4022,37477," eighth",280313306,11250,535456,-0.003445,0.003445,0
4023,26155," fleet",280351215,11251,535456,-0.000148,0.000148,0
4024,574," was",280389329,11252,535456,-0.000436,0.000436,0
4025,28160," influenced",280429345,11253,535456,-0.000150,0.000150,0
4026,555," by",280470751,11254,535456,-0.000026,0.000026,0
4027,264," a",280509827,11255,535456,-0.001021,0.001021,0
4028,12876," desire",280550959,11256,535456,-0.000212,0.000212,0
4029,311," to",280589108,11257,535456,-0.000335,0.000335,0
4030,5663," counter",280629802,11258,535456,-0.029942,0.029942,0
4031,904," any",280670077,11259,535456,-0.001495,0.001495,0
4032,4754," potential",280710857,11260,535456,-0.000066,0.000066,0
4033,18208," threats",280749880,11261,535456,-0.000152,0.000152,0
4034,505," from",280788674,11262,535456,-0.000103,0.000103,0
4035,6457," Japan",280835460,11263,535456,-0.006852,0.006852,0
4036,596,"'s",280876875,11264,535456,-0.000098,0.000098,0
4037,35938," rivals",280919072,11265,535456,-0.002884,0.002884,0
4038,382,".

",280960970,11266,535456,-0.031141,0.031141,0
4039,791,"The",280998809,11267,535456,-0.001564,0.001564,0
4040,2955," design",281036026,11268,535456,-0.000044,0.000044,0
4041,315," of",281074516,11269,535456,-0.000004,0.000004,0
4042,279," the",281111593,11270,535456,-0.000002,0.000002,0
4043,358," I",281148948,11271,535456,-0.000002,0.000002,0
4044,41,"J",281186884,11272,535456,-0.000063,0.000063,0
4045,45,"N",281225556,11273,535456,-0.000060,0.000060,0
4046,364," '",281263500,11274,535456,-0.000632,0.000632,0
4047,82,"s",281302023,11275,535456,-0.000003,0.000003,0
4048,43641," ninth",281343557,11276,535456,-0.126301,0.126301,0
4049,26155," fleet",281389618,11277,535456,-0.002539,0.002539,0
4050,574," was",281433802,11278,535456,-0.000538,0.000538,0
4051,28160," influenced",281474842,11279,535456,-0.000174,0.000174,0
4052,555," by",281514857,11280,535456,-0.000015,0.000015,0
4053,264," a",281552846,11281,535456,-0.000074,0.000074,0
4054,12876," desire",281599452,11282,535456,-0.000036,0.000036,0
4055,311," to",281641247,11283,535456,-0.000020,0.000020,0
4056,10519," maintain",281683100,11284,535456,-0.000562,0.000562,0
4057,264," a",281724194,11285,535456,-0.000028,0.000028,0
4058,3831," strong",281765766,11286,535456,-0.000041,0.000041,0
4059,46398," naval",281804140,11287,535456,-0.000418,0.000418,0
4060,9546," presence",281843637,11288,535456,-0.000013,0.000013,0
4061,304," in",281882986,11289,535456,-0.000013,0.000013,0
4062,279," the",281920672,11290,535456,-0.000004,0.000004,0
4063,16867," Pacific",281959497,11291,535456,-0.000036,0.000036,0
4064,22302," Ocean",281997486,11292,535456,-0.000259,0.000259,0
4065,323," and",282037658,11293,535456,-0.026267,0.026267,0
4066,311," to",282078937,11294,535456,-0.000059,0.000059,0
4067,5663," counter",282118774,11295,535456,-0.000330,0.000330,0
4068,904," any",282157238,11296,535456,-0.000041,0.000041,0
4069,4754," potential",282195077,11297,535456,-0.000015,0.000015,0
4070,18208," threats",282244349,11298,535456,-0.000018,0.000018,0
4071,505," from",282290743,11299,535456,-0.000031,0.000031,0
4072,6457," Japan",282334122,11300,535456,-0.000117,0.000117,0
4073,596,"'s",282375011,11301,535456,-0.000026,0.000026,0
4074,35938," rivals",282415144,11302,535456,-0.001355,0.001355,0
4075,382,".

",282453957,11303,535456,-0.013325,0.013325,0
4076,791,"The",282491683,11304,535456,-0.012469,0.012469,0
4077,2955," design",282530116,11305,535456,-0.066076,0.066076,0
4078,315," of",282569431,11306,535456,-0.000066,0.000066,0
4079,279," the",282609454,11307,535456,-0.000372,0.000372,0
4080,358," I",282650277,11308,535456,-0.000189,0.000189,0
4081,41,"J",282690050,11309,535456,-0.000651,0.000651,0
4082,45,"N",282730970,11310,535456,-0.000342,0.000342,0
4083,364," '",282770731,11311,535456,-0.012606,0.012606,0
4084,82,"s",282808474,11312,535456,-0.000001,0.000001,0
4085,56766," tenth",282846789,11313,535456,-0.159771,0.159771,0
4086,323," and",282884635,11314,535456,-0.696514,0.696514,0
4087,10732," ele",282922206,11315,535456,-0.022453,0.022453,0
4088,45707,"venth",282960070,11316,535456,-0.000298,0.000298,0
4089,91749," fleets",282999522,11317,535456,-0.004957,0.004957,0
4090,11,",",283038366,11318,535456,-0.000164,0.000164,0
4091,902," which",283078761,11319,535420,-0.000081,0.000081,0
4092,1051," were",283118007,11320,535408,-0.001189,0.001189,0
4093,5918," built",283156652,11321,535408,-0.000346,0.000346,0
4094,1990," between",283200841,11322,535420,-0.007257,0.007257,0
4095,220," ",283241631,11323,535420,-0.000004,0.000004,0
