wall_clock_s,monotonic_s,cpullc-0-0_temp_mc,cpullc-0-1_temp_mc,cpu-0-2-1_temp_mc,cpu-0-3-0_temp_mc,cpu-0-3-1_temp_mc,cpu-0-4-0_temp_mc,cpu-0-4-1_temp_mc,cpu-0-5-0_temp_mc,cpu-0-5-1_temp_mc,cpullc-1-0_temp_mc,cpullc-1-1_temp_mc,qmx-1-0_temp_mc,qmx-0-0_temp_mc,qmx-1-1_temp_mc,qmx-1-2_temp_mc,qmx-1-3_temp_mc,qmx-1-4_temp_mc,cpu-1-0-0_temp_mc,cpu-1-0-1_temp_mc,cpu-1-1-0_temp_mc,cpu-1-1-1_temp_mc,nsphvx-0_temp_mc,nsphvx-1_temp_mc,qmx-0-1_temp_mc,nsphvx-2_temp_mc,nsphvx-3_temp_mc,nsphmx-0_temp_mc,nsphmx-1_temp_mc,nsphmx-2_temp_mc,nsphmx-3_temp_mc,gpuss-0_temp_mc,gpuss-1_temp_mc,gpuss-2_temp_mc,gpuss-3_temp_mc,qmx-0-2_temp_mc,gpuss-4_temp_mc,gpuss-5_temp_mc,gpuss-6_temp_mc,gpuss-7_temp_mc,gpuss-8_temp_mc,gpuss-9_temp_mc,gpuss-10_temp_mc,ddr_temp_mc,mdmss-0_temp_mc,mdmss-1_temp_mc,cpu-0-0-0_temp_mc,mdmss-2_temp_mc,mdmss-3_temp_mc,camera-0_temp_mc,camera-1_temp_mc,video_temp_mc,pmh0104_tz_temp_mc,socd_temp_mc,pmh0101-bcl-lvl0_temp_mc,pmr735d_tz_temp_mc,sys-therm-0_temp_mc,cpu-0-0-1_temp_mc,cpu-hw-trip-0_temp_mc,pmh0101-bcl-lvl1_temp_mc,shell_front_temp_mc,pm8010m_tz_temp_mc,wireless_temp_mc,sys-therm-2_temp_mc,cpu-hw-trip-1_temp_mc,shell_frame_temp_mc,pmh0101-bcl-lvl2_temp_mc,shell_back_temp_mc,cpu-0-1-0_temp_mc,sys-therm-3_temp_mc,vbat_temp_mc,sys-therm-4_temp_mc,pmih010x-ibat-lvl0_temp_mc,sys-therm-5_temp_mc,pmih010x-ibat-lvl1_temp_mc,sys-therm-6_temp_mc,sys-therm-7_temp_mc,pmih010x-bcl-lvl0_temp_mc,sys-therm-9_temp_mc,cpu-0-1-1_temp_mc,pmih010x-bcl-lvl1_temp_mc,sys-therm-12_temp_mc,pmih010x-bcl-lvl2_temp_mc,flash_temp_temp_mc,board_temp_temp_mc,svooc_mos_btb_usr_temp_mc,pmh0101_tz_temp_mc,pmh0110_d_tz_temp_mc,pmh0110_f_tz_temp_mc,pmh0110_g_tz_temp_mc,cpu-0-2-0_temp_mc,pmh0110_i_tz_temp_mc,pmih010x_tz_temp_mc,pmih010x_lite_tz_temp_mc,battery_temp_mc,usb_temp_mc,sdr0_pa_temp_mc,sdr0_temp_mc,mmw_ific0_temp_mc,sda_w_completed,sda_w_merged,sda_sectors_w,sda_ms_w,sdb_w_completed,sdb_w_merged,sdb_sectors_w,sdb_ms_w,sdc_w_completed,sdc_w_merged,sdc_sectors_w,sdc_ms_w,sdd_w_completed,sdd_w_merged,sdd_sectors_w,sdd_ms_w,sde_w_completed,sde_w_merged,sde_sectors_w,sde_ms_w,sdf_w_completed,sdf_w_merged,sdf_sectors_w,sdf_ms_w,sda_w_completed,sda_w_merged,sda_sectors_w,sda_ms_w,mem_total_kb,mem_free_kb,mem_avail_kb,psi_cpu_a10,psi_mem_a10,psi_io_a10,vmstat_pswpout,vmstat_pgmajfault,vmstat_pgpgout,vmstat_pswpin,probe_pid,probe_write_bytes,probe_read_bytes,cpu0_freq_hz,cpu1_freq_hz,cpu2_freq_hz,cpu3_freq_hz,cpu4_freq_hz,cpu5_freq_hz,cpu6_freq_hz,cpu7_freq_hz,cpu0_cool_state,cpu1_cool_state,cpu2_cool_state,cpu3_cool_state,cpu4_cool_state,cpu5_cool_state,cpu6_cool_state,cpu7_cool_state,gpu_busy_us,gpu_total_us,bat_current_ma,bat_voltage_mv,bat_phone_temp_dc,usb_online,usb_current_ua,usb_voltage_uv,bat_charge_uah,bat_power_now_uw,bat_current_now_ua,bat_voltage_now_uv,bat_status,gpu_clk_hz
1784645955.895015456,1264.10,37000,37000,37400,36200,35800,36600,36600,37000,37000,34900,35600,35200,36300,35200,35200,35200,35600,34900,34900,35200,36000,34100,34500,36600,34500,34500,33700,34500,33700,34100,35100,35900,35500,34700,36300,35100,35500,34700,35100,35900,35100,35500,35500,34900,34500,36600,34500,34900,34500,34900,34900,37000,0,0,37000,33496,36600,95000,0,32736,37000,32500,34671,95000,31790,0,31969,37700,32577,0,34334,0,34422,0,35909,33747,0,34340,37700,0,36596,0,33896,34230,34294,34228,34361,33893,35331,36600,34027,33592,58468,32500,3100,-273000,-273000,-273000,93418,851,2678904,100257,0,0,0,0,0,0,0,0,0,0,0,0,0,0,0,0,387,7329,111624,251,93418,851,2678904,100257,15475008,1416056,10486448,5.09,0.00,0.00,425422,124253,3096972,106214,,,,1440000,1440000,1440000,1440000,1440000,1440000,883200,883200,0,,,,,,0,,80147,1001373,0,4953,320,1,166000,5018000,7014000,0,0,4474000,Notcharging,222000000
1784645956.407313581,1264.61,35900,36300,36200,35400,35800,36200,35800,36200,35800,35200,35600,35600,35900,36000,35200,35600,35200,35600,35600,35200,36000,34100,34500,36300,34500,34500,34100,34500,34100,34500,35900,35500,35500,34700,36300,35100,35500,35100,35900,36300,35500,35500,35900,35200,35200,35800,34500,34500,34500,34900,35200,37000,0,0,37000,33483,36200,95000,0,32736,37000,32500,34697,95000,31790,0,31969,36200,32554,0,34377,0,34435,0,35995,33755,0,34349,36200,0,36586,0,33915,34230,34313,34328,34261,33826,35097,36200,33927,33559,58435,32500,3100,-273000,-273000,-273000,93420,851,2678936,100258,0,0,0,0,0,0,0,0,0,0,0,0,0,0,0,0,387,7329,111624,251,93420,851,2678936,100258,15475008,1068104,9462628,6.34,0.00,0.00,425422,124255,3096972,106215,,,,1324800,1324800,1324800,1324800,1324800,1324800,883200,883200,0,,,,,,0,,0,0,0,4953,320,1,291000,4993000,7014000,0,0,4474000,Notcharging,191000000
1784645956.743481289,1264.95,35900,35900,36200,35800,36200,35800,36200,36200,35800,35600,35600,36000,36300,36000,35200,35600,35600,35600,35600,34900,36000,34500,34500,36300,34500,34500,34100,34500,34500,34900,35900,36300,35500,35500,36300,35500,35900,35500,35900,36600,35900,35900,36300,35600,34900,35400,34900,34900,34900,34900,35200,37000,0,0,37000,33496,36200,95000,0,32736,37000,32500,34715,95000,31790,0,31969,36200,32569,0,34402,0,34419,0,35903,33761,0,34351,35800,0,36602,0,33890,34227,34324,34361,34328,33960,35064,36600,33960,33659,58435,32500,3100,-273000,-273000,-273000,93420,851,2678936,100258,0,0,0,0,0,0,0,0,0,0,0,0,0,0,0,0,387,7329,111624,251,93420,851,2678936,100258,15475008,1080416,9473628,6.34,0.00,0.00,425422,124256,3096972,106216,,,,384000,384000,384000,384000,384000,384000,883200,883200,0,,,,,,0,,0,0,0,4953,320,1,78000,5031000,7014000,0,0,4474000,Notcharging,160000000
1784645957.204720924,1265.41,35900,35900,35800,35800,35800,35800,35800,36200,35400,34900,35600,35600,35900,35600,35600,35200,35600,35200,35200,34900,35600,34500,34900,36300,34900,34500,34500,34500,34500,34900,35500,35900,35500,34700,36300,35500,35900,35500,35500,36300,35500,35500,36300,35600,35200,35400,34900,34900,34900,35200,35200,37000,0,0,37000,33493,35800,95000,0,32736,37000,32500,34717,95000,31683,0,31969,35400,32551,0,34397,0,34449,0,35941,33768,0,34357,35400,0,36602,0,33893,34233,34346,34562,34294,33893,35064,35800,33960,33659,58334,32500,3100,-273000,-273000,-273000,93420,851,2678936,100258,0,0,0,0,0,0,0,0,0,0,0,0,0,0,0,0,387,7329,111624,251,93420,851,2678936,100258,15475008,966448,8902720,6.34,0.00,0.00,425422,124256,3096972,106216,,,,384000,384000,384000,384000,384000,384000,883200,883200,0,,,,,,0,,0,0,0,4953,320,1,159000,5018000,7014000,0,0,4474000,Notcharging,461000000
1784645957.677891028,1265.88,35100,35500,35400,35000,35000,35400,35400,35400,35000,35200,35200,35600,35500,34900,35600,35600,35200,35600,35200,34900,35600,34500,34900,35900,34900,34500,34100,34500,34500,34900,35900,35500,35500,34700,35900,35100,35900,35100,35500,35500,35500,35900,35500,35600,35200,35400,34500,34900,34500,35200,34900,37000,0,0,37000,33493,35800,95000,0,32736,37000,32500,34725,95000,31683,0,31969,35400,32556,0,34410,0,34473,0,35977,33761,0,34359,35400,0,36590,0,33902,34224,34367,34462,34328,33994,35064,35400,34027,33759,58166,32500,3100,-273000,-273000,-273000,93420,851,2678936,100258,0,0,0,0,0,0,0,0,0,0,0,0,0,0,0,0,387,7329,111624,251,93420,851,2678936,100258,15475008,965092,8901280,6.34,0.00,0.00,425422,124256,3096972,106216,,,,384000,384000,384000,384000,384000,384000,883200,883200,0,,,,,,0,,0,0,0,4953,320,1,78000,5036000,7014000,0,0,4474000,Notcharging,461000000
1784645958.145990507,1266.35,35500,35100,35400,35000,35000,35400,35800,35400,35400,34500,35200,34900,35100,35200,34900,35200,35200,35200,35200,34900,35200,34500,34900,35500,34900,34900,33700,34500,34100,34500,35500,35900,35100,34700,35500,35100,35500,34700,35500,35900,35500,35500,35500,35600,34900,35000,34500,34900,34500,34900,34500,37000,0,0,37000,33493,35800,95000,0,32736,37000,32500,34733,95000,31683,0,31969,35400,32551,0,34419,0,34489,0,35966,33752,0,34367,35000,0,36562,0,33893,34210,34400,34328,34361,33927,35064,35400,33960,33325,58300,32500,3100,-273000,-273000,-273000,93420,851,2678936,100258,0,0,0,0,0,0,0,0,0,0,0,0,0,0,0,0,387,7329,111624,251,93420,851,2678936,100258,15475008,964088,8900264,6.34,0.00,0.00,425422,124256,3096972,106216,,,,384000,384000,384000,384000,384000,384000,883200,883200,0,,,,,,0,,0,0,0,4953,320,1,75000,5032000,7014000,0,0,4474000,Notcharging,461000000
1784645958.620968424,1266.82,35100,35100,35800,35400,35000,35000,35000,35400,35000,34900,35600,35200,35500,35200,34900,34900,35200,35200,34900,34900,35200,34500,34900,35500,34500,34500,34100,34500,34100,34900,35100,35500,35500,34700,35500,35100,35500,34700,35100,35900,35100,35100,35500,35200,34900,35000,34500,34900,34500,35200,34900,37000,0,0,37000,33490,35400,95000,0,32736,37000,32500,34741,95000,31683,0,31969,35400,32542,0,34438,0,34498,0,35963,33771,0,34373,35000,0,36580,0,33912,34243,34406,34395,34294,33893,34830,35800,34027,34027,58334,32500,3100,-273000,-273000,-273000,93420,851,2678936,100258,0,0,0,0,0,0,0,0,0,0,0,0,0,0,0,0,387,7329,111624,251,93420,851,2678936,100258,15475008,959332,8895496,6.82,0.00,0.00,425422,124256,3096972,106216,,,,384000,384000,384000,384000,384000,384000,883200,883200,0,,,,,,0,,0,0,0,4953,320,1,162000,5023000,7014000,0,0,4474000,Notcharging,461000000
1784645959.088509778,1267.29,35900,35500,35800,35800,35400,35800,35800,35800,35400,34900,35600,35200,35500,35200,34900,35200,35200,35200,35200,34900,35200,34500,34500,35900,34900,34500,34100,34900,34500,34900,35500,35500,35100,34700,35900,35100,35500,34700,35500,35500,35100,35500,35500,35200,34900,35400,34500,35200,34900,34900,35200,37000,0,0,37000,33483,35800,95000,0,32736,37000,32500,34752,95000,31683,0,31969,35400,32527,0,34407,0,34525,0,35948,33768,0,34370,35400,0,36577,0,33899,34227,34413,34428,34395,33994,35130,35800,33893,33659,58300,32500,3100,-273000,-273000,-273000,93420,851,2678936,100258,0,0,0,0,0,0,0,0,0,0,0,0,0,0,0,0,387,7329,111624,251,93420,851,2678936,100258,15475008,967296,8903460,6.82,0.00,0.00,425422,124256,3096972,106216,,,,384000,384000,384000,384000,384000,384000,883200,883200,0,,,,,,0,,0,0,0,4953,320,1,147000,5010000,7014000,0,0,4474000,Notcharging,461000000
1784645959.578393475,1267.78,35500,35500,35800,35400,35400,35400,35800,35800,35000,34900,35200,35200,35900,35200,35200,35200,35200,35200,34900,34900,35600,34900,34900,35900,34900,34500,34100,34500,34500,34900,35500,35500,35100,34700,35900,35100,35500,34700,35100,35500,35100,35900,35900,35600,35200,35000,34500,34900,34500,34900,34900,37000,0,0,37000,33483,35400,95000,0,32736,37000,32500,34774,95000,31683,0,31969,35400,32548,0,34425,0,34535,0,35925,33764,0,34396,35000,0,36615,0,33884,34240,34435,34495,34462,33893,34863,35800,34027,33392,58267,32500,3100,-273000,-273000,-273000,93439,851,2679272,100265,0,0,0,0,0,0,0,0,0,0,0,0,0,0,0,0,387,7329,111624,251,93439,851,2679272,100265,15475008,917472,8853636,6.82,0.00,0.00,425422,124256,3097140,106216,,,,384000,384000,384000,384000,384000,384000,883200,883200,0,,,,,,0,,0,0,0,4953,320,1,131000,5020000,7014000,0,0,4474000,Notcharging,461000000
1784645960.050032277,1268.25,35500,35500,35400,35000,35000,35000,35400,35400,35000,35200,35200,35200,35500,35200,34900,35200,35200,35600,35200,34900,35200,34500,34500,35500,34900,34500,34100,34900,34500,34900,35500,35500,35500,34700,35500,35500,35900,34700,35100,35500,35100,35100,35500,35200,34900,35000,34500,34900,34900,35200,34900,37000,0,0,37000,33496,35800,95000,0,32736,37000,32500,34760,95000,31683,0,31969,35000,32530,0,34435,0,34558,0,35928,33782,0,34399,35400,0,36622,0,33902,34243,34453,34428,34361,33893,35030,35400,34161,33860,58166,32500,3100,-273000,-273000,-273000,93439,851,2679272,100265,0,0,0,0,0,0,0,0,0,0,0,0,0,0,0,0,387,7329,111624,251,93439,851,2679272,100265,15475008,921264,8857416,6.82,0.00,0.00,425422,124256,3097140,106216,,,,384000,384000,384000,384000,384000,384000,883200,883200,0,,,,,,0,,0,0,0,4953,320,1,94000,5022000,7014000,0,0,4474000,Notcharging,461000000
1784645960.510557902,1268.71,35500,35100,35000,35400,35400,35400,35400,35800,35400,34900,35200,34900,35500,35200,34900,35200,35200,35200,35200,34500,35600,34500,34500,35500,34500,34500,34100,34500,34500,34500,35500,35900,35500,34700,35900,35100,35500,35100,35100,35900,35100,35500,35500,35200,34900,34600,34500,34900,34500,34900,34900,37000,0,0,37000,33490,35800,95000,0,32736,37000,32500,34768,95000,31683,0,31969,35800,32537,0,34462,0,34555,0,36014,33782,0,34420,35000,0,36573,0,33899,34246,34478,34529,34428,34027,34963,35400,34161,33693,58199,32500,3100,-273000,-273000,-273000,93439,851,2679272,100265,0,0,0,0,0,0,0,0,0,0,0,0,0,0,0,0,387,7329,111624,251,93439,851,2679272,100265,15475008,920004,8856156,7.22,0.00,0.00,425422,124256,3097140,106216,,,,1440000,1440000,1440000,1440000,1440000,1440000,883200,883200,0,,,,,,0,,0,0,0,4953,320,1,297000,4984000,7014000,0,0,4474000,Notcharging,461000000
1784645961.238328631,1269.44,36600,36600,36200,35800,35800,36600,36600,36600,36200,35200,36000,35200,36300,35200,35200,35200,35600,35600,35200,35200,35600,34900,34900,36600,34900,34500,34500,34500,34500,34900,35900,35900,35500,34700,36300,35100,35900,35500,35500,35900,35500,35500,35900,35200,34900,36600,34500,34900,34900,35200,35200,37000,0,0,37000,33513,37400,95000,0,32736,37000,32400,34793,95000,31683,0,31969,37000,32524,0,34473,0,34568,0,35963,33785,0,34432,38500,0,36570,0,33893,34258,34480,34529,34462,33994,35097,36200,34127,33525,58166,32400,3100,-273000,-273000,-273000,93439,851,2679272,100265,0,0,0,0,0,0,0,0,0,0,0,0,0,0,0,0,387,7329,111624,251,93439,851,2679272,100265,15475008,918344,8854236,7.22,0.00,0.00,425422,124339,3097140,106297,,,,1996800,1996800,1996800,1996800,1996800,1996800,883200,883200,0,,,,,,0,,0,0,0,4953,320,1,494000,4940000,7014000,0,0,4474000,Notcharging,461000000
1784645961.536865662,1269.74,37000,36600,37000,36200,35800,37000,37400,36600,36200,38000,39100,37600,36300,38000,36800,36800,37200,36800,36800,39500,40700,34500,34900,36600,35200,34900,34100,34900,34500,35200,36300,35900,35500,35100,36600,35500,35900,35100,35900,36300,35500,35900,36300,35600,34900,37000,34500,34900,34900,35200,36000,37000,0,0,37000,33516,37000,95000,0,32736,37000,32400,34795,95000,31683,0,31969,36200,32540,0,34468,0,34589,0,35963,33776,0,34429,36200,0,36598,0,33887,34279,34489,34529,34629,33960,35130,37000,34361,33860,58166,32400,3100,-273000,-273000,-273000,93439,851,2679272,100265,0,0,0,0,0,0,0,0,0,0,0,0,0,0,0,0,387,7329,111624,251,93439,851,2679272,100265,15475008,915100,8851104,7.22,0.00,0.00,425422,124343,3097140,106301,,,,384000,384000,384000,384000,384000,384000,883200,883200,0,,,,,,0,,0,0,0,4953,320,1,94000,5027000,7014000,0,0,4474000,Notcharging,461000000
1784645961.994917589,1270.20,36300,35500,36200,36200,36200,35800,36200,36600,36200,35600,36000,35600,35900,36000,35600,36000,36000,35600,35200,35600,36000,34500,34900,36300,34900,34900,34100,34900,34900,35200,35900,35900,35500,35100,35900,35500,36300,35500,35500,36300,35500,35500,35900,36000,35200,36200,34900,35200,34900,35200,35600,37000,0,0,37000,33521,36200,95000,0,32736,37000,32400,34826,95000,31683,0,31868,36200,32548,0,34501,0,34601,0,35906,33798,0,34426,36200,0,36604,0,33896,34295,34502,34462,34629,33994,35264,36200,34328,33659,58199,32400,3100,-273000,-273000,-273000,93443,851,2679304,100266,0,0,0,0,0,0,0,0,0,0,0,0,0,0,0,0,387,7329,111624,251,93443,851,2679304,100266,15475008,912580,8849112,7.22,0.00,0.00,425422,124370,3097156,106325,,,,384000,384000,384000,384000,384000,384000,883200,883200,0,,,,,,0,,0,0,0,4953,320,1,137000,5022000,7014000,0,0,4474000,Notcharging,461000000
1784645962.450936026,1270.65,35900,35500,36200,35400,35400,35800,35800,35800,35400,35200,35600,35600,35900,35600,35200,35600,35200,35600,35600,35200,36000,34500,35200,35900,34900,34900,34500,34900,34900,35200,35900,35500,35500,34700,36300,35100,35500,34700,35500,35900,35500,35500,35900,35600,34900,35000,34900,35200,34900,35600,35200,37000,0,0,37000,33525,36200,95000,0,32736,37000,32400,34857,95000,31683,0,31868,35400,32527,0,34498,0,34616,0,35928,33790,0,34433,35400,0,36605,0,33902,34320,34524,34529,34495,34094,35130,36200,34161,34060,58267,32400,3100,-273000,-273000,-273000,93443,851,2679304,100266,0,0,0,0,0,0,0,0,0,0,0,0,0,0,0,0,387,7329,111624,251,93443,851,2679304,100266,15475008,911340,8847920,7.54,0.00,0.00,425422,124370,3097156,106325,,,,384000,384000,384000,384000,384000,384000,883200,883200,0,,,,,,0,,0,0,0,4953,320,1,97000,5024000,7014000,0,0,4474000,Notcharging,461000000
1784645962.910533474,1271.11,35900,35500,35800,35400,35000,35400,35800,35800,35400,34900,35600,35600,35900,35600,35200,35600,35600,35200,35200,34900,36000,34500,34900,36300,34900,34900,34500,35200,34900,34900,35900,35900,35500,35100,35900,35100,35900,35100,35500,35900,35500,35900,36300,36000,35200,35000,34900,35200,34900,34900,35200,37000,0,0,37000,33544,35800,95000,0,32736,37000,32400,34864,95000,31683,0,31868,35800,32542,0,34498,0,34634,0,35954,33801,0,34449,35400,0,36686,0,33887,34347,34536,34696,34562,34060,35398,36200,34294,34094,58233,32400,3100,-273000,-273000,-273000,93443,851,2679304,100266,0,0,0,0,0,0,0,0,0,0,0,0,0,0,0,0,387,7329,111624,251,93443,851,2679304,100266,15475008,916884,8853448,7.54,0.00,0.00,425422,124371,3097156,106326,,,,384000,384000,384000,384000,384000,384000,883200,883200,0,,,,,,0,,0,0,0,4953,320,1,119000,5028000,7014000,0,0,4474000,Notcharging,461000000
1784645963.351973057,1271.55,37400,37000,37700,37000,37400,37400,38100,37700,37700,35200,35600,35600,36600,35600,35200,35200,35200,35200,35200,34900,35600,34900,34900,37400,34900,34900,34500,34500,34500,34900,35900,36300,35900,35100,36600,35500,35900,35100,35500,36300,35500,35500,35900,35600,35200,36200,34900,35200,34500,35200,34900,37000,0,0,37000,33541,37000,95000,0,32736,37000,32400,34889,95000,31683,0,31868,37000,32545,0,34516,0,34666,0,35909,33790,0,34459,38100,0,36580,0,33890,34340,34559,34495,34696,34094,35532,37700,34361,34127,58368,32400,3100,-273000,-273000,-273000,93518,851,2680992,100279,0,0,0,0,0,0,0,0,0,0,0,0,0,0,0,0,387,7329,111624,251,93518,851,2680992,100279,15475008,900568,8837036,7.54,0.00,0.00,425422,124534,3098000,106484,,,,1440000,1440000,1440000,1440000,1440000,1440000,883200,883200,0,,,,,,0,,0,0,0,4953,320,1,497000,4935000,7014000,0,0,4474000,Notcharging,461000000
1784645963.652572745,1271.86,37400,37800,38100,37700,37400,37700,37400,37700,37000,38400,39900,38400,38200,38400,38000,38000,38000,37600,37200,39900,40700,34900,35200,38200,35200,34900,34500,34900,34500,35200,41300,42800,41700,41700,38200,42400,41700,40500,41300,41700,40900,41300,40500,36800,35600,37000,35600,36000,35600,35600,36400,37000,0,0,37000,33553,37700,95000,0,32736,37000,32400,34921,95000,31683,0,31868,37700,32537,0,34531,0,34652,0,35948,33804,0,34472,37400,0,36592,0,33899,34343,34574,34796,34662,35164,35431,38500,34428,34027,57998,32400,3100,-273000,-273000,-273000,93518,851,2680992,100279,0,0,0,0,0,0,0,0,0,0,0,0,0,0,0,0,387,7329,111624,251,93518,851,2680992,100279,15475008,885708,8818508,7.54,0.00,0.00,425422,124557,3098000,106507,,,,384000,384000,384000,384000,384000,384000,883200,883200,0,,,,,,0,,187868,1004003,0,4953,320,1,494000,4932000,7014000,0,0,4474000,Notcharging,1200000000
1784645964.100262640,1272.30,37800,38200,38900,38900,38500,38500,38100,38500,38100,37600,38000,38400,39300,38700,38400,39100,38700,38700,38400,36800,37600,36400,36400,39300,36800,36400,35600,36000,36000,36400,44000,45900,44800,44800,39700,45100,44800,43200,43600,44400,44000,44400,43600,39100,37600,37400,36800,38400,36400,36800,36400,37000,0,0,37000,33558,38100,95000,0,32736,37000,32400,35213,95000,31683,0,31868,37700,32545,0,34525,0,34703,0,35883,33846,0,34486,37700,0,36598,0,33893,34377,34601,34997,34796,36435,35532,39700,34595,33860,58166,32400,3100,-273000,-273000,-273000,93518,851,2680992,100279,0,0,0,0,0,0,0,0,0,0,0,0,0,0,0,0,387,7329,111624,251,93518,851,2680992,100279,15475008,883692,8816444,7.54,0.00,0.00,425422,124566,3098000,106516,,,,384000,384000,384000,384000,384000,384000,883200,883200,0,,,,,,0,,187868,1004003,0,4953,320,1,494000,4935000,7014000,0,0,4474000,Notcharging,1200000000
1784645964.557337796,1272.76,38600,39000,39700,39700,39300,39300,38900,39700,38900,38700,38400,39900,40900,39500,39500,39900,39500,39900,39500,37200,38400,37600,37600,40100,37600,37200,36400,36800,36800,37200,44800,46700,45500,45900,40900,46700,46300,44400,45100,45100,44800,45100,44800,40300,38400,38100,37200,38700,36400,36800,37200,37000,0,0,37000,33573,38500,95000,0,32736,37000,32400,35482,95000,31683,0,31868,38900,32537,0,34525,0,34725,0,35897,33818,0,34505,38500,0,36589,0,33890,34386,34641,34997,35097,36937,35799,40500,34729,34060,58032,32400,3100,-273000,-273000,-273000,93523,851,2681072,100282,0,0,0,0,0,0,0,0,0,0,0,0,0,0,0,0,387,7329,111624,251,93523,851,2681072,100282,15475008,881684,8814436,7.98,0.00,0.00,425422,124570,3098040,106520,,,,384000,384000,384000,384000,384000,384000,883200,883200,0,,,,,,0,,996777,1001943,0,4953,320,1,494000,4936000,7014000,0,0,4474000,Notcharging,1200000000
1784645965.005444723,1273.21,38600,39000,40100,40500,40100,39700,38900,40100,38900,39100,39100,40300,40900,40300,40300,40700,40300,40300,40300,38000,38700,38400,38400,40900,38400,37600,36800,37600,37200,38400,45500,47500,45900,46700,41300,47500,47100,44800,45500,45900,45100,45900,45100,40700,39100,38500,38400,39500,37600,37600,37600,37000,0,0,37000,33566,38900,95000,0,32736,37000,32400,35766,95000,31683,0,31868,38900,32554,0,34568,0,34811,0,35880,33840,0,34518,38900,0,36598,0,33918,34395,34722,34997,35264,37405,35900,40900,34729,34261,57931,32400,3100,-273000,-273000,-273000,93523,851,2681072,100282,0,0,0,0,0,0,0,0,0,0,0,0,0,0,0,0,387,7329,111624,251,93523,851,2681072,100282,15475008,880436,8813192,7.98,0.00,0.00,425422,124571,3098040,106521,,,,1670400,1670400,1670400,1670400,1670400,1670400,883200,883200,0,,,,,,0,,996777,1001943,0,4953,320,1,494000,4933000,7014000,0,0,4474000,Notcharging,1200000000
1784645965.751915973,1273.95,39700,40100,41300,41300,40500,40500,40100,40900,40100,40300,40300,41100,42000,41100,41100,41500,41500,41500,40700,39100,39500,39100,39100,42000,39100,38700,37600,38000,38000,38700,47100,48600,47500,47800,42000,48600,48600,45900,46700,47100,46700,47500,46300,42200,39900,39300,38700,41100,38000,38400,38400,37000,0,0,37000,33570,39700,95000,0,32736,37000,32400,36239,95000,31683,0,31868,39700,32533,0,34619,0,34933,0,35897,33843,0,34599,39700,0,36586,0,33906,34443,34878,35833,35666,38107,36402,41600,35030,34562,57830,32400,3100,-273000,-273000,-273000,93523,851,2681072,100282,0,0,0,0,0,0,0,0,0,0,0,0,0,0,0,0,387,7329,111624,251,93523,851,2681072,100282,15475008,879844,8812676,7.98,0.00,0.00,425422,124590,3098040,106540,,,,384000,384000,384000,384000,384000,384000,883200,883200,0,,,,,,0,,996058,1001947,0,4953,320,1,494000,4932000,7014000,0,227,4461000,Notcharging,1200000000
1784645966.245830504,1274.45,40500,41300,41600,42000,42000,40900,40900,41300,40900,40300,40700,41500,42800,41800,41800,42200,41800,41800,41500,38700,39900,39500,39500,42400,39500,39100,38400,38700,38400,39500,47800,49000,47800,48200,42800,49000,49000,46700,47100,47800,47100,47800,47100,42600,40700,39700,39500,41100,38400,38700,38700,37000,0,0,37000,33544,40500,95000,0,32736,37000,32400,36540,95000,31683,0,31868,40100,32537,0,34658,0,35076,0,35909,33884,0,34668,40100,0,36619,0,33921,34480,34983,35900,35866,38408,36335,42400,35197,34529,57763,32400,3100,-273000,-273000,-273000,93523,851,2681072,100282,0,0,0,0,0,0,0,0,0,0,0,0,0,0,0,0,387,7329,111624,251,93523,851,2681072,100282,15475008,895188,8828020,8.17,0.00,0.00,425422,124595,3098040,106545,,,,384000,384000,384000,384000,384000,384000,883200,883200,0,,,,,,0,,996058,1001947,0,4953,320,1,494000,4935000,7014000,0,227,4461000,Notcharging,1200000000
1784645966.682394410,1274.89,40500,40900,42000,41600,41300,40900,40900,41300,40900,40700,40700,41800,42400,42200,41800,42200,42200,42200,41500,39500,40300,39900,39500,42400,39500,39100,38000,38700,38700,39100,47800,49800,47800,48600,42800,49800,49000,46700,47800,48200,47500,47800,47100,43000,41100,39700,39900,41500,38700,38700,38400,37000,0,0,37000,33558,40500,95000,0,32736,37000,32400,36753,95000,31683,0,31868,40100,32522,0,34709,0,35151,0,35906,33871,0,34716,40500,0,36628,0,33912,34525,35101,36168,36134,39110,36368,42400,35365,34763,57662,32400,3100,-273000,-273000,-273000,93523,851,2681072,100282,0,0,0,0,0,0,0,0,0,0,0,0,0,0,0,0,387,7329,111624,251,93523,851,2681072,100282,15475008,893648,8826576,8.17,0.00,0.00,425422,124595,3098040,106545,,,,384000,384000,384000,384000,384000,384000,883200,883200,0,,,,,,0,,994596,1001953,0,4953,320,1,494000,4932000,7014000,0,227,4461000,Notcharging,1200000000
1784645967.149438733,1275.35,40900,40900,42000,42400,41600,41300,40900,41300,41300,41100,41100,41800,42800,42200,42200,42600,42200,42600,41800,39100,40300,39900,39900,42800,39900,39500,38400,38700,39100,39500,48200,49800,48600,49000,43200,50200,49800,47100,47800,48600,47800,48600,47500,43400,41100,40100,40300,42200,38700,39100,39100,37000,0,0,37000,33586,40500,95000,0,32893,37000,32400,36984,95000,31560,0,31868,40500,32551,0,34747,0,35254,0,35938,33862,0,34802,40500,0,36614,0,33948,34585,35222,36636,36234,39211,36535,42800,35565,34729,57561,32400,3100,-273000,-273000,-273000,93523,851,2681072,100282,0,0,0,0,0,0,0,0,0,0,0,0,0,0,0,0,387,7329,111624,251,93523,851,2681072,100282,15475008,906624,8839520,8.17,0.00,0.00,425422,124596,3098040,106546,,,,537600,537600,537600,537600,537600,537600,883200,883200,0,,,,,,0,,994596,1001953,0,4953,320,1,494000,4929000,7014000,0,227,4461000,Notcharging,1200000000
1784645967.554013837,1275.76,41300,41300,42000,42000,42000,41600,41600,42000,40900,41100,41100,42200,43200,42600,42600,42600,42600,42600,42200,39500,40300,40300,40300,42800,40300,39500,38400,39100,39100,39900,48600,50200,49000,49400,43200,50200,49800,47100,48600,49000,48200,48600,47800,43800,41500,40500,40300,41800,38700,39100,39100,37000,0,0,37000,33595,41300,95000,0,32893,37000,32400,37175,95000,31560,0,31868,40900,32506,0,34836,0,35390,0,35883,33899,0,34868,40900,0,36630,0,33921,34612,35367,36803,36535,39411,36903,42800,35431,34495,57225,32400,3100,-273000,-273000,-273000,93523,851,2681072,100282,0,0,0,0,0,0,0,0,0,0,0,0,0,0,0,0,387,7329,111624,251,93523,851,2681072,100282,15475008,903100,8835984,8.17,0.00,0.00,425422,124606,3098040,106556,,,,384000,384000,384000,384000,384000,384000,883200,883200,0,,,,,,0,,994019,1001940,0,4953,320,1,494000,4932000,7014000,0,227,4461000,Notcharging,1200000000
1784645967.999276753,1276.20,40900,41300,42400,42400,42000,41300,41300,42000,41300,41100,41100,42200,43600,42600,42600,43000,42600,42600,42200,39900,40700,40300,40300,43200,40300,39900,38700,39500,39500,40300,48600,50500,49000,49400,43600,50500,49800,46700,47800,48600,48200,48600,47800,43400,41500,40500,40300,41800,39100,39100,39500,37000,0,0,37000,33611,40900,95000,0,32893,37000,32400,37390,95000,31560,0,31868,40900,32545,0,34899,0,35516,0,35957,33893,0,34983,40900,0,36648,0,33929,34663,35488,36669,36636,39879,37004,43600,35599,35197,57157,32400,3100,-273000,-273000,-273000,93523,851,2681072,100282,0,0,0,0,0,0,0,0,0,0,0,0,0,0,0,0,387,7329,111624,251,93523,851,2681072,100282,15475008,904236,8837120,8.17,0.00,0.00,425422,124610,3098040,106560,,,,384000,384000,384000,384000,384000,384000,883200,883200,0,,,,,,0,,994019,1001940,0,4953,320,1,494000,4929000,7014000,0,227,4461000,Notcharging,1200000000
1784645968.444174097,1276.65,41700,42000,42800,42800,42800,42000,42400,42400,42000,41800,41800,42600,44000,43000,43000,43800,43400,43000,42600,39900,41100,40300,40300,43600,40300,40300,39100,39100,39500,40300,48600,50500,49000,49800,44000,50500,50200,47500,48600,49400,48600,49000,48200,43800,41500,41300,40700,42600,39100,39500,39500,37000,0,0,37000,33614,41600,95000,0,32893,37000,32400,37590,95000,31560,0,31868,41300,32545,0,34958,0,35620,0,35957,33929,0,35063,41600,0,36621,0,33937,34715,35604,36937,37004,39779,37104,43600,35799,35064,56956,32400,3100,-273000,-273000,-273000,93523,851,2681072,100282,0,0,0,0,0,0,0,0,0,0,0,0,0,0,0,0,387,7329,111624,251,93523,851,2681072,100282,15475008,906188,8839092,8.32,0.00,0.00,425422,124619,3098040,106568,,,,384000,384000,384000,384000,384000,384000,883200,883200,0,,,,,,0,,994016,1001930,0,4953,320,1,494000,4932000,7014000,0,227,4461000,Notcharging,1200000000
1784645968.897010139,1277.10,40900,40900,41600,41300,40900,40900,40900,40900,40500,41100,40700,41500,42000,41500,41100,41500,41500,41800,41500,39500,40300,40300,40300,42000,39900,39900,39100,39500,39500,39900,42800,43200,43200,42400,42400,43200,43600,42400,42800,43600,43200,43200,43200,42200,41100,39700,40300,41100,38700,39100,39500,37000,0,0,37000,33636,40500,95000,0,32893,37000,32400,37696,95000,31560,0,31868,40500,32522,0,35008,0,35721,0,35948,33948,0,35174,40500,0,36668,0,33937,34801,35730,37137,36970,39043,37104,41600,35833,35130,57023,32400,3100,-273000,-273000,-273000,93523,851,2681072,100282,0,0,0,0,0,0,0,0,0,0,0,0,0,0,0,0,387,7329,111624,251,93523,851,2681072,100282,15475008,903072,8835912,8.32,0.00,0.00,425422,124619,3098040,106568,,,,384000,384000,384000,384000,384000,384000,883200,883200,0,,,,,,0,,994016,1001930,0,4953,320,1,100000,5024000,7014000,0,227,4461000,Notcharging,1050000000
1784645969.360182638,1277.56,40100,40500,41300,40900,40500,40500,40500,40500,40100,39900,40300,40700,41300,40700,40700,40700,40300,40700,40700,39100,39900,39100,39500,41300,39100,39100,38400,38700,38700,39100,45100,46300,45500,45900,41700,46700,46300,44000,44400,45500,44800,45100,44400,41100,39900,39700,39500,40300,38700,39100,38700,37000,0,0,37000,33643,40100,95000,0,32893,37000,32400,37647,95000,31560,0,31868,40100,32530,0,35082,0,35845,0,35891,33954,0,35269,40500,0,36630,0,33946,34873,35844,37004,37037,39043,37171,41600,35966,35532,56889,32400,3100,-273000,-273000,-273000,93523,851,2681072,100282,0,0,0,0,0,0,0,0,0,0,0,0,0,0,0,0,387,7329,111624,251,93523,851,2681072,100282,15475008,899040,8831868,8.32,0.00,0.00,425422,124621,3098040,106570,,,,384000,384000,384000,384000,384000,384000,883200,883200,0,,,,,,0,,0,0,0,4953,320,1,206000,5005000,7014000,0,227,4461000,Notcharging,1200000000
1784645969.813449774,1278.02,39000,39300,39700,39300,39300,39300,39300,39300,39300,39100,39500,39900,40100,39900,39900,39900,39900,39900,39500,38400,39500,38700,39100,39700,38700,38400,38000,38400,38400,38700,40500,40500,40100,39700,40100,40100,40500,39700,40100,40900,40500,40500,40900,40300,39500,38900,39100,39900,38400,38400,38700,37000,0,0,37000,33666,39700,95000,0,32893,37000,32400,37614,95000,31560,0,31868,39300,32501,0,35129,0,35945,0,35980,33995,0,35377,38900,0,36664,0,33957,34936,35945,37037,37004,38107,37271,40100,35966,35465,56788,32400,3100,-273000,-273000,-273000,93543,851,2681520,100289,0,0,0,0,0,0,0,0,0,0,0,0,0,0,0,0,387,7329,111624,251,93543,851,2681520,100289,15475008,900972,8833784,8.32,0.00,0.00,425422,124623,3098264,106572,,,,384000,384000,384000,384000,384000,384000,883200,883200,0,,,,,,0,,0,0,0,4953,320,1,119000,5016000,7014000,0,227,4461000,Notcharging,1200000000
1784645970.981021127,1279.18,39300,39300,38900,38100,38900,38900,38900,38900,38500,38000,38400,38400,38600,38400,38000,38400,38400,38700,38000,38400,38700,37200,37600,39000,37600,37200,36800,37200,37200,37200,38600,39000,38600,38200,39000,38200,38600,37800,38600,39000,38600,38600,38600,38700,38400,39300,37600,38000,37200,38000,37600,37000,0,0,37000,33711,40100,95000,0,32893,37000,32400,37287,95000,31560,0,31868,39300,32516,0,35244,0,36116,0,35966,34062,0,35587,39700,0,36677,0,33989,35117,36086,36770,36836,37137,36970,39300,36033,35231,56653,32400,3100,-273000,-273000,-273000,93551,851,2681592,100290,0,0,0,0,0,0,0,0,0,0,0,0,0,0,0,0,387,7329,111624,251,93551,851,2681592,100290,15475008,884456,8817208,8.80,0.00,0.00,425422,124685,3098300,106633,,,,1440000,1440000,1440000,1440000,1440000,1440000,883200,883200,0,,,,,,0,,0,0,0,4953,320,1,494000,4932000,7014000,0,0,4473000,Notcharging,1200000000
1784645971.414080763,1279.62,39300,39300,40100,40100,40500,39700,39300,40100,39700,39100,39100,39900,40900,39500,39900,40300,39900,39900,39900,38400,39100,37600,38000,40500,38000,38000,36800,38000,37200,38000,45500,47100,46300,46300,41300,47100,46700,44800,45500,45900,45100,45500,44800,40700,39100,38900,38000,39500,37600,38400,38000,37000,0,0,37000,33726,39300,95000,0,32893,37000,32400,37245,95000,31560,0,31868,39300,32506,0,35310,0,36128,0,36011,34084,0,35643,39700,0,36664,0,33985,35166,36116,36870,36937,38241,36870,40900,36134,35465,56552,32400,3100,-273000,-273000,-273000,93553,851,2681608,100290,0,0,0,0,0,0,0,0,0,0,0,0,0,0,0,0,387,7329,111624,251,93553,851,2681608,100290,15475008,888944,8821668,8.80,0.00,0.00,425422,124687,3098308,106635,,,,384000,384000,384000,384000,384000,384000,883200,883200,0,,,,,,0,,0,0,0,4953,320,1,494000,4928000,7014000,0,0,4473000,Notcharging,1200000000
1784645971.861188054,1280.06,39700,40100,41300,40900,40900,40500,40100,40500,40100,39900,39500,40700,42000,40700,41100,41100,41100,40700,40700,38700,39500,39100,39100,41700,39100,38700,37600,38000,38400,38700,46700,47800,46700,47800,42000,48200,48200,45900,46300,47100,46300,47100,46300,41500,39900,39300,39500,40700,38400,38400,38700,37000,0,0,37000,33733,40100,95000,0,32893,37000,32400,37399,95000,31560,0,31868,39700,32537,0,35330,0,36185,0,35906,34093,0,35723,39700,0,36695,0,33992,35191,36151,36903,36803,39043,36937,42000,36134,35900,56485,32400,3100,-273000,-273000,-273000,93553,851,2681608,100290,0,0,0,0,0,0,0,0,0,0,0,0,0,0,0,0,387,7329,111624,251,93553,851,2681608,100290,15475008,886676,8819400,8.80,0.00,0.00,425422,124687,3098308,106635,,,,384000,384000,384000,384000,384000,384000,883200,883200,0,,,,,,0,,932177,1002158,0,4953,320,1,494000,4929000,7014000,0,0,4473000,Notcharging,1200000000
1784645972.292177950,1280.49,40500,40500,41600,42000,41300,40900,40900,41300,40900,40300,40300,41500,42800,41500,41800,41800,41500,41800,41500,38700,39500,39500,39500,42000,39500,39100,38000,38400,38700,39500,47100,49000,47800,48200,42800,49400,49000,46300,47100,47500,47100,47500,46700,42200,40700,40100,39500,41100,38400,39100,38700,37000,0,0,37000,33743,40500,95000,0,33216,37000,32400,37579,95000,31624,0,31993,40100,32527,0,35343,0,36251,0,35995,34123,0,35789,40100,0,36670,0,34023,35250,36192,37171,37070,39244,37171,42400,36168,36033,56452,32400,3100,-273000,-273000,-273000,93553,851,2681608,100290,0,0,0,0,0,0,0,0,0,0,0,0,0,0,0,0,387,7329,111624,251,93553,851,2681608,100290,15475008,883168,8815892,9.02,0.00,0.00,425422,124687,3098308,106635,,,,384000,384000,384000,384000,384000,384000,883200,883200,0,,,,,,0,,932177,1002158,0,4953,320,1,494000,4929000,7014000,0,0,4473000,Notcharging,1200000000
1784645972.754828627,1280.96,40900,41300,41600,42000,41600,41300,40900,41600,40900,41100,41100,41800,43200,41800,41800,42200,42200,42200,41800,39900,40300,39900,39900,42800,40300,39900,38700,38700,39100,39900,48200,49800,49000,49000,42800,49800,49800,46700,47500,48200,47800,48200,47500,42600,41100,39700,40300,41500,38700,39100,39100,37000,0,0,37000,33755,40500,95000,0,33216,37000,32400,37769,95000,31624,0,31993,40500,32545,0,35383,0,36293,0,36005,34117,0,35829,40500,0,36683,0,34037,35269,36255,37137,37104,39746,37204,42800,36168,35766,56351,32400,3100,-273000,-273000,-273000,93553,851,2681608,100290,0,0,0,0,0,0,0,0,0,0,0,0,0,0,0,0,387,7329,111624,251,93553,851,2681608,100290,15475008,910984,8843708,9.02,0.00,0.00,425422,124687,3098308,106635,,,,384000,384000,384000,384000,384000,384000,883200,883200,0,,,,,,0,,997673,1001993,0,4953,320,1,494000,4929000,7014000,0,0,4473000,Notcharging,1200000000
1784645973.182920658,1281.39,41300,41300,42400,42400,42000,41600,41600,42000,41600,41500,41500,42200,43200,42200,42600,43000,42600,42600,42200,39900,40700,40300,39900,43200,39900,39500,38700,39500,39500,40300,48200,50500,49000,49400,43600,50200,49800,47100,47800,48600,48200,48600,47800,43400,41500,40500,40700,41800,39500,39500,39500,37000,0,0,37000,33768,41300,95000,0,33216,37000,32400,37957,95000,31624,0,31993,41300,32522,0,35433,0,36364,0,35948,34169,0,35882,41300,0,36704,0,34034,35313,36318,37070,37305,40181,37271,43200,36335,35866,56519,32400,3100,-273000,-273000,-273000,93553,851,2681608,100290,0,0,0,0,0,0,0,0,0,0,0,0,0,0,0,0,387,7329,111624,251,93553,851,2681608,100290,15475008,906620,8839344,9.02,0.00,0.00,425422,124687,3098308,106635,,,,384000,384000,384000,384000,384000,384000,883200,883200,0,,,,,,0,,997673,1001993,0,4953,320,1,494000,4931000,7014000,0,0,4473000,Notcharging,1200000000
1784645973.625141855,1281.83,41300,41700,42800,42400,42400,41600,42000,42400,41600,41500,41500,42600,43600,42600,43000,43400,42600,43000,42200,39900,41100,40700,40700,43200,40300,39900,38700,39500,39900,40300,49000,50900,49000,50200,43600,50900,50200,47800,48200,49000,48200,49000,48200,43800,41800,40900,40700,42600,39100,39900,39500,37000,0,0,37000,33796,41300,95000,0,33216,37000,32400,38125,95000,31624,0,31993,41300,32527,0,35463,0,36459,0,35906,34178,0,35939,41300,0,36690,0,34056,35343,36389,37605,37605,40450,37472,43200,36368,36067,56317,32400,3100,-273000,-273000,-273000,93553,851,2681608,100290,0,0,0,0,0,0,0,0,0,0,0,0,0,0,0,0,387,7329,111624,251,93553,851,2681608,100290,15475008,909068,8841792,9.02,0.00,0.00,425422,124687,3098308,106635,,,,384000,384000,384000,384000,384000,384000,883200,883200,0,,,,,,0,,997673,1001993,0,4953,320,1,147000,5018000,7014000,0,0,4473000,Notcharging,1200000000
1784645974.096117689,1282.30,40100,40500,40900,41300,40900,40500,40500,41300,40500,40700,41100,41500,41300,41500,41500,41800,41800,41500,41500,39500,40300,39900,39900,41300,39500,39100,38700,39500,39500,39500,42400,42800,42000,41700,41300,42400,42400,41300,42000,42400,42400,42000,42400,41500,40300,39700,39500,40700,38700,39100,39100,37000,0,0,37000,33799,40500,95000,0,33216,37000,32400,38181,95000,31624,0,31993,40100,32516,0,35521,0,36543,0,35992,34200,0,36016,40100,0,36736,0,34072,35383,36487,37739,37706,39177,37405,41300,36368,35866,56283,32400,3100,-273000,-273000,-273000,93553,851,2681608,100290,0,0,0,0,0,0,0,0,0,0,0,0,0,0,0,0,387,7329,111624,251,93553,851,2681608,100290,15475008,904788,8837516,9.02,0.00,0.00,425422,124687,3098308,106635,,,,384000,384000,384000,384000,384000,384000,883200,883200,0,,,,,,0,,0,0,0,4953,320,1,69000,5029000,7014000,0,0,4473000,Notcharging,1200000000
1784645974.569462428,1282.77,39300,39300,40100,39300,39700,39300,39300,39700,39300,39500,39500,39900,39700,40300,39900,39900,40300,40300,39900,39100,39500,38700,39100,40100,39100,38700,38000,38700,38400,39100,40900,40900,40500,40100,40100,40500,40900,39700,40100,40900,40500,40500,40900,40700,39900,38900,39100,39900,38700,38700,38700,37000,0,0,37000,33830,39700,95000,0,33216,37000,32400,38060,95000,31624,0,31993,39300,32510,0,35549,0,36608,0,35969,34233,0,36073,39300,0,36720,0,34103,35449,36546,37405,37572,38375,37305,40100,36402,35732,56183,32400,3100,-273000,-273000,-273000,93560,851,2681680,100294,0,0,0,0,0,0,0,0,0,0,0,0,0,0,0,0,387,7329,111624,251,93560,851,2681680,100294,15475008,902244,8834940,9.20,0.00,0.00,425422,124687,3098344,106635,,,,384000,384000,384000,384000,384000,384000,883200,883200,0,,,,,,0,,0,0,0,4953,320,1,103000,5028000,7014000,0,0,4473000,Notcharging,1200000000
1784645975.029247845,1283.23,39000,39000,38900,39300,38500,38900,38900,38900,38900,38700,38700,39100,39300,39100,38700,39100,39100,39500,39100,38400,38700,38000,38000,39300,38400,38400,37600,38000,38000,38400,39300,39300,39300,39000,39300,39300,39700,39000,39300,39700,39300,39700,39700,39500,38700,38500,38400,38700,37600,38700,38400,37000,0,0,37000,33843,38900,95000,0,33216,37000,32400,37924,95000,31624,0,31993,38900,32498,0,35587,0,36661,0,35998,34243,0,36127,38900,0,36721,0,34117,35497,36596,37338,37438,38007,37271,39300,36469,36469,56216,32400,3100,-273000,-273000,-273000,93560,851,2681680,100294,0,0,0,0,0,0,0,0,0,0,0,0,0,0,0,0,387,7329,111624,251,93560,851,2681680,100294,15475008,901740,8834436,9.20,0.00,0.00,425422,124687,3098344,106635,,,,384000,384000,384000,384000,384000,384000,883200,883200,0,,,,,,0,,0,0,0,4932,330,1,72000,5029000,7014000,0,0,4473000,Notcharging,1200000000
1784645976.247576750,1284.45,37800,38200,37700,37700,37400,37700,38100,38100,37400,37600,38000,38000,38200,38000,38000,38000,38000,38000,37600,37600,38000,37200,37600,38200,37200,37200,36800,37200,36800,37200,38600,38600,38200,37800,38200,37800,38200,37800,37800,38600,37800,38200,38600,38400,37600,37700,38000,38000,37200,37600,37600,37000,0,0,37000,33903,38100,95000,0,33216,37000,32400,37548,95000,31624,0,31993,37700,32498,0,35705,0,36692,0,36005,34315,0,36252,37400,0,36712,0,34169,35590,36639,37137,37271,37305,36937,38100,36335,35900,56149,32400,3100,-273000,-273000,-273000,93560,851,2681680,100294,0,0,0,0,0,0,0,0,0,0,0,0,0,0,0,0,387,7329,111624,251,93560,851,2681680,100294,15475008,905204,8837888,9.20,0.00,0.00,425422,124687,3098344,106635,,,,384000,384000,384000,384000,384000,384000,883200,883200,0,,,,,,0,,0,0,0,4932,330,1,94000,5032000,7014000,0,0,4473000,Notcharging,1200000000
1784645976.842999354,1285.05,37800,37400,37700,37400,37000,37400,37700,37700,37400,37600,37600,37600,38200,38000,37600,37600,37600,37600,37600,37200,38000,36800,37200,38200,37200,36800,36400,36800,36400,37200,38200,38200,37800,37000,37800,37800,37800,37400,37800,38200,37400,37800,37800,38000,37600,37400,37200,37200,36800,37200,37200,37000,0,0,37000,33934,37700,95000,0,33216,37000,32400,37425,95000,31624,0,31993,37700,32501,0,35687,0,36673,0,36023,34325,0,36293,37400,0,36715,0,34169,35629,36619,36970,37004,36870,37004,38100,36168,35766,56116,32400,3100,-273000,-273000,-273000,93562,866,2681816,100295,0,0,0,0,0,0,0,0,0,0,0,0,0,0,0,0,387,7329,111624,251,93562,866,2681816,100295,15475008,903700,8836388,9.34,0.00,0.00,425422,124687,3098412,106635,,,,384000,384000,384000,384000,384000,384000,883200,883200,0,,,,,,0,,0,0,0,4932,330,1,81000,5020000,7012000,0,0,4473000,Notcharging,1200000000
1784645977.307048104,1285.51,38600,38600,39300,39300,38900,38500,38900,38900,38500,37600,38000,38000,40100,38000,38400,38700,38700,38400,38400,37200,38000,37200,37600,39300,37600,37600,36800,37200,36800,37600,44000,45900,44400,44800,40100,45100,45500,43200,44000,44800,43600,44400,43200,38700,37600,38100,37600,38000,36800,37600,37200,37000,0,0,37000,33950,38900,95000,0,33448,37000,32400,37342,95000,31722,0,32136,38500,32503,0,35687,0,36658,0,35966,34356,0,36310,38500,0,36702,0,34167,35659,36596,36937,37171,38074,37137,40100,36402,36168,56283,32400,3100,-273000,-273000,-273000,93562,866,2681816,100295,0,0,0,0,0,0,0,0,0,0,0,0,0,0,0,0,387,7329,111624,251,93562,866,2681816,100295,15475008,904408,8837088,9.34,0.00,0.00,425422,124687,3098412,106635,,,,384000,384000,384000,384000,384000,384000,883200,883200,0,,,,,,0,,967418,1002066,0,4932,330,1,494000,4935000,7012000,0,0,4473000,Notcharging,1200000000
1784645977.743203937,1285.95,39300,39700,40100,40500,40100,39700,39700,40100,39700,39100,39500,40300,41300,40300,40300,41100,40300,40700,39900,38400,39100,38400,38700,40900,38700,38400,37200,38000,38000,38400,45900,47500,45900,46700,41700,47500,47100,44800,45500,46300,45500,45900,45100,41100,39100,38900,38700,39900,38000,38400,38000,37000,0,0,37000,33963,39700,95000,0,33448,37000,32400,37504,95000,31722,0,32136,38900,32537,0,35730,0,36658,0,36008,34367,0,36319,39300,0,36683,0,34219,35684,36584,37037,37037,38709,37037,41300,36268,36000,56149,32400,3100,-273000,-273000,-273000,93562,866,2681816,100295,0,0,0,0,0,0,0,0,0,0,0,0,0,0,0,0,387,7329,111624,251,93562,866,2681816,100295,15475008,904144,8836824,9.34,0.00,0.00,425422,124687,3098412,106635,,,,384000,384000,384000,384000,384000,384000,883200,883200,0,,,,,,0,,967418,1002066,0,4932,330,1,494000,4935000,7012000,0,0,4473000,Notcharging,1200000000
1784645978.173726437,1286.38,40500,40100,41600,41300,40900,40500,40500,40900,40500,40300,40300,41100,42400,41500,41500,41800,41500,41500,41100,38700,39500,39100,39100,41700,39100,38700,37600,38400,38400,39100,47100,48600,47500,47800,42000,48600,48200,45500,46700,47100,46700,47100,46300,42200,40300,39300,39100,40700,38400,38700,38700,37000,0,0,37000,33986,40100,95000,0,33448,37000,32400,37722,95000,31722,0,32136,40100,32519,0,35749,0,36686,0,35977,34380,0,36336,40100,0,36712,0,34227,35724,36579,37137,37204,39043,37004,42000,36268,35966,56116,32400,3100,-273000,-273000,-273000,93562,866,2681816,100295,0,0,0,0,0,0,0,0,0,0,0,0,0,0,0,0,387,7329,111624,251,93562,866,2681816,100295,15475008,910284,8842964,9.34,0.00,0.00,425422,124687,3098412,106635,,,,384000,384000,384000,384000,384000,384000,883200,883200,0,,,,,,0,,997110,1001959,0,4932,330,1,494000,4929000,7012000,0,0,4473000,Notcharging,1200000000
1784645978.626022531,1286.83,40500,40500,41600,41600,41300,40900,40900,40900,40900,40300,40700,41500,42400,41500,41800,42200,41800,41800,41500,39500,40300,39500,39900,42000,39500,39100,38400,39100,38400,39500,47800,49400,48200,48600,42800,49400,49400,46700,47500,47800,47500,47800,46700,42600,40700,39700,40300,41500,38700,39500,39100,37000,0,0,37000,33999,40100,95000,0,33448,37000,32400,37895,95000,31722,0,32136,40500,32522,0,35749,0,36720,0,35983,34370,0,36349,40100,0,36718,0,34252,35717,36606,37405,37405,39645,37405,42800,36402,36100,56116,32400,3100,-273000,-273000,-273000,93562,866,2681816,100295,0,0,0,0,0,0,0,0,0,0,0,0,0,0,0,0,387,7329,111624,251,93562,866,2681816,100295,15475008,908520,8841200,9.10,0.00,0.00,425422,124687,3098412,106635,,,,384000,384000,384000,384000,384000,384000,883200,883200,0,,,,,,0,,997110,1001959,0,4932,330,1,494000,4933000,7012000,0,0,4473000,Notcharging,1200000000
1784645979.072888364,1287.28,40900,41700,42400,42000,42000,41300,41300,41600,41300,41100,41100,42200,43600,42200,42200,42600,42600,42600,42200,39500,40700,40300,40300,42800,39900,39900,38700,39500,39500,40300,48200,50200,48600,49400,43600,50500,49400,47800,49000,48200,48200,48200,47800,42600,41100,40500,40300,41800,38700,39500,39100,37000,0,0,37000,34013,40900,95000,0,33448,37000,32400,38102,95000,31722,0,32136,40500,32519,0,35757,0,36750,0,36005,34416,0,36357,40900,0,36721,0,34255,35736,36643,37539,37505,40081,37539,43200,36469,36234,56048,32400,3100,-273000,-273000,-273000,93562,866,2681816,100295,0,0,0,0,0,0,0,0,0,0,0,0,0,0,0,0,387,7329,111624,251,93562,866,2681816,100295,15475008,919148,8851832,9.10,0.00,0.00,425422,124687,3098412,106635,,,,384000,384000,384000,384000,384000,384000,883200,883200,0,,,,,,0,,988872,1002002,0,4932,330,1,494000,4933000,7012000,0,0,4473000,Notcharging,1200000000
1784645979.506041697,1287.71,41300,41700,42800,42400,42000,41600,41600,42000,41300,41500,41500,42600,43200,42600,43000,43000,42600,42600,42600,39900,40700,40700,40700,43200,40300,40300,39100,39900,39500,40300,48600,50900,49000,50200,44000,51300,50200,48200,49000,49000,48200,49000,48200,43400,41500,40500,40300,42200,39500,39500,39500,37000,0,0,37000,34020,41300,95000,0,33448,37000,32400,38275,95000,31722,0,32136,41300,32516,0,35787,0,36794,0,35951,34416,0,36407,40900,0,36730,0,34246,35744,36699,37806,37639,40215,37605,43200,36669,36402,55981,32400,3100,-273000,-273000,-273000,93562,866,2681816,100295,0,0,0,0,0,0,0,0,0,0,0,0,0,0,0,0,387,7329,111624,251,93562,866,2681816,100295,15475008,916316,8849000,9.10,0.00,0.00,425422,124687,3098412,106635,,,,384000,384000,384000,384000,384000,384000,883200,883200,0,,,,,,0,,988872,1002002,0,4932,330,1,494000,4933000,7012000,0,0,4473000,Notcharging,1200000000
1784645979.962263572,1288.16,41700,41700,42800,42800,42800,42000,42000,42400,42000,41800,41800,43000,44000,43000,43400,43400,43400,43000,42600,40300,41500,40700,40700,43600,40700,40700,39500,39900,39900,40700,49000,50500,49800,50200,44400,50900,50500,47500,48200,49400,48600,49400,48600,43800,42200,40900,41100,43000,39900,39900,39900,37000,0,0,37000,34039,41600,95000,0,33448,37000,32400,38467,95000,31722,0,32136,41600,32506,0,35796,0,36868,0,35938,34404,0,36408,41300,0,36711,0,34298,35772,36766,38007,37806,40753,37806,44000,36669,36201,55913,32400,3100,-273000,-273000,-273000,93564,866,2681856,100296,0,0,0,0,0,0,0,0,0,0,0,0,0,0,0,0,387,7329,111624,251,93564,866,2681856,100296,15475008,922456,8855092,9.10,0.00,0.00,425422,124687,3098432,106635,,,,384000,384000,384000,384000,384000,384000,883200,883200,0,,,,,,0,,988872,1002002,0,4932,330,1,494000,4933000,7012000,0,0,4473000,Notcharging,1200000000
1784645980.394483363,1288.60,41700,42000,42800,43200,42800,42400,42000,42400,41600,42200,42200,43000,44400,43400,43400,44200,43400,43400,43400,40700,41500,41100,41100,43600,40700,40300,39500,40300,39900,41100,49400,51300,49800,50200,44400,50900,50900,48200,49400,50200,48600,49400,49000,44200,42200,41600,41100,43000,39500,40300,39900,37000,0,0,37000,34039,42000,95000,0,33448,37000,32400,38654,95000,31722,0,32136,41600,32537,0,35826,0,36917,0,35966,34449,0,36459,41600,0,36728,0,34307,35818,36822,37973,38074,40787,37840,44000,36770,36301,55813,32400,3100,-273000,-273000,-273000,93564,866,2681856,100296,0,0,0,0,0,0,0,0,0,0,0,0,0,0,0,0,387,7329,111624,251,93564,866,2681856,100296,15475008,919944,8852580,8.72,0.00,0.00,425422,124687,3098432,106635,,,,883200,883200,883200,883200,883200,883200,883200,883200,0,,,,,,0,,990606,1001972,0,4932,330,1,494000,4937000,7012000,0,0,4473000,Notcharging,1200000000
1784645981.353148311,1289.56,42800,42800,43600,44000,43600,43200,42800,43200,42800,42600,42600,44200,44800,44200,44200,44200,44200,43800,43400,41100,41800,41500,41500,44400,41500,41100,39900,40300,40700,41500,50200,52100,50500,51300,44800,52100,51700,49000,49800,50900,49800,50200,49400,44900,42600,41600,41500,43800,40300,40700,40700,37000,0,0,37000,34079,42400,95000,0,33448,37000,32400,38965,95000,31722,0,32136,42400,32522,0,35916,0,37091,0,35986,34471,0,36577,42000,0,36739,0,34307,35894,37016,38241,38241,41560,38074,44400,37070,37171,55746,32400,3100,-273000,-273000,-273000,93564,866,2681856,100296,0,0,0,0,0,0,0,0,0,0,0,0,0,0,0,0,387,7329,111624,251,93564,866,2681856,100296,15475008,921784,8854420,8.72,0.00,0.00,425422,124687,3098432,106635,,,,384000,384000,384000,384000,384000,384000,883200,883200,0,,,,,,0,,995907,1001955,0,4932,330,1,494000,4932000,7012000,0,0,4473000,Notcharging,1200000000
1784645981.786473154,1289.99,42800,42800,44000,44000,43600,43200,42800,43600,42800,43000,42600,43800,45100,44200,43800,44600,44200,44200,43800,41500,42200,41800,41800,44800,41500,41100,39900,40300,41100,41500,50500,52100,50900,51300,44800,52100,51700,48600,49800,50500,50200,50200,49400,44900,43000,42000,41800,43800,40700,40700,40700,37000,0,0,37000,34093,42400,95000,0,33448,37000,32400,39109,95000,31722,0,32136,42000,32522,0,35948,0,37172,0,35986,34480,0,36621,42400,0,36731,0,34343,35948,37100,38341,38375,41627,38141,44400,37238,37204,55510,32400,3100,-273000,-273000,-273000,93573,872,2681976,100299,0,0,0,0,0,0,0,0,0,0,0,0,0,0,0,0,387,7329,111624,251,93573,872,2681976,100299,15475008,920272,8852908,8.72,0.00,0.00,425422,124687,3098492,106635,,,,384000,384000,384000,384000,384000,384000,883200,883200,0,,,,,,0,,995907,1001955,0,4932,330,1,494000,4929000,7012000,0,231,4459000,Notcharging,1200000000
1784645982.260291592,1290.46,42800,42800,44000,44000,44000,42800,43200,43200,42800,43000,43000,43800,45100,44200,44200,44600,44200,44200,44200,41500,42200,42200,42200,44800,41800,41500,40300,40700,41100,41500,50500,52500,50900,51300,45100,52100,52100,49000,50500,50900,50200,50900,49800,45300,43400,42000,42200,43400,40300,41100,40700,37000,0,0,37000,34116,42800,95000,0,33735,37000,32400,39271,95000,31824,0,32263,42800,32522,0,36043,0,37271,0,35977,34516,0,36705,42400,0,36744,0,34374,35983,37208,38776,38441,41761,38308,45100,37305,36636,55477,32400,3100,-273000,-273000,-273000,93573,872,2681976,100299,0,0,0,0,0,0,0,0,0,0,0,0,0,0,0,0,387,7329,111624,251,93573,872,2681976,100299,15475008,918452,8851088,8.72,0.00,0.00,425422,124687,3098492,106635,,,,384000,384000,384000,384000,384000,384000,883200,883200,0,,,,,,0,,998274,1001925,0,4932,330,1,494000,4929000,7012000,0,231,4459000,Notcharging,1200000000
1784645982.706901227,1290.91,43200,43200,44400,44000,43600,43200,43200,43600,42800,42600,43000,43800,44800,44200,44200,44900,44200,44200,43800,41500,42200,42200,41800,44800,41800,41500,40300,41100,40700,41800,50200,52500,50900,51700,45500,52500,52100,49400,50500,50900,50200,50900,49800,45300,43000,42000,42200,44200,40700,40700,40700,37000,0,0,37000,34122,42400,95000,0,33735,37000,32400,39428,95000,31824,0,32263,42800,32501,0,36052,0,37344,0,35995,34541,0,36759,42800,0,36741,0,34380,36020,37280,38742,38676,42198,38408,45100,37338,37204,55309,32400,3100,-273000,-273000,-273000,93573,872,2681976,100299,0,0,0,0,0,0,0,0,0,0,0,0,0,0,0,0,387,7329,111624,251,93573,872,2681976,100299,15475008,917388,8850012,8.59,0.00,0.00,425422,124687,3098492,106635,,,,384000,384000,384000,384000,384000,384000,883200,883200,0,,,,,,0,,998274,1001925,0,4932,330,1,494000,4928000,7012000,0,231,4459000,Notcharging,1200000000
1784645983.159473831,1291.36,43200,43200,44400,44400,44000,43200,43200,43600,42800,43400,43000,44200,45100,44200,44600,44900,44600,44600,44200,41500,42200,41800,42200,45100,42200,41500,40700,40700,41500,41800,50900,52900,50900,52100,45500,52500,52100,49400,50500,50900,50200,51300,50200,45300,43400,42400,42600,44600,40700,41100,41100,37000,0,0,37000,34142,42400,95000,0,33735,37000,32400,39529,95000,31824,0,32263,42400,32519,0,36112,0,37459,0,35960,34565,0,36831,42800,0,36726,0,34413,36083,37375,38910,38943,42131,38475,45100,37438,37305,55275,32400,3100,-273000,-273000,-273000,93573,872,2681976,100299,0,0,0,0,0,0,0,0,0,0,0,0,0,0,0,0,387,7329,111624,251,93573,872,2681976,100299,15475008,915124,8847744,8.59,0.00,0.00,425422,124687,3098492,106635,,,,384000,384000,384000,384000,384000,384000,883200,883200,0,,,,,,0,,989431,1002093,0,4932,330,1,494000,4933000,7012000,0,231,4459000,Notcharging,1200000000
1784645983.587841643,1291.79,42800,43200,44400,44400,44000,43200,43200,43600,42800,43000,43000,44600,45100,44600,44600,45300,44900,44600,44200,41500,42200,42200,42200,45100,41800,41800,40700,41100,41100,41800,50900,52500,51700,52100,45500,52900,52500,50200,50500,51700,50500,51300,50200,45700,43400,42400,42200,43800,41100,41500,41100,37000,0,0,37000,34158,42800,95000,0,33735,37000,32400,39615,95000,31824,0,32263,42400,32530,0,36125,0,37522,0,35966,34574,0,36917,42800,0,36753,0,34397,36125,37464,38943,38809,42299,38408,45100,37639,37505,55208,32400,3100,-273000,-273000,-273000,93573,872,2681976,100299,0,0,0,0,0,0,0,0,0,0,0,0,0,0,0,0,387,7329,111624,251,93573,872,2681976,100299,15475008,913864,8846488,8.59,0.00,0.00,425422,124687,3098492,106635,,,,384000,384000,384000,384000,384000,384000,883200,883200,0,,,,,,0,,989431,1002093,0,4932,330,1,494000,4929000,7012000,0,231,4459000,Notcharging,1200000000
1784645984.035250862,1292.24,43200,43200,44400,44800,43600,43600,43200,44000,42800,43400,43400,44600,45500,44200,44900,44900,44600,44900,44200,41800,42600,42200,42200,45500,42200,41800,40300,41100,41100,42200,51300,52900,51700,52100,45500,53200,52500,49800,50900,51300,50900,51300,50200,45700,43400,42000,42600,44600,41100,41100,41500,37000,0,0,37000,34178,42800,95000,0,33735,37000,32400,39749,95000,31824,0,32263,42800,32524,0,36204,0,37599,0,35974,34622,0,36972,42800,0,36775,0,34425,36179,37534,39010,39110,42366,38676,45100,37639,37104,55174,32400,3100,-273000,-273000,-273000,93573,872,2681976,100299,0,0,0,0,0,0,0,0,0,0,0,0,0,0,0,0,387,7329,111624,251,93573,872,2681976,100299,15475008,912352,8844976,8.59,0.00,0.00,425422,124687,3098492,106635,,,,384000,384000,384000,384000,384000,384000,883200,883200,0,,,,,,0,,996855,1001948,0,4932,330,1,494000,4929000,7012000,0,231,4459000,Notcharging,1200000000
1784645984.465501226,1292.67,43200,43600,44400,44400,44400,44000,43600,44000,43600,43000,43400,44600,45500,44600,44600,44900,44600,44900,44600,41800,42200,42200,42600,45100,42200,41800,41100,41100,41800,42200,50900,52900,51300,52100,45900,52900,52500,49800,50500,51300,50500,51300,50500,45700,43400,42400,42600,44600,41100,41500,41500,37000,0,0,37000,34194,43200,95000,0,33735,37000,32400,39812,95000,31824,0,32263,42800,32533,0,36239,0,37678,0,35983,34636,0,37059,43200,0,36741,0,34435,36222,37617,39177,39110,42501,38709,45100,37605,37405,55040,32400,3100,-273000,-273000,-273000,93573,872,2681976,100299,0,0,0,0,0,0,0,0,0,0,0,0,0,0,0,0,387,7329,111624,251,93573,872,2681976,100299,15475008,912352,8844976,8.30,0.00,0.00,425422,124687,3098492,106635,,,,384000,384000,384000,384000,384000,384000,883200,883200,0,,,,,,0,,996855,1001948,0,4932,330,1,494000,4936000,7012000,0,231,4459000,Notcharging,1200000000
1784645984.910942007,1293.11,43200,43600,44400,44800,44400,43600,43600,44000,43600,43400,43400,44600,45500,44900,45300,45300,44900,44900,44600,41800,43000,42600,42600,45100,42200,42200,41100,41500,41500,42200,51300,53200,51700,52500,45900,53200,52500,50200,50900,51300,50900,51300,50500,45700,43800,42400,42600,44600,41100,41500,41500,37000,0,0,37000,34224,43200,95000,0,33735,37000,32400,39936,95000,31824,0,32263,42800,32503,0,36315,0,37728,0,35989,34658,0,37118,42800,0,36784,0,34446,36270,37696,39277,39311,42669,38809,45100,37672,37840,54939,32400,3100,-273000,-273000,-273000,93577,872,2682056,100300,0,0,0,0,0,0,0,0,0,0,0,0,0,0,0,0,387,7329,111624,251,93577,872,2682056,100300,15475008,911344,8843968,8.30,0.00,0.00,425422,124687,3098532,106635,,,,384000,384000,384000,384000,384000,384000,883200,883200,0,,,,,,0,,996855,1001948,0,4932,330,1,494000,4933000,7012000,0,231,4459000,Notcharging,1200000000
1784645985.348347893,1293.55,43200,43600,45100,44800,44400,44000,44000,44000,43600,43800,43400,44600,45500,44900,45300,45700,44900,44900,44600,41800,42600,42200,42200,45100,42200,42200,41100,41500,41500,42200,50900,52900,51300,52500,45900,52900,52900,49800,50500,51300,50900,51300,50500,46100,44200,42400,42600,44200,41100,41500,41500,37000,0,0,37000,34250,43600,95000,0,33735,37000,32400,39997,95000,31824,0,32263,42800,32524,0,36352,0,37852,0,36017,34676,0,37214,42800,0,36756,0,34489,36343,37791,39244,39411,42770,39077,45500,37873,37739,54804,32400,3100,-273000,-273000,-273000,93577,872,2682056,100300,0,0,0,0,0,0,0,0,0,0,0,0,0,0,0,0,387,7329,111624,251,93577,872,2682056,100300,15475008,910832,8843456,8.30,0.00,0.00,425422,124687,3098532,106635,,,,384000,384000,384000,384000,384000,384000,883200,883200,0,,,,,,0,,979281,1002052,0,4933,330,1,494000,4923000,7012000,0,231,4459000,Notcharging,1200000000
1784645986.487253309,1294.69,43200,44000,45100,44800,44400,44400,44000,44000,43600,43800,44200,44900,45900,44900,45300,45700,45300,45300,44600,42600,43000,42600,43000,45500,43000,42200,41500,41800,41800,42600,51700,54000,52500,53200,46300,54000,53200,50900,51300,51700,51300,51700,50900,46100,44200,43200,43000,44900,41500,41800,41800,37000,0,0,37000,34307,43200,95000,0,33735,37000,32400,40282,95000,31824,0,32263,43600,32537,0,36477,0,38057,0,36005,34757,0,37419,43200,0,36772,0,34541,36487,38010,39445,39578,43039,38977,45500,38107,37739,54704,32400,3100,-273000,-273000,-273000,93577,872,2682056,100300,0,0,0,0,0,0,0,0,0,0,0,0,0,0,0,0,387,7329,111624,251,93577,872,2682056,100300,15475008,909512,8842136,8.42,0.00,0.00,425422,124687,3098532,106635,,,,384000,384000,384000,384000,384000,384000,883200,883200,0,,,,,,0,,997547,1001938,0,4933,330,1,494000,4927000,7012000,0,231,4459000,Notcharging,1200000000
1784645986.915479038,1295.12,43600,44400,45100,45100,44800,44400,44000,44400,43600,44200,44200,44900,46300,45300,45300,46100,45300,45300,44900,42200,43000,43000,42600,45900,43000,42600,41500,41800,41800,42600,51300,53600,52100,52500,46300,53600,53200,50200,50900,51700,51300,52100,50900,46100,44200,42800,43400,44900,41500,41500,41800,37000,0,0,37000,34343,43600,95000,0,33936,37000,32400,40346,95000,31824,0,32522,43200,32527,0,36527,0,38119,0,36017,34781,0,37480,43600,0,36800,0,34531,36533,38083,39612,39545,43240,39077,45500,38207,37271,54603,32400,3100,-273000,-273000,-273000,93577,872,2682056,100300,0,0,0,0,0,0,0,0,0,0,0,0,0,0,0,0,387,7329,111624,251,93577,872,2682056,100300,15475008,909268,8841892,8.42,0.00,0.00,425422,124687,3098532,106635,,,,384000,384000,384000,384000,384000,384000,883200,883200,0,,,,,,0,,997547,1001938,0,4933,330,1,494000,4926000,7012000,0,239,4458000,Notcharging,1200000000
1784645987.389091069,1295.59,43600,44000,44800,45500,44400,44000,44000,44400,44000,43800,44200,45300,45900,44900,45700,45700,45700,45300,44900,42200,43400,42600,43000,45900,42600,42600,41500,41800,42200,43000,52100,54000,52500,53200,46300,54400,53600,50500,51300,52100,51700,52100,50900,46500,44200,42800,43400,44900,41500,41800,41800,37000,0,0,37000,34366,43600,95000,0,33936,37000,32400,40424,95000,31824,0,32522,43200,32519,0,36599,0,38223,0,35948,34801,0,37565,43200,0,36809,0,34552,36589,38164,39746,39746,43341,39144,45500,38375,37672,54468,32400,3100,-273000,-273000,-273000,93577,872,2682056,100300,0,0,0,0,0,0,0,0,0,0,0,0,0,0,0,0,387,7329,111624,251,93577,872,2682056,100300,15475008,908008,8840632,8.42,0.00,0.00,425422,124687,3098532,106635,,,,384000,384000,384000,384000,384000,384000,883200,883200,0,,,,,,0,,993178,1001961,0,4933,330,1,494000,4929000,7012000,0,239,4458000,Notcharging,1200000000
1784645987.824653621,1296.03,44000,44400,44800,45100,45100,44400,44400,44800,44000,44200,44200,44900,45900,45300,45300,45700,45700,45700,44900,42200,43400,43000,43000,45900,43000,42600,41100,41800,41800,42600,51700,53200,52100,52500,46300,53600,52900,50500,51700,52100,51300,52100,50900,46500,44200,42800,43000,45300,41500,41800,41500,37000,0,0,37000,34385,44000,95000,0,33936,37000,32400,40515,95000,31824,0,32522,43600,32513,0,36621,0,38295,0,35992,34864,0,37602,44000,0,36793,0,34598,36645,38212,39679,39846,43476,39512,45900,38174,38207,54569,32400,3100,-273000,-273000,-273000,93577,872,2682056,100300,0,0,0,0,0,0,0,0,0,0,0,0,0,0,0,0,387,7329,111624,251,93577,872,2682056,100300,15475008,906716,8839340,8.42,0.00,0.00,425422,124687,3098532,106635,,,,384000,384000,384000,384000,384000,384000,883200,883200,0,,,,,,0,,993178,1001961,0,4933,330,1,494000,4939000,7012000,0,239,4458000,Notcharging,1200000000
1784645988.267667527,1296.47,43600,43600,45100,45100,44800,44400,44000,44800,43600,44200,43800,44900,45900,45300,45700,46100,45300,45700,44900,42200,43000,43000,43400,45900,43000,43000,41500,42200,41800,43000,51700,54000,52500,52900,46300,53600,53600,50500,51300,52500,51700,52100,50900,46500,44200,42800,43400,45300,41500,41800,41800,37000,0,0,37000,34415,43600,95000,0,33936,37000,32400,40572,95000,31824,0,32522,43600,32510,0,36692,0,38363,0,35948,34854,0,37678,43200,0,36787,0,34606,36701,38303,40013,39946,43476,39578,45900,38475,38074,54401,32400,3100,-273000,-273000,-273000,93577,872,2682056,100300,0,0,0,0,0,0,0,0,0,0,0,0,0,0,0,0,387,7329,111624,251,93577,872,2682056,100300,15475008,905940,8838560,8.42,0.00,0.00,425422,124687,3098532,106635,,,,384000,384000,384000,384000,384000,384000,883200,883200,0,,,,,,0,,993262,1001971,0,4933,330,1,494000,4939000,7012000,0,239,4458000,Notcharging,1200000000
1784645988.706549558,1296.91,44000,44400,45500,45500,44800,44400,44800,44800,44400,44200,43800,45300,45900,45300,45300,46100,45700,45700,45300,42600,43400,43000,43000,45900,42600,42600,41500,41800,42200,43000,52500,54400,52500,53600,46700,54400,53600,51300,51700,52500,51700,52500,51300,46500,44600,43200,43400,45300,41800,41800,42200,37000,0,0,37000,34443,44000,95000,0,33936,37000,32400,40665,95000,31824,0,32522,43600,32537,0,36733,0,38432,0,36005,34907,0,37750,43600,0,36802,0,34639,36739,38374,39812,39980,43543,39545,46300,38542,38207,54334,32400,3100,-273000,-273000,-273000,93577,872,2682056,100300,0,0,0,0,0,0,0,0,0,0,0,0,0,0,0,0,387,7329,111624,251,93577,872,2682056,100300,15475008,903728,8836352,8.16,0.00,0.00,425422,124687,3098532,106635,,,,384000,384000,384000,384000,384000,384000,883200,883200,0,,,,,,0,,993262,1001971,0,4933,330,1,494000,4932000,7012000,0,239,4458000,Notcharging,1200000000
1784645989.151148516,1297.35,44000,44400,45100,45500,45100,44400,44400,44800,44000,44600,44200,45300,46300,45700,45300,46100,45300,45700,45300,42600,43400,43400,43000,46300,43000,43000,41500,42200,42200,42600,52900,54800,52900,54000,46700,54800,53600,51300,52500,52500,51700,52500,50900,46500,44200,43200,43400,44900,41800,42200,42200,37000,0,0,37000,34466,44000,95000,0,33936,37000,32400,40716,95000,31824,0,32522,43600,32519,0,36747,0,38496,0,35998,34961,0,37819,43600,0,36811,0,34644,36791,38435,39846,39913,43509,39177,46300,38241,38475,54300,32400,3100,-273000,-273000,-273000,93577,872,2682056,100300,0,0,0,0,0,0,0,0,0,0,0,0,0,0,0,0,387,7329,111624,251,93577,872,2682056,100300,15475008,903208,8835832,8.16,0.00,0.00,425422,124687,3098532,106635,,,,384000,384000,384000,384000,384000,384000,883200,883200,0,,,,,,0,,996593,1001932,0,4933,330,1,494000,4935000,7012000,0,239,4458000,Notcharging,1200000000
1784645989.584148412,1297.79,44400,44400,45500,45500,45500,44400,44400,45100,44400,44200,44200,45700,46300,45700,45700,46100,45700,45700,45300,42600,43800,43400,43400,46300,43000,43000,41500,42200,42200,43000,52100,54400,52500,53200,46700,54000,53600,51300,52100,52500,52100,52500,51300,46900,44600,43200,43400,44900,42200,42200,42200,37000,0,0,37000,34496,43600,95000,0,33936,37000,32400,40780,95000,31824,0,32522,44000,32545,0,36812,0,38581,0,36005,34964,0,37875,43600,0,36802,0,34688,36850,38503,40047,40047,43711,39478,46300,38508,38207,54233,32400,3100,-273000,-273000,-273000,93577,872,2682056,100300,0,0,0,0,0,0,0,0,0,0,0,0,0,0,0,0,387,7329,111624,251,93577,872,2682056,100300,15475008,901712,8834336,8.16,0.00,0.00,425422,124687,3098532,106635,,,,384000,384000,384000,384000,384000,384000,883200,883200,0,,,,,,0,,996593,1001932,0,4933,330,1,494000,4935000,7012000,0,239,4458000,Notcharging,1200000000
1784645990.016864922,1298.22,44000,44000,45500,45500,45100,44400,44000,45100,44400,44200,43800,45700,46700,45700,45700,46100,45700,45700,45300,42600,43400,43400,43400,45900,43000,43000,41500,42200,42200,43000,52100,54000,52500,52900,46700,54000,53600,50200,51300,52100,51700,52500,51300,46900,44600,43200,43400,45300,41800,42200,42200,37000,0,0,37000,34522,44000,95000,0,33936,37000,32400,40852,95000,31824,0,32522,43600,32527,0,36856,0,38607,0,35992,35008,0,37950,43600,0,36822,0,34671,36875,38578,40047,40114,43610,39846,46300,38575,39177,54132,32400,3100,-273000,-273000,-273000,93579,872,2682088,100301,0,0,0,0,0,0,0,0,0,0,0,0,0,0,0,0,387,7329,111624,251,93579,872,2682088,100301,15475008,899916,8832540,8.16,0.00,0.00,425422,124687,3098548,106635,,,,384000,384000,384000,384000,384000,384000,883200,883200,0,,,,,,0,,989161,1001969,0,4933,330,1,494000,4933000,7012000,0,239,4458000,Notcharging,1200000000
1784645990.460012474,1298.66,44400,44400,45500,45500,45100,44800,44400,45100,44400,44200,44600,45700,46700,45700,45700,46500,45700,45700,45300,42600,43400,43000,43400,46300,43400,42600,41800,42200,42200,43000,52100,54000,52900,53200,46700,54400,54000,50900,51700,52500,52100,52500,51700,46500,44600,43600,43800,45300,42200,42600,42200,37000,0,0,37000,34568,44400,95000,0,33936,37000,32400,40951,95000,31824,0,32522,44000,32537,0,36878,0,38715,0,36014,35030,0,38005,43600,0,36805,0,34727,36952,38631,40383,40450,43778,39512,46300,38508,38910,54166,32400,3100,-273000,-273000,-273000,93579,872,2682088,100301,0,0,0,0,0,0,0,0,0,0,0,0,0,0,0,0,387,7329,111624,251,93579,872,2682088,100301,15475008,912196,8844820,7.95,0.00,0.00,425422,124687,3098548,106635,,,,384000,384000,384000,384000,384000,384000,883200,883200,0,,,,,,0,,988467,1002010,0,4933,330,1,494000,4935000,7012000,0,239,4458000,Notcharging,1200000000
1784645991.612469609,1299.81,44400,44400,45500,45500,45500,44800,44800,45100,44400,44900,44600,45700,46700,46100,46100,46500,46500,46500,45700,43400,44200,43800,43800,46300,43400,43400,41500,42600,42200,43400,52500,54400,53200,54000,47100,54800,54000,51300,52500,52900,52100,52900,52100,46900,44600,43600,43800,45700,42200,42600,42200,37000,0,0,37000,34632,44400,95000,0,33936,37000,32400,41100,95000,31824,0,32522,44000,32519,0,37018,0,38856,0,36002,35110,0,38162,43600,0,36816,0,34778,37091,38789,40417,40350,43980,39812,46300,38843,38776,53931,32400,3100,-273000,-273000,-273000,93585,872,2682176,100304,0,0,0,0,0,0,0,0,0,0,0,0,0,0,0,0,387,7329,111624,251,93585,872,2682176,100304,15475008,906316,8838940,7.95,0.00,0.00,425422,124687,3098592,106635,,,,384000,384000,384000,384000,384000,384000,883200,883200,0,,,,,,0,,988467,1002010,0,4933,330,1,494000,4935000,7012000,0,239,4458000,Notcharging,1200000000
1784645992.050432994,1300.25,44400,44400,45900,45900,45500,44800,44800,45500,44800,44600,44600,45700,47100,46100,46500,46900,46500,46100,45700,43000,43800,43800,43400,46700,43400,43400,42200,42200,42600,43800,52500,54400,52900,53600,47100,54400,54000,51300,51700,52500,52500,52900,51700,46900,44900,43600,43800,45300,42200,42200,42600,37000,0,0,37000,34652,44400,95000,0,34141,37000,32400,41156,95000,31942,0,32734,44000,32519,0,37065,0,38934,0,35941,35148,0,38233,44400,0,36841,0,34787,37137,38847,40114,40350,43913,39779,46700,38642,38575,54065,32400,3100,-273000,-273000,-273000,93585,872,2682176,100304,0,0,0,0,0,0,0,0,0,0,0,0,0,0,0,0,387,7329,111624,251,93585,872,2682176,100304,15475008,903556,8836180,7.95,0.00,0.00,425422,124687,3098592,106635,,,,384000,384000,384000,384000,384000,384000,883200,883200,0,,,,,,0,,993017,1001975,0,4933,330,1,494000,4935000,7010000,0,253,4457000,Notcharging,1200000000
1784645992.506312161,1300.71,44400,44800,46300,45900,45500,45100,44800,45500,44800,44900,44600,45700,46700,46100,46100,46500,46500,46100,45700,43000,44200,43800,43800,46700,43800,43400,42200,43000,42600,43800,54400,56000,53200,55200,47100,56000,54400,52900,53200,53200,52500,52900,52100,47300,45300,43200,43800,45700,42600,42600,42600,37000,0,0,37000,34678,44400,95000,0,34141,37000,32400,41263,95000,31942,0,32734,44400,32510,0,37100,0,39025,0,36005,35191,0,38300,44400,0,36796,0,34808,37192,38917,40518,40484,44383,39913,47100,39010,38508,53964,32400,3100,-273000,-273000,-273000,93585,872,2682176,100304,0,0,0,0,0,0,0,0,0,0,0,0,0,0,0,0,387,7329,111624,251,93585,872,2682176,100304,15475008,903052,8835676,8.14,0.00,0.00,425422,124710,3098592,106658,,,,384000,384000,384000,384000,384000,384000,883200,883200,0,,,,,,0,,993017,1001975,0,4933,330,1,494000,4931000,7010000,0,253,4457000,Notcharging,1200000000
1784645992.949133515,1301.15,44400,44800,45900,45900,45500,44800,44800,45500,44800,44600,44900,46100,47100,46100,46100,46500,46100,46100,45700,43000,43800,43800,43800,46700,43400,43400,41800,42600,42200,43800,52900,54800,53200,54000,47100,54800,54400,51700,52500,52900,52500,52900,52100,47700,45300,43600,43800,45700,42200,42600,42600,37000,0,0,37000,34723,44000,95000,0,34141,37000,32400,41309,95000,31942,0,32734,44400,32533,0,37163,0,39064,0,36068,35216,0,38351,44000,0,36802,0,34836,37264,38963,40417,40719,44383,40013,46700,39010,39043,53897,32400,3100,-273000,-273000,-273000,93585,872,2682176,100304,0,0,0,0,0,0,0,0,0,0,0,0,0,0,0,0,387,7329,111624,251,93585,872,2682176,100304,15475008,901792,8834420,8.14,0.00,0.00,425422,124710,3098592,106658,,,,384000,384000,384000,384000,384000,384000,883200,883200,0,,,,,,0,,993017,1001975,0,4933,330,1,494000,4935000,7010000,0,253,4457000,Notcharging,1200000000
1784645993.385608463,1301.59,44800,45100,45900,45900,45500,45500,45100,45500,44800,44600,44600,46100,47100,46100,46100,46900,46500,46500,45700,43000,44200,43800,44200,46700,44200,43800,42200,42600,42600,43800,52900,54800,53600,54000,47100,54800,54000,51300,52100,53200,52500,52900,51700,47300,45300,44000,44200,46100,42600,42600,42600,37000,0,0,37000,34768,44400,95000,0,34141,37000,32400,41381,95000,31942,0,32734,44800,32519,0,37213,0,39139,0,35957,35244,0,38415,44800,0,36813,0,34873,37328,39034,40652,40551,44551,40181,46700,39043,38809,53728,32400,3100,-273000,-273000,-273000,93585,872,2682176,100304,0,0,0,0,0,0,0,0,0,0,0,0,0,0,0,0,387,7329,111624,251,93585,872,2682176,100304,15475008,901288,8833916,8.14,0.00,0.00,425422,124712,3098592,106660,,,,384000,384000,384000,384000,384000,384000,883200,883200,0,,,,,,0,,995442,1001935,0,4933,330,1,494000,4933000,7010000,0,253,4457000,Notcharging,1200000000
1784645993.836813671,1302.04,44400,44800,45900,45900,45900,45100,44800,45500,44800,44900,44900,46100,47100,46500,46500,46900,46500,46500,46100,43400,44200,43800,44200,46700,43800,43800,42600,42600,43000,43400,52900,54800,53200,53600,47100,54800,54400,50900,52100,52900,52500,53200,52100,47700,45300,44000,43800,46100,42200,42600,43000,37000,0,0,37000,34807,44400,95000,0,34141,37000,32400,41442,95000,31942,0,32734,44400,32527,0,37233,0,39184,0,36052,35285,0,38473,44400,0,36838,0,34879,37393,39083,40685,40719,44383,40013,47100,39010,38676,53796,32400,3100,-273000,-273000,-273000,93585,872,2682176,100304,0,0,0,0,0,0,0,0,0,0,0,0,0,0,0,0,387,7329,111624,251,93585,872,2682176,100304,15475008,900280,8832908,8.14,0.00,0.00,425422,124712,3098592,106660,,,,384000,384000,384000,384000,384000,384000,883200,883200,0,,,,,,0,,995442,1001935,0,4933,330,1,494000,4929000,7010000,0,253,4457000,Notcharging,1200000000
1784645994.271443618,1302.47,45100,45500,46300,46700,45900,45900,46300,45900,45100,44900,44900,46100,47500,46500,46500,46900,46500,46900,46100,43000,44200,44200,44200,47100,44200,43800,41800,43000,43000,43400,53200,54800,53200,54400,47800,55200,54800,51300,52500,53200,52900,53200,52500,47300,45700,44400,44200,46100,42600,42600,43000,37000,0,0,37000,34827,45500,95000,0,34141,37000,32400,41525,95000,31942,0,32734,45100,32510,0,37275,0,39225,0,36008,35313,0,38512,44800,0,36811,0,34936,37462,39146,40787,40921,44518,40282,47500,39277,38943,53695,32400,3100,-273000,-273000,-273000,93585,872,2682176,100304,0,0,0,0,0,0,0,0,0,0,0,0,0,0,0,0,387,7329,111624,251,93585,872,2682176,100304,15475008,894468,8827092,8.14,0.00,0.00,425422,124720,3098596,106663,,,,1113600,1113600,1113600,1113600,1113600,1113600,883200,883200,0,,,,,,0,,989077,1001964,0,4933,330,1,494000,4936000,7010000,0,253,4457000,Notcharging,1200000000
1784645994.612380233,1302.81,44800,45100,46300,46300,45500,45500,45100,45500,45100,45300,45300,46500,47500,46500,46900,47300,46500,46900,46500,43800,44600,44200,44200,47100,43800,43400,42600,42600,43000,43800,53200,55200,53600,54400,47500,55200,54800,52100,52900,53600,52900,53600,52100,47700,45300,44000,44200,46100,42600,43000,43000,37000,0,0,37000,34854,44800,95000,0,34141,37000,32400,41597,95000,31942,0,32734,44400,32530,0,37322,0,39271,0,36014,35369,0,38567,44400,0,36844,0,34930,37513,39192,41022,40787,44585,40215,47100,39211,38609,53493,32400,3100,-273000,-273000,-273000,93595,872,2682424,100309,0,0,0,0,0,0,0,0,0,0,0,0,0,0,0,0,387,7329,111624,251,93595,872,2682424,100309,15475008,890948,8823572,8.11,0.00,0.00,425422,124741,3098716,106678,,,,384000,384000,384000,384000,384000,384000,883200,883200,0,,,,,,0,,989077,1001964,0,4933,330,1,494000,4933000,7010000,0,253,4457000,Notcharging,1200000000
1784645995.049158879,1303.25,44800,45500,46700,46700,46300,45500,45100,45900,45100,44900,45300,46100,47500,46500,46500,47300,46900,46500,46500,43400,44200,44200,44200,47100,44200,43800,42200,43000,43000,43800,54800,56700,54000,56000,47500,57100,54800,53600,54000,53600,52900,53600,52500,47700,45300,44400,44600,46500,42600,43000,43000,37000,0,0,37000,34888,44800,95000,0,34141,37000,32400,41642,95000,31942,0,32734,44400,32516,0,37376,0,39324,0,36023,35377,0,38634,44800,0,36816,0,34964,37551,39243,40888,41055,44888,40383,47500,39277,39311,53460,32400,3100,-273000,-273000,-273000,93600,872,2682496,100312,0,0,0,0,0,0,0,0,0,0,0,0,0,0,0,0,387,7329,111624,251,93600,872,2682496,100312,15475008,890168,8822796,8.11,0.00,0.00,425422,124741,3098752,106678,,,,384000,384000,384000,384000,384000,384000,883200,883200,0,,,,,,0,,997965,1001924,0,4933,330,1,494000,4935000,7010000,0,253,4457000,Notcharging,1200000000
1784645995.495998878,1303.70,44800,45100,46700,46300,46300,45500,45500,45900,45100,44900,44900,46500,47800,46500,46900,47300,46500,46900,46100,43400,44200,44200,44200,47100,44200,43800,42600,42600,43400,43800,53200,55600,53600,54400,47800,55200,54800,52100,52900,53600,52900,53600,52500,47700,45300,44000,44200,46500,42600,43000,43400,37000,0,0,37000,34915,44400,95000,0,34141,37000,32400,41710,95000,31942,0,32734,44400,32533,0,37396,0,39387,0,36005,35414,0,38679,44400,0,36819,0,34986,37627,39312,41156,40988,44921,40383,47100,39211,39077,53393,32400,3100,-273000,-273000,-273000,93600,872,2682496,100312,0,0,0,0,0,0,0,0,0,0,0,0,0,0,0,0,387,7329,111624,251,93600,872,2682496,100312,15475008,890168,8822796,8.11,0.00,0.00,425422,124751,3098752,106688,,,,384000,384000,384000,384000,384000,384000,883200,883200,0,,,,,,0,,980566,1002067,0,4933,340,1,494000,4931000,7010000,0,253,4457000,Notcharging,1200000000
1784645996.640663409,1304.84,45100,45500,46700,46700,46300,45500,45500,46300,45500,45700,44900,46500,47500,46900,46900,47300,46900,46900,46500,43800,44900,44600,44600,47500,44200,43800,42600,43000,43000,44200,54000,56000,54400,55200,47800,56000,55600,52500,53600,54000,53200,53600,52900,48000,45700,44400,44900,46500,43000,43000,43400,37000,0,0,37000,35007,45100,95000,0,34141,37000,32400,41860,95000,31942,0,32734,45100,32524,0,37516,0,39532,0,36020,35491,0,38806,44800,0,36863,0,35039,37764,39459,41257,41156,44820,40652,47500,39478,39445,53224,32400,3100,-273000,-273000,-273000,93600,872,2682496,100312,0,0,0,0,0,0,0,0,0,0,0,0,0,0,0,0,387,7329,111624,251,93600,872,2682496,100312,15475008,886448,8819076,8.46,0.00,0.00,425422,124751,3098752,106688,,,,384000,384000,384000,384000,384000,384000,883200,883200,0,,,,,,0,,980566,1002067,0,4933,340,1,494000,4979000,7010000,0,253,4457000,Notcharging,1200000000
1784645997.088206222,1305.29,45100,45100,46700,46700,45900,45900,45100,45900,45100,45700,45300,46500,47500,46900,46900,47300,46900,47300,46100,43800,44600,44600,44200,47500,44600,43800,42600,43400,43000,44200,53600,55200,54000,54800,47800,55600,55200,52100,53200,53600,53600,54000,52900,47700,45700,44400,44600,46500,43000,43400,43400,37000,0,0,37000,35039,44800,95000,0,34530,37000,32400,41961,95000,32167,0,32954,44800,32540,0,37583,0,39598,0,36014,35532,0,38888,45100,0,36835,0,35067,37810,39518,41257,41257,45257,40417,47100,39445,39344,53124,32400,3100,-273000,-273000,-273000,93600,872,2682496,100312,0,0,0,0,0,0,0,0,0,0,0,0,0,0,0,0,387,7329,111624,251,93600,872,2682496,100312,15475008,886196,8818824,8.46,0.00,0.00,425422,124751,3098752,106688,,,,384000,384000,384000,384000,384000,384000,883200,883200,0,,,,,,0,,997541,1002055,0,4933,340,1,494000,4929000,7010000,0,276,4454000,Notcharging,1200000000
1784645997.628886638,1305.83,45100,45500,46700,46700,46300,45500,45900,46300,45100,45300,45300,46900,47800,46900,46900,47300,47300,46900,46500,43800,44600,44600,44600,47500,44600,43800,42600,43400,43400,44200,54000,56000,54400,55200,47800,56000,55600,52900,53600,54000,53600,54000,52900,48400,46100,44800,44900,46900,43000,43400,43000,37000,0,0,37000,35060,45100,95000,0,34530,37000,32400,41964,95000,32167,0,32954,45100,32533,0,37614,0,39680,0,36017,35559,0,38930,44800,0,36813,0,35121,37874,39576,41022,41190,45022,40450,47900,39679,39177,53258,32400,3100,-273000,-273000,-273000,93600,872,2682496,100312,0,0,0,0,0,0,0,0,0,0,0,0,0,0,0,0,387,7329,111624,251,93600,872,2682496,100312,15475008,883676,8816308,8.46,0.00,0.00,425422,124755,3098752,106692,,,,384000,384000,384000,384000,384000,384000,883200,883200,0,,,,,,0,,997541,1002055,0,4933,340,1,494000,4929000,7010000,0,276,4454000,Notcharging,1200000000
1784645998.060474555,1306.26,44800,45500,46700,46700,46300,45900,45500,45900,45500,45700,45300,46500,47800,46900,46900,47300,46900,46900,46900,43800,44600,44600,44600,47100,44600,43800,42600,43400,43400,44600,53600,55600,54400,54800,47800,56000,55200,52500,53200,54400,53200,54000,52900,48000,45700,44400,44600,46500,43000,43000,43000,37000,0,0,37000,35104,45100,95000,0,34530,37000,32400,42052,95000,32167,0,32954,44800,32537,0,37665,0,39710,0,36062,35604,0,38993,44800,0,36847,0,35138,37892,39612,41459,41223,44921,40619,47500,39578,39344,53224,32400,3100,-273000,-273000,-273000,93600,872,2682496,100312,0,0,0,0,0,0,0,0,0,0,0,0,0,0,0,0,387,7329,111624,251,93600,872,2682496,100312,15475008,883172,8815804,8.46,0.00,0.00,425422,124755,3098752,106692,,,,384000,384000,384000,384000,384000,384000,883200,883200,0,,,,,,0,,996622,1001965,0,4933,340,1,494000,4929000,7010000,0,276,4454000,Notcharging,1200000000
1784645998.502434763,1306.70,45100,45500,47100,46700,46300,45500,45500,45900,45500,45300,45700,46500,47800,47300,47300,47700,46900,47300,46900,43800,44600,44600,44600,47500,44200,44200,43000,43400,43400,44600,54800,56700,54400,56000,47800,56700,55600,53200,54000,54400,53600,54000,52900,48000,46100,44800,44900,46900,43000,43400,43800,37000,0,0,37000,35131,45100,95000,0,34530,37000,32400,42111,95000,32167,0,32954,44800,32534,0,37692,0,39770,0,36041,35646,0,39034,45100,0,36816,0,35159,37962,39674,41425,41492,45459,40787,47500,39846,39445,53090,32400,3100,-273000,-273000,-273000,93600,872,2682496,100312,0,0,0,0,0,0,0,0,0,0,0,0,0,0,0,0,387,7329,111624,251,93600,872,2682496,100312,15475008,881660,8814292,8.37,0.00,0.00,425422,124760,3098752,106697,,,,384000,384000,384000,384000,384000,384000,883200,883200,0,,,,,,0,,996622,1001965,0,4933,340,1,494000,4929000,7010000,0,276,4454000,Notcharging,1200000000
1784645998.934201377,1307.14,45100,45500,46700,46700,46700,45900,45500,46300,45500,45700,45700,46900,47800,46900,46900,47700,47300,47300,46500,43800,44600,44900,44600,47500,44600,44600,43000,43400,43400,44200,54000,56300,54400,55600,48200,56300,55600,52900,53600,54400,53600,54000,52900,48000,46100,44800,44900,46500,43400,43400,43400,37000,0,0,37000,35160,45100,95000,0,34530,37000,32400,42181,95000,32167,0,32954,45100,32534,0,37755,0,39826,0,36041,35652,0,39086,44800,0,36852,0,35196,38012,39721,41425,41459,45123,40820,47900,39779,39812,53056,32400,3100,-273000,-273000,-273000,93600,872,2682496,100312,0,0,0,0,0,0,0,0,0,0,0,0,0,0,0,0,387,7329,111624,251,93600,872,2682496,100312,15475008,880664,8813296,8.37,0.00,0.00,425422,124761,3098752,106698,,,,384000,384000,384000,384000,384000,384000,883200,883200,0,,,,,,0,,996622,1001965,0,4933,340,1,494000,4932000,7010000,0,276,4454000,Notcharging,1200000000
1784645999.386792262,1307.59,45100,45900,46700,47100,46700,45900,45500,45900,45500,45700,45300,46900,47800,46900,46900,47700,47300,47700,46500,44200,44900,44900,44600,47500,44600,44600,43000,43400,43000,44200,54400,56700,54800,56000,47800,56700,56000,52900,54000,54400,53600,54400,53200,48400,46100,44800,44900,46900,43000,43400,43400,37000,0,0,37000,35194,45100,95000,0,34530,37000,32400,42230,95000,32167,0,32954,45100,32544,0,37777,0,39882,0,36059,35694,0,39143,45100,0,36880,0,35206,38077,39772,41492,41526,45291,40753,47900,39846,39445,52922,32400,3100,-273000,-273000,-273000,93600,872,2682496,100312,0,0,0,0,0,0,0,0,0,0,0,0,0,0,0,0,387,7329,111624,251,93600,872,2682496,100312,15475008,879656,8812288,8.37,0.00,0.00,425422,124761,3098752,106698,,,,384000,384000,384000,384000,384000,384000,883200,883200,0,,,,,,0,,989954,1002024,0,4933,340,1,494000,4929000,7010000,0,276,4454000,Notcharging,1200000000
1784645999.828030439,1308.03,45500,45500,47100,46700,46300,46300,45900,46300,45500,45700,45700,46900,48200,47300,47300,47700,47300,47300,46500,43800,44600,44600,44600,47500,44600,44200,42600,43400,43400,44600,54000,56300,54400,55200,48200,56000,55600,52900,53600,54400,53600,54400,53200,48400,46100,44800,44600,46500,43400,43400,43400,37000,0,0,37000,35231,45500,95000,0,34530,37000,32400,42283,95000,32167,0,32954,45500,32537,0,37814,0,39932,0,36113,35724,0,39191,45100,0,36866,0,35237,38117,39812,41661,41526,45190,40888,47500,39679,39746,52888,32400,3100,-273000,-273000,-273000,93600,872,2682496,100312,0,0,0,0,0,0,0,0,0,0,0,0,0,0,0,0,387,7329,111624,251,93600,872,2682496,100312,15475008,876820,8809456,8.37,0.00,0.00,425422,124761,3098752,106698,,,,384000,384000,384000,384000,384000,384000,883200,883200,0,,,,,,0,,989954,1002024,0,4933,340,1,494000,4929000,7010000,0,276,4454000,Notcharging,1200000000
1784646000.284739814,1308.49,45500,45900,47100,47100,46700,45900,46300,46300,45900,45700,45700,46900,48200,46900,47700,47700,47300,47300,46900,43800,44600,44900,44900,47800,44600,44200,43000,43800,43400,44600,55600,57500,54400,56300,48200,57500,55600,54000,55200,54400,53200,54000,53200,48400,46100,44800,44900,46900,43000,43000,43400,37000,0,0,37000,35262,45100,95000,0,34530,37000,32400,42362,95000,32167,0,32954,45100,32549,0,37862,0,39984,0,36028,35762,0,39249,45100,0,36918,0,35286,38165,39877,41560,41593,45627,41055,47500,39879,39578,52922,32400,3100,-273000,-273000,-273000,93610,872,2682896,100317,0,0,0,0,0,0,0,0,0,0,0,0,0,0,0,0,387,7329,111624,251,93610,872,2682896,100317,15475008,877340,8809976,8.37,0.00,0.00,425422,124767,3098952,106704,,,,384000,384000,384000,384000,384000,384000,883200,883200,0,,,,,,0,,997321,1001936,0,4933,340,1,494000,4933000,7010000,0,276,4454000,Notcharging,1200000000
1784646000.721428564,1308.92,45900,45900,47100,47100,47100,45900,45500,46300,45500,45700,45700,46900,48200,47300,47300,47700,47700,47300,46900,43800,44900,44900,44600,47800,44600,44600,43400,43400,43800,44200,54400,56000,54400,55600,48200,56300,55600,52900,53600,54400,54000,54400,53200,48000,46100,45100,44900,46900,43400,43400,43400,37000,0,0,37000,35291,45500,95000,0,34530,37000,32400,42397,95000,32167,0,32954,45100,32547,0,37887,0,40036,0,36035,35795,0,39279,45100,0,36892,0,35292,38195,39895,41694,41761,45425,40753,48300,39946,39779,52720,32400,3100,-273000,-273000,-273000,93610,872,2682896,100317,0,0,0,0,0,0,0,0,0,0,0,0,0,0,0,0,387,7329,111624,251,93610,872,2682896,100317,15475008,876288,8808924,8.67,0.00,0.00,425422,124767,3098952,106704,,,,384000,384000,384000,384000,384000,384000,883200,883200,0,,,,,,0,,987142,1001990,0,4933,340,1,494000,4932000,7010000,0,276,4454000,Notcharging,1200000000
1784646001.876861063,1310.08,45500,45900,47100,47100,47100,45900,45900,46700,45900,46100,46100,47300,48200,47300,47700,48000,47700,47700,46900,44200,44900,44900,44900,47800,44900,44200,43400,43800,43800,44600,54400,56300,54800,55600,48200,56000,56000,53200,54400,54800,54000,54400,53600,48400,46500,44800,45300,46900,43400,43400,43800,37000,0,0,37000,35361,45500,95000,0,34530,37000,32400,42533,95000,32167,0,32954,45500,32544,0,37995,0,40155,0,35993,35853,0,39414,45100,0,36865,0,35363,38326,40045,41896,41828,45762,41190,47500,40047,39679,52754,32400,3100,-273000,-273000,-273000,93612,872,2682912,100318,0,0,0,0,0,0,0,0,0,0,0,0,0,0,0,0,387,7329,111624,251,93612,872,2682912,100318,15475008,876584,8809220,8.67,0.00,0.00,425422,124769,3098960,106706,,,,384000,384000,384000,384000,384000,384000,883200,883200,0,,,,,,0,,987142,1001990,0,4933,340,1,494000,4932000,7010000,0,276,4454000,Notcharging,1200000000
1784646002.310859761,1310.51,45500,46300,47500,47500,46700,46300,45900,46700,46300,46100,46100,46900,48600,47300,47300,47700,47700,47700,47300,44600,44900,44900,44900,47800,44600,44600,43400,43800,43800,44900,54800,56700,54800,56000,48600,56700,56300,53200,54400,54800,54000,54400,54000,48400,46500,45100,45300,46900,43400,43800,43800,37000,0,0,37000,35395,45900,95000,0,34810,37000,32400,42627,95000,32215,0,33210,45500,32541,0,38021,0,40202,0,36076,35888,0,39456,45900,0,36909,0,35404,38365,40092,41795,41963,45627,41156,48700,40047,40047,52687,32400,3100,-273000,-273000,-273000,93617,872,2682952,100318,0,0,0,0,0,0,0,0,0,0,0,0,0,0,0,0,387,7329,111624,251,93617,872,2682952,100318,15475008,874668,8807304,8.67,0.00,0.00,425422,124802,3098980,106739,,,,883200,883200,883200,883200,883200,883200,883200,883200,0,,,,,,0,,989677,1002039,0,4933,340,1,494000,4931000,7010000,0,290,4452000,Notcharging,1200000000
1784646002.743379084,1310.95,45900,46300,47500,47500,46700,46300,45900,46700,45500,46100,46100,47300,48200,47700,47700,48000,47700,47700,47300,44200,44900,45300,44900,47800,44900,44600,43400,43800,44200,44600,54800,56700,54800,56000,48600,56700,56000,53200,54400,54800,54000,54800,53600,48400,46500,44800,45300,47300,43800,43800,43800,37000,0,0,37000,35411,45500,95000,0,34810,37000,32400,42684,95000,32215,0,33210,45500,32534,0,38048,0,40253,0,36064,35919,0,39501,45100,0,36891,0,35428,38400,40126,41862,41997,45795,41055,48300,40148,39779,52687,32400,3100,-273000,-273000,-273000,93619,872,2682976,100319,0,0,0,0,0,0,0,0,0,0,0,0,0,0,0,0,387,7329,111624,251,93619,872,2682976,100319,15475008,874764,8807304,8.73,0.00,0.00,425422,124803,3098992,106740,,,,384000,384000,384000,384000,384000,384000,883200,883200,0,,,,,,0,,989677,1002039,0,4933,340,1,494000,4931000,7010000,0,290,4452000,Notcharging,1200000000
1784646003.177689240,1311.38,45900,46300,47100,47500,46700,46300,46300,46700,46300,46100,46100,47300,48600,47700,47700,48000,47700,48000,47300,44600,44900,44900,44900,47800,44900,44600,43400,43800,43800,44900,54400,56300,54800,56000,48600,56300,56000,53200,54000,54800,54400,54800,53600,48400,46500,45100,45300,47300,43400,43400,43400,37000,0,0,37000,35431,45500,95000,0,34810,37000,32400,42680,95000,32215,0,33210,45500,32552,0,38107,0,40304,0,36047,35964,0,39539,45500,0,36917,0,35437,38432,40164,41896,41963,45795,41257,47900,40215,40249,52821,32400,3100,-273000,-273000,-273000,93619,872,2682976,100319,0,0,0,0,0,0,0,0,0,0,0,0,0,0,0,0,387,7329,111624,251,93619,872,2682976,100319,15475008,873204,8805744,8.73,0.00,0.00,425422,124803,3098992,106740,,,,384000,384000,384000,384000,384000,384000,883200,883200,0,,,,,,0,,995763,1001952,0,4933,340,1,494000,4933000,7010000,0,290,4452000,Notcharging,1200000000
1784646003.609798563,1311.81,45500,45500,47100,47500,47100,46300,45900,46300,45900,46100,46100,47300,48200,47700,47700,48000,47700,47700,47300,44600,45300,44900,44900,48200,44900,44200,43400,44200,43800,44600,54400,56300,54800,55600,48600,56300,55600,52900,54000,54800,54000,54800,53200,48800,46500,44800,44900,47300,43800,43800,43800,37000,0,0,37000,35450,45100,95000,0,34810,37000,32400,42708,95000,32215,0,33210,45100,32544,0,38139,0,40344,0,36035,35962,0,39587,45100,0,36889,0,35468,38440,40214,41828,41963,46031,41156,47900,40081,40316,52653,32400,3100,-273000,-273000,-273000,93619,872,2682976,100319,0,0,0,0,0,0,0,0,0,0,0,0,0,0,0,0,387,7329,111624,251,93619,872,2682976,100319,15475008,870740,8803280,8.73,0.00,0.00,425422,124803,3098992,106740,,,,384000,384000,384000,384000,384000,384000,883200,883200,0,,,,,,0,,995763,1001952,0,4933,340,1,494000,4928000,7010000,0,290,4452000,Notcharging,1200000000
1784646004.050502156,1312.25,45900,46300,47500,47500,46700,46300,46300,46300,45900,46100,46100,47300,48600,47300,47300,48000,48000,47700,46900,44200,45300,44900,45300,48200,44900,44200,43400,43800,44200,44600,53600,56000,54800,55200,48200,56000,56000,52900,54000,54400,54000,54800,53200,48800,46500,45100,45300,47300,43800,43400,43800,37000,0,0,37000,35478,45900,95000,0,34810,37000,32400,42759,95000,32215,0,33210,45500,32544,0,38156,0,40401,0,36007,35993,0,39626,45500,0,36929,0,35470,38469,40251,41963,41761,45728,41257,47900,40148,39913,52451,32400,3100,-273000,-273000,-273000,93619,872,2682976,100319,0,0,0,0,0,0,0,0,0,0,0,0,0,0,0,0,387,7329,111624,251,93619,872,2682976,100319,15475008,876792,8809332,8.73,0.00,0.00,425422,124803,3098992,106740,,,,384000,384000,384000,384000,384000,384000,883200,883200,0,,,,,,0,,996865,1001943,0,4933,340,1,494000,4928000,7010000,0,290,4452000,Notcharging,1200000000
1784646004.486903198,1312.69,45500,45900,47100,47100,47100,46300,45900,46700,45500,46100,46100,47300,48600,47300,47700,48000,47700,47700,47300,44200,44900,44900,44900,47800,44900,44600,43400,43800,44200,44900,54400,56300,54800,55600,49000,56700,56300,53600,54400,54800,54000,54800,54000,48400,46500,45100,45300,47300,43400,43800,43800,37000,0,0,37000,35497,45500,95000,0,34810,37000,32400,42802,95000,32215,0,33210,45500,32549,0,38185,0,40441,0,36035,36007,0,39666,45900,0,36900,0,35526,38507,40290,42232,42198,46098,41257,48300,40181,40249,52485,32400,3100,-273000,-273000,-273000,93619,872,2682976,100319,0,0,0,0,0,0,0,0,0,0,0,0,0,0,0,0,387,7329,111624,251,93619,872,2682976,100319,15475008,876064,8808608,8.23,0.00,0.00,425422,124807,3098992,106744,,,,384000,384000,384000,384000,384000,384000,883200,883200,0,,,,,,0,,996865,1001943,0,4933,340,1,494000,4933000,7010000,0,290,4452000,Notcharging,1200000000
1784646004.942258406,1313.14,45500,45900,47100,47500,46700,46300,46300,46700,45900,45700,46100,47300,48600,47700,47300,48000,47700,47700,47300,44200,45300,44900,45300,47800,44900,44200,43400,44200,43800,44900,54400,56300,54800,56000,48600,56300,56000,53200,54400,54800,54400,54800,53600,48400,46500,44800,45300,46900,43400,43800,44200,37000,0,0,37000,35517,45900,95000,0,34810,37000,32400,42837,95000,32215,0,33210,45500,32568,0,38235,0,40459,0,36041,36050,0,39711,45100,0,36883,0,35548,38533,40336,41930,42097,45997,41459,47900,40249,40619,52384,32400,3100,-273000,-273000,-273000,93619,872,2682976,100319,0,0,0,0,0,0,0,0,0,0,0,0,0,0,0,0,387,7329,111624,251,93619,872,2682976,100319,15475008,874804,8807348,8.23,0.00,0.00,425422,124807,3098992,106744,,,,384000,384000,384000,384000,384000,384000,883200,883200,0,,,,,,0,,996865,1001943,0,4933,340,1,494000,4936000,7010000,0,290,4452000,Notcharging,1200000000
1784646005.374453823,1313.58,46300,46300,47100,47500,46700,46700,45900,46700,46300,46100,46100,47300,48600,47700,47700,48000,47300,47700,46900,44200,44900,45300,45300,48200,44900,44200,43400,43800,44200,44900,54400,56700,54800,55600,48600,56300,56000,52900,53600,54800,54000,54800,53600,48800,46900,45100,45700,47300,43800,43800,43800,37000,0,0,37000,35546,45900,95000,0,34810,37000,32400,42888,95000,32215,0,33210,45500,32552,0,38323,0,40496,0,36044,36067,0,39744,45500,0,36897,0,35548,38575,40346,41963,41997,46031,41190,47900,40181,40450,52552,32400,3100,-273000,-273000,-273000,93625,872,2683040,100322,0,0,0,0,0,0,0,0,0,0,0,0,0,0,0,0,387,7329,111624,251,93625,872,2683040,100322,15475008,874544,8807080,8.23,0.00,0.00,425422,124807,3099024,106744,,,,384000,384000,384000,384000,384000,384000,883200,883200,0,,,,,,0,,993903,1001954,0,4933,340,1,494000,4933000,7010000,0,290,4452000,Notcharging,1200000000
1784646005.821550281,1314.02,45500,46300,47500,47500,46700,46700,45900,46700,45500,46500,46100,47300,48600,47700,47700,48000,47700,48000,47300,44600,45300,45300,45300,48200,44900,44900,43400,43800,44200,44900,54400,57100,55200,56000,48600,56700,56300,53600,54000,54800,54000,54800,54000,48400,46100,45100,45300,47300,43400,43800,44200,37000,0,0,37000,35566,45900,95000,0,34810,37000,32400,42888,95000,32215,0,33210,45500,32570,0,38312,0,40542,0,36038,36107,0,39758,45500,0,36883,0,35587,38611,40390,42232,42064,46132,41257,48300,40350,40148,52585,32400,3100,-273000,-273000,-273000,93625,872,2683040,100322,0,0,0,0,0,0,0,0,0,0,0,0,0,0,0,0,387,7329,111624,251,93625,872,2683040,100322,15475008,877984,8810520,8.23,0.00,0.00,425422,124807,3099024,106744,,,,384000,384000,384000,384000,384000,384000,883200,883200,0,,,,,,0,,988389,1001989,0,4933,340,1,494000,4933000,7010000,0,290,4452000,Notcharging,1200000000
1784646006.968774499,1315.17,45500,46300,47500,47900,47100,46700,45900,46700,45900,46500,46500,47300,48600,47700,47700,48400,47700,48000,47300,44600,45300,45300,45300,48200,44900,44600,43400,43800,44200,44900,54800,57100,55600,56300,48600,57500,56700,54000,54800,55600,54400,55200,54000,48400,46500,45100,45700,47300,43800,44200,44200,37000,0,0,37000,35642,45900,95000,0,34939,37000,32400,42971,95000,32323,0,33444,45900,32547,0,38371,0,40649,0,36022,36184,0,39877,45500,0,36915,0,35652,38662,40493,42232,42131,45997,41560,48300,40316,40484,52250,32400,3100,-273000,-273000,-273000,93625,872,2683040,100322,0,0,0,0,0,0,0,0,0,0,0,0,0,0,0,0,387,7329,111624,251,93625,872,2683040,100322,15475008,876140,8808680,8.55,0.00,0.00,425422,124811,3099024,106748,,,,384000,384000,384000,384000,384000,384000,883200,883200,0,,,,,,0,,988389,1001989,0,4933,340,1,494000,4935000,7010000,0,290,4452000,Notcharging,1200000000
1784646007.420593041,1315.62,45900,46300,47500,47500,47500,46700,46300,46700,46300,46100,46100,47700,48600,47700,48000,48400,48000,48000,47300,44900,45300,45300,45300,48600,44900,44900,43400,44200,44200,44900,54800,56700,55200,56000,49000,56700,56300,53600,54800,55600,54400,54800,54000,48800,46500,45100,45700,47300,44200,43800,44200,37000,0,0,37000,35655,45900,95000,0,34939,37000,32400,43016,95000,32323,0,33444,45500,32581,0,38443,0,40673,0,36059,36212,0,39906,45500,0,36914,0,35701,38688,40526,42165,42400,46266,41593,48300,40484,40753,52283,32400,3100,-273000,-273000,-273000,93625,872,2683040,100322,0,0,0,0,0,0,0,0,0,0,0,0,0,0,0,0,387,7329,111624,251,93625,872,2683040,100322,15475008,873108,8805648,8.55,0.00,0.00,425422,124811,3099024,106748,,,,384000,384000,384000,384000,384000,384000,883200,883200,0,,,,,,0,,994147,1001952,0,4933,340,1,494000,4929000,7008000,0,276,4454000,Notcharging,1200000000
1784646007.867890697,1316.07,45900,46300,47900,47900,47100,46700,46300,47100,46300,46100,46100,47700,48600,48000,48000,48400,48000,48000,47700,44600,45300,44900,45300,48200,45300,44900,43800,44200,43800,44900,54400,56300,55200,56000,49000,56700,56300,53200,54000,54800,54400,55200,54000,48800,46500,45100,45700,47300,43800,44200,44200,37000,0,0,37000,35692,45900,95000,0,34939,37000,32400,43071,95000,32323,0,33444,45900,32555,0,38466,0,40716,0,36088,36209,0,39942,45900,0,36943,0,35721,38736,40567,42232,42400,46468,41492,48700,40450,40249,52350,32400,3100,-273000,-273000,-273000,93627,886,2683168,100323,0,0,0,0,0,0,0,0,0,0,0,0,0,0,0,0,387,7329,111624,251,93627,886,2683168,100323,15475008,872324,8804856,8.55,0.00,0.00,425422,124811,3099088,106748,,,,384000,384000,384000,384000,384000,384000,883200,883200,0,,,,,,0,,994147,1001952,0,4933,340,1,494000,4929000,7008000,0,276,4454000,Notcharging,1200000000
1784646008.307990228,1316.51,45900,46300,47500,47500,47100,46300,46300,47100,45900,46100,46500,47700,48600,48000,48000,48400,48000,48000,47700,44600,45300,45300,45300,48200,44900,44900,43400,44200,44200,44900,55200,57500,55200,56700,48600,57900,56300,54400,55200,55200,54400,54800,53600,48800,46500,45100,45300,47700,43800,43800,44200,37000,0,0,37000,35718,45900,95000,0,34939,37000,32400,43086,95000,32323,0,33444,45500,32547,0,38498,0,40752,0,36079,36269,0,39984,45500,0,36932,0,35740,38762,40585,42266,42299,46333,41324,48300,40350,40820,52283,32400,3100,-273000,-273000,-273000,93627,886,2683168,100323,0,0,0,0,0,0,0,0,0,0,0,0,0,0,0,0,387,7329,111624,251,93627,886,2683168,100323,15475008,871316,8803848,8.55,0.00,0.00,425422,124811,3099088,106748,,,,384000,384000,384000,384000,384000,384000,883200,883200,0,,,,,,0,,981904,1002083,0,4933,340,1,494000,4931000,7008000,0,276,4454000,Notcharging,1200000000
1784646008.737154030,1316.94,45900,46700,47900,48300,47500,46700,46700,47100,46300,46500,46500,47700,48600,47700,48000,48400,47700,48000,47300,44600,45300,45300,44900,48200,44900,44600,43800,44200,44200,44900,55200,57500,55600,56700,49000,57900,56700,54400,54800,55600,54400,55200,54000,49200,46500,45100,45700,47700,43800,43800,43800,37000,0,0,37000,35728,46300,95000,0,34939,37000,32400,43136,95000,32323,0,33444,45900,32568,0,38517,0,40800,0,36070,36255,0,40015,45900,0,36929,0,35749,38800,40618,42299,42333,46468,41526,48700,40350,40350,52384,32400,3100,-273000,-273000,-273000,93627,886,2683168,100323,0,0,0,0,0,0,0,0,0,0,0,0,0,0,0,0,387,7329,111624,251,93627,886,2683168,100323,15475008,870632,8803164,8.63,0.00,0.00,425422,124811,3099088,106748,,,,384000,384000,384000,384000,384000,384000,883200,883200,0,,,,,,0,,981904,1002083,0,4933,340,1,494000,4931000,7008000,0,276,4454000,Notcharging,1200000000
1784646009.184728821,1317.39,45900,46300,47900,47500,47100,46700,46300,47100,46300,46500,46500,47300,48600,48000,48000,48400,48000,47700,47700,44600,45300,45300,45700,48200,45300,44900,43400,44200,44200,45300,54800,56700,55600,56300,49000,57500,56700,53600,54800,55200,54400,55200,53600,48800,46900,45100,45700,47700,43800,44200,44200,37000,0,0,37000,35760,45500,95000,0,34939,37000,32400,43158,95000,32323,0,33444,45900,32561,0,38562,0,40833,0,36041,36303,0,40045,45500,0,36912,0,35776,38845,40651,42434,42400,46198,41223,48300,40417,40652,52216,32400,3100,-273000,-273000,-273000,93627,886,2683168,100323,0,0,0,0,0,0,0,0,0,0,0,0,0,0,0,0,387,7329,111624,251,93627,886,2683168,100323,15475008,868756,8801292,8.63,0.00,0.00,425422,124811,3099088,106748,,,,384000,384000,384000,384000,384000,384000,883200,883200,0,,,,,,0,,997599,1001934,0,4933,340,1,494000,4932000,7008000,0,276,4454000,Notcharging,1200000000
1784646009.616158925,1317.82,46300,46700,47900,47900,47500,46700,46700,47500,46300,46100,46500,47700,49000,48000,48000,48400,48000,48000,47300,44600,45300,45700,45300,48200,45300,44900,43400,44200,43800,44900,55200,57500,55600,56700,49000,57900,56700,54400,54800,55600,54800,55200,54000,48800,46500,45500,46100,47700,43800,44200,44200,37000,0,0,37000,35773,46300,95000,0,34939,37000,32400,43191,95000,32323,0,33444,45900,32552,0,38542,0,40857,0,36079,36334,0,40089,45900,0,36932,0,35819,38880,40694,42400,42299,46468,41526,48700,40551,40719,52250,32400,3100,-273000,-273000,-273000,93627,886,2683168,100323,0,0,0,0,0,0,0,0,0,0,0,0,0,0,0,0,387,7329,111624,251,93627,886,2683168,100323,15475008,867672,8800208,8.63,0.00,0.00,425422,124811,3099088,106748,,,,384000,384000,384000,384000,384000,384000,883200,883200,0,,,,,,0,,997599,1001934,0,4933,340,1,494000,4928000,7008000,0,276,4454000,Notcharging,1200000000
1784646010.064893248,1318.27,46300,46700,47900,47500,47100,46700,46300,47100,46700,46500,46100,47700,48600,47700,48000,48400,48000,48000,47300,44600,45700,45300,45300,48200,44900,44900,43400,44200,44200,44900,54800,56700,55200,56000,49000,57100,56700,52900,53600,55200,54400,55200,54000,49200,46900,45500,45700,47700,43800,43800,44200,37000,0,0,37000,35806,45900,95000,0,34939,37000,32400,43226,95000,32323,0,33444,45500,32563,0,38604,0,40883,0,36047,36348,0,40131,45900,0,36951,0,35841,38884,40721,42635,42568,46232,41661,48300,40450,40215,51947,32400,3100,-273000,-273000,-273000,93627,886,2683168,100323,0,0,0,0,0,0,0,0,0,0,0,0,0,0,0,0,387,7329,111624,251,93627,886,2683168,100323,15475008,866664,8799200,8.63,0.00,0.00,425422,124811,3099088,106748,,,,384000,384000,384000,384000,384000,384000,883200,883200,0,,,,,,0,,996407,1001931,0,4933,340,1,494000,4933000,7008000,0,276,4454000,Notcharging,1200000000
1784646010.507178144,1318.71,46300,46700,47500,47900,47500,46700,47100,47500,46700,46500,46500,47700,49000,48000,48000,48400,48000,48000,47700,44600,45700,45300,45300,48600,45300,44900,43400,44200,44200,44900,54800,57100,56000,56300,49000,57100,56700,53200,54400,55600,54800,55600,54000,48800,46900,45500,46100,48000,43800,44200,44600,37000,0,0,37000,35832,46300,95000,0,34939,37000,32400,43272,95000,32323,0,33444,46300,32579,0,38614,0,40913,0,36098,36379,0,40147,45900,0,36958,0,35876,38922,40748,42266,42501,46501,41627,48700,40551,41089,52048,32400,3100,-273000,-273000,-273000,93629,886,2683200,100324,0,0,0,0,0,0,0,0,0,0,0,0,0,0,0,0,387,7329,111624,251,93629,886,2683200,100324,15475008,864144,8796680,8.33,0.00,0.00,425422,124813,3099104,106750,,,,384000,384000,384000,384000,384000,384000,883200,883200,0,,,,,,0,,996407,1001931,0,4933,340,1,494000,4929000,7008000,0,276,4454000,Notcharging,1200000000
1784646010.942659289,1319.15,45900,46300,47900,47500,47500,46700,46700,47100,46700,46500,46500,47700,48600,47700,48000,48400,48000,48000,47300,44600,45300,45300,45700,48200,45300,44600,43800,44200,44200,45300,56000,58700,56000,57500,49400,58700,57100,54400,55600,56000,54400,55200,54400,49200,46900,45500,45300,47700,43800,44600,44200,37000,0,0,37000,35861,45900,95000,0,34939,37000,32400,43317,95000,32323,0,33444,45900,32576,0,38656,0,40943,0,36010,36382,0,40187,45900,0,36961,0,35862,38933,40775,42434,42366,46434,41795,48700,40619,40988,51947,32400,3100,-273000,-273000,-273000,93629,886,2683200,100324,0,0,0,0,0,0,0,0,0,0,0,0,0,0,0,0,387,7329,111624,251,93629,886,2683200,100324,15475008,863364,8795900,8.33,0.00,0.00,425422,124813,3099104,106750,,,,384000,384000,384000,384000,384000,384000,883200,883200,0,,,,,,0,,987679,1002006,0,4933,340,1,494000,4931000,7008000,0,276,4454000,Notcharging,1200000000
1784646012.073842101,1320.28,47100,47100,48300,48300,47500,47100,47100,47500,47100,46900,46500,47700,49400,48000,48400,48800,48000,48000,47700,44900,45700,45300,45300,49000,45300,44900,43800,44200,44200,45300,57100,59000,56000,58700,49400,59000,57500,56000,56700,56000,54800,55600,54400,49200,46900,45900,45700,47700,43800,44600,44200,37000,0,0,37000,35918,46700,95000,0,35050,37000,32400,43414,95000,32502,0,33669,46300,32570,0,38716,0,40990,0,36076,36441,0,40267,46700,0,36933,0,35945,39033,40843,42568,42568,46602,41795,48700,40820,40921,51947,32400,3100,-273000,-273000,-273000,93658,886,2685576,100449,0,0,0,0,0,0,0,0,0,0,0,0,0,0,0,0,387,7329,111624,251,93658,886,2685576,100449,15475008,862092,8795668,8.33,0.00,0.00,425422,124814,3100292,106751,,,,384000,384000,384000,384000,384000,384000,883200,883200,0,,,,,,0,,987679,1002006,0,4933,340,1,494000,4929000,7008000,0,276,4454000,Notcharging,1200000000
1784646012.492787778,1320.70,46700,47100,48300,48300,47900,47100,47500,47500,46700,46500,46500,48000,49000,48000,48400,48800,48400,48000,48000,45300,46100,45700,45700,48600,45700,44900,43800,44600,44600,45300,55200,57900,56000,56700,49400,57900,57100,53200,54000,55600,55600,55600,54400,49200,46900,45900,46100,47700,44200,44200,44200,37000,0,0,37000,35928,46300,95000,0,35050,37000,32400,43435,95000,32502,0,33669,46300,32558,0,38739,0,41036,0,36073,36469,0,40291,46300,0,36951,0,35971,39036,40880,42804,42804,46804,41795,48700,40888,41291,52014,32400,3100,-273000,-273000,-273000,93993,886,2723792,100805,0,0,0,0,0,0,0,0,0,0,0,0,0,0,0,0,387,7329,111624,251,93993,886,2723792,100805,15475008,862808,8795196,8.27,0.00,0.00,425422,124815,3119400,106752,,,,384000,384000,384000,384000,384000,384000,883200,883200,0,,,,,,0,,989699,1002086,0,4933,340,1,494000,4928000,7008000,0,290,4453000,Notcharging,1200000000
1784646012.999180799,1321.20,47100,47100,48300,48700,47500,47500,47100,47900,47100,47300,47300,48000,49400,48400,48400,48800,48400,48400,47700,44900,46100,46100,45700,49400,45300,44900,44200,44600,44900,44900,55600,57500,56300,56700,49400,57900,57100,54400,55200,56000,55200,56000,54800,49200,47300,46300,45700,47700,44200,44600,44600,37000,0,0,37000,35966,46300,95000,0,35050,37000,32400,43592,95000,32502,0,33669,46300,32579,0,38785,0,41078,0,36070,36494,0,40325,46300,0,36986,0,35993,39093,40926,42669,42602,46938,41963,49000,40888,40820,51880,32400,3100,-273000,-273000,-273000,94066,891,2747872,101454,0,0,0,0,0,0,0,0,0,0,0,0,0,0,0,0,387,7329,111624,251,94068,891,2750208,101455,15475008,860552,8795112,8.27,0.00,0.00,425422,124815,3134696,106752,,,,384000,384000,384000,384000,384000,384000,883200,883200,0,,,,,,0,,989699,1002086,0,4933,340,1,494000,4932000,7008000,0,290,4453000,Notcharging,1200000000
1784646013.453882830,1321.66,47100,47500,48700,48300,47900,47500,47100,47900,47100,46900,46900,48000,49400,48400,48400,48800,48800,48400,48000,45300,46100,46100,45700,49000,45700,44900,43800,44600,44600,45300,55600,57900,56300,57100,49800,58300,57500,54400,55600,56000,55600,56000,55200,49200,47300,46300,46100,48000,44200,44600,44600,37000,0,0,37000,35987,46700,95000,0,35050,37000,32400,43707,95000,32502,0,33669,46700,32568,0,38817,0,41109,0,36022,36528,0,40360,46700,0,36964,0,36010,39105,40957,42568,42870,46938,41997,49000,40820,41022,51913,32400,3100,-273000,-273000,-273000,94228,891,2766520,101690,0,0,0,0,0,0,0,0,0,0,0,0,0,0,0,0,387,7329,111624,251,94228,891,2766520,101690,15475008,861396,8793944,8.27,0.00,0.00,425422,124815,3140764,106752,,,,384000,384000,384000,384000,384000,384000,883200,883200,0,,,,,,0,,988654,1002005,0,4933,340,1,494000,4929000,7008000,0,290,4453000,Notcharging,1200000000
1784646013.902430486,1322.11,46700,46700,48300,48300,47900,47500,47100,47900,47100,47300,47300,48000,49400,48400,48800,49200,48400,48800,48400,45300,46500,45700,45700,49000,45700,44900,44200,44600,44600,45700,57900,59800,56300,59000,49800,59800,57500,56300,57100,56300,54800,56000,54800,49600,47300,45900,46100,48000,44200,44600,44600,37000,0,0,37000,36014,46300,95000,0,35050,37000,32400,43793,95000,32502,0,33669,46700,32561,0,38806,0,41147,0,36073,36587,0,40394,46700,0,36948,0,36044,39156,40977,42635,42703,47039,41862,49000,40954,40619,51745,32400,3100,-273000,-273000,-273000,94361,891,2804128,101811,0,0,0,0,0,0,0,0,0,0,0,0,0,0,0,0,387,7329,111624,251,94361,891,2804128,101811,15475008,869772,8802312,8.27,0.00,0.00,425422,124815,3159568,106752,,,,384000,384000,384000,384000,384000,384000,883200,883200,0,,,,,,0,,988654,1002005,0,4933,340,1,494000,4928000,7008000,0,290,4453000,Notcharging,1200000000
1784646014.336813350,1322.54,46700,47100,48300,48300,48300,47500,47100,47900,47100,46900,47300,48000,49400,48400,48400,49200,48400,48800,48000,44900,46100,46100,45700,49000,45700,44900,44200,44600,44600,45300,55200,57500,56300,56700,49800,57900,57100,54000,54800,56000,55200,56000,54800,49600,47300,46300,46100,48000,44600,44200,44600,37000,0,0,37000,36031,46300,95000,0,35050,37000,32400,43756,95000,32502,0,33669,46700,32570,0,38861,0,41199,0,36022,36576,0,40438,46700,0,36966,0,36070,39177,41023,42804,42870,46938,42097,49000,40988,41055,51745,32400,3100,-273000,-273000,-273000,94361,891,2804128,101811,0,0,0,0,0,0,0,0,0,0,0,0,0,0,0,0,387,7329,111624,251,94361,891,2804128,101811,15475008,867984,8800524,8.27,0.00,0.00,425422,124823,3159568,106760,,,,384000,384000,384000,384000,384000,384000,883200,883200,0,,,,,,0,,986636,1002029,0,4933,340,1,494000,4931000,7008000,0,290,4453000,Notcharging,1200000000
1784646014.787725069,1322.99,46700,47100,48300,48300,47900,47100,47100,47500,46700,46900,46900,48000,49400,48400,48400,49200,48400,48800,48000,45300,46100,46100,45700,49000,45700,45700,43800,44600,44900,45300,57100,59000,56700,58300,49400,59400,57500,56000,56700,56300,55200,56000,54800,49200,47300,45500,46100,48000,44600,44600,44900,37000,0,0,37000,36055,46300,95000,0,35050,37000,32400,43774,95000,32502,0,33669,46300,32581,0,38900,0,41209,0,36079,36606,0,40465,46300,0,36966,0,36073,39219,41066,42971,42870,47174,41963,49000,40988,41291,51745,32400,3100,-273000,-273000,-273000,94361,891,2804128,101811,0,0,0,0,0,0,0,0,0,0,0,0,0,0,0,0,387,7329,111624,251,94361,891,2804128,101811,15475008,867564,8800108,8.40,0.00,0.00,425422,124823,3159568,106760,,,,384000,384000,384000,384000,384000,384000,883200,883200,0,,,,,,0,,986636,1002029,0,4933,340,1,494000,4929000,7008000,0,290,4453000,Notcharging,1200000000
1784646015.216346423,1323.42,46700,47100,48300,48700,47900,47100,47100,47500,47100,46900,46900,48000,49400,48400,48400,49200,48800,48800,48400,45300,46100,46100,46100,49000,45700,45300,44200,44600,44600,45700,55600,58300,56700,57100,49400,58300,57900,54800,55600,56000,55600,56000,54800,49200,47700,45900,46100,48000,44600,44600,44600,37000,0,0,37000,36079,46700,95000,0,35050,37000,32400,43764,95000,32502,0,33669,46300,32579,0,38922,0,41264,0,36050,36612,0,40493,46700,0,36953,0,36113,39246,41094,42703,42971,47073,42030,48700,41089,41425,51712,32400,3100,-273000,-273000,-273000,94361,891,2804128,101811,0,0,0,0,0,0,0,0,0,0,0,0,0,0,0,0,387,7329,111624,251,94361,891,2804128,101811,15475008,870436,8802976,8.40,0.00,0.00,425422,124833,3159568,106770,,,,384000,384000,384000,384000,384000,384000,883200,883200,0,,,,,,0,,997567,1001916,0,4933,340,1,91000,4927000,7008000,0,290,4453000,Notcharging,1200000000
1784646015.669303454,1323.87,46300,47100,47900,48700,47900,47500,47100,47900,46700,46900,46900,48400,49400,48800,48800,49200,48400,48800,48000,44900,45700,46100,45700,49000,46100,45700,44200,44600,44600,45700,56000,58300,56700,57500,49400,58300,57500,54800,55600,56000,55600,56300,54800,50000,47300,45900,46100,48400,44200,44600,44600,37000,0,0,37000,36107,46700,95000,0,35050,37000,32400,43796,95000,32502,0,33669,46300,32576,0,38946,0,41307,0,36028,36662,0,40534,46300,0,36963,0,36113,39255,41125,43005,43073,47106,41997,49000,41022,41190,51745,32400,3100,-273000,-273000,-273000,94366,891,2804192,101814,0,0,0,0,0,0,0,0,0,0,0,0,0,0,0,0,387,7329,111624,251,94366,891,2804192,101814,15475008,869172,8801716,8.40,0.00,0.00,425422,124836,3159600,106773,,,,384000,384000,384000,384000,384000,384000,883200,883200,0,,,,,,0,,997567,1001916,0,4933,340,1,494000,4928000,7008000,0,290,4453000,Notcharging,1200000000
1784646016.103833193,1324.31,46700,47100,48300,48300,47900,47900,47100,47900,47500,46900,46900,48000,49000,48400,48400,49200,48400,48800,48000,45300,46100,46100,46100,49000,45700,45300,44200,44900,44900,45700,56700,59000,56000,57900,49800,59400,57100,56000,57100,56000,54800,56000,54800,49600,47700,45900,46100,48000,44600,44600,44600,37000,0,0,37000,36121,47100,95000,0,35050,37000,32400,43803,95000,32502,0,33669,46700,32605,0,38963,0,41320,0,36050,36652,0,40553,46300,0,36998,0,36155,39299,41145,43005,42870,47308,42030,49400,41022,41190,51645,32400,3100,-273000,-273000,-273000,94366,891,2804192,101814,0,0,0,0,0,0,0,0,0,0,0,0,0,0,0,0,387,7329,111624,251,94366,891,2804192,101814,15475008,867156,8799700,8.40,0.00,0.00,425422,124836,3159600,106773,,,,384000,384000,384000,384000,384000,384000,883200,883200,0,,,,,,0,,987641,1002074,0,4933,350,1,494000,4933000,7008000,0,290,4453000,Notcharging,1200000000
1784646017.244372099,1325.45,46700,46700,48300,48300,47900,47500,47100,47900,47100,47300,46900,48400,49400,48800,48800,49600,48800,48800,48000,44900,46100,46100,46100,49000,45700,45300,44200,44900,44900,45700,56000,57900,56300,57100,49400,58300,57500,54000,54800,56000,55600,56300,55200,49600,47300,45500,46500,48000,44600,44600,44600,37000,0,0,37000,36182,46700,95000,0,35192,37000,32400,43848,95000,32637,0,33888,46300,32594,0,39042,0,41410,0,36088,36708,0,40654,46300,0,36951,0,36224,39382,41245,43073,42971,47275,41896,49000,41089,40753,51443,32400,3100,-273000,-273000,-273000,94366,891,2804192,101814,0,0,0,0,0,0,0,0,0,0,0,0,0,0,0,0,387,7329,111624,251,94366,891,2804192,101814,15475008,863388,8795932,8.15,0.00,0.00,425422,124837,3159600,106774,,,,384000,384000,384000,384000,384000,384000,883200,883200,0,,,,,,0,,996852,1001922,0,4933,350,1,494000,4928000,7008000,0,290,4453000,Notcharging,1200000000
1784646017.676468610,1325.88,46700,47100,48300,48700,48300,47500,47500,47900,47500,47700,47300,48400,49800,48400,48800,49200,48400,48800,48400,45300,46100,45700,46100,49400,46100,45300,44200,44900,44900,45700,56000,58300,56300,57500,49800,58300,57500,54800,55600,56300,56000,56300,54800,50000,47700,46300,46100,48400,44600,44900,44600,37000,0,0,37000,36209,47100,95000,0,35192,37000,32400,43924,95000,32637,0,33888,46700,32570,0,39066,0,41441,0,36070,36752,0,40684,46700,0,36983,0,36227,39409,41279,43005,43240,47275,42030,49800,41089,41123,51443,32400,3100,-273000,-273000,-273000,94368,891,2804208,101814,0,0,0,0,0,0,0,0,0,0,0,0,0,0,0,0,387,7329,111624,251,94368,891,2804208,101814,15475008,862108,8794652,8.15,0.00,0.00,425422,124837,3159608,106774,,,,384000,384000,384000,384000,384000,384000,883200,883200,0,,,,,,0,,996852,1001922,0,4933,350,1,494000,4928000,7006000,0,298,4452000,Notcharging,1200000000
1784646018.124367880,1326.33,46700,46700,48300,48300,47900,47500,47100,47900,47100,47300,46900,48400,49400,48400,48800,49200,48800,48800,48400,45300,46100,46100,46100,49000,46100,45300,44600,44900,44900,45700,55600,57900,56300,57100,50200,57900,57900,54000,54800,56000,55600,56000,54800,49600,47700,45900,46500,48400,44600,44900,44900,37000,0,0,37000,36228,46700,95000,0,35192,37000,32400,43916,95000,32637,0,33888,46300,32605,0,39072,0,41457,0,36095,36780,0,40694,46700,0,36964,0,36269,39431,41292,43106,43106,47140,42097,49400,41223,41459,51476,32400,3100,-273000,-273000,-273000,94368,891,2804208,101814,0,0,0,0,0,0,0,0,0,0,0,0,0,0,0,0,387,7329,111624,251,94368,891,2804208,101814,15475008,864712,8797256,8.15,0.00,0.00,425422,124840,3159608,106777,,,,384000,384000,384000,384000,384000,384000,883200,883200,0,,,,,,0,,996527,1001994,0,4933,350,1,494000,4933000,7006000,0,298,4452000,Notcharging,1200000000
1784646018.578373505,1326.78,47500,47800,48700,48700,48700,48300,48300,48700,47900,47300,46900,48400,50200,48800,48800,49200,48800,48800,48400,45300,46100,46100,46100,49400,45700,45700,44200,44900,44900,45700,55600,57900,56300,57100,50200,57900,57500,54000,55200,56000,55600,56000,55200,50000,47700,46300,46100,48400,44600,44600,44900,37000,0,0,37000,36249,47500,95000,0,35192,37000,32400,43937,95000,32637,0,33888,47100,32596,0,39133,0,41482,0,36079,36811,0,40727,47100,0,36951,0,36291,39448,41327,42971,43173,47409,42266,49800,41190,41358,51476,32400,3100,-273000,-273000,-273000,94368,891,2804208,101814,0,0,0,0,0,0,0,0,0,0,0,0,0,0,0,0,387,7329,111624,251,94368,891,2804208,101814,15475008,860444,8792992,8.30,0.00,0.00,425422,124840,3159608,106777,,,,384000,384000,384000,384000,384000,384000,883200,883200,0,,,,,,0,,996527,1001994,0,4933,350,1,494000,4932000,7006000,0,298,4452000,Notcharging,1200000000
1784646019.024479599,1327.23,47100,47500,48700,49000,48300,47900,47500,48300,47500,47700,47300,48400,50200,48800,48800,49600,48800,49200,48800,45700,46500,46500,46100,49400,46100,45700,44600,44900,44900,46100,56300,58700,57100,57900,50200,59000,58700,55200,56300,57100,56000,56300,55600,50000,47700,46300,46500,48000,44200,44900,44900,37000,0,0,37000,36263,47100,95000,0,35192,37000,32400,43976,95000,32637,0,33888,47100,32610,0,39153,0,41537,0,36059,36827,0,40743,47100,0,36992,0,36303,39487,41350,43173,43139,47476,42602,49800,41190,41324,51443,32400,3100,-273000,-273000,-273000,94368,891,2804208,101814,0,0,0,0,0,0,0,0,0,0,0,0,0,0,0,0,387,7329,111624,251,94368,891,2804208,101814,15475008,837764,8770312,8.30,0.00,0.00,425422,124840,3159608,106777,,,,384000,384000,384000,384000,384000,384000,883200,883200,0,,,,,,0,,996527,1001994,0,4933,350,1,494000,4928000,7006000,0,298,4452000,Notcharging,1200000000
1784646019.474864442,1327.68,47500,47500,48700,48700,48300,47900,47500,48300,47500,47700,47300,48400,50200,48800,49600,49600,49200,49600,48400,46100,46900,46100,46100,49800,45700,45700,44600,44900,44600,46100,56700,59000,56300,57900,50500,59400,57900,56300,57500,56300,55600,56300,55200,50000,47700,46300,46500,48800,44600,44900,44900,37000,0,0,37000,36297,46700,95000,0,35192,37000,32400,43991,95000,32637,0,33888,47100,32608,0,39162,0,41558,0,36070,36844,0,40790,46700,0,36976,0,36343,39520,41377,43274,43139,47544,42400,49400,41223,41257,51409,32400,3100,-273000,-273000,-273000,94368,891,2804208,101814,0,0,0,0,0,0,0,0,0,0,0,0,0,0,0,0,387,7329,111624,251,94368,891,2804208,101814,15475008,863524,8796072,8.30,0.00,0.00,425422,124842,3159608,106779,,,,384000,384000,384000,384000,384000,384000,883200,883200,0,,,,,,0,,976430,1002108,0,4933,350,1,494000,4931000,7006000,0,298,4452000,Notcharging,1200000000
1784646019.908089286,1328.11,47100,47500,49000,49000,48700,47500,47500,47900,47500,47300,47300,48400,49800,48800,48800,49200,48800,48800,48400,45700,46500,46100,46100,49400,46100,45700,44600,44900,44900,46100,56300,58300,56700,57500,49800,58300,57900,55200,56000,56700,56000,56700,55200,50000,47700,46300,46100,48800,44900,44900,44900,37000,0,0,37000,36300,47100,95000,0,35192,37000,32400,44026,95000,32637,0,33888,46700,32620,0,39192,0,41546,0,36070,36847,0,40806,46700,0,36966,0,36371,39547,41411,43106,43207,47341,42501,49400,41392,41324,51342,32400,3100,-273000,-273000,-273000,94368,891,2804208,101814,0,0,0,0,0,0,0,0,0,0,0,0,0,0,0,0,387,7329,111624,251,94368,891,2804208,101814,15475008,864604,8797152,8.30,0.00,0.00,425422,124842,3159608,106779,,,,384000,384000,384000,384000,384000,384000,883200,883200,0,,,,,,0,,976430,1002108,0,4933,350,1,494000,4929000,7006000,0,298,4452000,Notcharging,1200000000
1784646020.351778921,1328.55,47100,47100,48700,48700,48300,47900,47500,48300,47500,47700,47300,48400,49800,48800,48800,49600,49200,48800,48800,45700,46900,46100,46500,49000,46100,45700,44600,44900,44900,46100,56700,58700,56300,58300,49800,59000,57900,55600,56700,56300,56000,56700,55200,50000,47700,45900,46500,48800,44900,44900,44900,37000,0,0,37000,36334,47100,95000,0,35192,37000,32400,44055,95000,32637,0,33888,46300,32605,0,39225,0,41629,0,36044,36841,0,40834,46700,0,36958,0,36376,39570,41444,43476,43375,47544,42198,49400,41257,41425,51443,32400,3100,-273000,-273000,-273000,94368,891,2804208,101814,0,0,0,0,0,0,0,0,0,0,0,0,0,0,0,0,387,7329,111624,251,94368,891,2804208,101814,15475008,862588,8795140,8.30,0.00,0.00,425422,124842,3159608,106779,,,,384000,384000,384000,384000,384000,384000,883200,883200,0,,,,,,0,,997564,1001953,0,4933,350,1,494000,4931000,7006000,0,298,4452000,Notcharging,1200000000
1784646020.794727515,1329.00,47100,47500,48700,48700,48300,47500,47500,48300,47500,47300,47700,48400,50200,48800,49200,49600,49200,48800,48400,45300,46500,46500,46500,49000,46100,45700,44600,44900,45300,46100,56000,58300,56300,57500,50200,58300,57500,54400,55200,56300,56000,56300,54800,50000,48000,46300,46500,48400,44600,44900,44900,37000,0,0,37000,36342,46700,95000,0,35192,37000,32400,44106,95000,32637,0,33888,47100,32605,0,39222,0,41647,0,36059,36883,0,40864,46700,0,36993,0,36407,39600,41475,43274,43308,47745,42400,49400,41257,41560,51342,32400,3100,-273000,-273000,-273000,94371,891,2804248,101816,0,0,0,0,0,0,0,0,0,0,0,0,0,0,0,0,387,7329,111624,251,94371,891,2804248,101816,15475008,876636,8809188,8.43,0.00,0.00,425422,124842,3159628,106779,,,,384000,384000,384000,384000,384000,384000,883200,883200,0,,,,,,0,,997564,1001953,0,4933,350,1,494000,4929000,7006000,0,298,4452000,Notcharging,1200000000
1784646021.241315900,1329.44,47100,47500,48700,48700,48300,47500,47900,47900,47100,47300,47300,48400,49800,48800,49200,49600,49200,48800,48800,45700,46500,46500,46500,49400,46100,45700,44600,45300,44900,46100,55600,57900,56300,57100,50200,57900,57500,54400,55600,56300,55600,56300,55200,50000,47700,46300,46900,48400,44600,44600,44900,37000,0,0,37000,36368,47100,95000,0,35192,37000,32400,44110,95000,32637,0,33888,46300,32602,0,39263,0,41670,0,36076,36948,0,40902,46700,0,36957,0,36432,39632,41507,43308,43308,47442,42232,49800,41223,41291,51275,32400,3100,-273000,-273000,-273000,94371,891,2804248,101816,0,0,0,0,0,0,0,0,0,0,0,0,0,0,0,0,387,7329,111624,251,94371,891,2804248,101816,15475008,875344,8807896,8.43,0.00,0.00,425422,124842,3159628,106779,,,,384000,384000,384000,384000,384000,384000,883200,883200,0,,,,,,0,,997198,1001958,0,4933,350,1,494000,4936000,7006000,0,298,4452000,Notcharging,1200000000
1784646022.396889441,1330.60,47100,47500,49000,49000,48700,47900,47500,48300,47100,47700,47300,48800,49800,49200,49200,50000,49200,49200,48800,45700,46900,46500,46500,49800,46100,45700,44900,44900,44900,46100,56300,58700,57100,57500,50200,58700,58300,55200,56300,56700,56000,56700,55600,50400,48000,46700,46500,48400,44900,44600,44900,37000,0,0,37000,36408,47100,95000,0,35322,37000,32400,44221,95000,32758,0,34050,47100,32626,0,39323,0,41749,0,36050,36953,0,40932,46700,0,36981,0,36491,39676,41545,43106,43409,47678,42501,49800,41425,41728,51308,32400,3100,-273000,-273000,-273000,94373,891,2804264,101816,0,0,0,0,0,0,0,0,0,0,0,0,0,0,0,0,387,7329,111624,251,94373,891,2804264,101816,15475008,870672,8803224,8.53,0.00,0.00,425422,124842,3159636,106779,,,,384000,384000,384000,384000,384000,384000,883200,883200,0,,,,,,0,,988262,1002056,0,4933,350,1,494000,4939000,7006000,0,298,4452000,Notcharging,1200000000
1784646022.834794285,1331.04,47100,47500,49000,49000,48700,47900,47500,48300,47500,47300,47700,48800,49800,48800,49200,49200,49200,49200,48800,45700,46500,46100,46500,49800,46500,45700,44600,44900,45300,46100,57100,59400,57100,58700,50200,59800,58700,56000,56300,57100,56000,56700,55600,50000,47700,46300,46500,48400,44900,44900,45300,37000,0,0,37000,36439,47100,95000,0,35322,37000,32400,44236,95000,32758,0,34050,47100,32617,0,39382,0,41773,0,36041,36989,0,40962,46700,0,36998,0,36522,39721,41568,43476,43341,47812,42568,49400,41324,41795,51376,32400,3100,-273000,-273000,-273000,94373,891,2804264,101816,0,0,0,0,0,0,0,0,0,0,0,0,0,0,0,0,387,7329,111624,251,94373,891,2804264,101816,15475008,869160,8801712,8.53,0.00,0.00,425422,124842,3159636,106779,,,,384000,384000,384000,384000,384000,384000,883200,883200,0,,,,,,0,,988262,1002056,0,4933,350,1,494000,4932000,7006000,0,300,4453000,Notcharging,1200000000
1784646023.267176420,1331.47,47500,47500,49000,49000,48700,47900,47500,47900,47500,47300,47300,48400,50200,48800,48800,49600,49200,49200,48800,45700,46500,46500,46500,49400,46500,45700,44600,45300,45300,46100,56700,59400,57100,58300,50500,59400,58700,55600,56700,57100,56000,56700,55600,50400,48000,46700,46500,48800,44900,44900,44900,37000,0,0,37000,36453,47500,95000,0,35322,37000,32400,44265,95000,32758,0,34050,47100,32623,0,39382,0,41820,0,36130,37005,0,40989,47100,0,36984,0,36525,39756,41608,43442,43476,47308,42535,49800,41291,41492,51443,32400,3100,-273000,-273000,-273000,94373,891,2804264,101816,0,0,0,0,0,0,0,0,0,0,0,0,0,0,0,0,387,7329,111624,251,94373,891,2804264,101816,15475008,887492,8820048,8.53,0.00,0.00,425422,124842,3159636,106779,,,,384000,384000,384000,384000,384000,384000,883200,883200,0,,,,,,0,,997959,1001917,0,4933,350,1,494000,4929000,7006000,0,300,4453000,Notcharging,1200000000
1784646023.725171159,1331.93,47100,47500,48700,49000,48300,47500,47500,47900,47500,47700,47300,48800,49800,48800,49200,49600,49200,49200,48800,45300,46500,46500,46500,49800,46500,46100,44900,45300,45300,46100,56700,59400,57100,58700,50200,59400,58300,55600,56300,57100,56300,56700,56000,50000,47700,46300,46900,48800,44600,45300,45300,37000,0,0,37000,36479,47100,95000,0,35322,37000,32400,44265,95000,32758,0,34050,46700,32631,0,39401,0,41810,0,36050,37044,0,41011,47100,0,36961,0,36553,39753,41635,43274,43409,47510,42467,49800,41425,41627,51207,32400,3100,-273000,-273000,-273000,94373,891,2804264,101816,0,0,0,0,0,0,0,0,0,0,0,0,0,0,0,0,387,7329,111624,251,94373,891,2804264,101816,15475008,885740,8818296,8.53,0.00,0.00,425422,124842,3159636,106779,,,,384000,384000,384000,384000,384000,384000,883200,883200,0,,,,,,0,,997959,1001917,0,4933,350,1,494000,4931000,7006000,0,300,4453000,Notcharging,1200000000
1784646024.159252513,1332.36,47100,47500,48700,49000,49000,47900,47500,48700,47900,47300,47300,48800,50200,49200,49200,50000,49200,49200,48800,45700,46500,46500,46500,49800,46500,45700,44600,44900,45300,45700,56700,59400,57100,58300,50200,59400,58300,56000,56700,57100,56300,56700,55600,50400,47700,46700,46900,48800,44900,45300,45300,37000,0,0,37000,36500,47500,95000,0,35322,37000,32400,44314,95000,32758,0,34050,47100,32649,0,39412,0,41853,0,36088,37054,0,41040,47100,0,36955,0,36596,39790,41655,43375,43509,47510,42535,49800,41392,41526,51140,32400,3100,-273000,-273000,-273000,94373,891,2804264,101816,0,0,0,0,0,0,0,0,0,0,0,0,0,0,0,0,387,7329,111624,251,94373,891,2804264,101816,15475008,882376,8814932,8.53,0.00,0.00,425422,124842,3159636,106779,,,,384000,384000,384000,384000,384000,384000,883200,883200,0,,,,,,0,,996416,1001989,0,4933,350,1,494000,4935000,7006000,0,300,4453000,Notcharging,1200000000
1784646024.615961263,1332.82,47100,47100,48700,49000,48300,47500,47100,47900,47500,47700,47700,48800,49800,49200,48800,50000,49200,49200,48800,45700,46500,46500,46500,49400,46100,46100,44900,45300,45300,46100,56700,59400,57500,58300,50200,59400,58700,55600,56700,57100,56300,56700,55600,50400,47700,46300,46500,48400,44900,44900,44900,37000,0,0,37000,36506,46700,95000,0,35322,37000,32400,44342,95000,32758,0,34050,47100,32640,0,39431,0,41857,0,36070,37079,0,41054,47100,0,36972,0,36606,39826,41676,43509,43341,47812,42333,49800,41492,41728,51241,32400,3100,-273000,-273000,-273000,94373,891,2804264,101816,0,0,0,0,0,0,0,0,0,0,0,0,0,0,0,0,387,7329,111624,251,94373,891,2804264,101816,15475008,881436,8813976,8.25,0.00,0.00,425422,124843,3159636,106780,,,,384000,384000,384000,384000,384000,384000,883200,883200,0,,,,,,0,,996416,1001989,0,4933,350,1,494000,4932000,7006000,0,300,4453000,Notcharging,1200000000
1784646025.050170794,1333.25,47100,47800,49000,49000,48700,48300,47900,48300,47500,47300,47700,48800,50200,48800,49200,50000,49200,49200,48400,46100,46500,46500,46500,49800,46100,46100,44600,45300,45300,46100,56300,58300,57100,57900,50500,59000,58300,55200,56300,57100,56000,56700,55600,50400,48000,46700,46900,48400,44900,44900,44900,37000,0,0,37000,36527,47500,95000,0,35322,37000,32400,44354,95000,32758,0,34050,47100,32649,0,39442,0,41892,0,36067,37084,0,41105,47100,0,36966,0,36609,39849,41712,43678,43543,47678,42635,49800,41560,41728,51207,32400,3100,-273000,-273000,-273000,94373,891,2804264,101816,0,0,0,0,0,0,0,0,0,0,0,0,0,0,0,0,387,7329,111624,251,94373,891,2804264,101816,15475008,879924,8812468,8.25,0.00,0.00,425422,124843,3159636,106780,,,,384000,384000,384000,384000,384000,384000,883200,883200,0,,,,,,0,,996416,1001989,0,4933,350,1,494000,4932000,7006000,0,300,4453000,Notcharging,1200000000
1784646025.485935586,1333.69,47100,47500,49000,49000,48700,47900,47500,48300,47500,47700,47300,48400,50200,49200,49200,49600,49200,49200,48800,45700,46500,46900,46500,49400,46500,46100,44600,45300,45300,46100,56300,58700,57100,57900,49800,58700,58300,55600,56000,57100,56300,56700,55600,50000,48000,46300,46900,48800,45300,44900,45300,37000,0,0,37000,36546,47100,95000,0,35322,37000,32400,44365,95000,32758,0,34050,46700,32631,0,39475,0,41929,0,36041,37096,0,41137,46700,0,37015,0,36643,39871,41733,43610,43745,47913,42400,49800,41560,41728,51140,32400,3100,-273000,-273000,-273000,94373,891,2804264,101816,0,0,0,0,0,0,0,0,0,0,0,0,0,0,0,0,387,7329,111624,251,94373,891,2804264,101816,15475008,877404,8809948,8.25,0.00,0.00,425422,124843,3159636,106780,,,,384000,384000,384000,384000,384000,384000,883200,883200,0,,,,,,0,,979062,1002015,0,4933,350,1,494000,4929000,7006000,0,300,4453000,Notcharging,1200000000
1784646025.931180117,1334.13,47500,47500,49000,49000,48700,48300,47900,48700,47500,47700,47700,49200,50500,49200,49200,49600,49600,49600,48800,46100,46900,46900,46900,49800,46100,46100,44600,45300,45300,46100,56700,59000,57500,58700,50500,59400,58700,55600,56700,57100,56300,57100,56000,50400,48000,46700,46500,49200,44900,45300,44900,37000,0,0,37000,36561,47100,95000,0,35322,37000,32400,44405,95000,32758,0,34050,47500,32634,0,39490,0,41960,0,36053,37099,0,41147,46700,0,36992,0,36634,39865,41739,43577,43577,47980,42501,49800,41627,41593,51275,32400,3100,-273000,-273000,-273000,94381,891,2804360,101820,0,0,0,0,0,0,0,0,0,0,0,0,0,0,0,0,387,7329,111624,251,94381,891,2804360,101820,15475008,885332,8817876,8.25,0.00,0.00,425422,124843,3159684,106780,,,,384000,384000,384000,384000,384000,384000,883200,883200,0,,,,,,0,,979062,1002015,0,4933,350,1,494000,4931000,7006000,0,300,4453000,Notcharging,1200000000
1784646026.360444492,1334.56,47500,47500,49000,48700,48700,47900,47500,47900,47100,47700,47700,49200,50200,49200,49200,50000,49600,49200,49200,45700,46900,46500,46900,49800,46100,46100,44900,45300,45300,46500,56700,59000,57500,58700,50200,59400,58700,55600,56700,57100,56700,57100,56000,50400,48000,46300,46900,48800,45300,44900,45300,37000,0,0,37000,36577,47100,95000,0,35322,37000,32400,44427,95000,32758,0,34050,46700,32660,0,39520,0,41963,0,36107,37134,0,41178,47100,0,36992,0,36690,39920,41776,43476,43678,47644,42366,49800,41459,41795,51140,32400,3100,-273000,-273000,-273000,94381,891,2804360,101820,0,0,0,0,0,0,0,0,0,0,0,0,0,0,0,0,387,7329,111624,251,94381,891,2804360,101820,15475008,884576,8817120,8.25,0.00,0.00,425422,124843,3159684,106780,,,,384000,384000,384000,384000,384000,384000,883200,883200,0,,,,,,0,,997531,1001914,0,4933,350,1,494000,4933000,7006000,0,300,4453000,Notcharging,1200000000
1784646027.504246002,1335.71,47500,47800,49000,49400,48700,47900,47900,48300,47900,47700,48000,49200,50200,49200,49200,50000,49200,49600,49200,46100,46900,46500,46500,49800,46500,46500,44600,45300,45700,46100,57900,60600,57100,59800,50200,61400,59000,57500,58300,57100,56300,57100,56000,50400,48000,46700,46900,48800,45300,45300,45700,37000,0,0,37000,36630,47500,95000,0,35483,37000,32400,44512,95000,32907,0,34192,47100,32666,0,39596,0,42029,0,36104,37192,0,41235,47500,0,36981,0,36730,39984,41823,43678,43577,48148,42602,50200,41694,42064,51174,32400,3100,-273000,-273000,-273000,94381,891,2804360,101820,0,0,0,0,0,0,0,0,0,0,0,0,0,0,0,0,387,7329,111624,251,94381,891,2804360,101820,15475008,883692,8816236,8.02,0.00,0.00,425422,124843,3159684,106780,,,,384000,384000,384000,384000,384000,384000,883200,883200,0,,,,,,0,,986121,1001988,0,4933,350,1,494000,4931000,7006000,0,300,4453000,Notcharging,1200000000
1784646027.940364908,1336.14,47500,47800,49400,49000,48700,48300,47900,48700,47900,48000,47700,49200,50200,49600,49600,50000,49200,49600,48800,46100,46900,46900,46900,49800,46900,46100,44600,45300,45700,46500,58300,60600,57100,60200,50200,61400,58700,57500,58700,57500,56000,56700,56000,50400,48000,46700,46900,49200,44600,45300,45700,37000,0,0,37000,36651,47500,95000,0,35483,37000,32400,44519,95000,32907,0,34192,47100,32658,0,39609,0,42054,0,36076,37205,0,41279,47100,0,37025,0,36743,40036,41863,43846,43711,48014,42736,49800,41560,42064,51073,32400,3100,-273000,-273000,-273000,94381,891,2804360,101820,0,0,0,0,0,0,0,0,0,0,0,0,0,0,0,0,387,7329,111624,251,94381,891,2804360,101820,15475008,883216,8815764,8.02,0.00,0.00,425422,124843,3159684,106780,,,,384000,384000,384000,384000,384000,384000,883200,883200,0,,,,,,0,,986121,1001988,0,4933,350,1,494000,4928000,7004000,0,304,4451000,Notcharging,1200000000
1784646028.394406887,1336.60,47500,48200,49400,49800,49000,48700,47900,49000,47900,48000,48000,49200,50500,49200,49600,50400,49600,49600,49200,46100,46900,46900,46900,50200,46500,46100,44900,45300,45700,46500,56300,59000,57100,57900,50900,59000,58300,54800,56000,57100,56700,57500,56000,50800,48400,46700,47300,48800,45300,45300,45700,37000,0,0,37000,36671,47900,95000,0,35483,37000,32400,44559,95000,32907,0,34192,47900,32670,0,39662,0,42089,0,36059,37208,0,41292,47900,0,36987,0,36746,40005,41887,43644,43711,48014,42703,50200,41627,41930,50972,32400,3100,-273000,-273000,-273000,94381,891,2804360,101820,0,0,0,0,0,0,0,0,0,0,0,0,0,0,0,0,387,7329,111624,251,94381,891,2804360,101820,15475008,887032,8819660,8.02,0.00,0.00,425422,124843,3159684,106780,,,,384000,384000,384000,384000,384000,384000,883200,883200,0,,,,,,0,,989834,1002108,0,4933,350,1,494000,4924000,7004000,0,304,4451000,Notcharging,1200000000
1784646028.845957772,1337.05,47800,48200,49800,49800,49400,48700,48300,49000,48300,48400,48400,49200,50900,49600,49600,50400,49600,49600,49200,46100,47300,47300,46900,50500,46900,46500,44900,45300,45700,46500,56700,59000,57500,57900,50900,59000,58700,54800,56000,57100,56700,57100,56000,50800,48000,47100,47300,49200,45300,45700,45700,37000,0,0,37000,36687,47900,95000,0,35483,37000,32400,44585,95000,32907,0,34192,47900,32670,0,39652,0,42099,0,36038,37237,0,41320,47900,0,37016,0,36802,40052,41927,43812,43778,48182,42971,50200,41728,41694,50838,32400,3100,-273000,-273000,-273000,94381,891,2804360,101820,0,0,0,0,0,0,0,0,0,0,0,0,0,0,0,0,387,7329,111624,251,94381,891,2804360,101820,15475008,845176,8777852,8.02,0.00,0.00,425422,124844,3159684,106781,,,,384000,384000,384000,384000,384000,384000,883200,883200,0,,,,,,0,,989834,1002108,0,4933,350,1,494000,4929000,7004000,0,304,4451000,Notcharging,1200000000
1784646029.315984751,1337.52,47500,48200,49400,49400,49000,48300,48300,48700,47900,48000,47700,49600,50500,49600,49600,50000,50000,49600,49200,46100,47300,46900,46900,50200,46500,46500,44900,45700,45700,46500,57100,59400,57900,58700,50500,59800,59000,56000,57100,57500,56700,57100,56300,50400,48400,46700,46900,49200,45300,45300,45700,37000,0,0,37000,36704,47500,95000,0,35483,37000,32400,44628,95000,32907,0,34192,47500,32663,0,39668,0,42135,0,36095,37263,0,41341,47500,0,37003,0,36811,40086,41943,43812,43745,47812,42837,50200,41828,41661,50938,32400,3100,-273000,-273000,-273000,94381,891,2804360,101820,0,0,0,0,0,0,0,0,0,0,0,0,0,0,0,0,387,7329,111624,251,94381,891,2804360,101820,15475008,893684,8826344,8.02,0.00,0.00,425422,124845,3159684,106782,,,,384000,384000,384000,384000,384000,384000,883200,883200,0,,,,,,0,,997584,1001915,0,4933,350,1,494000,4931000,7004000,0,304,4451000,Notcharging,1200000000
1784646029.759144490,1337.96,47800,47800,49000,49400,49000,48300,48300,48700,47900,48000,47700,49200,50200,49200,49600,50000,49600,49600,48800,46100,46900,46900,46900,50200,46900,46500,44600,45300,45700,46500,56700,58700,57500,57500,50500,58700,58300,55200,56300,56700,56300,57100,55600,50800,48000,47100,47300,49200,44900,45300,45700,37000,0,0,37000,36721,47500,95000,0,35483,37000,32400,44665,95000,32907,0,34192,47100,32663,0,39708,0,42143,0,36088,37297,0,41354,47500,0,37000,0,36819,40103,41958,43745,43812,48014,42837,50200,41930,41694,50737,32400,3100,-273000,-273000,-273000,94381,891,2804360,101820,0,0,0,0,0,0,0,0,0,0,0,0,0,0,0,0,387,7329,111624,251,94381,891,2804360,101820,15475008,892092,8824756,8.02,0.00,0.00,425422,124846,3159684,106783,,,,384000,384000,384000,384000,384000,384000,883200,883200,0,,,,,,0,,997584,1001915,0,4933,350,1,494000,4931000,7004000,0,304,4451000,Notcharging,1200000000
1784646030.207819490,1338.41,47800,47800,49000,49000,49000,48300,47900,49000,47900,48000,47700,49200,50200,49200,49600,50000,49600,50000,49200,46100,46900,47300,46900,49800,46900,46500,44900,45300,45700,46500,57100,59400,57500,58300,50500,59800,59000,56000,56300,57500,56300,57100,55600,50800,48400,46700,46900,49200,45300,45300,45300,37000,0,0,37000,36737,47500,95000,0,35483,37000,32400,44657,95000,32907,0,34192,47500,32666,0,39738,0,42181,0,36041,37292,0,41385,47100,0,36981,0,36835,40116,41988,43812,43812,48081,42971,49800,41761,41930,50838,32400,3100,-273000,-273000,-273000,94381,891,2804360,101820,0,0,0,0,0,0,0,0,0,0,0,0,0,0,0,0,387,7329,111624,251,94381,891,2804360,101820,15475008,891164,8823812,8.02,0.00,0.00,425422,124846,3159684,106783,,,,384000,384000,384000,384000,384000,384000,883200,883200,0,,,,,,0,,985138,1002038,0,4933,350,1,494000,4927000,7004000,0,304,4451000,Notcharging,1200000000
1784646030.640182042,1338.84,47800,48200,49400,49400,49000,48300,47900,48700,48300,48000,47700,49200,50200,49600,49600,50000,49600,49600,48800,46100,46900,47300,46500,49800,46900,46100,44900,45700,45700,46900,56700,59000,57900,58300,50500,59400,59000,56000,56700,57500,56700,57100,56300,50400,48000,47100,47300,49200,45300,45300,45700,37000,0,0,37000,36758,47900,95000,0,35483,37000,32400,44694,95000,32907,0,34192,47500,32678,0,39750,0,42207,0,36088,37326,0,41416,47900,0,36961,0,36880,40147,42017,43543,43778,48283,42804,50200,41930,41526,50871,32400,3100,-273000,-273000,-273000,94381,891,2804360,101820,0,0,0,0,0,0,0,0,0,0,0,0,0,0,0,0,387,7329,111624,251,94381,891,2804360,101820,15475008,895368,8828016,8.01,0.00,0.00,425422,124846,3159684,106783,,,,384000,384000,384000,384000,384000,384000,883200,883200,0,,,,,,0,,985138,1002038,0,4933,350,1,494000,4928000,7004000,0,304,4451000,Notcharging,1200000000
1784646031.084246313,1339.29,47800,47800,49400,49800,49000,48300,47900,48700,48300,48000,48000,49200,50500,49600,49600,50400,49600,49600,49200,46100,47300,46900,46900,50200,46500,46500,44900,45300,45700,46500,59400,61400,57900,60600,50900,61700,59400,58300,58700,57900,56700,57500,56000,50800,48400,46700,47300,49200,45300,45700,45300,37000,0,0,37000,36774,47500,95000,0,35483,37000,32400,44756,95000,32907,0,34192,47100,32684,0,39764,0,42245,0,36079,37349,0,41426,47500,0,37000,0,36875,40168,42037,43947,43947,48249,42804,50200,41896,41930,50972,32400,3100,-273000,-273000,-273000,94386,891,2804424,101823,0,0,0,0,0,0,0,0,0,0,0,0,0,0,0,0,387,7329,111624,251,94386,891,2804424,101823,15475008,894388,8827036,8.01,0.00,0.00,425422,124846,3159716,106783,,,,384000,384000,384000,384000,384000,384000,883200,883200,0,,,,,,0,,985138,1002038,0,4933,350,1,494000,4932000,7004000,0,304,4451000,Notcharging,1200000000
1784646031.515654750,1339.72,48200,48200,49800,49400,49000,48300,48300,49000,47900,48000,47700,49200,50900,49600,49600,50400,50000,50000,49200,46500,47300,46900,46900,50200,46900,46100,44900,45300,45700,46500,56700,58700,57500,57500,50900,58700,58700,55600,56300,57100,56700,57500,56000,50800,48400,47500,46900,49600,45300,45700,45700,37000,0,0,37000,36787,47900,95000,0,35483,37000,32400,44759,95000,32907,0,34192,47900,32675,0,39793,0,42270,0,36088,37369,0,41441,47900,0,36996,0,36905,40178,42052,43980,43913,48484,42904,50200,41963,41795,50770,32400,3100,-273000,-273000,-273000,94388,891,2804448,101824,0,0,0,0,0,0,0,0,0,0,0,0,0,0,0,0,387,7329,111624,251,94388,891,2804448,101824,15475008,890128,8822776,8.01,0.00,0.00,425422,124852,3159728,106789,,,,384000,384000,384000,384000,384000,384000,883200,883200,0,,,,,,0,,986650,1002028,0,4933,350,1,494000,4928000,7004000,0,304,4451000,Notcharging,1200000000
1784646032.661099229,1340.86,47800,48200,49000,49400,49000,48700,48300,48700,47900,48400,48400,49600,50500,49600,50000,50400,50000,49600,49200,46500,47700,46900,46900,50200,46900,46500,44900,45700,45700,46500,57100,59800,57900,59000,50900,60200,59400,56700,57100,57900,57100,57900,56700,50800,48800,46700,47300,49200,45700,45300,45700,37000,0,0,37000,36831,47500,95000,0,35643,37000,32400,44825,95000,33042,0,34348,47900,32673,0,39858,0,42322,0,36056,37410,0,41490,47500,0,36963,0,36973,40259,42106,43947,43947,48518,43039,50200,41896,41997,51006,32400,3100,-273000,-273000,-273000,94388,891,2804448,101824,0,0,0,0,0,0,0,0,0,0,0,0,0,0,0,0,387,7329,111624,251,94388,891,2804448,101824,15475008,887712,8820412,8.37,0.00,0.00,425422,124856,3159728,106793,,,,384000,384000,384000,384000,384000,384000,883200,883200,0,,,,,,0,,997318,1001906,0,4933,350,1,494000,4933000,7004000,0,304,4451000,Notcharging,1200000000
1784646033.091551468,1341.29,47800,48200,49800,49800,49400,49000,48700,49000,48300,48000,48000,49600,50900,49600,49600,50400,50000,50000,49200,46500,46900,47300,47300,50500,47300,46500,44900,45700,45700,46900,57100,59800,57900,59000,50900,60200,59400,56300,57500,58300,57100,57900,56700,50800,48800,47500,47300,49200,45300,45300,45700,37000,0,0,37000,36852,47900,95000,0,35643,37000,32400,44883,95000,33042,0,34348,47900,32692,0,39871,0,42350,0,36098,37412,0,41530,47900,0,36998,0,36986,40274,42145,43913,43913,48484,43139,50600,41963,42097,50838,32400,3100,-273000,-273000,-273000,94388,891,2804448,101824,0,0,0,0,0,0,0,0,0,0,0,0,0,0,0,0,387,7329,111624,251,94388,891,2804448,101824,15475008,887200,8819900,8.37,0.00,0.00,425422,124856,3159728,106793,,,,384000,384000,384000,384000,384000,384000,883200,883200,0,,,,,,0,,997207,1001923,0,4933,350,1,494000,4933000,7004000,0,315,4451000,Notcharging,1200000000
1784646033.549252770,1341.75,47500,48200,49400,49400,49000,48300,47900,48700,47900,48000,48400,49600,50900,49600,49600,50400,50000,50400,49200,46100,47300,47300,47300,50200,46900,46500,44900,46100,45700,46900,57900,60600,58300,59400,50900,60600,59800,56700,57500,58300,57100,57500,56700,50800,48400,46700,46900,49200,45300,45700,45700,37000,0,0,37000,36865,47500,95000,0,35643,37000,32400,44906,95000,33042,0,34348,47500,32692,0,39871,0,42375,0,36104,37410,0,41537,47500,0,37027,0,37003,40310,42155,44148,44013,48283,42837,50200,41896,42299,50669,32400,3100,-273000,-273000,-273000,94388,891,2804448,101824,0,0,0,0,0,0,0,0,0,0,0,0,0,0,0,0,387,7329,111624,251,94388,891,2804448,101824,15475008,886216,8818884,8.37,0.00,0.00,425422,124856,3159728,106793,,,,384000,384000,384000,384000,384000,384000,883200,883200,0,,,,,,0,,997207,1001923,0,4933,350,1,494000,4931000,7004000,0,315,4451000,Notcharging,1200000000
1784646033.975704124,1342.18,48200,49000,50200,49800,49400,48700,48700,49000,48700,48000,48000,49600,50900,49600,50000,50400,50000,50000,49600,46500,47300,46900,46900,50900,46900,46500,45300,45700,45700,46500,57100,59400,57900,58700,51300,59800,59000,56000,57100,57900,57100,57500,56300,50800,48800,47500,47300,49600,45700,45700,45700,37000,0,0,37000,36881,47900,95000,0,35643,37000,32400,44938,95000,33042,0,34348,47900,32718,0,39885,0,42393,0,36076,37447,0,41590,47900,0,37028,0,37025,40320,42200,44047,43947,48350,42938,50600,41930,42064,50603,32400,3100,-273000,-273000,-273000,94388,891,2804448,101824,0,0,0,0,0,0,0,0,0,0,0,0,0,0,0,0,387,7329,111624,251,94388,891,2804448,101824,15475008,883960,8816628,8.37,0.00,0.00,425422,124856,3159728,106793,,,,691200,691200,691200,691200,691200,691200,883200,883200,0,,,,,,0,,997207,1001923,0,4933,350,1,494000,4929000,7004000,0,315,4451000,Notcharging,1200000000
1784646034.338739489,1342.54,47800,48200,49400,49800,48700,48300,48300,48700,47900,48000,48000,49600,50900,49600,50000,50400,50000,49600,49600,46100,47300,47300,47300,50200,46900,46500,45300,45700,46100,46900,56700,59400,57900,58700,50500,59800,59000,56000,56700,57900,56700,57500,56300,50800,48800,47100,47300,49600,45300,45700,45700,37000,0,0,37000,36892,47900,95000,0,35643,37000,32400,44938,95000,33042,0,34348,47500,32702,0,39897,0,42413,0,36044,37464,0,41611,47500,0,37061,0,37012,40326,42210,44047,44013,48552,43039,50600,41963,41963,50636,32400,3100,-273000,-273000,-273000,94388,891,2804448,101824,0,0,0,0,0,0,0,0,0,0,0,0,0,0,0,0,387,7329,111624,251,94388,891,2804448,101824,15475008,883204,8815876,8.37,0.00,0.00,425422,124856,3159728,106793,,,,384000,384000,384000,384000,384000,384000,883200,883200,0,,,,,,0,,987510,1002034,0,4933,350,1,494000,4932000,7004000,0,315,4451000,Notcharging,1200000000
1784646034.771202405,1342.97,47800,48600,49800,50200,49800,49000,48700,49000,48300,48400,48000,49200,50900,49600,50000,50400,50000,50000,49600,46100,47700,47300,47300,50500,46900,46900,45300,45700,45700,46900,58300,61000,58300,60200,50900,61400,60200,57100,57900,58300,57100,57900,56700,51200,48400,47500,47300,49600,45700,45700,45700,37000,0,0,37000,36903,47900,95000,0,35643,37000,32400,44977,95000,33042,0,34348,47500,32722,0,39920,0,42460,0,36088,37507,0,41632,47500,0,37027,0,37054,40341,42253,44216,44148,48653,43139,50600,41997,42064,50603,32400,3100,-273000,-273000,-273000,94388,891,2804448,101824,0,0,0,0,0,0,0,0,0,0,0,0,0,0,0,0,387,7329,111624,251,94388,891,2804448,101824,15475008,879928,8812600,7.94,0.00,0.00,425422,124856,3159728,106793,,,,384000,384000,384000,384000,384000,384000,883200,883200,0,,,,,,0,,987510,1002034,0,4933,350,1,494000,4933000,7004000,0,315,4451000,Notcharging,1200000000
1784646035.204493811,1343.41,47500,47800,49400,49400,49000,48700,48300,48700,48300,48400,48000,49200,50500,49600,50000,50400,50000,49600,49600,46100,46900,46900,46900,50200,46900,46500,44900,45700,45700,46900,58700,60600,57900,60200,50500,61000,59000,57500,58700,57500,56700,57500,56700,50800,48400,47100,47700,49600,45700,45700,45700,37000,0,0,37000,36931,47500,95000,0,35643,37000,32400,44995,95000,33042,0,34348,47100,32696,0,39947,0,42438,0,36092,37507,0,41653,47100,0,37059,0,37089,40384,42253,43980,44013,48854,43005,50200,42064,42366,50737,32400,3100,-273000,-273000,-273000,94388,891,2804448,101824,0,0,0,0,0,0,0,0,0,0,0,0,0,0,0,0,387,7329,111624,251,94388,891,2804448,101824,15475008,877904,8810576,7.94,0.00,0.00,425422,124856,3159728,106793,,,,384000,384000,384000,384000,384000,384000,883200,883200,0,,,,,,0,,997336,1001934,0,4933,350,1,494000,4929000,7004000,0,315,4451000,Notcharging,1200000000
1784646035.644160113,1343.85,47800,48200,49400,49800,49400,48700,48700,49000,48300,48000,48000,49200,50900,49600,50000,50400,50000,50000,49200,46500,47300,46900,47300,50500,47300,46500,44900,45700,45700,46900,57100,59800,58300,59400,50900,60200,59800,56300,57500,58300,57100,57900,56700,50800,48800,47100,47300,49600,45700,45700,46100,37000,0,0,37000,36948,47900,95000,0,35643,37000,32400,45000,95000,33042,0,34348,47500,32716,0,39960,0,42492,0,36059,37521,0,41671,47500,0,37027,0,37099,40401,42287,44182,44081,48720,43073,50600,42131,42131,50569,32400,3100,-273000,-273000,-273000,94388,891,2804448,101824,0,0,0,0,0,0,0,0,0,0,0,0,0,0,0,0,387,7329,111624,251,94388,891,2804448,101824,15475008,876148,8808820,7.94,0.00,0.00,425422,124856,3159728,106793,,,,384000,384000,384000,384000,384000,384000,883200,883200,0,,,,,,0,,997336,1001934,0,4933,350,1,494000,4927000,7004000,0,315,4451000,Notcharging,1200000000
1784646036.078989644,1344.28,47800,48200,49800,49800,49000,48700,48300,49000,47900,48000,48400,49600,50900,49600,49600,50400,49600,50000,49600,46100,47300,46900,47300,50200,47300,46500,45300,45700,46100,46900,57900,60200,58300,59400,51300,60600,59400,56700,57100,57900,57100,57900,56300,51200,48400,47100,47300,49600,45300,45700,45700,37000,0,0,37000,36955,47900,95000,0,35643,37000,32400,45032,95000,33042,0,34348,47500,32696,0,39984,0,42508,0,36092,37521,0,41692,47900,0,37018,0,37108,40435,42297,44216,44249,48484,43207,50600,42232,42366,50569,32400,3100,-273000,-273000,-273000,94408,891,2804648,101831,0,0,0,0,0,0,0,0,0,0,0,0,0,0,0,0,387,7329,111624,251,94408,891,2804648,101831,15475008,874376,8807048,7.94,0.00,0.00,425422,124856,3159828,106793,,,,384000,384000,384000,384000,384000,384000,883200,883200,0,,,,,,0,,997336,1001934,0,4933,350,1,494000,4928000,7004000,0,315,4451000,Notcharging,1200000000
1784646036.519476154,1344.72,48200,48200,49800,49800,49000,48700,48300,48700,47900,48400,48000,49600,50500,49600,50000,50400,50000,50000,49200,46500,47300,46900,46900,50500,47300,46500,45300,46100,46500,46900,57100,59400,57900,58700,51300,59800,59000,56000,57100,57900,57500,57900,56300,50800,48400,47500,47300,49600,45700,45700,46100,37000,0,0,37000,36976,47900,95000,0,35643,37000,32400,45065,95000,33042,0,34348,47900,32702,0,40005,0,42536,0,36142,37552,0,41699,47500,0,37041,0,37118,40456,42318,44182,43913,48518,42938,50600,42131,41896,50569,32400,3100,-273000,-273000,-273000,94408,891,2804648,101831,0,0,0,0,0,0,0,0,0,0,0,0,0,0,0,0,387,7329,111624,251,94408,891,2804648,101831,15475008,871612,8804284,7.77,0.00,0.00,425422,124856,3159828,106793,,,,384000,384000,384000,384000,384000,384000,883200,883200,0,,,,,,0,,996992,1001996,321,4933,350,1,494000,4933000,7004000,0,315,4451000,Notcharging,1200000000
1784646037.674381310,1345.88,47800,48200,49800,49800,49400,48700,48300,49000,48700,48400,48000,49600,50900,50000,50000,50800,50000,50000,49600,46900,47700,47300,47300,50500,46900,46900,45300,45700,46100,46900,57500,60200,58700,59400,50900,60200,59800,56700,57100,58300,57100,58300,56700,51200,48800,47100,47700,49600,45700,45700,46100,37000,0,0,37000,37018,47900,95000,0,35776,37000,32400,45128,95000,33168,0,34485,47500,32716,0,40086,0,42564,0,36088,37581,0,41758,47900,0,36992,0,37196,40523,42355,44383,44216,48585,43173,50600,42198,42165,50603,32400,3100,-273000,-273000,-273000,94408,891,2804648,101831,0,0,0,0,0,0,0,0,0,0,0,0,0,0,0,0,387,7329,111624,251,94408,891,2804648,101831,15475008,873528,8806316,7.77,0.00,0.00,425422,124856,3159828,106793,,,,384000,384000,384000,384000,384000,384000,883200,883200,0,,,,,,0,,979166,1002183,321,4933,350,1,494000,4937000,7004000,0,315,4451000,Notcharging,1200000000
1784646038.115831727,1346.32,47800,48600,49800,50200,49000,48700,48300,49000,48300,48800,48400,50000,50900,50000,50000,50800,50000,50400,49600,46500,47700,47300,47300,50500,47300,46900,45300,46100,46100,46900,57500,59800,57900,59000,51300,59800,59400,55600,56700,57900,57500,57900,56300,51200,48800,47100,47700,49600,45700,45700,46100,37000,0,0,37000,37042,47900,95000,0,35776,37000,32400,45178,95000,33168,0,34485,47900,32742,0,40100,0,42609,0,36107,37615,0,41773,47500,0,37009,0,37205,40542,42390,44417,44316,48922,43274,51000,42064,42299,50669,32400,3100,-273000,-273000,-273000,94408,891,2804648,101831,0,0,0,0,0,0,0,0,0,0,0,0,0,0,0,0,387,7329,111624,251,94408,891,2804648,101831,15475008,869104,8801892,7.77,0.00,0.00,425422,124856,3159828,106793,,,,384000,384000,384000,384000,384000,384000,883200,883200,0,,,,,,0,,979166,1002183,321,4933,350,1,494000,4935000,7002000,0,325,4448000,Notcharging,1200000000
1784646038.579400529,1346.78,47800,48600,49800,49800,49400,48700,48700,49000,49000,48400,48400,50000,50900,50000,50000,50800,50000,50400,49600,46500,47300,47700,47300,50500,46900,46900,45300,45700,45700,46900,56700,59400,57900,58700,51300,59800,59400,56000,56700,57500,56700,57900,56300,51200,48400,47100,47700,50000,45700,46100,46100,37000,0,0,37000,37056,48300,95000,0,35776,37000,32400,45178,95000,33168,0,34485,47500,32742,0,40116,0,42617,0,36038,37615,0,41800,48300,0,37003,0,37220,40556,42403,44316,44249,48653,43207,51000,42198,42198,50334,32400,3100,-273000,-273000,-273000,94408,891,2804648,101831,0,0,0,0,0,0,0,0,0,0,0,0,0,0,0,0,387,7329,111624,251,94408,891,2804648,101831,15475008,868748,8801600,7.81,0.00,0.00,425422,124856,3159828,106793,,,,384000,384000,384000,384000,384000,384000,883200,883200,0,,,,,,0,,996267,1001925,321,4933,350,1,494000,4935000,7002000,0,325,4448000,Notcharging,1200000000
1784646039.023676570,1347.23,47800,48600,49400,49800,49400,48700,48700,49000,48300,48800,48000,49600,51300,50000,50000,50400,50400,50000,49600,46500,47300,47700,47300,50500,47300,46900,45300,46100,46100,47300,57500,60200,58300,58700,51300,59800,59400,56000,56700,57900,57100,58300,56300,51200,49200,47500,47700,49600,45700,45700,46100,37000,0,0,37000,37073,47900,95000,0,35776,37000,32400,45215,95000,33168,0,34485,47500,32739,0,40134,0,42641,0,36082,37644,0,41831,47500,0,37015,0,37240,40586,42423,44652,44182,48687,43240,50200,42333,42400,50636,32400,3100,-273000,-273000,-273000,94408,891,2804648,101831,0,0,0,0,0,0,0,0,0,0,0,0,0,0,0,0,387,7329,111624,251,94408,891,2804648,101831,15475008,870144,8803000,7.81,0.00,0.00,425422,124856,3159828,106793,,,,384000,384000,384000,384000,384000,384000,883200,883200,0,,,,,,0,,996267,1001925,321,4933,350,1,494000,4936000,7002000,0,325,4448000,Notcharging,1200000000
1784646039.454884435,1347.66,48600,48600,49800,50200,49400,49000,48700,49000,48700,48400,48400,49600,50900,50000,50000,50800,50400,50400,50000,46500,47700,46900,47300,50900,47300,46900,45700,46100,46100,46900,59400,61700,59000,61000,51300,62100,60200,57900,58700,59000,57500,58300,57100,51500,48800,47500,47700,49600,45700,46100,46100,37000,0,0,37000,37091,48300,95000,0,35776,37000,32400,45246,95000,33168,0,34485,47900,32742,0,40128,0,42665,0,36107,37669,0,41849,47900,0,37047,0,37254,40602,42455,44551,44216,48787,43173,51000,42131,42467,50434,32400,3100,-273000,-273000,-273000,94408,891,2804648,101831,0,0,0,0,0,0,0,0,0,0,0,0,0,0,0,0,387,7329,111624,251,94408,891,2804648,101831,15475008,888384,8821144,7.81,0.00,0.00,425422,124856,3159828,106793,,,,384000,384000,384000,384000,384000,384000,883200,883200,0,,,,,,0,,996565,1001952,321,4933,350,1,494000,4928000,7002000,0,325,4448000,Notcharging,1200000000
1784646039.904578393,1348.11,47800,48200,49800,49800,49400,49000,48700,49000,48300,48800,48400,49600,50900,50000,50000,50800,50400,50400,49600,46500,47700,47300,47700,50500,47300,46900,45300,46100,46100,46900,58300,61000,58700,60200,50900,61400,60200,57100,57900,58700,57500,58700,57100,51500,48800,47100,47700,50000,46100,45700,46100,37000,0,0,37000,37108,48300,95000,0,35776,37000,32400,45269,95000,33168,0,34485,47900,32718,0,40168,0,42680,0,36098,37672,0,41863,47500,0,37004,0,37301,40629,42472,44551,44216,48888,43375,50600,42232,42602,50502,32400,3100,-273000,-273000,-273000,94408,891,2804648,101831,0,0,0,0,0,0,0,0,0,0,0,0,0,0,0,0,387,7329,111624,251,94408,891,2804648,101831,15475008,885144,8817904,7.81,0.00,0.00,425422,124856,3159828,106793,,,,384000,384000,384000,384000,384000,384000,883200,883200,0,,,,,,0,,996565,1001952,321,4933,350,1,494000,4931000,7002000,0,325,4448000,Notcharging,1200000000
1784646040.355614903,1348.56,48200,48200,49800,50200,49400,49000,48700,49000,48700,48400,48400,49600,50900,50000,50000,50400,50400,50400,50000,46500,47300,47300,47300,50900,47300,46900,45700,46100,46100,46900,57500,59800,58300,59000,51300,59800,59400,55600,56700,57900,57500,58300,56700,51500,49200,47500,47700,49600,45700,45700,46100,37000,0,0,37000,37118,48300,95000,0,35776,37000,32400,45269,95000,33168,0,34485,47900,32744,0,40161,0,42712,0,36107,37667,0,41891,47900,0,37027,0,37292,40640,42500,44518,44350,48821,43375,50600,42266,42467,50434,32400,3100,-273000,-273000,-273000,94408,891,2804648,101831,0,0,0,0,0,0,0,0,0,0,0,0,0,0,0,0,387,7329,111624,251,94408,891,2804648,101831,15475008,894340,8827068,7.81,0.00,0.00,425422,124856,3159828,106793,,,,384000,384000,384000,384000,384000,384000,883200,883200,0,,,,,,0,,989575,1002191,321,4933,350,1,494000,4936000,7002000,0,325,4448000,Notcharging,1200000000
1784646040.797001049,1349.00,48200,48600,49400,49800,49400,49000,48700,49000,48700,48800,48400,49600,51300,50000,50400,50800,50400,50400,49600,46900,47700,47300,47700,50500,47300,46500,45700,46100,46100,46900,57500,60200,58300,59000,51300,60200,59400,56700,57900,58300,57500,57900,57100,51200,48800,47500,47700,49600,45700,45700,46100,37000,0,0,37000,37132,48300,95000,0,35776,37000,32400,45310,95000,33168,0,34485,47900,32744,0,40208,0,42735,0,36136,37711,0,41923,47900,0,37028,0,37317,40693,42528,44551,44350,48955,43308,50600,42400,42535,50300,32400,3100,-273000,-273000,-273000,94408,891,2804648,101831,0,0,0,0,0,0,0,0,0,0,0,0,0,0,0,0,387,7329,111624,251,94408,891,2804648,101831,15475008,891820,8824548,8.03,0.00,0.00,425422,124856,3159828,106793,,,,384000,384000,384000,384000,384000,384000,883200,883200,0,,,,,,0,,989575,1002191,321,4933,350,1,494000,4927000,7002000,0,325,4448000,Notcharging,1200000000
1784646041.233560944,1349.44,48200,49000,49800,50200,49400,49000,49000,49400,48300,48800,48400,50000,51300,50000,50400,51200,50400,50400,49600,46500,47700,47700,47300,50900,47300,47300,45300,46500,46100,46900,59800,61700,58700,61400,51300,62100,59800,58700,59800,58300,57100,58300,57100,51500,49200,47500,47700,49600,45700,46100,46100,37000,0,0,37000,37149,47900,95000,0,35776,37000,32400,45344,95000,33168,0,34485,48300,32728,0,40188,0,42759,0,36079,37740,0,41932,48300,0,37050,0,37335,40680,42540,44518,44451,48922,43240,51000,42232,42736,50400,32400,3100,-273000,-273000,-273000,94410,891,2804688,101832,0,0,0,0,0,0,0,0,0,0,0,0,0,0,0,0,387,7329,111624,251,94410,891,2804688,101832,15475008,889756,8822484,8.03,0.00,0.00,425422,124856,3159848,106793,,,,384000,384000,384000,384000,384000,384000,883200,883200,0,,,,,,0,,994944,1001953,321,4933,350,1,494000,4929000,7002000,0,325,4448000,Notcharging,1200000000
1784646041.672341205,1349.88,48200,48600,49800,50200,49800,49000,49000,49400,48700,48800,48400,49600,51300,50400,50400,50800,50400,50000,50000,46500,47700,47700,47300,50500,47300,46900,45300,46100,46500,47300,58300,61000,58700,59800,50900,61000,60200,56700,57900,58700,57500,58700,57100,51200,48800,47100,47700,49600,45700,46100,46100,37000,0,0,37000,37167,47900,95000,0,35776,37000,32400,45337,95000,33168,0,34485,47900,32744,0,40222,0,42784,0,36079,37764,0,41960,47900,0,37037,0,37335,40722,42556,44383,44316,49022,43375,51000,42366,42333,50367,32400,3100,-273000,-273000,-273000,94410,891,2804688,101832,0,0,0,0,0,0,0,0,0,0,0,0,0,0,0,0,387,7329,111624,251,94410,891,2804688,101832,15475008,889300,8822000,8.03,0.00,0.00,425422,124856,3159848,106793,,,,384000,384000,384000,384000,384000,384000,883200,883200,0,,,,,,0,,997139,1001938,325,4932,350,1,494000,4931000,7002000,0,325,4448000,Notcharging,1200000000
1784646042.828323912,1351.04,48600,49000,50200,50600,49800,49000,49000,49400,48700,48800,48800,50000,51300,50400,50400,51200,50400,50400,49600,46900,47700,47700,47700,50900,47300,46900,45700,46100,46500,47300,60200,62500,59000,62100,51300,62900,60600,59400,60200,58300,57500,58300,57500,51200,48800,47500,47700,50000,45700,46100,46100,37000,0,0,37000,37201,48700,95000,0,35860,37000,32400,45405,95000,33298,0,34607,48300,32744,0,40266,0,42843,0,36104,37760,0,42007,48300,0,37065,0,37390,40743,42622,44585,44383,49224,43341,51000,42400,42131,50266,32400,3100,-273000,-273000,-273000,94410,891,2804688,101832,0,0,0,0,0,0,0,0,0,0,0,0,0,0,0,0,387,7329,111624,251,94410,891,2804688,101832,15475008,886016,8818716,8.20,0.00,0.00,425422,124856,3159848,106793,,,,384000,384000,384000,384000,384000,384000,883200,883200,0,,,,,,0,,997139,1001938,325,4932,350,1,494000,4935000,7002000,0,325,4448000,Notcharging,1200000000
1784646043.271163496,1351.47,48600,49000,49800,50200,49800,49400,48700,49000,48700,48800,48400,50000,51300,50400,50400,50800,50400,50800,50000,46900,47700,47700,48000,50900,47300,46900,45700,46100,46500,47300,59400,61700,59000,61400,51700,62500,61000,58700,59400,59000,57500,58300,57100,51500,48800,47900,47700,49600,46100,46100,46100,37000,0,0,37000,37222,48300,95000,0,35860,37000,32500,45467,95000,33298,0,34607,48300,32751,0,40299,0,42857,0,36088,37796,0,42029,48300,0,37047,0,37426,40764,42642,44585,44451,49056,43308,51000,42501,42669,50334,32500,3100,-273000,-273000,-273000,94410,891,2804688,101832,0,0,0,0,0,0,0,0,0,0,0,0,0,0,0,0,387,7329,111624,251,94410,891,2804688,101832,15475008,884456,8817156,8.20,0.00,0.00,425422,124856,3159848,106793,,,,384000,384000,384000,384000,384000,384000,883200,883200,0,,,,,,0,,971053,1002366,325,4932,350,1,494000,4931000,7002000,0,325,4447000,Notcharging,1200000000
1784646043.709225058,1351.91,48200,49000,50200,50600,49800,49000,48700,49400,49000,48800,48800,50000,51300,50000,50400,50800,50800,50800,50000,46500,47700,47700,47700,50500,47300,47300,45700,46500,46100,47300,57900,60200,58700,59400,51300,60600,59800,56300,57100,57900,57500,58300,57100,51500,49200,47900,47700,50000,46100,46100,46100,37000,0,0,37000,37238,48300,95000,0,35860,37000,32500,45445,95000,33298,0,34607,47900,32771,0,40304,0,42875,0,36070,37796,0,42052,48300,0,37039,0,37441,40809,42664,44888,44585,49090,43476,51000,42568,42501,50233,32500,3100,-273000,-273000,-273000,94410,891,2804688,101832,0,0,0,0,0,0,0,0,0,0,0,0,0,0,0,0,387,7329,111624,251,94410,891,2804688,101832,15475008,882244,8814948,8.20,0.00,0.00,425422,124856,3159848,106793,,,,384000,384000,384000,384000,384000,384000,883200,883200,0,,,,,,0,,971053,1002366,325,4932,350,1,494000,4928000,7002000,0,325,4447000,Notcharging,1200000000
1784646044.138881099,1352.34,48600,48600,49800,50200,49400,49000,49000,49000,48700,48800,48400,50000,51300,50000,50800,51200,50400,50400,50000,47300,48000,47700,47700,50900,47300,46900,45700,46500,46500,47300,60200,62100,59000,61700,51700,62900,60200,59000,60200,58700,57500,58700,57100,51500,49200,47500,48000,49600,45700,46100,46500,37000,0,0,37000,37249,47900,95000,0,35860,37000,32500,45493,95000,33298,0,34607,47900,32762,0,40317,0,42899,0,36133,37825,0,42077,48300,0,37042,0,37455,40820,42677,44787,44652,49426,43375,51000,42535,42870,50367,32500,3100,-273000,-273000,-273000,94410,891,2804688,101832,0,0,0,0,0,0,0,0,0,0,0,0,0,0,0,0,387,7329,111624,251,94410,891,2804688,101832,15475008,881992,8814696,8.20,0.00,0.00,425422,124856,3159848,106793,,,,384000,384000,384000,384000,384000,384000,883200,883200,0,,,,,,0,,997345,1001934,325,4932,350,1,494000,4928000,7002000,0,325,4447000,Notcharging,1200000000
1784646044.576633756,1352.78,48600,48600,50200,50200,49800,49000,48700,49000,48700,48800,48800,50000,51300,50400,50800,51200,50400,50800,50000,46500,47700,47700,48000,50900,47300,47300,45700,46100,46100,47300,57900,60200,58700,59800,51300,60600,60200,57100,57900,58700,57500,58700,57500,51900,49200,47500,48000,50000,46100,46100,46100,37000,0,0,37000,37271,48300,95000,0,35860,37000,32500,45513,95000,33298,0,34607,47900,32762,0,40350,0,42906,0,36113,37820,0,42081,47500,0,37056,0,37455,40850,42723,44619,44720,49291,43509,51000,42501,42904,49964,32500,3100,-273000,-273000,-273000,94410,891,2804688,101832,0,0,0,0,0,0,0,0,0,0,0,0,0,0,0,0,387,7329,111624,251,94410,891,2804688,101832,15475008,881480,8814184,7.98,0.00,0.00,425422,124856,3159848,106793,,,,384000,384000,384000,384000,384000,384000,883200,883200,0,,,,,,0,,997345,1001934,325,4932,350,1,494000,4924000,7002000,0,325,4447000,Notcharging,1200000000
1784646045.018753443,1353.22,48200,48600,50200,50200,49800,49000,48700,49400,48300,49200,48400,50400,50900,50000,50400,51200,50400,50400,50000,46900,47700,47700,47700,50900,47300,47300,45700,46100,46500,47300,59400,62100,59400,61400,51300,62900,61000,58300,59400,59000,57900,58700,57500,51500,49200,47500,47700,50000,45700,45700,46500,37000,0,0,37000,37281,48300,95000,0,35860,37000,32500,45527,95000,33298,0,34607,47900,32771,0,40360,0,42899,0,36130,37865,0,42113,48300,0,37085,0,37483,40863,42733,44787,44585,49325,43375,51400,42366,42770,50199,32500,3100,-273000,-273000,-273000,94410,891,2804688,101832,0,0,0,0,0,0,0,0,0,0,0,0,0,0,0,0,387,7329,111624,251,94410,891,2804688,101832,15475008,881480,8814184,7.98,0.00,0.00,425422,124856,3159848,106793,,,,384000,384000,384000,384000,384000,384000,883200,883200,0,,,,,,0,,997345,1001934,325,4932,350,1,494000,4927000,7002000,0,325,4447000,Notcharging,1200000000
1784646045.463888495,1353.67,48600,49000,50200,50200,49800,49400,49000,49400,49000,48800,48800,49600,51300,50400,50800,51500,50400,50400,50000,46500,47700,47700,47700,50900,47300,47300,45700,46100,46500,47300,59000,61000,58700,60600,51300,62100,60200,58300,59000,58300,57500,58300,57100,51500,49200,47500,47700,50000,45700,46100,46100,37000,0,0,37000,37287,48300,95000,0,35860,37000,32500,45568,95000,33298,0,34607,48300,32760,0,40387,0,42958,0,36092,37877,0,42136,47900,0,37096,0,37521,40893,42738,44888,44551,49291,43543,51000,42434,42904,50165,32500,3100,-273000,-273000,-273000,94410,891,2804688,101832,0,0,0,0,0,0,0,0,0,0,0,0,0,0,0,0,387,7329,111624,251,94410,891,2804688,101832,15475008,881480,8814184,7.98,0.00,0.00,425422,124856,3159848,106793,,,,384000,384000,384000,384000,384000,384000,883200,883200,0,,,,,,0,,996853,1001913,325,4932,350,1,494000,4926000,7002000,0,325,4447000,Notcharging,1200000000
1784646045.896522193,1354.10,48200,49000,50200,50200,49800,49000,49000,49400,49000,49200,48400,49600,51300,50400,50400,50800,50800,50800,50000,46900,48000,47700,47700,50900,47700,46900,45700,46500,46500,47300,59400,61700,59000,61000,51700,62100,60600,57900,58700,59400,57900,58700,57500,51500,49200,47500,47700,50000,45700,46100,46100,37000,0,0,37000,37316,48700,95000,0,35860,37000,32500,45580,95000,33298,0,34607,48300,32771,0,40390,0,42978,0,36079,37877,0,42160,48300,0,37050,0,37524,40904,42748,44854,44652,49123,43745,51000,42501,42535,50165,32500,3100,-273000,-273000,-273000,94410,891,2804688,101832,0,0,0,0,0,0,0,0,0,0,0,0,0,0,0,0,387,7329,111624,251,94410,891,2804688,101832,15475008,883924,8816616,7.98,0.00,0.00,425422,124856,3159848,106793,,,,384000,384000,384000,384000,384000,384000,883200,883200,0,,,,,,0,,996853,1001913,325,4932,350,1,494000,4929000,7002000,0,325,4447000,Notcharging,1200000000
1784646046.344223807,1354.55,48200,48600,50200,50200,49400,49000,48700,49400,48700,48800,48400,50400,51700,50400,50400,51200,50800,50800,50400,46900,48000,48000,48000,50900,47300,47300,45700,46500,46500,47700,58300,60200,59000,59400,51700,60600,59800,56700,57900,58300,57900,58700,57100,51500,49200,47900,47700,50000,45700,46500,46500,37000,0,0,37000,37330,48300,95000,0,35860,37000,32500,45628,95000,33298,0,34607,48300,32765,0,40421,0,43003,0,36059,37914,0,42175,47900,0,37024,0,37518,40916,42779,44686,44585,49123,43509,51000,42501,42938,50065,32500,3100,-273000,-273000,-273000,94412,891,2804720,101833,0,0,0,0,0,0,0,0,0,0,0,0,0,0,0,0,387,7329,111624,251,94412,891,2804720,101833,15475008,882916,8815608,7.98,0.00,0.00,425422,124856,3159864,106793,,,,384000,384000,384000,384000,384000,384000,883200,883200,0,,,,,,0,,997344,1001930,325,4932,350,1,494000,4932000,7002000,0,325,4447000,Notcharging,1200000000
1784646046.777257609,1354.98,48600,48600,49800,50200,49400,49400,49000,49800,48700,48800,48400,50400,51300,50000,50400,50800,50800,50800,50400,46900,47700,48000,47700,50900,47700,47300,45700,46100,46500,47700,59000,61700,59400,61000,51700,61700,60600,57900,58700,59400,57900,59000,57500,51500,49200,47900,48000,50000,46100,46500,46500,37000,0,0,37000,37349,48300,95000,0,35860,37000,32500,45621,95000,33298,0,34607,48700,32787,0,40421,0,42996,0,36098,37917,0,42198,48300,0,37105,0,37547,40937,42804,44619,44652,49224,43610,51000,42635,42870,50065,32500,3100,-273000,-273000,-273000,94412,891,2804720,101833,0,0,0,0,0,0,0,0,0,0,0,0,0,0,0,0,387,7329,111624,251,94412,891,2804720,101833,15475008,881924,8814616,7.99,0.00,0.00,425422,124856,3159864,106793,,,,384000,384000,384000,384000,384000,384000,883200,883200,0,,,,,,0,,987969,1002017,325,4932,360,1,494000,4928000,7002000,0,325,4447000,Notcharging,1200000000
1784646047.929757765,1356.13,49000,49000,50200,50600,50200,49400,49000,49800,48700,49200,48800,50000,51700,50800,50800,51200,51200,50800,50400,46900,48000,47700,47700,51300,48000,47300,45700,46500,46500,47700,59000,61700,59400,61000,51700,62100,61000,57900,59000,59400,58300,59000,57500,51900,49200,47900,48000,50000,46100,46500,46500,37000,0,0,37000,37394,48300,95000,0,36091,37000,32500,45695,95000,33446,0,34809,48300,32775,0,40502,0,43045,0,36107,37943,0,42245,48300,0,37035,0,37587,41005,42835,44955,44720,49325,43711,51400,42568,43341,50098,32500,3100,-273000,-273000,-273000,94412,891,2804720,101833,0,0,0,0,0,0,0,0,0,0,0,0,0,0,0,0,387,7329,111624,251,94412,891,2804720,101833,15475008,882148,8814840,7.99,0.00,0.00,425422,124856,3159864,106793,,,,384000,384000,384000,384000,384000,384000,883200,883200,0,,,,,,0,,987969,1002017,325,4932,360,1,494000,4928000,7002000,0,325,4447000,Notcharging,1200000000
1784646048.361662400,1356.56,48600,49000,50600,50600,50200,49400,49000,49800,49000,49200,48800,50400,51300,50800,50800,51200,50400,50800,50400,46900,48000,48000,48000,51300,47700,47700,46100,46500,46500,47700,57900,60200,58700,59800,51700,60600,60200,56300,57500,58700,58300,58700,57500,51900,49600,47900,48000,50400,46100,46100,46500,37000,0,0,37000,37398,48700,95000,0,36091,37000,32500,45719,95000,33446,0,34809,48700,32781,0,40508,0,43054,0,36088,37953,0,42242,48700,0,37028,0,37629,40999,42850,44921,44787,49493,43745,51400,42703,43039,50065,32500,3100,-273000,-273000,-273000,94412,891,2804720,101833,0,0,0,0,0,0,0,0,0,0,0,0,0,0,0,0,387,7329,111624,251,94412,891,2804720,101833,15475008,881644,8814340,7.99,0.00,0.00,425422,124856,3159864,106793,,,,384000,384000,384000,384000,384000,384000,883200,883200,0,,,,,,0,,997814,1002019,325,4932,360,1,494000,4932000,7000000,0,340,4446000,Notcharging,1200000000
1784646048.827731046,1357.03,48600,49000,50200,50600,49800,49400,49000,49400,48700,48800,48800,50400,51700,50400,50800,51200,50800,50400,50000,46900,48000,48000,48000,51300,47700,47300,46100,46500,46500,47300,58300,61000,59000,59800,51700,61000,60200,57500,57900,59000,58300,59000,57500,51500,49600,47900,48000,50400,46100,46500,46500,37000,0,0,37000,37411,48700,95000,0,36091,37000,32500,45745,95000,33446,0,34809,48300,32781,0,40512,0,43090,0,36161,37999,0,42285,48300,0,37074,0,37635,41027,42870,44888,44753,49257,43711,51400,42669,42669,49997,32500,3100,-273000,-273000,-273000,94412,891,2804720,101833,0,0,0,0,0,0,0,0,0,0,0,0,0,0,0,0,387,7329,111624,251,94412,891,2804720,101833,15475008,881140,8813836,7.99,0.00,0.00,425422,124856,3159864,106793,,,,384000,384000,384000,384000,384000,384000,883200,883200,0,,,,,,0,,997814,1002019,325,4932,360,1,494000,4936000,7000000,0,340,4446000,Notcharging,1200000000
1784646049.259570212,1357.46,48600,49400,50600,50200,50200,49400,49000,49800,49000,49200,48800,50400,51700,50800,50800,51200,50800,50800,50400,46900,48000,47700,48000,50900,48000,47300,45700,46500,46500,47700,60200,62500,59800,62100,51700,63300,61000,59000,59400,59800,57900,59000,57500,51500,49200,47900,48000,50000,46100,46500,46500,37000,0,0,37000,37429,48700,95000,0,36091,37000,32500,45769,95000,33446,0,34809,48300,32790,0,40538,0,43139,0,36116,37982,0,42295,48300,0,37057,0,37629,41046,42888,44686,44753,49728,43846,51400,42635,43207,49964,32500,3100,-273000,-273000,-273000,94412,891,2804720,101833,0,0,0,0,0,0,0,0,0,0,0,0,0,0,0,0,387,7329,111624,251,94412,891,2804720,101833,15475008,883996,8816660,7.99,0.00,0.00,425422,124856,3159864,106793,,,,384000,384000,384000,384000,384000,384000,883200,883200,0,,,,,,0,,993606,1001965,325,4932,360,1,494000,4935000,7000000,0,340,4446000,Notcharging,1200000000
1784646049.709535576,1357.91,48600,48600,50200,50600,49800,49400,48700,49800,48700,49200,49200,50400,51300,50800,50800,51500,50800,50800,50000,46900,48000,48000,48000,51300,47700,47300,46100,46500,46500,47700,59400,61400,59400,61000,51700,61700,60600,57900,58700,59000,58300,59000,57500,51500,49600,47500,48000,50000,46100,46500,46500,37000,0,0,37000,37435,48300,95000,0,36091,37000,32500,45816,95000,33446,0,34809,48700,32795,0,40556,0,43143,0,36035,38012,0,42312,47900,0,37067,0,37663,41078,42914,44753,44820,49594,43812,51000,42703,42804,49997,32500,3100,-273000,-273000,-273000,94412,891,2804720,101833,0,0,0,0,0,0,0,0,0,0,0,0,0,0,0,0,387,7329,111624,251,94412,891,2804720,101833,15475008,883548,8816212,7.99,0.00,0.00,425422,124856,3159864,106793,,,,384000,384000,384000,384000,384000,384000,883200,883200,0,,,,,,0,,993606,1001965,325,4932,360,1,497000,4936000,7000000,0,340,4446000,Notcharging,1200000000
1784646050.139162868,1358.34,48600,49400,50600,51000,51000,49400,49400,50200,49000,48800,48800,50400,51700,50400,50800,51200,51200,50800,50000,46900,48000,48000,48000,51700,47700,47300,46100,46500,46900,47700,58300,60600,59000,59800,51700,61000,60600,57100,57900,58700,58300,59000,57500,51900,49600,47900,48000,50400,46100,46500,46500,37000,0,0,37000,37449,49000,95000,0,36091,37000,32500,45766,95000,33446,0,34809,48300,32790,0,40596,0,43175,0,36088,38041,0,42340,48700,0,37077,0,37663,41099,42939,45089,44820,49560,43678,51400,42770,42602,50031,32500,3100,-273000,-273000,-273000,94412,891,2804720,101833,0,0,0,0,0,0,0,0,0,0,0,0,0,0,0,0,387,7329,111624,251,94412,891,2804720,101833,15475008,882288,8814952,7.99,0.00,0.00,425422,124856,3159864,106793,,,,384000,384000,384000,384000,384000,384000,883200,883200,0,,,,,,0,,983120,1002115,325,4932,360,1,494000,4928000,7000000,0,340,4446000,Notcharging,1200000000
1784646050.588871097,1358.79,48200,49000,50200,50600,49800,49400,49000,49400,49000,48800,48800,50400,51700,50800,50800,51200,50800,50800,50000,46900,48000,48000,48000,50900,47700,47300,46100,46500,46500,47700,59400,61700,60200,61400,51700,62500,61000,58300,59000,59400,58300,59000,57500,51900,49200,47500,48000,50400,46500,46500,46500,37000,0,0,37000,37473,48300,95000,0,36091,37000,32500,45853,95000,33446,0,34809,48700,32814,0,40596,0,43179,0,36070,38062,0,42372,48300,0,37042,0,37723,41164,42967,45089,44854,49728,43711,51400,42703,42904,49964,32500,3100,-273000,-273000,-273000,94412,891,2804720,101833,0,0,0,0,0,0,0,0,0,0,0,0,0,0,0,0,387,7329,111624,251,94412,891,2804720,101833,15475008,882036,8814704,7.63,0.00,0.00,425422,124856,3159864,106793,,,,384000,384000,384000,384000,384000,384000,883200,883200,0,,,,,,0,,983120,1002115,325,4932,360,1,494000,4927000,7000000,0,340,4446000,Notcharging,1200000000
1784646051.023424586,1359.23,49000,49000,50600,51000,50200,49400,49400,49800,49400,48800,48800,50400,51700,50400,50800,51500,51200,50800,50000,46900,48000,48000,48000,51300,48000,47700,45700,46500,46900,47700,59000,61700,59800,61000,52100,62100,61000,57900,59000,59400,58300,59400,57900,51900,49600,48300,48000,50400,46100,46100,46500,37000,0,0,37000,37491,48700,95000,0,36091,37000,32500,45826,95000,33446,0,34809,49000,32836,0,40623,0,43226,0,36101,38058,0,42390,48300,0,37048,0,37692,41133,42988,44989,44854,49829,44047,51800,42804,43341,49863,32500,3100,-273000,-273000,-273000,94412,891,2804720,101833,0,0,0,0,0,0,0,0,0,0,0,0,0,0,0,0,387,7329,111624,251,94412,891,2804720,101833,15475008,882036,8814704,7.63,0.00,0.00,425422,124856,3159864,106793,,,,384000,384000,384000,384000,384000,384000,883200,883200,0,,,,,,0,,983120,1002115,325,4932,360,1,494000,4929000,7000000,0,340,4446000,Notcharging,1200000000
1784646051.458565003,1359.66,48600,49000,50600,50600,50200,49400,49000,49800,49000,49200,48800,50400,51700,50800,50800,51500,50800,51200,50000,47300,48000,48400,48000,51300,48000,47300,45700,46900,46500,47300,58300,61000,58700,59800,51700,61000,60600,56700,57900,58700,58300,59000,57500,51500,49600,47900,48000,50400,46500,46500,46900,37000,0,0,37000,37504,48700,95000,0,36091,37000,32500,45875,95000,33446,0,34809,48300,32790,0,40616,0,43230,0,36064,38094,0,42390,47900,0,37032,0,37720,41155,42994,45056,44820,49695,43644,51400,42804,42535,49930,32500,3100,-273000,-273000,-273000,94418,891,2804816,101835,0,0,0,0,0,0,0,0,0,0,0,0,0,0,0,0,387,7329,111624,251,94418,891,2804816,101835,15475008,882036,8814704,7.63,0.00,0.00,425422,124856,3159912,106793,,,,384000,384000,384000,384000,384000,384000,883200,883200,0,,,,,,0,,996541,1001967,325,4932,360,1,494000,4931000,7000000,0,340,4446000,Notcharging,1200000000
1784646051.896451565,1360.10,49000,49000,50600,50600,50200,49400,49000,49800,49400,49200,49200,50400,52100,50800,50800,51200,50800,50800,50400,47300,48000,48000,48000,51300,47700,47300,46100,46900,46900,47300,58300,60200,59000,60200,51700,60600,60200,56700,57900,58700,58300,59000,57100,51900,49600,47900,48000,50400,46100,46100,46900,37000,0,0,37000,37521,48700,95000,0,36091,37000,32500,45929,95000,33446,0,34809,48300,32817,0,40626,0,43230,0,36044,38094,0,42432,48300,0,37086,0,37743,41186,43009,44888,45056,49627,43745,51400,42770,43173,49829,32500,3100,-273000,-273000,-273000,94418,891,2804816,101835,0,0,0,0,0,0,0,0,0,0,0,0,0,0,0,0,387,7329,111624,251,94418,891,2804816,101835,15475008,881784,8814452,7.63,0.00,0.00,425422,124856,3159912,106793,,,,384000,384000,384000,384000,384000,384000,883200,883200,0,,,,,,0,,993688,1001956,325,4932,360,1,494000,4933000,7000000,0,340,4446000,Notcharging,1200000000
1784646053.045109481,1361.25,48600,49400,50600,51000,49800,49800,49400,50200,49400,49200,49200,50800,51700,50800,51200,51500,50800,51200,50400,47300,48400,48000,48000,51300,47700,47300,46100,46900,46900,47700,58700,60600,59000,59800,51700,61000,60200,57100,57900,59000,57900,59000,57500,52300,49200,47900,48400,50400,46500,46500,46900,37000,0,0,37000,37552,49000,95000,0,36232,37000,32500,45942,95000,33558,0,34938,48300,32817,0,40670,0,43298,0,36139,38130,0,42453,48300,0,37057,0,37786,41248,43055,45224,44854,49762,43846,51800,42904,43073,49930,32500,3100,-273000,-273000,-273000,94418,891,2804816,101835,0,0,0,0,0,0,0,0,0,0,0,0,0,0,0,0,387,7329,111624,251,94418,891,2804816,101835,15475008,879024,8811696,7.69,0.00,0.00,425422,124856,3159912,106793,,,,384000,384000,384000,384000,384000,384000,883200,883200,0,,,,,,0,,993688,1001956,325,4932,360,1,494000,4936000,7000000,0,340,4446000,Notcharging,1200000000
1784646053.483981460,1361.69,48600,49000,50600,50600,50200,49800,49400,49800,49400,49200,49200,50400,51700,50800,51200,51200,51200,51200,50800,47300,48400,48400,48000,51300,47700,47700,46100,46900,46900,47700,61400,63700,59800,62900,52100,64500,61400,60200,61000,59400,58700,59400,57900,52300,49600,48300,48400,50400,46500,46500,46500,37000,0,0,37000,37561,48700,95000,0,36232,37000,32500,45986,95000,33558,0,34938,48700,32845,0,40673,0,43327,0,36079,38153,0,42485,48700,0,37064,0,37805,41233,43074,45156,44921,49796,44047,51400,42870,43476,49829,32500,3100,-273000,-273000,-273000,94418,891,2804816,101835,0,0,0,0,0,0,0,0,0,0,0,0,0,0,0,0,387,7329,111624,251,94418,891,2804816,101835,15475008,876504,8809176,7.69,0.00,0.00,425422,124856,3159912,106793,,,,384000,384000,384000,384000,384000,384000,883200,883200,0,,,,,,0,,992640,1001973,325,4932,360,1,494000,4937000,7000000,0,342,4449000,Notcharging,1200000000
1784646053.946875262,1362.15,49000,49400,50200,50600,50200,49800,49000,49800,49000,49200,49200,50400,52100,50800,51200,51500,51200,51200,50800,47700,48400,48000,48000,51300,47700,47700,46100,46500,46900,47700,60200,62900,60600,62500,52100,63700,61400,59000,59800,59800,58700,59400,57900,51900,49600,47900,48400,50800,46500,46500,46900,37000,0,0,37000,37577,49000,95000,0,36232,37000,32500,45993,95000,33558,0,34938,48700,32836,0,40697,0,43341,0,36107,38165,0,42505,48300,0,37084,0,37837,41271,43107,45089,45056,49930,43913,51800,42938,42434,49661,32500,3100,-273000,-273000,-273000,94418,891,2804816,101835,0,0,0,0,0,0,0,0,0,0,0,0,0,0,0,0,387,7329,111624,251,94418,891,2804816,101835,15475008,876000,8808672,7.69,0.00,0.00,425422,124856,3159912,106793,,,,384000,384000,384000,384000,384000,384000,883200,883200,0,,,,,,0,,992640,1001973,325,4932,360,1,494000,4928000,7000000,0,342,4449000,Notcharging,1200000000
1784646054.393581825,1362.60,49000,49400,50600,51000,50200,49800,49400,49800,49000,49200,49200,50400,52100,50800,51200,51500,51200,51200,50400,47700,48400,48000,48000,51300,48400,47700,46100,46900,46900,48000,59000,61700,59800,60600,52100,61700,61000,57500,59000,59400,58700,59400,57900,52300,49600,47900,48400,50800,46500,46500,46900,37000,0,0,37000,37593,49000,95000,0,36232,37000,32500,46015,95000,33558,0,34938,48700,32839,0,40749,0,43360,0,36059,38201,0,42528,48700,0,37056,0,37853,41299,43132,45022,45056,50031,44013,51400,42870,43375,49863,32500,3100,-273000,-273000,-273000,94418,891,2804816,101835,0,0,0,0,0,0,0,0,0,0,0,0,0,0,0,0,387,7329,111624,251,94418,891,2804816,101835,15475008,873460,8806132,7.69,0.00,0.00,425422,124856,3159912,106793,,,,384000,384000,384000,384000,384000,384000,883200,883200,0,,,,,,0,,992235,1002129,325,4932,360,1,494000,4933000,7000000,0,342,4449000,Notcharging,1200000000
1784646054.825647918,1363.03,49000,49400,50600,51000,50200,49400,49000,49800,49000,49600,49200,50800,52100,51200,51200,51900,51200,51200,50400,47300,48400,48000,48000,51300,48000,47700,46500,46900,46900,47700,61400,64100,60200,62900,52100,64100,61000,60200,61400,59400,58300,59000,57900,52300,49600,47900,48400,50800,46500,46500,46900,37000,0,0,37000,37623,48700,95000,0,36232,37000,32500,46056,95000,33558,0,34938,48700,32850,0,40764,0,43369,0,36101,38176,0,42525,48700,0,37056,0,37853,41296,43155,45257,44955,49829,44047,51800,42870,42938,49896,32500,3100,-273000,-273000,-273000,94418,891,2804816,101835,0,0,0,0,0,0,0,0,0,0,0,0,0,0,0,0,387,7329,111624,251,94418,891,2804816,101835,15475008,872744,8805416,7.75,0.00,0.00,425422,124856,3159912,106793,,,,384000,384000,384000,384000,384000,384000,883200,883200,0,,,,,,0,,992235,1002129,325,4932,360,1,494000,4928000,7000000,0,342,4449000,Notcharging,1200000000
1784646055.279966720,1363.48,49000,49400,50600,51000,50200,49800,49400,49800,49000,49600,49200,50800,52100,51200,50800,51500,50800,51200,50800,46900,48000,48400,48400,51300,48000,47300,46500,46900,46900,47700,59400,61700,60200,61000,52100,62500,61400,58300,58700,59400,58700,59800,58300,52300,49600,48300,48400,51200,46500,46500,46900,37000,0,0,37000,37620,49000,95000,0,36232,37000,32500,46059,95000,33558,0,34938,48300,32875,0,40773,0,43414,0,36088,38201,0,42574,48700,0,37045,0,37865,41317,43163,45156,45123,49560,43947,51400,42837,43375,49695,32500,3100,-273000,-273000,-273000,94418,891,2804816,101835,0,0,0,0,0,0,0,0,0,0,0,0,0,0,0,0,387,7329,111624,251,94418,891,2804816,101835,15475008,869892,8802564,7.75,0.00,0.00,425422,124856,3159912,106793,,,,384000,384000,384000,384000,384000,384000,883200,883200,0,,,,,,0,,992393,1001965,325,4932,360,1,494000,4931000,7000000,0,342,4449000,Notcharging,1200000000
1784646055.715929116,1363.92,49000,49000,50600,51000,50200,49400,49800,50200,49800,49200,49200,50800,52500,51200,50800,51500,51200,51500,50800,47300,48000,48400,48000,51700,48000,48000,46100,46900,46900,48000,58300,61000,59400,60200,52500,60600,61000,57100,57900,59000,59000,59400,57900,52300,49600,48300,48400,50800,46500,46500,46900,37000,0,0,37000,37638,49000,95000,0,36232,37000,32500,46104,95000,33558,0,34938,48700,32845,0,40783,0,43414,0,36073,38198,0,42571,48700,0,37064,0,37911,41358,43192,45089,45156,50031,43913,51800,42938,43341,49695,32500,3100,-273000,-273000,-273000,94418,891,2804816,101835,0,0,0,0,0,0,0,0,0,0,0,0,0,0,0,0,387,7329,111624,251,94418,891,2804816,101835,15475008,868012,8800688,7.75,0.00,0.00,425422,124856,3159912,106793,,,,384000,384000,384000,384000,384000,384000,883200,883200,0,,,,,,0,,992393,1001965,325,4932,360,1,494000,4935000,7000000,0,342,4449000,Notcharging,1200000000
1784646056.178201928,1364.38,48600,49400,51000,51000,50600,49800,49400,49800,49000,49200,49200,50800,51700,51200,50800,51500,51200,51200,50400,47300,48000,48400,48000,51700,48000,48000,46500,46900,46900,47700,61000,63700,60200,62900,51700,63700,61400,59800,60600,59800,58700,59400,58300,52300,49600,47900,48400,50800,46500,46500,46900,37000,0,0,37000,37654,49000,95000,0,36232,37000,32500,46101,95000,33558,0,34938,48700,32866,0,40787,0,43472,0,36107,38244,0,42611,47900,0,37068,0,37906,41348,43211,45224,45123,49997,43947,51400,43005,43139,49627,32500,3100,-273000,-273000,-273000,94418,891,2804816,101835,0,0,0,0,0,0,0,0,0,0,0,0,0,0,0,0,387,7329,111624,251,94418,891,2804816,101835,15475008,868012,8800688,7.75,0.00,0.00,425422,124856,3159912,106793,,,,384000,384000,384000,384000,384000,384000,883200,883200,0,,,,,,0,,984995,1001977,325,4932,360,1,494000,4928000,7000000,0,342,4449000,Notcharging,1200000000
1784646056.610369480,1364.81,49000,49800,51000,51000,50200,49800,49400,50200,49800,49600,49200,50800,52100,50800,50800,51900,51200,51200,50400,47300,48400,48400,48000,51300,48000,47300,46500,46900,46900,48000,61700,64500,60600,63300,52100,64100,61700,60600,61400,60200,58700,59800,57900,52300,49600,48300,48400,50400,46100,46500,46900,37000,0,0,37000,37671,49000,95000,0,36232,37000,32500,46139,95000,33558,0,34938,48700,32853,0,40824,0,43457,0,36124,38270,0,42622,49000,0,37097,0,37929,41392,43223,45156,45056,50065,44148,51800,42971,43240,49829,32500,3100,-273000,-273000,-273000,94423,891,2804880,101838,0,0,0,0,0,0,0,0,0,0,0,0,0,0,0,0,387,7329,111624,251,94423,891,2804880,101838,15475008,867776,8800452,7.61,0.00,0.00,425422,124856,3159944,106793,,,,384000,384000,384000,384000,384000,384000,883200,883200,0,,,,,,0,,984995,1001977,325,4932,360,1,494000,4931000,7000000,0,342,4449000,Notcharging,1200000000
1784646057.053395678,1365.26,49000,49400,51000,51000,50200,49800,49400,49800,49400,49200,49200,50400,52100,50800,51200,51900,51200,51500,50400,47700,48000,48000,48400,51300,47700,47700,46500,46900,46900,47700,59000,61400,59400,60600,52100,61400,61000,57500,58700,59000,58700,59400,57900,52300,49600,48300,48400,50400,46900,46500,46900,37000,0,0,37000,37668,48300,95000,0,36367,37000,32500,46179,95000,33675,0,35042,49000,32861,0,40857,0,43511,0,36079,38270,0,42639,48700,0,37071,0,37940,41407,43237,45325,45022,49796,43947,51800,42870,43274,49627,32500,3100,-273000,-273000,-273000,94423,891,2804880,101838,0,0,0,0,0,0,0,0,0,0,0,0,0,0,0,0,387,7329,111624,251,94423,891,2804880,101838,15475008,869524,8802204,7.61,0.00,0.00,425422,124856,3159944,106793,,,,384000,384000,384000,384000,384000,384000,883200,883200,0,,,,,,0,,997428,1002077,325,4932,360,1,494000,4926000,7000000,0,342,4449000,Notcharging,1200000000
1784646058.208053125,1366.41,49400,50200,51000,51400,51000,50200,49400,50200,49400,49600,49200,50800,52500,51200,51500,51900,51200,51500,51200,47700,48800,48400,48400,51700,48000,47700,46500,46900,46900,48000,59800,62500,60200,61700,52100,62900,61700,58700,59400,59800,59000,59800,58300,52700,50000,48700,48400,50800,46500,46900,46900,37000,0,0,37000,37713,49000,95000,0,36367,37000,32500,46218,95000,33675,0,35042,49000,32866,0,40880,0,43543,0,36076,38293,0,42669,49000,0,37042,0,37982,41457,43271,45156,45224,50165,44350,51800,43207,43476,49695,32500,3100,-273000,-273000,-273000,94423,891,2804880,101838,0,0,0,0,0,0,0,0,0,0,0,0,0,0,0,0,387,7329,111624,251,94423,891,2804880,101838,15475008,865960,8798640,7.61,0.00,0.00,425422,124856,3159944,106793,,,,384000,384000,384000,384000,384000,384000,883200,883200,0,,,,,,0,,990890,1002159,325,4932,360,1,494000,4933000,7000000,0,342,4449000,Notcharging,1200000000
1784646058.651581563,1366.85,49000,49400,51000,51000,50600,49800,49400,50200,49400,49600,49200,51200,52500,51200,51200,51900,51200,51500,50800,47300,48400,48400,48000,51700,48000,48000,46100,46900,47300,48000,59800,62500,60200,62100,52500,62900,61400,59000,60600,59400,58700,59800,57900,52300,50000,48300,48800,50800,46900,46900,46500,37000,0,0,37000,37740,48700,95000,0,36367,37000,32600,46239,95000,33675,0,35042,48700,32891,0,40893,0,43546,0,36088,38326,0,42697,48700,0,37097,0,38012,41482,43293,45224,45190,49896,44282,51800,42971,43341,49728,32600,3100,-273000,-273000,-273000,94423,891,2804880,101838,0,0,0,0,0,0,0,0,0,0,0,0,0,0,0,0,387,7329,111624,251,94423,891,2804880,101838,15475008,864952,8797632,7.86,0.00,0.00,425422,124856,3159944,106793,,,,384000,384000,384000,384000,384000,384000,883200,883200,0,,,,,,0,,990890,1002159,325,4932,360,1,494000,4933000,6998000,0,347,4446000,Notcharging,1200000000
1784646059.083469896,1367.29,49400,49400,51000,51400,51000,49800,49800,50600,49800,49600,49600,51200,52100,51200,51200,51500,51200,51500,50800,47700,48400,48400,48400,51700,48000,47700,46500,46900,47300,48000,58700,61400,59800,60600,52500,61400,60600,57100,57900,59400,58700,59400,58300,52300,50000,48300,48400,50800,46900,46900,46900,37000,0,0,37000,37746,49000,95000,0,36367,37000,32600,46236,95000,33675,0,35042,49000,32891,0,40910,0,43575,0,36088,38332,0,42722,49000,0,37061,0,38029,41502,43325,45257,45123,50266,44148,51800,43173,43577,49661,32600,3100,-273000,-273000,-273000,94423,891,2804880,101838,0,0,0,0,0,0,0,0,0,0,0,0,0,0,0,0,387,7329,111624,251,94423,891,2804880,101838,15475008,877744,8810456,7.86,0.00,0.00,425422,124856,3159944,106793,,,,384000,384000,384000,384000,384000,384000,883200,883200,0,,,,,,0,,990890,1002159,325,4932,360,1,494000,4932000,6998000,0,347,4446000,Notcharging,1200000000
1784646059.526824739,1367.73,49000,49400,51000,51400,50600,49800,49800,50200,49400,49600,49600,50800,52100,51200,51500,51900,51200,51500,50800,47700,48000,48400,48400,51300,48400,47700,46100,46900,46900,48000,59000,61700,60200,61000,52500,62100,61400,57900,58700,59800,58700,59400,58300,52300,50000,48300,48800,50800,46900,46900,47300,37000,0,0,37000,37753,49000,95000,0,36367,37000,32600,46264,95000,33675,0,35042,48700,32899,0,40943,0,43596,0,36136,38355,0,42750,48700,0,37086,0,38035,41502,43347,45257,45123,50132,44383,51400,43073,43879,49728,32600,3100,-273000,-273000,-273000,94423,891,2804880,101838,0,0,0,0,0,0,0,0,0,0,0,0,0,0,0,0,387,7329,111624,251,94423,891,2804880,101838,15475008,875996,8808708,7.86,0.00,0.00,425422,124856,3159944,106793,,,,384000,384000,384000,384000,384000,384000,883200,883200,0,,,,,,0,,992738,1001964,325,4932,360,1,494000,4931000,6998000,0,347,4446000,Notcharging,1200000000
1784646059.967096302,1368.17,49000,49800,51000,51400,50600,50200,49400,50200,49800,49600,49600,50800,52500,51200,51500,51900,51500,51200,50800,47700,48800,48400,48400,52100,48000,48000,46900,47300,47300,48000,59000,61700,59800,60600,52100,61700,61000,57900,59000,59800,59000,59400,58300,52300,50000,48300,48400,50800,46900,46900,46900,37000,0,0,37000,37774,49400,95000,0,36367,37000,32600,46309,95000,33675,0,35042,49000,32899,0,40984,0,43617,0,36101,38358,0,42773,49400,0,37113,0,38048,41533,43383,45123,45325,50334,44081,52200,43207,43308,49661,32600,3100,-273000,-273000,-273000,94423,891,2804880,101838,0,0,0,0,0,0,0,0,0,0,0,0,0,0,0,0,387,7329,111624,251,94423,891,2804880,101838,15475008,881528,8814244,7.86,0.00,0.00,425422,124865,3159944,106802,,,,691200,691200,691200,691200,691200,691200,883200,883200,0,,,,,,0,,992738,1001964,325,4932,360,1,494000,4932000,6998000,0,347,4446000,Notcharging,1200000000
1784646060.362306666,1368.56,49000,49400,51000,51000,50600,49800,49400,50200,49400,49600,49200,51200,52100,51500,51200,51900,51200,51200,50800,47300,48400,48400,48000,51700,48000,47700,46500,47300,47300,48000,60600,63300,60600,62500,52500,63700,61700,59000,59800,60200,58700,59800,58300,52300,49600,48300,48400,51200,46500,46900,47300,37000,0,0,37000,37783,49000,95000,0,36367,37000,32600,46336,95000,33675,0,35042,48700,32902,0,40987,0,43650,0,36110,38397,0,42778,48700,0,37052,0,38058,41533,43383,45526,45425,50031,44047,51800,43039,43442,49627,32600,3100,-273000,-273000,-273000,94423,891,2804880,101838,0,0,0,0,0,0,0,0,0,0,0,0,0,0,0,0,387,7329,111624,251,94423,891,2804880,101838,15475008,879988,8812704,7.86,0.00,0.00,425422,124865,3159944,106802,,,,384000,384000,384000,384000,384000,384000,883200,883200,0,,,,,,0,,996011,1001960,325,4932,360,1,494000,4933000,6998000,0,347,4446000,Notcharging,1200000000
1784646060.809507083,1369.01,49400,49800,51000,51000,50600,50200,49800,50200,49400,49600,49200,50800,52500,51200,51200,51500,51500,51200,50800,48000,48400,48400,48400,52100,48400,48000,46500,47300,47300,48000,59800,62100,60200,61400,52500,62500,61700,58300,59400,59800,59000,60200,58300,52300,50000,48700,48400,51200,46500,46900,46900,37000,0,0,37000,37798,49000,95000,0,36367,37000,32600,46344,95000,33675,0,35042,49000,32905,0,40984,0,43650,0,36133,38411,0,42781,49000,0,37086,0,38117,41585,43387,45594,45425,50199,44282,51800,43207,43778,49627,32600,3100,-273000,-273000,-273000,94423,891,2804880,101838,0,0,0,0,0,0,0,0,0,0,0,0,0,0,0,0,387,7329,111624,251,94423,891,2804880,101838,15475008,877480,8810164,8.25,0.00,0.00,425422,124865,3160152,106802,,,,384000,384000,384000,384000,384000,384000,883200,883200,0,,,,,,0,,996011,1001960,325,4932,360,1,494000,4935000,6998000,0,347,4446000,Notcharging,1200000000
1784646061.253359791,1369.46,49000,49800,51000,51400,50600,50200,49800,50200,49800,49600,49600,50800,52500,51200,51500,51900,51500,51500,50800,47700,48400,48400,48800,51700,48400,47700,46500,47300,47300,48000,58700,61000,59400,61000,52500,62100,61000,57900,59000,59400,59000,59800,58300,52300,50000,48700,48800,50800,46900,46900,47300,37000,0,0,37000,37811,49400,95000,0,36367,37000,32600,46415,95000,33675,0,35042,49000,32892,0,41013,0,43690,0,36115,38408,0,42837,49000,0,37065,0,38099,41589,43428,45257,45359,50400,44316,52200,43073,43812,49493,32600,3100,-273000,-273000,-273000,94423,891,2804880,101838,0,0,0,0,0,0,0,0,0,0,0,0,0,0,0,0,396,8345,119816,275,94423,891,2804880,101838,15475008,877272,8809956,8.25,0.00,0.00,425422,124865,3164040,106802,,,,384000,384000,384000,384000,384000,384000,883200,883200,0,,,,,,0,,996452,1001973,325,4932,360,1,494000,4935000,6998000,0,347,4446000,Notcharging,1200000000
1784646061.702020676,1369.90,49400,49800,51000,51400,50600,49800,49800,50200,49400,50000,49600,51200,52500,51500,51500,51900,51500,51500,50800,47700,48800,48800,48400,52100,48400,48000,46900,47300,47300,48000,62500,65200,60600,64100,52500,65600,62100,61000,62500,60600,59000,59400,58700,52700,50000,48700,48400,51200,46900,46900,46900,37000,0,0,37000,37838,49400,95000,0,36367,37000,32600,46419,95000,33675,0,35042,49400,32917,0,41010,0,43668,0,36122,38427,0,42840,49000,0,37094,0,38114,41561,43457,45627,45459,50400,44383,51800,43139,43409,49460,32600,3100,-273000,-273000,-273000,94424,891,2804912,101838,0,0,0,0,0,0,0,0,0,0,0,0,0,0,0,0,396,8345,119816,275,94424,891,2804912,101838,15475008,873048,8805732,8.25,0.00,0.00,425422,124865,3164056,106802,,,,384000,384000,384000,384000,384000,384000,883200,883200,0,,,,,,0,,996452,1001973,325,4932,360,1,494000,4929000,6998000,0,347,4446000,Notcharging,1200000000
1784646062.137514947,1370.34,49400,49800,51400,51400,51000,50200,49800,50600,49800,49200,49600,51200,52500,51200,51200,51900,51200,51500,51200,47700,48400,48400,48400,51700,48000,48000,46500,47300,47300,48000,59000,61000,59000,61000,52500,61700,60600,58300,59400,59000,59000,59400,58300,52700,50400,48300,48400,50800,46500,46900,46900,37000,0,0,37000,37852,49000,95000,0,36451,37000,32600,46441,95000,33801,0,35179,49000,32911,0,41033,0,43678,0,36097,38444,0,42850,48700,0,37094,0,38125,41597,43460,45526,45526,50603,44316,52200,43073,43509,49627,32600,3100,-273000,-273000,-273000,94424,891,2804912,101838,0,0,0,0,0,0,0,0,0,0,0,0,0,0,0,0,396,8345,119816,275,94424,891,2804912,101838,15475008,874192,8806880,8.25,0.00,0.00,425422,124865,3164056,106802,,,,1228800,1228800,1228800,1228800,1228800,1228800,883200,883200,0,,,,,,0,,977428,1002043,325,4932,360,1,497000,4935000,6998000,0,347,4446000,Notcharging,1200000000
1784646062.896133696,1371.10,49800,49800,51000,51400,50600,50200,49800,50200,49400,50000,49600,51200,52500,51500,51200,52300,51500,51500,51500,48000,48800,48400,48400,52100,48000,48000,46500,47300,46900,48000,59400,62100,60200,61400,52900,62500,61400,58700,59400,59800,59000,60200,58300,52300,50400,48700,48800,51200,46900,46900,47300,37000,0,0,37000,37862,49000,95000,0,36451,37000,32600,46450,95000,33801,0,35179,49400,32925,0,41079,0,43742,0,36062,38463,0,42885,49000,0,37082,0,38167,41641,43495,45560,45425,50502,44216,52200,43375,43509,49627,32600,3100,-273000,-273000,-273000,94424,891,2804912,101838,0,0,0,0,0,0,0,0,0,0,0,0,0,0,0,0,396,8345,119816,275,94424,891,2804912,101838,15475008,869588,8802276,8.20,0.00,0.00,425422,124865,3164056,106802,,,,384000,384000,384000,384000,384000,384000,883200,883200,0,,,,,,0,,977428,1002043,325,4932,360,1,494000,4933000,6998000,0,347,4446000,Notcharging,1200000000
1784646063.349195884,1371.55,49400,49800,51000,51400,50600,50200,49800,50600,49800,49600,50000,51200,52500,51200,51500,51900,51500,51500,50800,47700,48800,48800,48400,52100,48400,47700,46900,46900,47300,48000,59000,61700,60200,61000,52500,61700,61700,58700,59000,60200,59000,60200,58300,52700,50000,48700,48800,51200,46900,47300,47300,37000,0,0,37000,37889,49400,95000,0,36451,37000,32600,46499,95000,33801,0,35179,49000,32923,0,41096,0,43754,0,36083,38457,0,42898,49000,0,37093,0,38164,41653,43507,45661,45325,50569,44216,52200,43341,43577,49460,32600,3100,-273000,-273000,-273000,94424,891,2804912,101838,0,0,0,0,0,0,0,0,0,0,0,0,0,0,0,0,396,8345,119816,275,94424,891,2804912,101838,15475008,867288,8799976,8.20,0.00,0.00,425422,124865,3164056,106802,,,,384000,384000,384000,384000,384000,384000,883200,883200,0,,,,,,0,,995253,1001956,325,4932,360,1,494000,4933000,6998000,0,347,4446000,Notcharging,1200000000
1784646063.782724009,1371.99,49000,50200,51000,51400,51000,50200,49800,50600,49800,49600,49200,50800,52500,51200,51500,51500,51200,51500,51200,47700,48400,48800,48400,52100,48400,47700,46900,46900,47300,48400,59800,61700,60600,61400,52900,62500,61400,58700,59000,60200,59000,60200,58300,52700,50000,49000,48800,50800,46900,46900,46900,37000,0,0,37000,37903,49400,95000,0,36451,37000,32600,46499,95000,33801,0,35179,49000,32938,0,41107,0,43796,0,36125,38473,0,42909,49800,0,37093,0,38184,41665,43529,45795,45459,50636,44451,52200,43240,43980,49493,32600,3100,-273000,-273000,-273000,94424,891,2804912,101838,0,0,0,0,0,0,0,0,0,0,0,0,0,0,0,0,396,8345,119816,275,94424,891,2804912,101838,15475008,865768,8798456,8.20,0.00,0.00,425422,124865,3164056,106802,,,,384000,384000,384000,384000,384000,384000,883200,883200,0,,,,,,0,,995253,1001956,325,4932,360,1,494000,4935000,6998000,0,341,4446000,Notcharging,1200000000
1784646064.231666821,1372.43,49400,49800,51400,51000,50600,50200,49800,50600,49800,50000,49600,51200,52500,51200,51500,52300,51500,51500,51200,48000,48400,48800,48400,52100,48400,48000,46900,47300,47300,48000,60600,63300,61000,62900,52500,64100,62500,59400,60200,60600,59000,60200,58700,52300,50400,48700,48800,51200,46900,46900,46900,37000,0,0,37000,37900,49000,95000,0,36451,37000,32600,46510,95000,33801,0,35179,49000,32933,0,41110,0,43818,0,36091,38515,0,42945,49000,0,37122,0,38187,41695,43549,45728,45526,50569,44619,52200,43341,44114,49359,32600,3100,-273000,-273000,-273000,94424,891,2804912,101838,0,0,0,0,0,0,0,0,0,0,0,0,0,0,0,0,396,8345,119816,275,94424,891,2804912,101838,15475008,864216,8796908,8.20,0.00,0.00,425422,124865,3164056,106802,,,,384000,384000,384000,384000,384000,384000,883200,883200,0,,,,,,0,,995176,1001934,325,4932,360,1,494000,4929000,6998000,0,341,4446000,Notcharging,1200000000
1784646064.670179894,1372.87,49400,49800,51000,51000,51000,50200,49800,50600,49800,50000,49600,51200,52100,51500,51500,51900,51900,51500,51200,47700,48800,48800,48400,52100,48400,48000,46900,46900,47300,48000,61700,64100,61000,63300,52500,64800,62500,60600,61400,61000,59400,59800,59000,52700,50000,49000,48800,51200,46900,47300,47300,37000,0,0,37000,37917,49400,95000,0,36451,37000,32600,46515,95000,33801,0,35179,49000,32925,0,41145,0,43806,0,36125,38503,0,42952,49400,0,37086,0,38203,41708,43556,45627,45627,50703,44249,52200,43207,43947,49460,32600,3100,-273000,-273000,-273000,94424,891,2804912,101838,0,0,0,0,0,0,0,0,0,0,0,0,0,0,0,0,396,8345,119816,275,94424,891,2804912,101838,15475008,863300,8795984,8.16,0.00,0.00,425422,124873,3164056,106810,,,,384000,384000,384000,384000,384000,384000,883200,883200,0,,,,,,0,,995176,1001934,325,4932,360,1,494000,4929000,6998000,0,341,4446000,Notcharging,1200000000
1784646065.113331196,1373.32,49000,49400,51400,51400,50600,49800,49800,50600,49800,50000,50000,51200,52100,51500,51500,51900,51900,51500,51200,48000,48800,48400,48800,52100,48800,48000,46500,47300,47300,48400,59400,61700,59800,60600,52500,61700,61400,58700,59400,59800,59400,60200,58300,52700,50400,48700,48800,51500,46900,47300,47300,37000,0,0,37000,37942,49400,95000,0,36451,37000,32600,46544,95000,33801,0,35179,49000,32944,0,41163,0,43825,0,36106,38509,0,42994,49000,0,37105,0,38223,41736,43589,45728,45560,50770,44383,51800,43207,44216,49325,32600,3100,-273000,-273000,-273000,94424,891,2804912,101838,0,0,0,0,0,0,0,0,0,0,0,0,0,0,0,0,396,8345,119816,275,94424,891,2804912,101838,15475008,863412,8796096,8.16,0.00,0.00,425422,124873,3164056,106810,,,,384000,384000,384000,384000,384000,384000,883200,883200,0,,,,,,0,,995176,1001934,325,4932,360,1,494000,4928000,6998000,0,341,4446000,Notcharging,1200000000
1784646065.547040310,1373.75,49400,49800,51000,51400,51000,50200,49800,50600,49400,50000,50000,50800,52900,51200,51500,51900,51900,51500,51200,48000,48800,48800,48800,52100,48400,48000,46500,47300,47700,48400,59400,62100,60600,61400,52900,62100,61700,58300,59400,59800,59400,60200,58700,52700,50400,48700,48800,51200,46900,46900,47300,37000,0,0,37000,37950,49400,95000,0,36451,37000,32600,46592,95000,33801,0,35179,49400,32938,0,41170,0,43850,0,36115,38535,0,42998,49400,0,37108,0,38261,41766,43621,45795,45526,50636,44451,52200,43409,44047,49291,32600,3100,-273000,-273000,-273000,94424,891,2804912,101838,0,0,0,0,0,0,0,0,0,0,0,0,0,0,0,0,396,8345,119816,275,94424,891,2804912,101838,15475008,862908,8795592,8.16,0.00,0.00,425422,124873,3164056,106810,,,,384000,384000,384000,384000,384000,384000,883200,883200,0,,,,,,0,,997285,1002050,325,4932,360,1,494000,4929000,6998000,0,341,4446000,Notcharging,1200000000
1784646065.990703904,1374.19,49400,49800,51000,51400,50600,50200,49800,50600,49800,49600,49600,51200,52500,51500,51500,51900,51500,51500,51200,47700,48800,48800,48800,51700,48400,48000,46900,47300,47300,48400,62900,65600,61000,64500,52500,65600,62100,61400,62500,60600,59000,59800,58700,52700,50400,48700,48400,51200,46900,46900,47300,37000,0,0,37000,37970,49000,95000,0,36451,37000,32600,46592,95000,33801,0,35179,49400,32963,0,41204,0,43875,0,36115,38570,0,43012,49000,0,37062,0,38269,41773,43616,45560,45694,50770,44451,52200,43274,44148,49392,32600,3100,-273000,-273000,-273000,94424,891,2804912,101838,0,0,0,0,0,0,0,0,0,0,0,0,0,0,0,0,396,8345,119816,275,94424,891,2804912,101838,15475008,862404,8795092,8.16,0.00,0.00,425422,124873,3164056,106810,,,,384000,384000,384000,384000,384000,384000,883200,883200,0,,,,,,0,,997285,1002050,325,4932,360,1,494000,4936000,6998000,0,341,4446000,Notcharging,1200000000
1784646066.432933539,1374.64,49800,49800,51400,51400,50600,50600,49800,51000,50200,50000,50000,51500,52500,51500,51900,52300,51500,51500,51200,48000,48800,48800,48800,52100,48400,48000,46900,46900,47700,48400,61400,64100,61400,62900,52500,64500,62500,60200,60600,61000,59400,60200,59000,53100,50400,49000,48800,51200,46900,46900,47300,37000,0,0,37000,37991,49800,95000,0,36451,37000,32600,46644,95000,33801,0,35179,49400,32953,0,41214,0,43902,0,36100,38582,0,43021,49800,0,37094,0,38261,41794,43638,45896,45459,50838,44417,52600,43409,43509,49392,32600,3100,-273000,-273000,-273000,94424,891,2804912,101838,0,0,0,0,0,0,0,0,0,0,0,0,0,0,0,0,396,8345,119816,275,94424,891,2804912,101838,15475008,862404,8795092,8.16,0.00,0.00,425422,124874,3164056,106811,,,,384000,384000,384000,384000,384000,384000,883200,883200,0,,,,,,0,,989277,1001978,325,4932,360,1,494000,4937000,6998000,0,341,4446000,Notcharging,1200000000
1784646066.878029997,1375.08,49400,49800,51000,51400,51000,50200,49800,50600,49800,50000,49600,50800,52500,51500,51500,52300,51900,51500,51500,48000,48800,48800,48400,52500,48400,48000,46500,47300,47700,48400,59000,62100,60600,61000,52900,62100,61700,58300,59000,59800,59000,60200,58700,53100,50000,48700,49200,51500,46900,47300,47300,37000,0,0,37000,37995,49400,95000,0,36451,37000,32600,46671,95000,33801,0,35179,49400,32977,0,41241,0,43924,0,36071,38599,0,43038,49400,0,37086,0,38258,41803,43648,45896,45694,50703,44652,52200,43409,43879,49325,32600,3100,-273000,-273000,-273000,94427,891,2804952,101841,0,0,0,0,0,0,0,0,0,0,0,0,0,0,0,0,396,8345,119816,275,94427,891,2804952,101841,15475008,870052,8802740,8.13,0.00,0.00,425422,124878,3164076,106815,,,,384000,384000,384000,384000,384000,384000,883200,883200,0,,,,,,0,,995645,1001951,325,4932,360,1,494000,4933000,6998000,0,341,4446000,Notcharging,1200000000
1784646068.040787340,1376.24,49800,50200,51800,51400,51000,50200,50200,51000,50600,50000,49600,51500,52900,51500,51900,52300,51500,51900,51200,48000,48800,48800,48800,52500,48400,48000,46500,47300,47700,48400,59000,61400,60200,61000,52900,62100,61400,57900,58700,59400,59400,60200,58700,52700,50400,49000,49200,51200,46900,47300,47300,37000,0,0,37000,38030,49800,95000,0,36600,37000,32600,46691,95000,33909,0,35296,49800,32990,0,41266,0,43949,0,36091,38631,0,43090,49800,0,37111,0,38349,41831,43715,45694,45560,50938,44585,52600,43577,43812,49257,32600,3100,-273000,-273000,-273000,94427,891,2804952,101841,0,0,0,0,0,0,0,0,0,0,0,0,0,0,0,0,396,8345,119816,275,94427,891,2804952,101841,15475008,868596,8801284,8.13,0.00,0.00,425422,124878,3164076,106815,,,,384000,384000,384000,384000,384000,384000,883200,883200,0,,,,,,0,,995645,1001951,325,4932,360,1,494000,4931000,6998000,0,341,4446000,Notcharging,1200000000
1784646068.479932392,1376.68,49800,49800,51400,51400,51000,50200,50200,50600,50200,50400,50000,51500,52500,51900,51900,52300,51900,51900,51200,48000,48800,49200,48800,52100,48800,48000,46900,47300,47700,48800,60200,63300,61000,62100,52900,63300,62500,59000,60200,60600,59800,60200,59000,53100,50400,48700,48800,51500,47300,46900,47300,37000,0,0,37000,38038,49800,95000,0,36600,37000,32600,46739,95000,33909,0,35296,49400,32977,0,41272,0,43974,0,36083,38640,0,43126,49400,0,37108,0,38360,41862,43727,45963,45661,50737,44551,52200,43476,43711,49224,32600,3100,-273000,-273000,-273000,94427,891,2804952,101841,0,0,0,0,0,0,0,0,0,0,0,0,0,0,0,0,396,8345,119816,275,94427,891,2804952,101841,15475008,868092,8800780,8.11,0.00,0.00,425422,124878,3164076,106815,,,,384000,384000,384000,384000,384000,384000,883200,883200,0,,,,,,0,,990893,1001939,325,4932,360,1,494000,4928000,6998000,0,341,4446000,Notcharging,1200000000
1784646068.923830725,1377.13,49800,50500,51400,51800,51000,50600,50600,51000,50200,50400,50000,51500,52900,51900,51900,52300,51900,51500,51200,48000,49200,48800,48800,52100,48400,48400,46900,47300,47300,48400,62500,64800,61000,64500,53200,66000,62500,61700,62500,61400,59400,60600,59400,53100,50400,49000,49200,51200,46900,47300,47300,37000,0,0,37000,38063,49800,95000,0,36600,37000,32700,46752,95000,33909,0,35296,49400,32984,0,41304,0,43987,0,36097,38657,0,43126,49400,0,37068,0,38372,41903,43759,45728,45795,50972,44686,52600,43476,43543,49224,32700,3100,-273000,-273000,-273000,94427,891,2804952,101841,0,0,0,0,0,0,0,0,0,0,0,0,0,0,0,0,396,8345,119816,275,94427,891,2804952,101841,15475008,866580,8799272,8.11,0.00,0.00,425422,124878,3164076,106815,,,,384000,384000,384000,384000,384000,384000,883200,883200,0,,,,,,0,,990893,1001939,325,4932,360,1,494000,4927000,6996000,0,356,4446000,Notcharging,1200000000
1784646069.358288329,1377.56,49800,50200,51400,51800,51400,50200,50200,50600,50200,50000,50000,51200,52900,51500,51900,52300,51500,51900,51200,48000,48800,48800,48800,52100,48800,48000,46900,47300,47700,48400,60600,63300,61000,62100,52500,63700,62500,59000,60200,61000,59800,60600,58700,53100,50400,49000,49200,51500,47300,46900,47700,37000,0,0,37000,38091,49800,95000,0,36600,37000,32700,46778,95000,33909,0,35296,49000,32977,0,41313,0,44009,0,36071,38692,0,43169,49400,0,37113,0,38372,41910,43776,45896,45694,50972,44484,52200,43409,44451,49157,32700,3100,-273000,-273000,-273000,94427,891,2804952,101841,0,0,0,0,0,0,0,0,0,0,0,0,0,0,0,0,396,8345,119816,275,94427,891,2804952,101841,15475008,866076,8798768,8.11,0.00,0.00,425422,124878,3164076,106815,,,,384000,384000,384000,384000,384000,384000,883200,883200,0,,,,,,0,,987219,1001985,325,4932,360,1,494000,4928000,6996000,0,356,4446000,Notcharging,1200000000
1784646069.801862600,1378.00,49400,50200,51400,51800,51400,50600,50200,50600,50200,50400,50000,51500,52900,51500,51900,52300,51900,52300,51500,48000,49200,48800,49200,52500,48400,48400,46900,47300,47700,48400,60600,63300,61400,62500,53200,63700,62500,59400,60200,61000,59800,61000,59000,53100,50400,49000,49200,51200,47300,46900,47300,37000,0,0,37000,38108,49400,95000,0,36600,37000,32700,46781,95000,33909,0,35296,49000,32996,0,41353,0,44045,0,36086,38695,0,43181,49400,0,37144,0,38402,41926,43786,46064,45829,50838,44686,52200,43509,44081,49224,32700,3100,-273000,-273000,-273000,94427,891,2804952,101841,0,0,0,0,0,0,0,0,0,0,0,0,0,0,0,0,396,8345,119816,275,94427,891,2804952,101841,15475008,870960,8803652,8.11,0.00,0.00,425422,124878,3164076,106815,,,,384000,384000,384000,384000,384000,384000,883200,883200,0,,,,,,0,,987219,1001985,325,4932,360,1,494000,4928000,6996000,0,356,4446000,Notcharging,1200000000
1784646070.238061298,1378.44,49800,50200,51400,51800,51000,50200,50200,51000,49800,50000,50000,51500,52500,51900,51900,52300,51900,52300,51200,48000,49200,48800,48800,52500,48400,48400,46900,47700,47700,48400,61400,63700,61400,62900,53200,64100,62900,59800,61000,61400,59800,60600,59000,53100,50400,48700,49200,51500,47300,47300,47300,37000,0,0,37000,38116,49400,95000,0,36600,37000,32700,46808,95000,33909,0,35296,49400,33035,0,41362,0,44068,0,36097,38709,0,43192,49400,0,37132,0,38398,41940,43806,45896,45795,50972,44619,52600,43678,44182,49224,32700,3100,-273000,-273000,-273000,94427,891,2804952,101841,0,0,0,0,0,0,0,0,0,0,0,0,0,0,0,0,396,8345,119816,275,94427,891,2804952,101841,15475008,871628,8804320,8.11,0.00,0.00,425422,124878,3164076,106815,,,,384000,384000,384000,384000,384000,384000,883200,883200,0,,,,,,0,,987704,1001964,325,4932,360,1,494000,4931000,6996000,0,356,4446000,Notcharging,1200000000
1784646070.695700933,1378.90,49400,50200,51400,51800,51000,50600,50200,51000,50200,50000,50000,51900,52900,51500,51900,52300,51900,51900,51200,48000,49200,48800,49200,52500,48400,48400,46900,47700,47700,48400,60200,62100,60600,61400,52900,62100,61700,58700,59800,60200,59400,60200,59000,53100,50400,48700,49200,51500,46900,47300,47300,37000,0,0,37000,38130,49400,95000,0,36600,37000,32700,46831,95000,33909,0,35296,49400,33017,0,41366,0,44055,0,36103,38706,0,43199,49000,0,37093,0,38421,41950,43825,45963,45795,50838,44316,52600,43610,44114,49123,32700,3100,-273000,-273000,-273000,94427,891,2804952,101841,0,0,0,0,0,0,0,0,0,0,0,0,0,0,0,0,396,8345,119816,275,94427,891,2804952,101841,15475008,871376,8804072,8.09,0.00,0.00,425422,124878,3164076,106815,,,,384000,384000,384000,384000,384000,384000,883200,883200,0,,,,,,0,,987704,1001964,325,4932,360,1,494000,4933000,6996000,0,356,4446000,Notcharging,1200000000
1784646071.127475047,1379.33,49800,50500,51800,51800,51400,50600,50200,50600,50600,50000,50000,51500,52900,51500,51900,52300,51900,51900,51500,47700,48800,49200,48800,52500,48800,48400,46900,47700,47700,48400,60200,62900,60600,62100,53200,63300,62100,59000,60200,61000,59800,60600,59000,53100,50800,49000,49200,51200,47300,47300,47300,37000,0,0,37000,38130,49800,95000,0,36600,37000,32700,46835,95000,33909,0,35296,49800,33007,0,41390,0,44105,0,36103,38738,0,43219,49400,0,37123,0,38431,41964,43850,45694,45863,50770,44888,52600,43577,43980,49157,32700,3100,-273000,-273000,-273000,94427,891,2804952,101841,0,0,0,0,0,0,0,0,0,0,0,0,0,0,0,0,396,8345,119816,275,94427,891,2804952,101841,15475008,870604,8803300,8.09,0.00,0.00,425422,124878,3164076,106815,,,,384000,384000,384000,384000,384000,384000,883200,883200,0,,,,,,0,,987704,1001964,325,4932,360,1,494000,4931000,6996000,0,356,4446000,Notcharging,1200000000
1784646071.576932651,1379.78,49400,50200,51800,51400,51400,50600,50200,50600,50200,50400,50000,51500,52500,51900,51900,52300,51900,51900,51200,48000,48800,49200,49200,52500,48400,48400,46900,47700,47300,48400,62500,65200,61000,64500,53200,66000,62500,61400,62100,61000,59800,60600,59000,53100,50400,48700,48800,51500,47300,46900,47700,37000,0,0,37000,38150,49800,95000,0,36600,37000,32700,46877,95000,33909,0,35296,49400,33012,0,41384,0,44122,0,36071,38738,0,43240,49400,0,37103,0,38434,41998,43850,45896,45896,51107,44720,52600,43476,43980,49056,32700,3100,-273000,-273000,-273000,94429,891,2804968,101841,0,0,0,0,0,0,0,0,0,0,0,0,0,0,0,0,396,8345,119816,275,94429,891,2804968,101841,15475008,872704,8805400,8.09,0.00,0.00,425422,124878,3164084,106815,,,,384000,384000,384000,384000,384000,384000,883200,883200,0,,,,,,0,,997183,1001940,325,4932,360,1,494000,4931000,6996000,0,356,4446000,Notcharging,1200000000
1784646072.009434318,1380.21,49800,50200,51800,51800,51400,50600,50600,50600,50200,50400,50400,51500,53200,51900,52300,52300,51900,52300,51200,48000,49200,49200,49200,52500,48800,48400,46900,47300,48000,48800,60200,62500,61000,61700,53200,62900,62100,59000,59800,61000,59800,60600,59000,53100,50800,49400,49200,51500,47300,47700,47700,37000,0,0,37000,38158,49400,95000,0,36781,37000,32700,46870,95000,34030,0,35470,49800,33014,0,41421,0,44134,0,36080,38747,0,43259,49800,0,37111,0,38466,42002,43868,46064,45728,51174,44619,52600,43610,43913,49056,32700,3100,-273000,-273000,-273000,94430,891,2804992,101841,0,0,0,0,0,0,0,0,0,0,0,0,0,0,0,0,396,8345,119816,275,94430,891,2804992,101841,15475008,872200,8804896,8.09,0.00,0.00,425422,124878,3164096,106815,,,,384000,384000,384000,384000,384000,384000,883200,883200,0,,,,,,0,,993027,1001940,325,4932,360,1,494000,4931000,6996000,0,356,4446000,Notcharging,1200000000
1784646073.171511349,1381.37,49800,50500,51800,51800,51400,50600,50200,51000,50200,50400,50400,51500,53200,51900,52300,52700,51900,52300,51500,48400,49200,49200,48800,52500,48800,48400,47300,47700,47700,48800,60600,63700,61400,62500,53200,63700,62900,59400,60200,61000,60200,61400,59400,53100,50800,48700,49200,51900,47700,47300,47700,37000,0,0,37000,38197,49400,95000,0,36781,37000,32700,46949,95000,34030,0,35470,49800,33045,0,41455,0,44185,0,36143,38789,0,43317,49800,0,37140,0,38506,42044,43912,46064,45863,51039,44787,52900,43644,44619,49022,32700,3100,-273000,-273000,-273000,94430,891,2804992,101841,0,0,0,0,0,0,0,0,0,0,0,0,0,0,0,0,396,8345,119816,275,94430,891,2804992,101841,15475008,867120,8799816,8.07,0.00,0.00,425422,124878,3164096,106815,,,,384000,384000,384000,384000,384000,384000,883200,883200,0,,,,,,0,,993027,1001940,325,4932,360,1,494000,4931000,6996000,0,356,4446000,Notcharging,1200000000
1784646073.608108276,1381.81,50200,51300,52200,52200,52200,51400,51000,51800,51000,50800,50000,51900,53200,51900,51900,52700,52300,52300,51500,48400,49200,49200,49200,53200,48800,48400,47300,47700,48000,48800,63300,65600,61700,64800,53600,66400,62900,62500,63300,61400,60200,60600,59800,53500,50400,49800,49600,51500,47300,47300,47700,37000,0,0,37000,38210,50600,95000,0,36781,37000,32700,46949,95000,34030,0,35470,49800,33045,0,41480,0,44208,0,36097,38798,0,43336,50200,0,37102,0,38529,42104,43932,46031,45863,51275,44955,53300,43509,43879,48955,32700,3100,-273000,-273000,-273000,94430,891,2804992,101841,0,0,0,0,0,0,0,0,0,0,0,0,0,0,0,0,396,8345,119816,275,94430,891,2804992,101841,15475008,860308,8793008,8.07,0.00,0.00,425422,124878,3164096,106815,,,,384000,384000,384000,384000,384000,384000,883200,883200,0,,,,,,0,,997016,1002037,325,4932,360,1,494000,4936000,6996000,0,356,4446000,Notcharging,1200000000
1784646074.061049890,1382.26,50500,50900,52200,52600,51800,51000,50600,51800,50600,50800,50400,51900,53200,51900,52300,53100,52300,52300,51900,48400,49600,48800,49600,52900,48800,48400,47700,47700,47700,48800,60200,62900,61000,62100,53600,62900,62500,59000,60200,61400,60200,61000,59400,53500,50800,49400,49200,51500,47300,47700,48000,37000,0,0,37000,38224,50200,95000,0,36781,37000,32700,46996,95000,34030,0,35470,50200,33029,0,41499,0,44208,0,36115,38801,0,43331,50200,0,37082,0,38544,42118,43939,46367,46266,50770,44854,53300,43678,43980,49056,32700,3100,-273000,-273000,-273000,94430,891,2804992,101841,0,0,0,0,0,0,0,0,0,0,0,0,0,0,0,0,396,8345,119816,275,94430,891,2804992,101841,15475008,830588,8763288,8.07,0.00,0.00,425422,124878,3164096,106815,,,,384000,384000,384000,384000,384000,384000,883200,883200,0,,,,,,0,,997016,1002037,325,4932,360,1,494000,4935000,6996000,0,378,4445000,Notcharging,1200000000
1784646074.489393848,1382.69,50500,50900,52600,52600,51800,51000,51400,51400,51000,50800,50800,51900,53600,52300,52300,53100,52300,52300,51900,48800,49600,49600,49200,53200,48800,48400,47300,47700,48000,49200,60600,62500,60600,62500,54000,62900,62500,59400,60600,60600,59800,61000,59400,53500,50800,49800,49600,51900,47700,47700,48000,37000,0,0,37000,38235,50600,95000,0,36781,37000,32700,47026,95000,34030,0,35470,49800,33056,0,41514,0,44218,0,36148,38833,0,43337,49800,0,37099,0,38550,42108,43964,46232,45963,51241,44921,52900,43745,44787,48989,32700,3100,-273000,-273000,-273000,94430,891,2804992,101841,0,0,0,0,0,0,0,0,0,0,0,0,0,0,0,0,396,8345,119816,275,94430,891,2804992,101841,15475008,877964,8810664,8.24,0.00,0.00,425422,124879,3164096,106816,,,,384000,384000,384000,384000,384000,384000,883200,883200,0,,,,,,0,,991412,1001991,325,4932,360,1,494000,4932000,6996000,0,378,4445000,Notcharging,1200000000
1784646074.905304213,1383.11,49800,50200,51800,51800,51400,51000,50600,51400,50600,50400,50400,51500,52900,51900,52300,52700,52300,52300,51500,48400,49600,49200,49200,52500,49200,48800,47300,48000,48000,48800,63300,66400,61700,65600,53200,66800,63300,62100,63700,61700,60200,61000,59800,53500,51200,49000,49200,51900,47300,47700,47700,37000,0,0,37000,38252,49800,95000,0,36781,37000,32700,47051,95000,34030,0,35470,49800,33045,0,41538,0,44274,0,36154,38836,0,43388,49800,0,37128,0,38573,42150,43999,46468,46098,51308,44989,52900,43778,43745,48955,32700,3100,-273000,-273000,-273000,94430,891,2804992,101841,0,0,0,0,0,0,0,0,0,0,0,0,0,0,0,0,396,8345,119816,275,94430,891,2804992,101841,15475008,876452,8809152,8.24,0.00,0.00,425422,124879,3164096,106816,,,,384000,384000,384000,384000,384000,384000,883200,883200,0,,,,,,0,,991412,1001991,325,4932,360,1,494000,4935000,6996000,0,378,4445000,Notcharging,1200000000
1784646075.347070150,1383.55,50200,50500,52200,52200,51400,51000,50600,51000,50200,50800,50400,51900,52900,52300,52300,53100,52300,52300,51500,48400,49600,49600,49200,52900,49200,48400,46900,47700,48000,48800,60200,62900,61000,62100,53600,62900,62100,59400,60200,61000,59800,61000,59400,53500,50800,49400,49200,51900,47700,47700,47700,37000,0,0,37000,38260,50200,95000,0,36781,37000,32700,47055,95000,34030,0,35470,49800,33045,0,41551,0,44267,0,36143,38868,0,43385,49800,0,37122,0,38576,42140,44011,46198,45997,51241,44955,52900,43812,43980,48821,32700,3100,-273000,-273000,-273000,94430,891,2804992,101841,0,0,0,0,0,0,0,0,0,0,0,0,0,0,0,0,396,8345,119816,275,94430,891,2804992,101841,15475008,876844,8809640,8.24,0.00,0.00,425422,124879,3164096,106816,,,,384000,384000,384000,384000,384000,384000,883200,883200,0,,,,,,0,,980722,1002028,325,4932,360,1,494000,4932000,6996000,0,378,4445000,Notcharging,1200000000
1784646075.779316712,1383.98,49800,50200,51800,52200,51400,50600,50600,51000,50200,50400,50400,52300,53200,52300,52300,52700,52300,52300,51900,48400,49600,49600,49200,52500,49200,48400,47300,47700,48000,48800,59400,62100,60600,61400,53200,62100,62100,58700,59800,60200,60200,60600,59000,53500,51200,49000,49200,51900,47700,47700,47700,37000,0,0,37000,38284,49800,95000,0,36781,37000,32700,47089,95000,34030,0,35470,49400,33053,0,41551,0,44303,0,36094,38897,0,43414,49400,0,37132,0,38590,42171,44040,46132,46064,51241,44989,52900,43778,43778,48989,32700,3100,-273000,-273000,-273000,94430,891,2804992,101841,0,0,0,0,0,0,0,0,0,0,0,0,0,0,0,0,396,8345,119816,275,94430,891,2804992,101841,15475008,884412,8817196,8.24,0.00,0.00,425422,124879,3164096,106816,,,,384000,384000,384000,384000,384000,384000,883200,883200,0,,,,,,0,,980722,1002028,325,4932,360,1,494000,4933000,6996000,0,378,4445000,Notcharging,1200000000
1784646076.228418014,1384.43,50200,50500,52200,52200,51800,51000,50600,51000,50600,50800,50400,51900,52900,52300,52300,53100,52300,52300,51900,48800,49200,49600,49200,52900,48800,48400,47300,48000,48000,48800,60200,62100,61000,61700,53600,62500,62100,58700,59400,61000,60200,61000,59400,53500,50800,49000,49200,51900,47700,47700,47700,37000,0,0,37000,38281,49800,95000,0,36781,37000,32700,47101,95000,34030,0,35470,49800,33051,0,41561,0,44314,0,36128,38882,0,43439,49800,0,37120,0,38619,42178,44062,46232,45963,51510,44787,52900,43678,44216,48989,32700,3100,-273000,-273000,-273000,94430,891,2804992,101841,0,0,0,0,0,0,0,0,0,0,0,0,0,0,0,0,396,8345,119816,275,94430,891,2804992,101841,15475008,880252,8813036,8.24,0.00,0.00,425422,124879,3164096,106816,,,,384000,384000,384000,384000,384000,384000,883200,883200,0,,,,,,0,,996272,1001959,325,4932,360,1,494000,4936000,6996000,0,378,4445000,Notcharging,1200000000
1784646076.661515045,1384.86,50200,50500,52200,52200,51800,51000,50600,51000,50600,50400,50400,51500,53200,51900,52300,52700,52300,52300,51500,48000,49600,48800,49200,52500,49200,48800,47300,47700,48000,49200,61700,64500,61700,63300,53200,64800,63300,60200,61400,61700,60200,61000,59800,53500,51200,49000,49200,51500,47300,47700,47700,37000,0,0,37000,38306,49800,95000,0,36781,37000,32700,47141,95000,34030,0,35470,49800,33078,0,41579,0,44344,0,36163,38914,0,43463,50200,0,37155,0,38625,42196,44098,46031,46165,51577,45022,52900,43678,44013,48787,32700,3100,-273000,-273000,-273000,94430,891,2804992,101841,0,0,0,0,0,0,0,0,0,0,0,0,0,0,0,0,396,8345,119816,275,94430,891,2804992,101841,15475008,891588,8824308,7.83,0.00,0.00,425422,124879,3164096,106816,,,,384000,384000,384000,384000,384000,384000,883200,883200,0,,,,,,0,,996272,1001959,325,4932,360,1,494000,4931000,6996000,0,378,4445000,Notcharging,1200000000
1784646077.127463587,1385.33,49800,50200,52200,52600,51800,50600,50600,51000,50600,50800,50800,51900,53200,52300,52300,53100,52300,52300,51500,48400,49200,49200,49200,52500,49200,48800,47300,48000,47700,48800,61000,63700,61700,62500,53200,64100,63300,59800,60600,61400,60200,61400,59400,53500,50800,49000,49600,51500,47300,47700,47700,37000,0,0,37000,38312,49800,95000,0,36863,37000,32700,47173,95000,34131,0,35544,49400,33099,0,41589,0,44351,0,36119,38947,0,43473,49800,0,37137,0,38666,42213,44105,46434,46198,51510,44955,52900,43778,44114,48787,32700,3100,-273000,-273000,-273000,94441,891,2805272,101848,0,0,0,0,0,0,0,0,0,0,0,0,0,0,0,0,396,8345,119816,275,94441,891,2805272,101848,15475008,892536,8825256,7.83,0.00,0.00,425422,124879,3164236,106816,,,,384000,384000,384000,384000,384000,384000,883200,883200,0,,,,,,0,,996805,1001939,325,4932,360,1,494000,4929000,6996000,0,378,4445000,Notcharging,1200000000
1784646078.272036868,1386.47,50200,50500,52200,52600,51400,51000,50600,51000,50600,50800,50400,51900,53200,51900,52700,53100,52300,52300,51900,48400,49200,49600,49200,53200,49200,48400,47300,47700,48000,49200,61400,64100,62100,63700,53600,64500,63300,59800,60600,61400,60600,61400,59800,53500,50800,49400,49200,51900,47700,47700,48000,37000,0,0,37000,38354,49800,95000,0,36863,37000,32700,47231,95000,34131,0,35544,49800,33093,0,41622,0,44406,0,36097,38947,0,43536,50200,0,37129,0,38654,42267,44147,46367,46198,51476,45022,52900,43812,44350,48787,32700,3100,-273000,-273000,-273000,94441,891,2805272,101848,0,0,0,0,0,0,0,0,0,0,0,0,0,0,0,0,396,8345,119816,275,94441,891,2805272,101848,15475008,892892,8825616,7.83,0.00,0.00,425422,124879,3164236,106816,,,,384000,384000,384000,384000,384000,384000,883200,883200,0,,,,,,0,,991900,1001956,325,4932,360,1,494000,4931000,6996000,0,378,4445000,Notcharging,1200000000
1784646078.724445097,1386.93,50200,50200,51800,52200,51800,51400,50600,51000,50600,50800,50800,51900,53600,51900,52300,52700,52300,52700,51900,48400,49600,49600,49200,52500,49200,48800,47300,48000,47700,48800,61700,64100,61700,63700,53600,64800,63300,60200,61000,61400,60200,61400,59800,53500,50800,49400,50000,51900,47300,48000,47700,37000,0,0,37000,38361,49800,95000,0,36863,37000,32700,47223,95000,34131,0,35544,49400,33096,0,41662,0,44417,0,36115,38968,0,43546,49800,0,37138,0,38698,42292,44157,46165,46198,51678,45056,52900,43879,44182,48854,32700,3100,-273000,-273000,-273000,94441,891,2805272,101848,0,0,0,0,0,0,0,0,0,0,0,0,0,0,0,0,396,8345,119816,275,94441,891,2805272,101848,15475008,903976,8836700,7.86,0.00,0.00,425422,124879,3164236,106816,,,,384000,384000,384000,384000,384000,384000,883200,883200,0,,,,,,0,,991900,1001956,325,4932,360,1,494000,4933000,6996000,0,378,4445000,Notcharging,1200000000
1784646079.155725669,1387.36,50200,50500,52600,52600,51800,51000,51000,51400,51000,50800,50400,51900,53600,52300,52300,53100,52300,52300,52300,48400,49200,49600,49200,52900,49200,48800,47300,48000,48000,49200,61000,64100,61700,63300,53600,64100,63300,59800,60600,61400,60600,61400,59400,53900,51200,49400,49200,51900,47700,47700,47700,37000,0,0,37000,38372,50200,95000,0,36863,37000,32800,47266,95000,34131,0,35544,49800,33111,0,41674,0,44436,0,36077,38990,0,43561,50200,0,37123,0,38698,42285,44180,46501,46165,51476,44753,53300,44013,43879,48854,32800,3100,-273000,-273000,-273000,94441,891,2805272,101848,0,0,0,0,0,0,0,0,0,0,0,0,0,0,0,0,396,8345,119816,275,94441,891,2805272,101848,15475008,900704,8833428,7.86,0.00,0.00,425422,124879,3164236,106816,,,,384000,384000,384000,384000,384000,384000,883200,883200,0,,,,,,0,,991900,1001956,325,4932,360,1,494000,4937000,6994000,0,363,4444000,Notcharging,1200000000
1784646079.606743638,1387.81,50200,50900,52200,52600,51800,51000,51000,51400,50600,50800,50800,51900,53200,52300,52700,53100,52300,52700,51900,48400,49600,49600,49600,52900,48800,48800,47300,48000,48400,49200,61700,64800,62100,63700,53600,65200,63300,60600,61000,61700,60600,61400,59800,53500,50800,49400,49600,51900,47700,47700,47700,37000,0,0,37000,38397,49800,95000,0,36863,37000,32800,47240,95000,34131,0,35544,49400,33096,0,41702,0,44469,0,36106,39017,0,43592,49800,0,37143,0,38727,42313,44220,46198,46165,51645,45123,52900,43947,44216,48653,32800,3100,-273000,-273000,-273000,94441,891,2805272,101848,0,0,0,0,0,0,0,0,0,0,0,0,0,0,0,0,396,8345,119816,275,94441,891,2805272,101848,15475008,896708,8829432,7.86,0.00,0.00,425422,124884,3164236,106821,,,,384000,384000,384000,384000,384000,384000,883200,883200,0,,,,,,0,,985078,1002004,325,4932,360,1,494000,4927000,6994000,0,363,4444000,Notcharging,1200000000
1784646080.047927023,1388.25,50500,50900,52600,52600,51400,51000,51000,51400,51000,50800,50800,51900,53600,52300,52300,53100,52700,52300,51900,48400,49600,49600,49600,53200,49200,48400,47300,48000,48000,49200,61000,63700,61700,62500,53600,63700,62900,59400,60600,61400,60200,61000,59800,53500,51200,49400,49600,51900,47700,48000,48000,37000,0,0,37000,38411,49800,95000,0,36863,37000,32800,47272,95000,34131,0,35544,50200,33116,0,41726,0,44479,0,36143,39028,0,43611,50200,0,37140,0,38750,42330,44234,46266,46165,51577,44888,52900,43879,43980,48821,32800,3100,-273000,-273000,-273000,94441,891,2805272,101848,0,0,0,0,0,0,0,0,0,0,0,0,0,0,0,0,396,8345,119816,275,94441,891,2805272,101848,15475008,893424,8826136,7.86,0.00,0.00,425422,124885,3164236,106822,,,,384000,384000,384000,384000,384000,384000,883200,883200,0,,,,,,0,,985078,1002004,325,4932,360,1,494000,4927000,6994000,0,363,4444000,Notcharging,1200000000
1784646080.491072544,1388.69,50200,50500,52200,52200,51800,51000,50600,51400,50200,50800,50400,52300,53200,52300,52700,53100,52700,52700,51900,48400,49600,49600,49600,52900,49200,48800,47300,47700,48000,48800,61400,64100,61700,62900,53600,64800,63300,60200,61400,61700,60200,61400,59800,53500,51200,49000,49600,51900,47700,47700,48000,37000,0,0,37000,38425,50200,95000,0,36863,37000,32800,47343,95000,34131,0,35544,49800,33111,0,41745,0,44498,0,36125,39031,0,43632,49800,0,37114,0,38756,42355,44250,46535,46333,51712,44989,52900,43947,44013,48720,32800,3100,-273000,-273000,-273000,94441,891,2805272,101848,0,0,0,0,0,0,0,0,0,0,0,0,0,0,0,0,396,8345,119816,275,94441,891,2805272,101848,15475008,891920,8824632,7.70,0.00,0.00,425422,124885,3164236,106822,,,,384000,384000,384000,384000,384000,384000,883200,883200,0,,,,,,0,,996902,1001926,325,4932,360,1,494000,4931000,6994000,0,363,4444000,Notcharging,1200000000
1784646080.927737908,1389.13,50500,50900,52900,52200,51800,51400,51000,51000,50600,50800,50800,51900,53600,51900,52700,53100,52300,52700,51900,48400,49600,49600,49200,52900,49200,48800,46900,48000,48000,48800,60600,62900,61000,62500,53600,63300,62100,60200,61000,60600,60200,60600,59000,53500,51200,49400,49600,51900,47700,47700,47700,37000,0,0,37000,38441,50200,95000,0,36863,37000,32800,47343,95000,34131,0,35544,50200,33108,0,41800,0,44512,0,36097,39067,0,43646,50200,0,37176,0,38773,42383,44267,46636,46367,51577,45056,53300,44047,44417,48753,32800,3100,-273000,-273000,-273000,94441,891,2805272,101848,0,0,0,0,0,0,0,0,0,0,0,0,0,0,0,0,396,8345,119816,275,94441,891,2805272,101848,15475008,890408,8823120,7.70,0.00,0.00,425422,124885,3164236,106822,,,,384000,384000,384000,384000,384000,384000,883200,883200,0,,,,,,0,,996902,1001926,325,4932,360,1,494000,4931000,6994000,0,363,4444000,Notcharging,1200000000
1784646081.367883533,1389.57,50200,50500,52200,52200,51800,51000,50600,51400,50600,50800,50800,51900,53200,52300,52300,53100,52300,52300,51900,48400,49200,49600,49600,52900,49200,49200,47700,48000,48000,48800,63300,66000,62500,64800,53600,66000,63700,62100,62900,62100,60600,61400,60200,53900,51200,49400,49600,51900,48000,47300,48000,37000,0,0,37000,38452,49800,95000,0,36863,37000,32800,47343,95000,34131,0,35544,49400,33121,0,41787,0,44542,0,36119,39041,0,43666,49800,0,37144,0,38789,42387,44300,46636,46266,51745,44955,53300,43879,44451,48753,32800,3100,-273000,-273000,-273000,94441,891,2805272,101848,0,0,0,0,0,0,0,0,0,0,0,0,0,0,0,0,396,8345,119816,275,94441,891,2805272,101848,15475008,889400,8822116,7.70,0.00,0.00,425422,124885,3164236,106822,,,,384000,384000,384000,384000,384000,384000,883200,883200,0,,,,,,0,,991996,1001960,325,4932,360,1,494000,4933000,6994000,0,363,4444000,Notcharging,1200000000
1784646081.811140408,1390.01,50200,50500,51800,51800,51000,51000,50600,51400,50200,50800,50800,52300,52500,52300,52700,53100,52300,52700,51900,48800,49600,49200,49600,52500,49200,48800,47300,48400,48000,49200,56000,57500,57100,56700,52900,57900,58300,55600,56300,57500,57100,57900,57100,53500,51200,49400,49600,51900,47700,47700,48000,37000,0,0,37000,38471,50200,95000,0,36863,37000,32800,47379,95000,34131,0,35544,49400,33108,0,41812,0,44568,0,36109,39074,0,43671,49400,0,37144,0,38818,42422,44309,46669,46198,50737,45123,52200,43947,44484,48619,32800,3100,-273000,-273000,-273000,94441,891,2805272,101848,0,0,0,0,0,0,0,0,0,0,0,0,0,0,0,0,396,8345,119816,275,94441,891,2805272,101848,15475008,879232,8811912,7.70,0.00,0.00,425422,124885,3164236,106822,,,,384000,384000,384000,384000,384000,384000,883200,883200,0,,,,,,0,,991996,1001960,325,4932,360,1,253000,4935000,6994000,0,363,4444000,Notcharging,1200000000
1784646082.273418481,1390.48,48600,48600,49000,49000,48700,49000,48700,49000,48300,48400,48800,49200,49800,49200,49200,49200,49200,49600,49200,47300,48000,48400,48400,49800,48000,48000,46900,47300,46900,48000,50900,51700,50900,50900,49800,50900,51700,50200,50500,51700,51300,51300,51300,50400,49200,48300,48400,49600,46500,46900,46900,37000,0,0,37000,38487,48700,95000,0,37049,37000,32800,47205,95000,34266,0,35716,48300,33116,0,41807,0,44564,0,36106,39091,0,43683,48300,0,37144,0,38824,42435,44324,46333,46266,48989,44888,49400,43778,44316,48687,32800,3100,-273000,-273000,-273000,94454,891,2816504,102020,0,0,0,0,0,0,0,0,0,0,0,0,0,0,0,0,396,8345,119816,275,94454,891,2816504,102020,15475008,874952,8813244,7.70,0.00,0.00,425422,124885,3169852,106822,,,,1785600,1785600,1785600,1785600,1785600,1785600,883200,883200,0,,,,,,0,,0,0,325,4932,360,1,278000,4985000,6994000,0,363,4444000,Notcharging,1200000000
1784646083.120115043,1391.32,47100,47100,47500,47100,46700,47100,47100,47100,46700,47700,48000,48400,47500,48000,48000,48000,48000,48000,47700,46500,47300,46100,46500,47500,46100,45700,45300,45700,45300,46500,47800,47800,47800,47100,47500,47500,47800,47100,47800,47800,47800,47800,48200,47700,46900,46700,46500,47300,45700,45700,45700,37000,0,0,37000,38504,47100,95000,0,37049,37000,32800,46499,95000,34266,0,35716,46700,33138,0,41815,0,44516,0,36182,39110,0,43690,46700,0,37170,0,38853,42457,44262,45694,45896,47073,44888,47900,43879,43711,48922,32800,3100,-273000,-273000,-273000,94454,891,2816504,102020,0,0,0,0,0,0,0,0,0,0,0,0,0,0,0,0,396,8345,119816,275,94454,891,2816504,102020,15475008,880664,8818936,7.94,0.00,0.00,425422,124886,3169852,106823,,,,384000,384000,384000,384000,384000,384000,883200,883200,0,,,,,,0,,0,0,325,4932,360,1,200000,5011000,6994000,0,363,4444000,Notcharging,1200000000
1784646083.603649991,1391.81,45500,45500,45900,45900,45500,45900,45900,45900,45100,45300,46100,45700,46300,45700,46100,45700,46100,46100,45700,44900,46100,44900,45300,45900,45300,44900,44600,44600,44600,44900,47100,46700,46700,45900,46300,46300,46700,45900,46300,46700,46700,46700,46700,46900,45700,45500,45700,46100,44900,45300,44900,37000,0,0,37000,38518,46300,95000,0,37049,37000,32800,46068,95000,34266,0,35716,45500,33132,0,41807,0,44453,0,36210,39128,0,43693,45500,0,37176,0,38868,42450,44206,45627,45392,46367,44451,46300,43577,44249,48854,32800,3100,-273000,-273000,-273000,94454,891,2816504,102020,0,0,0,0,0,0,0,0,0,0,0,0,0,0,0,0,396,8345,119816,275,94454,891,2816504,102020,15475008,876088,8814360,7.94,0.00,0.00,425422,124886,3169852,106823,,,,384000,384000,384000,384000,384000,384000,883200,883200,0,,,,,,0,,0,0,325,4932,360,1,75000,5028000,6994000,0,363,4444000,Notcharging,1200000000
1784646084.072740303,1392.28,44800,45100,45100,45100,45100,45100,45500,45100,45100,44900,45300,45300,45500,45300,44900,45300,45300,45300,45300,44600,45300,44200,44600,45500,44200,44600,43800,43800,43800,44200,45900,45500,45500,45100,45500,45100,45500,45100,45500,45500,45500,45100,45500,45300,44900,44800,44900,45300,44200,44600,44600,37000,0,0,37000,38526,45500,95000,0,37049,37000,32800,45692,95000,34266,0,35716,44800,33135,0,41807,0,44361,0,36154,39131,0,43661,44800,0,37156,0,38871,42460,44122,45425,45190,45863,44316,45500,43476,43812,49022,32800,3100,-273000,-273000,-273000,94454,891,2816504,102020,0,0,0,0,0,0,0,0,0,0,0,0,0,0,0,0,396,8345,119816,275,94454,891,2816504,102020,15475008,872852,8811124,7.94,0.00,0.00,425422,124886,3169852,106823,,,,384000,384000,384000,384000,384000,384000,883200,883200,0,,,,,,0,,0,0,325,4932,360,1,78000,5028000,6994000,0,-8,4463000,Notcharging,1200000000
1784646084.634292334,1392.84,44000,44400,44800,44000,44000,44400,44400,44400,43600,43800,44600,44200,44400,44900,44600,44600,44600,44600,44600,43800,44200,43800,43800,44800,43800,44200,43400,43800,43400,43800,45100,44800,44800,44000,44400,44400,44800,43600,44400,44800,44800,44800,44800,44900,44600,44000,44200,44600,43800,44200,44200,37000,0,0,37000,38540,44800,95000,0,37049,37000,32800,45277,95000,34266,0,35716,44400,33148,0,41776,0,44245,0,36172,39155,0,43606,44400,0,37152,0,38897,42435,43987,44652,44686,44921,43913,44800,43106,43610,49157,32800,3100,-273000,-273000,-273000,94454,891,2816504,102020,0,0,0,0,0,0,0,0,0,0,0,0,0,0,0,0,396,8345,119816,275,94454,891,2816504,102020,15475008,870332,8808608,7.77,0.00,0.00,425422,124886,3169852,106823,,,,384000,384000,384000,384000,384000,384000,883200,883200,0,,,,,,0,,0,0,325,4932,360,1,97000,5029000,6994000,0,0,4463000,Notcharging,1200000000
1784646085.115323844,1393.32,44000,44000,44400,44000,44000,44000,44000,44400,44000,43800,44200,44200,44000,43800,43800,43800,43800,44200,44200,43400,44200,43000,43400,44400,43400,43000,43000,43000,43000,43400,44400,44400,44400,44000,44400,43600,44400,43200,44400,44400,44000,44000,44800,44600,44200,43600,43800,43800,43000,43400,43400,37000,0,0,37000,38547,44400,95000,0,37049,37000,32800,44964,95000,34266,0,35716,44000,33153,0,41739,0,44126,0,36169,39134,0,43552,44000,0,37103,0,38900,42432,43862,44216,44383,44585,43678,44400,43039,43274,49257,32800,3100,-273000,-273000,-273000,94454,891,2816504,102020,0,0,0,0,0,0,0,0,0,0,0,0,0,0,0,0,396,8345,119816,275,94454,891,2816504,102020,15475008,868300,8806576,7.77,0.00,0.00,425422,124886,3169852,106823,,,,384000,384000,384000,384000,384000,384000,883200,883200,0,,,,,,0,,0,0,325,4932,360,1,125000,5019000,6994000,0,0,4463000,Notcharging,1200000000
1784646085.578855927,1393.78,44000,44400,44000,43200,43600,44800,45100,44400,44000,43000,43800,43800,43600,43800,43400,43800,43800,43400,43400,43000,43800,43000,43000,44000,43400,43000,42200,43000,42600,43000,44000,44000,43600,43200,44000,43600,44000,43200,44000,44000,44000,43600,44400,44200,43800,44400,43400,43000,42600,43400,43400,37000,0,0,37000,38561,45100,95000,0,37049,37000,32800,44690,95000,34266,0,35716,44800,33148,0,41723,0,44034,0,36185,39161,0,43480,45100,0,37085,0,38920,42425,43734,44282,44182,44316,43678,44400,42904,43846,49460,32800,3100,-273000,-273000,-273000,94454,891,2816504,102020,0,0,0,0,0,0,0,0,0,0,0,0,0,0,0,0,396,8345,119816,275,94454,891,2816504,102020,15475008,849976,8788476,7.77,0.00,0.00,425422,124886,3169852,106823,,,,1440000,1440000,1440000,1440000,1440000,1440000,883200,883200,0,,,,,,0,,0,0,325,4932,360,1,431000,4957000,6994000,0,0,4463000,Notcharging,1200000000
1784646085.889686865,1394.09,44000,44400,44400,43600,43600,44400,44400,44400,43600,45700,47300,45700,44000,45700,44900,45300,45300,44600,44900,46900,48000,42600,43000,44400,43000,43000,42200,42600,42600,43000,44000,44000,44000,43200,44400,43600,44000,43200,43600,44400,43600,44000,44000,44200,43800,43600,43000,43400,43000,43400,44600,37000,0,0,37000,38567,44800,95000,0,37049,37000,32800,44516,95000,34266,0,35716,44400,33153,0,41681,0,43920,0,36172,39140,0,43402,43600,0,37079,0,38930,42372,43631,44013,44114,43980,43543,44400,42870,43610,49526,32800,3100,-273000,-273000,-273000,94454,891,2816504,102020,0,0,0,0,0,0,0,0,0,0,0,0,0,0,0,0,396,8345,119816,275,94454,891,2816504,102020,15475008,888388,8826888,7.77,0.00,0.00,425422,124886,3169852,106823,,,,384000,384000,384000,384000,384000,384000,883200,883200,0,,,,,,0,,0,0,325,4932,360,1,75000,5032000,6994000,0,0,4463000,Notcharging,1200000000
1784646086.371814417,1394.57,43600,43600,44000,43200,43200,43600,44000,43200,43200,43400,43400,43400,43600,43400,43000,43400,43400,43000,43400,43000,43800,42200,43000,43600,43000,42600,41800,42200,42600,42600,43600,44000,43600,42800,43600,43200,43600,42800,43200,43600,43600,43600,43600,43400,43000,43200,43000,43000,43000,43000,43000,37000,0,0,37000,38564,44000,95000,0,37049,37000,32800,44251,95000,34266,0,35716,43200,33159,0,41616,0,43796,0,36163,39145,0,43305,43200,0,37065,0,38944,42305,43476,43778,43644,43644,43509,44000,42635,42971,49829,32800,3100,-273000,-273000,-273000,94454,891,2816504,102020,0,0,0,0,0,0,0,0,0,0,0,0,0,0,0,0,396,8345,119816,275,94454,891,2816504,102020,15475008,883056,8821380,7.77,0.00,0.00,425422,124886,3169852,106823,,,,384000,384000,384000,384000,384000,384000,883200,883200,0,,,,,,0,,0,0,325,4932,360,1,119000,5031000,6994000,0,0,4463000,Notcharging,1200000000
1784646086.862690562,1395.07,42400,43200,43200,42400,42800,43200,43200,42800,42400,43000,43000,43400,42800,43400,42600,43000,43000,43000,43000,42600,43400,41800,42600,43200,42600,42200,41500,42200,41800,42200,43200,43200,43200,42800,43200,42800,43600,42400,42800,43600,42800,42800,43600,43400,43000,42800,42600,42600,42200,42600,42600,37000,0,0,37000,38567,43200,95000,0,37049,37000,32800,44016,95000,34266,0,35716,42800,33165,0,41572,0,43665,0,36182,39148,0,43204,43200,0,37033,0,38968,42282,43344,43678,43644,43308,43274,43600,42467,43005,49863,32800,3100,-273000,-273000,-273000,94454,891,2816504,102020,0,0,0,0,0,0,0,0,0,0,0,0,0,0,0,0,396,8345,119816,275,94454,891,2816504,102020,15475008,875344,8813676,7.99,0.00,0.00,425422,124886,3169852,106823,,,,384000,384000,384000,384000,384000,384000,883200,883200,0,,,,,,0,,0,0,325,4932,360,1,75000,5028000,6994000,0,0,4463000,Notcharging,1200000000
1784646087.347742281,1395.55,42400,42800,42800,42800,42800,42800,43200,43200,42800,42600,43000,43000,42800,43000,42600,42600,42600,42600,42600,42200,42600,41800,42200,42800,42200,42200,41500,42200,41500,42200,43200,43200,42800,42400,43200,42400,42800,42000,42800,43200,42800,43200,43200,43000,43000,42400,42600,42200,42200,42600,42600,37000,0,0,37000,38564,43200,95000,0,36781,37000,32800,43796,95000,34528,0,35716,42800,33184,0,41511,0,43517,0,36112,39131,0,43086,42800,0,37077,0,38971,42210,43194,43409,43442,43207,42904,43200,42333,43005,49997,32800,3100,-273000,-273000,-273000,94467,894,2817400,102029,0,0,0,0,0,0,0,0,0,0,0,0,0,0,0,0,396,8345,119816,275,94467,894,2817400,102029,15475008,876788,8815096,7.99,0.00,0.00,425422,124886,3170300,106823,,,,384000,384000,384000,384000,384000,384000,883200,883200,0,,,,,,0,,0,0,325,4932,360,1,494000,4929000,6994000,0,0,4463000,Notcharging,1200000000
1784646088.597164051,1396.80,44400,44800,45500,44800,45100,44800,45100,44800,44400,44200,44600,44900,45100,44900,44600,44900,44900,44600,44600,43400,44200,43400,43800,45500,43400,43000,42200,43000,43000,43400,46300,46700,45900,45900,45500,46300,46700,45100,45900,46700,46300,46700,46700,45700,44200,44000,43800,44900,43000,43400,43400,37000,0,0,37000,38561,44800,95000,0,36781,37000,32800,43764,95000,34528,0,35716,44400,33175,0,41376,0,43191,0,36148,39110,0,42814,44800,0,37056,0,38990,42047,42848,43308,43240,44114,43005,45500,42131,42030,50334,32800,3100,-273000,-273000,-273000,94467,894,2817400,102029,0,0,0,0,0,0,0,0,0,0,0,0,0,0,0,0,396,8345,119816,275,94467,894,2817400,102029,15475008,859504,8798084,8.17,0.00,0.00,425422,125209,3170300,107145,,,,1228800,1228800,1228800,1228800,1228800,1228800,883200,883200,0,,,,,,0,,864211,1002601,325,4932,360,1,459000,4959000,6994000,0,0,4463000,Notcharging,1200000000
1784646088.936705666,1397.14,46700,46700,47900,48300,47900,47100,47100,47500,47500,46500,46500,47700,49400,48000,48000,48400,48000,47700,46900,44900,45700,43800,43800,49000,44200,44200,43000,43400,43000,43800,56300,59000,56700,57900,49400,59800,57900,55200,56300,56700,55200,56000,54800,44900,44200,45900,43400,44600,42600,43000,43400,37000,0,0,37000,38547,46300,95000,0,36781,37000,32800,43949,95000,34528,0,35716,46700,33184,0,41356,0,43108,0,36103,39104,0,42745,46300,0,37027,0,38990,41998,42786,43375,43341,46367,43879,49000,42165,42434,50266,32800,3100,-273000,-273000,-273000,94490,894,2817592,102032,0,0,0,0,0,0,0,0,0,0,0,0,0,0,0,0,396,8345,119816,275,94490,894,2817592,102032,15475008,818184,8796840,8.17,0.00,0.00,425422,125789,3170396,107626,,,,384000,384000,384000,384000,384000,384000,883200,883200,0,,,,,,0,,0,0,325,4932,360,1,491000,5020000,6994000,0,0,4463000,Notcharging,1200000000
1784646089.415273478,1397.62,47800,48200,50200,49800,49000,48700,48300,49000,48300,48000,47700,49600,50900,50000,50800,51200,50400,50000,49600,46100,46900,46100,46100,50200,46100,45700,44200,44900,44900,45700,59800,62500,59000,61000,51300,62900,60200,59400,60600,59400,57900,58700,58300,49200,46900,47100,45700,47700,44600,44900,44900,37000,0,0,37000,38553,47900,95000,0,36781,37000,32800,44324,95000,34528,0,35716,47500,33208,0,41376,0,43054,0,36080,39101,0,42652,47900,0,37053,0,38990,41950,42718,43711,43476,48081,43745,51400,42266,42501,50334,32800,3100,-273000,-273000,-273000,94490,894,2817592,102032,0,0,0,0,0,0,0,0,0,0,0,0,0,0,0,0,396,8345,119816,275,94490,894,2817592,102032,15475008,812764,8791528,8.17,0.00,0.00,425422,125789,3170396,107626,,,,384000,384000,384000,384000,384000,384000,883200,883200,0,,,,,,0,,642029,1001024,325,4932,360,1,494000,4933000,6994000,0,600,4429000,Notcharging,1200000000
1784646089.921414415,1398.12,49400,49400,51800,51800,51400,50200,49800,50600,49400,50000,49200,51200,52900,51500,52300,52700,51900,51900,50800,47300,48000,47300,47700,52500,46900,46500,45300,46100,46100,47300,62900,66400,62500,65200,53200,67200,64500,62100,64100,62900,61000,62500,61000,51200,48400,48300,46900,49200,45700,45700,46100,37000,0,0,37000,38540,49000,95000,0,36781,37000,32800,44716,95000,34528,0,35716,49000,33198,0,41359,0,43024,0,36077,39074,0,42569,49000,0,37082,0,38995,41895,42718,43812,43913,49224,43947,52900,42333,42669,50334,32800,3100,-273000,-273000,-273000,94490,894,2817592,102032,0,0,0,0,0,0,0,0,0,0,0,0,0,0,0,0,396,8345,119816,275,94490,894,2817592,102032,15475008,809080,8787848,8.17,0.00,0.00,425422,125799,3170396,107636,,,,384000,384000,384000,384000,384000,384000,883200,883200,0,,,,,,0,,0,0,325,4932,360,1,494000,4933000,6994000,0,600,4429000,Notcharging,1200000000
1784646090.391196655,1398.59,50500,50900,52600,52900,52200,51400,51000,51800,51400,50800,50000,52700,54400,53100,53500,53900,53100,53100,51900,48000,49200,48800,48400,53600,48400,47700,46100,47300,47300,48400,63700,67200,63300,66000,54800,66800,64800,62900,64100,63700,62500,63300,62100,53100,50000,49400,48000,51200,46900,46500,47300,37000,0,0,37000,38540,50200,95000,0,36781,37000,32800,45164,95000,34528,0,35716,49800,33208,0,41353,0,43043,0,36062,39077,0,42541,50200,0,37059,0,38995,41855,42746,44249,44114,50300,44585,54100,42535,42333,50165,32800,3100,-273000,-273000,-273000,94490,894,2817592,102032,0,0,0,0,0,0,0,0,0,0,0,0,0,0,0,0,396,8345,119816,275,94490,894,2817592,102032,15475008,815360,8793432,8.17,0.00,0.00,425422,125799,3170396,107636,,,,384000,384000,384000,384000,384000,384000,883200,883200,0,,,,,,0,,586225,1002119,325,4932,360,1,494000,4933000,6994000,0,600,4429000,Notcharging,1200000000
1784646090.860540352,1399.06,50900,52100,53300,53700,53300,52200,51400,52600,51800,51500,51200,53500,55600,53900,54600,55400,54300,53900,53500,48800,49600,50000,49200,54400,49200,48800,46900,47700,48000,49200,66000,69100,65600,68300,55600,69500,67200,64800,66800,65600,64100,65200,63700,54300,50800,49800,49200,52300,47700,47300,48000,37000,0,0,37000,38509,51000,95000,0,36781,37000,32800,45570,95000,34528,0,35716,50600,33213,0,41356,0,43108,0,36052,39061,0,42506,51000,0,37065,0,39001,41807,42827,44686,44753,51241,44585,54900,42837,42602,50031,32800,3100,-273000,-273000,-273000,94490,894,2817592,102032,0,0,0,0,0,0,0,0,0,0,0,0,0,0,0,0,396,8345,119816,275,94490,894,2817592,102032,15475008,813860,8791944,9.41,0.00,0.00,425422,125799,3170396,107636,,,,384000,384000,384000,384000,384000,384000,883200,883200,0,,,,,,0,,586225,1002119,325,4932,360,1,197000,5015000,6994000,0,600,4429000,Notcharging,1200000000
1784646091.330438425,1399.53,51700,52100,54500,54900,53700,52900,52600,53300,52600,52300,51500,53900,56000,54300,55000,55800,55000,54600,53900,49600,50800,50400,50400,55200,49600,48800,47700,48400,48800,50000,62100,65600,64100,64500,56300,66000,65600,61700,62900,64100,63700,64500,62900,54600,51500,50600,50000,53100,47700,48000,48400,37000,0,0,37000,38509,51400,95000,0,36781,37000,32800,45942,95000,34528,0,35716,51400,33213,0,41331,0,43158,0,36086,39061,0,42525,51400,0,37056,0,39017,41784,42927,45156,45056,51880,44955,55700,43005,42635,50065,32800,3100,-273000,-273000,-273000,94492,894,2817608,102033,0,0,0,0,0,0,0,0,0,0,0,0,0,0,0,0,396,8345,119816,275,94492,894,2817608,102033,15475008,814396,8792496,9.41,0.00,0.00,425422,125799,3170404,107636,,,,384000,384000,384000,384000,384000,384000,883200,883200,0,,,,,,0,,565991,1002288,325,4932,360,1,494000,4933000,6994000,0,600,4429000,Notcharging,1200000000
1784646091.804424779,1400.01,52100,52500,54900,54500,54500,53300,52600,53700,52900,52700,52300,54300,56700,54600,55000,56200,55400,55000,54300,50000,51200,50800,50000,56000,50000,49600,48000,48800,48800,50000,63700,67500,65600,66400,56700,67900,67500,63300,64500,65600,64500,66000,64100,55400,52300,51400,50400,53500,48800,48000,48800,37000,0,0,37000,38495,52200,95000,0,36781,37000,32800,46295,95000,34528,0,35716,51800,33225,0,41325,0,43278,0,36134,39071,0,42525,51800,0,37076,0,39007,41773,43067,45459,45392,52519,45459,56100,43274,42971,49930,32800,3100,-273000,-273000,-273000,94492,894,2817608,102033,0,0,0,0,0,0,0,0,0,0,0,0,0,0,0,0,396,8345,119816,275,94492,894,2817608,102033,15475008,818772,8796876,9.41,0.00,0.00,425422,125799,3170404,107636,,,,384000,384000,384000,384000,384000,384000,883200,883200,0,,,,,,0,,565991,1002288,325,4932,360,1,137000,5014000,6994000,0,600,4429000,Notcharging,1200000000
1784646092.273689727,1400.48,52500,52900,54900,55300,54500,53700,53300,53700,52900,53100,52300,55000,56700,55000,55400,56200,55400,55400,54600,50000,51500,51200,50800,56000,50400,50000,48400,49200,49200,50400,63300,66800,65200,66000,56700,67200,66800,62900,64500,65600,64800,66000,64500,55800,52700,51800,51200,53900,48800,48800,49200,37000,0,0,37000,38487,52200,95000,0,36781,37000,32800,46588,95000,34486,0,35716,51800,33235,0,41366,0,43378,0,36058,39055,0,42594,52200,0,37047,0,39014,41797,43179,45560,45661,52854,45392,56400,43409,42703,49829,32800,3100,-273000,-273000,-273000,94510,894,2818256,102043,0,0,0,0,0,0,0,0,0,0,0,0,0,0,0,0,396,8345,119816,275,94510,894,2818256,102043,15475008,815384,8793488,9.41,0.00,0.00,425422,125799,3170728,107636,,,,384000,384000,384000,384000,384000,384000,883200,883200,0,,,,,,0,,0,0,325,4932,360,1,103000,4932000,6994000,0,600,4429000,Notcharging,1200000000
1784646092.731788581,1400.93,53200,54000,55700,56100,55300,54500,54100,54500,53700,53900,53100,55400,57900,56200,56600,57400,56600,55800,55000,50800,51900,51500,51200,56700,51200,50400,48800,49200,50000,51200,65200,68700,67200,67900,58300,69100,68300,64500,65600,66800,65600,66800,65600,57000,53100,52200,51200,55000,49200,49200,49600,37000,0,0,37000,38495,52900,95000,0,36781,37000,32800,46900,95000,34486,0,35716,52200,33252,0,41400,0,43490,0,36055,39041,0,42652,52600,0,37123,0,38998,41800,43341,45896,45728,53191,45694,57200,43711,43341,49661,32800,3100,-273000,-273000,-273000,94510,894,2818256,102043,0,0,0,0,0,0,0,0,0,0,0,0,0,0,0,0,396,8345,119816,275,94510,894,2818256,102043,15475008,815604,8793696,10.24,0.00,0.00,425422,125799,3170728,107636,,,,384000,384000,384000,384000,384000,384000,883200,883200,0,,,,,,0,,580844,1002382,325,4932,360,1,172000,5001000,6994000,0,600,4429000,Notcharging,1200000000
1784646094.015829257,1402.22,54000,54800,56400,56400,55700,54900,54500,55300,54100,54600,54300,56200,58300,57000,57000,58100,57000,57000,56200,51500,52300,52300,51900,57500,51500,51500,49600,50000,50800,51500,69100,72600,69500,71800,58700,73700,71000,69100,70200,69500,67500,68300,67200,57700,54300,52900,52300,55400,50000,49600,50400,37000,0,0,37000,38504,53700,95000,0,36781,37000,32800,47581,95000,34486,0,35716,53300,33246,0,41561,0,43899,0,36100,39074,0,42880,52900,0,37118,0,39031,41868,43727,46636,46905,54098,46299,58000,44081,43980,49157,32800,3100,-273000,-273000,-273000,94510,894,2818256,102043,0,0,0,0,0,0,0,0,0,0,0,0,0,0,0,0,396,8345,119816,275,94510,894,2818256,102043,15475008,815764,8793860,10.24,0.00,0.00,425422,125800,3170728,107637,,,,384000,384000,384000,384000,384000,384000,883200,883200,0,,,,,,0,,580844,1002382,325,4932,360,1,494000,4935000,6994000,0,600,4429000,Notcharging,1200000000
1784646094.482930299,1402.69,54000,54400,56400,56800,56100,54900,54900,55300,54500,54600,54300,56600,58700,57000,57700,58500,57400,57400,56600,51500,52300,52700,52300,57500,51900,51500,49600,50400,50800,51900,65600,69100,67200,67900,58700,69100,68700,65200,66400,67500,66400,67500,66000,57700,54600,52900,52700,55800,50000,50000,50800,37000,0,0,37000,38523,53700,95000,0,36781,37000,32800,47828,95000,34486,0,35716,53700,33279,0,41692,0,44052,0,36049,39107,0,43012,53700,0,37118,0,39020,41895,43920,46804,46636,54367,46568,58400,44350,43711,49056,32800,3100,-273000,-273000,-273000,94510,894,2818256,102043,0,0,0,0,0,0,0,0,0,0,0,0,0,0,0,0,396,8345,119816,275,94510,894,2818256,102043,15475008,811928,8790024,10.92,0.00,0.00,425422,125804,3170728,107641,,,,384000,384000,384000,384000,384000,384000,883200,883200,0,,,,,,0,,570611,1002023,325,4932,360,1,494000,5014000,6994000,0,600,4429000,Notcharging,1200000000
1784646094.956912330,1403.16,54400,55200,56800,57200,56400,55300,54900,56100,54900,55000,54300,56600,59000,57400,57400,58100,57700,57400,56600,51900,53100,53100,52700,57900,51900,51500,50000,50800,50800,52300,69900,73700,70200,72200,59000,73700,72200,68700,69900,70200,68300,69500,67900,58100,54600,53300,53100,56200,50400,50400,50800,37000,0,0,37000,38542,53700,95000,0,36781,37000,32800,47968,95000,34486,0,35716,53700,33256,0,41763,0,44178,0,36049,39148,0,43120,54100,0,37135,0,39025,41971,44040,46737,47073,55006,46501,58000,44518,43980,48854,32800,3100,-273000,-273000,-273000,94510,894,2818256,102043,0,0,0,0,0,0,0,0,0,0,0,0,0,0,0,0,396,8345,119816,275,94510,894,2818256,102043,15475008,820208,8798312,10.92,0.00,0.00,425422,125804,3170728,107641,,,,384000,384000,384000,384000,384000,384000,883200,883200,0,,,,,,0,,0,0,325,4932,360,1,125000,5006000,6992000,0,755,4425000,Notcharging,1200000000
1784646095.466992174,1403.67,54800,55600,57600,58000,57200,56100,55700,56100,55700,55400,55000,57400,59400,58100,58500,59700,58500,58100,57400,52300,53500,53500,53100,58700,52300,52300,50400,51200,51500,52700,67200,70600,69100,69500,59800,71400,70600,66400,67900,68700,68700,69900,67900,59300,55000,53700,53100,56200,51200,50400,51200,37000,0,0,37000,38564,54500,95000,0,36781,37000,32900,48230,95000,34486,0,35716,54100,33279,0,41781,0,44370,0,36097,39148,0,43230,54100,0,37141,0,39064,42027,44241,47275,47308,55477,47207,59200,44787,44047,48720,32900,3100,-273000,-273000,-273000,94510,894,2818256,102043,0,0,0,0,0,0,0,0,0,0,0,0,0,0,0,0,396,8345,119816,275,94510,894,2818256,102043,15475008,815172,8793276,10.92,0.00,0.00,425422,125812,3170728,107649,,,,384000,384000,384000,384000,384000,384000,883200,883200,0,,,,,,0,,608451,1001821,325,4932,360,1,125000,5019000,6992000,0,755,4425000,Notcharging,1200000000
1784646095.936373944,1404.14,54800,55600,57600,58000,56800,56100,55700,56400,55700,55800,55000,57700,59800,57700,58500,59300,58500,58500,57400,52300,53900,53500,53500,58700,53100,52700,50400,51200,51900,53100,66800,70600,68700,69500,59800,71000,70600,66400,67900,68700,67900,69100,67500,58500,55000,54100,53500,56600,51200,50400,51500,37000,0,0,37000,38564,54900,95000,0,36781,37000,32900,48452,95000,34486,0,35716,54100,33279,0,41886,0,44506,0,36119,39178,0,43334,54100,0,37141,0,39067,42098,44403,47375,47544,55678,46938,58800,44888,44820,48585,32900,3100,-273000,-273000,-273000,94510,894,2818256,102043,0,0,0,0,0,0,0,0,0,0,0,0,0,0,0,0,396,8345,119816,275,94510,894,2818256,102043,15475008,814752,8792860,10.92,0.00,0.00,425422,125812,3170728,107649,,,,384000,384000,384000,384000,384000,384000,883200,883200,0,,,,,,0,,0,0,325,4932,360,1,144000,5010000,6992000,0,755,4425000,Notcharging,1200000000
1784646096.415653996,1404.62,55200,56000,57600,58000,57200,56100,55700,56400,55700,55800,55000,57700,59800,58100,58500,59700,58900,58500,57700,52700,53900,53500,53500,59000,53100,52700,50800,51200,51500,53100,67500,71400,69500,70200,59800,71400,71000,66800,68300,69100,68700,69500,67900,58900,55000,54100,53500,56600,50800,50800,51500,37000,0,0,37000,38602,54900,95000,0,36781,37000,32900,48620,95000,34486,0,35716,54100,33310,0,41929,0,44625,0,36103,39214,0,43480,54900,0,37137,0,39047,42178,44544,47476,47678,56116,47140,59200,44989,45056,48552,32900,3100,-273000,-273000,-273000,94510,894,2818256,102043,0,0,0,0,0,0,0,0,0,0,0,0,0,0,0,0,396,8345,119816,275,94510,894,2818256,102043,15475008,811192,8789300,10.92,0.00,0.00,425422,125812,3170728,107649,,,,384000,384000,384000,384000,384000,384000,883200,883200,0,,,,,,0,,590073,1001890,325,4932,360,1,172000,5010000,6992000,0,755,4425000,Notcharging,1200000000
1784646096.880222381,1405.08,55200,56000,58000,58400,57600,56400,56100,56800,55700,55800,55000,57700,59800,58500,58500,60100,58900,58500,57700,52700,54300,53900,53500,59000,53100,52700,50800,51500,51900,53100,69100,72600,70600,71000,60200,72600,71800,67200,69100,69500,68700,70200,68300,59300,55800,54500,53500,57000,51200,50800,51900,37000,0,0,37000,38619,54900,95000,0,36781,37000,32900,48833,95000,34486,0,35716,54500,33316,0,42022,0,44788,0,36119,39244,0,43622,54500,0,37156,0,39061,42245,44685,47610,47779,55913,47207,59200,45190,44955,48384,32900,3100,-273000,-273000,-273000,94510,894,2818256,102043,0,0,0,0,0,0,0,0,0,0,0,0,0,0,0,0,396,8345,119816,275,94510,894,2818256,102043,15475008,815916,8794032,11.11,0.00,0.00,425422,125813,3170728,107650,,,,384000,384000,384000,384000,384000,384000,883200,883200,0,,,,,,0,,0,0,325,4932,360,1,481000,4932000,6992000,0,755,4425000,Notcharging,1200000000
1784646097.355072954,1405.56,55600,56000,58400,58800,57600,56400,56100,56800,56100,56200,55800,58100,60200,58500,58900,59700,58900,58900,57700,52700,54300,53900,53500,59000,53500,52700,50800,51900,52300,53100,67900,71800,69900,70200,60600,71800,71800,66800,68700,69500,68700,69900,67900,59300,55400,54100,53900,57400,51500,51500,51900,37000,0,0,37000,38648,54900,95000,0,37102,37000,32900,48989,95000,34486,0,35873,54500,33324,0,42098,0,44949,0,36097,39280,0,43754,54500,0,37207,0,39104,42313,44845,47678,47980,56216,47341,60000,45325,45257,48216,32900,3100,-273000,-273000,-273000,94510,894,2818256,102043,0,0,0,0,0,0,0,0,0,0,0,0,0,0,0,0,396,8345,119816,275,94510,894,2818256,102043,15475008,814380,8792496,11.11,0.00,0.00,425422,125813,3170744,107650,,,,384000,384000,384000,384000,384000,384000,883200,883200,0,,,,,,0,,586368,1002029,325,4932,360,1,494000,5026000,6992000,0,755,4425000,Notcharging,1200000000
1784646097.831227850,1406.03,55600,56000,58400,58400,57600,56800,56100,57200,56400,56600,55800,58100,60200,58900,59300,60500,59300,59300,58100,53100,54600,54300,54300,59000,53500,53100,51200,51900,52300,53500,71000,74900,71000,73700,60600,75300,72900,70200,72200,71000,69100,70600,69100,59700,55400,54500,53900,57400,51500,51200,51900,37000,0,0,37000,38679,55300,95000,0,37102,37000,32900,49144,95000,34486,0,35873,54900,33343,0,42186,0,45106,0,36106,39310,0,43872,54900,0,37188,0,39104,42380,44969,47779,48619,56116,47678,60000,45493,44888,48048,32900,3100,-273000,-273000,-273000,94517,894,2818352,102048,0,0,0,0,0,0,0,0,0,0,0,0,0,0,0,0,396,8345,119816,275,94517,894,2818352,102048,15475008,810240,8788356,11.11,0.00,0.00,425422,125821,3170776,107658,,,,384000,384000,384000,384000,384000,384000,883200,883200,0,,,,,,0,,586368,1002029,325,4932,360,1,497000,4928000,6992000,0,755,4425000,Notcharging,1200000000
1784646098.306135610,1406.51,55600,56300,58400,58800,57600,56800,56100,56800,56100,56600,55400,58100,60200,58500,58900,59700,59300,58900,57700,53100,54300,54300,53900,59400,53500,53100,51200,51900,52300,53500,71800,75300,71400,74500,60600,76000,73300,70600,72600,71400,69900,71000,69900,59700,55800,54500,53900,57400,51500,51500,51900,37000,0,0,37000,38710,54900,95000,0,37102,37000,32900,49289,95000,34486,0,35873,54900,33349,0,42257,0,45215,0,36103,39354,0,44001,54900,0,37214,0,39107,42488,45137,48216,48249,56384,47510,60000,45661,44888,47913,32900,3100,-273000,-273000,-273000,94517,894,2818352,102048,0,0,0,0,0,0,0,0,0,0,0,0,0,0,0,0,396,8345,119816,275,94517,894,2818352,102048,15475008,809208,8787324,11.11,0.00,0.00,425422,125821,3170776,107658,,,,384000,384000,384000,384000,384000,384000,883200,883200,0,,,,,,0,,585189,1002112,755,4928,370,1,131000,4929000,6992000,0,755,4425000,Notcharging,1200000000
1784646099.614898370,1407.82,56000,56300,58400,58400,58000,56800,56100,57200,56100,57000,56200,58500,60600,58900,59700,60100,59700,59300,58100,53500,54600,54300,53900,59800,53900,53100,51500,51900,52300,53900,71000,74500,70600,73300,60600,75300,72600,70200,72200,71000,69100,70200,69100,59700,55800,54900,53900,57700,51900,51500,52300,37000,0,0,37000,38803,55300,95000,0,37102,37000,32900,49644,95000,34486,0,35873,55300,33357,0,42513,0,45596,0,36131,39479,0,44352,55300,0,37207,0,39175,42712,45497,48653,48888,56721,48081,59600,46031,45762,47409,32900,3100,-273000,-273000,-273000,94517,894,2818352,102048,0,0,0,0,0,0,0,0,0,0,0,0,0,0,0,0,396,8345,119816,275,94517,894,2818352,102048,15475008,805856,8783984,11.82,0.00,0.00,425422,125823,3170776,107660,,,,384000,384000,384000,384000,384000,384000,883200,883200,0,,,,,,0,,571739,1002237,755,4928,370,1,491000,4932000,6992000,0,755,4425000,Notcharging,1200000000
1784646100.075331339,1408.28,56000,56300,58400,58800,58000,57200,56400,57200,56400,57000,56200,58900,60200,59300,59700,60500,59700,59700,58500,53900,55000,54600,54300,59400,54300,53100,51500,52300,52700,53900,71400,74900,71400,73700,61000,75700,72900,71000,72200,71400,69500,71000,69900,60100,56200,54900,54300,58100,51900,51500,52300,37000,0,0,37000,38831,55700,95000,0,37102,37000,32900,49755,95000,34486,0,35873,55300,33370,0,42555,0,45738,0,36137,39509,0,44455,55700,0,37213,0,39205,42789,45642,48653,49090,57056,48283,60000,46198,45762,47409,32900,3100,-273000,-273000,-273000,94517,894,2818352,102048,0,0,0,0,0,0,0,0,0,0,0,0,0,0,0,0,396,8345,119816,275,94517,894,2818352,102048,15475008,804832,8782960,11.82,0.00,0.00,425422,125823,3170776,107660,,,,384000,384000,384000,384000,384000,384000,883200,883200,0,,,,,,0,,571739,1002237,755,4928,370,1,491000,4929000,6992000,0,755,4425000,Notcharging,1200000000
1784646100.552609515,1408.76,56000,56700,58800,59200,58000,56800,56800,57600,56400,57000,56200,58500,61000,58900,59300,60500,59300,58900,58100,53500,54600,54600,54300,59800,53900,53500,51500,52300,52700,53900,70200,73700,70600,72600,61000,74500,72200,69900,71400,70200,69500,70600,69100,60100,56200,54900,54600,57700,52300,51900,52300,37000,0,0,37000,38876,55700,95000,0,37102,37000,33000,49883,95000,34486,0,35873,55300,33387,0,42614,0,45848,0,36097,39548,0,44581,55700,0,37266,0,39200,42840,45768,48585,49056,57259,48317,60000,45930,45997,47174,33000,3100,-273000,-273000,-273000,94517,894,2818352,102048,0,0,0,0,0,0,0,0,0,0,0,0,0,0,0,0,396,8345,119816,275,94517,894,2818352,102048,15475008,808156,8786308,12.21,0.00,0.00,425422,125823,3170776,107660,,,,384000,384000,384000,384000,384000,384000,883200,883200,0,,,,,,0,,584486,1002349,755,4928,370,1,494000,4933000,6990000,0,777,4421000,Notcharging,1200000000
1784646101.021902224,1409.22,56000,57100,59200,58800,58400,57200,57200,57600,56400,57000,56600,58900,60600,58900,60100,60800,59700,59700,58500,53500,55000,54600,54600,59800,54300,53500,51900,52700,53100,54300,67200,70200,68700,69500,60600,70600,70200,66400,67500,68700,68700,69900,67900,60500,56600,54900,54600,58100,52300,51900,52700,37000,0,0,37000,38906,55700,95000,0,37102,37000,33000,50009,95000,34486,0,35873,55300,33414,0,42664,0,45975,0,36140,39578,0,44690,55700,0,37231,0,39241,42917,45898,48687,49123,57292,48249,60000,46232,45762,47207,33000,3100,-273000,-273000,-273000,94517,894,2818352,102048,0,0,0,0,0,0,0,0,0,0,0,0,0,0,0,0,396,8345,119816,275,94517,894,2818352,102048,15475008,811000,8789152,12.21,0.00,0.00,425422,125823,3170776,107660,,,,384000,384000,384000,384000,384000,384000,883200,883200,0,,,,,,0,,0,0,755,4928,370,1,494000,4931000,6990000,0,777,4421000,Notcharging,1200000000
1784646101.489624046,1409.69,56300,56700,58800,59200,58000,57600,56800,57600,57200,57000,56600,58900,61000,59300,59700,60500,59700,59700,58900,53900,55000,55000,54600,60200,54600,53500,51900,52700,53100,54300,69900,73700,71800,72200,61000,74100,73300,69100,70600,71000,69900,71800,69500,60500,56600,55300,55000,58100,52300,52300,52700,37000,0,0,37000,38942,56100,95000,0,37102,37000,33000,50115,95000,34486,0,35873,55700,33405,0,42730,0,46106,0,36097,39621,0,44794,55700,0,37278,0,39250,43031,45984,48888,49460,57494,48451,60300,46299,46400,46837,33000,3100,-273000,-273000,-273000,94517,894,2818352,102048,0,0,0,0,0,0,0,0,0,0,0,0,0,0,0,0,396,8345,119816,275,94517,894,2818352,102048,15475008,808480,8786632,12.21,0.00,0.00,425422,125823,3170776,107660,,,,384000,384000,384000,384000,384000,384000,883200,883200,0,,,,,,0,,592260,1002104,755,4928,370,1,116000,4927000,6990000,0,777,4421000,Notcharging,1200000000
1784646101.963306077,1410.17,56300,57500,59200,59600,58400,57600,57200,57600,57200,57400,56600,59300,61000,59700,60500,61200,60100,60100,58900,54300,55000,55400,54600,60200,54600,53900,52300,52700,53100,54300,67900,71400,69900,70600,61400,71800,71400,67200,68300,69500,69500,70600,68700,60500,56600,55300,54600,58500,52300,52300,52700,37000,0,0,37000,38985,56100,95000,0,37446,37000,33000,50280,95000,34704,0,36014,55700,33414,0,42796,0,46207,0,36143,39676,0,44945,56100,0,37261,0,39274,43119,46106,48955,49493,57695,48720,60300,46535,46804,46972,33000,3100,-273000,-273000,-273000,94517,894,2818352,102048,0,0,0,0,0,0,0,0,0,0,0,0,0,0,0,0,396,8345,119816,275,94517,894,2818352,102048,15475008,813392,8791628,12.21,0.00,0.00,425422,125823,3170776,107660,,,,384000,384000,384000,384000,384000,384000,883200,883200,0,,,,,,0,,0,0,755,4928,370,1,472000,4931000,6990000,0,777,4421000,Notcharging,1200000000
1784646102.445753786,1410.65,56300,57100,59200,59200,58400,57600,56800,58000,56800,57400,56600,59300,61000,59700,60100,61200,60100,60100,59300,53900,55400,55000,55000,60200,54300,54300,52300,52700,53100,54600,70600,74100,71000,72600,61400,74500,72900,70200,71400,71400,70200,71400,69900,60500,57000,55300,55000,58100,52300,52300,52700,37000,0,0,37000,39025,56100,95000,0,37446,37000,33000,50427,95000,34704,0,36014,55700,33432,0,42858,0,46307,0,36154,39713,0,45007,56100,0,37248,0,39310,43162,46210,49123,49560,57863,48585,60300,46602,46770,46972,33000,3100,-273000,-273000,-273000,94517,894,2818352,102048,0,0,0,0,0,0,0,0,0,0,0,0,0,0,0,0,396,8345,119816,275,94517,894,2818352,102048,15475008,812640,8790864,12.21,0.00,0.00,425422,125823,3170776,107660,,,,384000,384000,384000,384000,384000,384000,883200,883200,0,,,,,,0,,595448,1002195,755,4928,370,1,491000,4932000,6990000,0,777,4421000,Notcharging,1200000000
1784646102.910739150,1411.11,56700,57500,59200,59200,58800,57600,57600,58400,57200,57400,57000,59300,61400,60100,60500,61600,60500,60100,59300,54300,55400,55400,55000,60200,54600,54300,52300,52700,53500,54600,69900,73700,71400,72200,61400,73300,72600,68700,69900,71000,69900,71000,69100,60800,57000,55300,55000,58500,52700,52700,52700,37000,0,0,37000,39061,56100,95000,0,37446,37000,33000,50500,95000,34704,0,36014,56100,33429,0,42955,0,46453,0,36125,39778,0,45117,56100,0,37240,0,39331,43252,46315,49123,49728,57157,48653,60700,46602,46400,46703,33000,3100,-273000,-273000,-273000,94520,894,2818408,102049,0,0,0,0,0,0,0,0,0,0,0,0,0,0,0,0,396,8345,119816,275,94520,894,2818408,102049,15475008,809380,8787604,12.54,0.00,0.00,425422,125823,3170804,107660,,,,384000,384000,384000,384000,384000,384000,883200,883200,0,,,,,,0,,595448,1002195,755,4928,370,1,494000,5023000,6990000,0,777,4421000,Notcharging,1200000000
1784646103.378546389,1411.58,56700,57500,59600,59600,58800,58000,57600,58000,57600,57700,57000,59300,61400,60100,60500,61600,60500,60100,59300,54300,55400,55400,55000,60600,54600,54300,52300,53100,53500,54600,70200,74100,72200,72600,61700,74900,73700,69100,71000,71400,70600,71800,70200,60500,57000,55700,55400,58500,52700,52300,53500,37000,0,0,37000,39101,56400,95000,0,37446,37000,33000,50614,95000,34704,0,36014,56100,33453,0,43021,0,46541,0,36122,39764,0,45244,56400,0,37208,0,39357,43307,46410,49090,49695,58368,48821,61100,46703,46938,46602,33000,3100,-273000,-273000,-273000,94520,894,2818408,102049,0,0,0,0,0,0,0,0,0,0,0,0,0,0,0,0,396,8345,119816,275,94520,894,2818408,102049,15475008,809692,8787916,12.54,0.00,0.00,425422,125823,3170804,107660,,,,384000,384000,384000,384000,384000,384000,883200,883200,0,,,,,,0,,592401,1002074,755,4928,370,1,156000,4927000,6990000,0,777,4421000,Notcharging,1200000000
1784646103.850758889,1412.05,57100,57500,60000,59600,59200,58000,57600,58400,57600,57700,57000,59700,61700,60100,60800,61600,60800,60800,59300,54300,55800,55400,55400,60600,54600,54600,52700,53100,53500,54600,69900,73700,71800,72600,61700,74100,73700,68700,70600,71400,70200,71800,70200,60800,57000,55700,55000,58500,52700,52700,53500,37000,0,0,37000,39145,56400,95000,0,37446,37000,33000,50754,95000,34704,0,36014,56100,33448,0,43054,0,46622,0,36128,39852,0,45339,56400,0,37272,0,39396,43400,46530,49291,49997,58099,48922,61100,46837,46972,46602,33000,3100,-273000,-273000,-273000,94520,894,2818408,102049,0,0,0,0,0,0,0,0,0,0,0,0,0,0,0,0,396,8345,119816,275,94520,894,2818408,102049,15475008,813032,8791204,12.54,0.00,0.00,425422,125823,3170804,107660,,,,384000,384000,384000,384000,384000,384000,883200,883200,0,,,,,,0,,585314,1002294,777,4929,370,1,494000,5011000,6990000,0,777,4421000,Notcharging,1200000000
1784646105.061348420,1413.26,57100,57900,60300,60300,59200,58000,57600,58400,57600,57700,57400,60100,62100,60100,60800,62000,60800,60800,59700,54600,55800,55800,55400,61000,55400,54600,52700,53500,53900,55000,71000,75300,72600,74100,62100,75700,74500,69900,71800,72200,71400,72600,70600,61200,57400,56100,55400,58500,53100,53100,53500,37000,0,0,37000,39241,56800,95000,0,37446,37000,33000,50914,95000,34704,0,36014,56400,33465,0,43238,0,46890,0,36151,39952,0,45589,56400,0,37266,0,39473,43626,46772,49796,50199,58603,49291,61100,46905,47039,46266,33000,3100,-273000,-273000,-273000,94520,894,2818408,102049,0,0,0,0,0,0,0,0,0,0,0,0,0,0,0,0,396,8345,119816,275,94520,894,2818408,102049,15475008,816564,8794724,12.80,0.00,0.00,425422,125823,3170804,107660,,,,384000,384000,384000,384000,384000,384000,883200,883200,0,,,,,,0,,585314,1002294,777,4929,370,1,494000,5016000,6990000,0,777,4421000,Notcharging,1200000000
1784646105.533348107,1413.74,57100,57900,60300,60300,59200,58400,57600,58400,57600,57700,57400,59700,61700,60500,61200,62000,60800,60800,59300,54600,55800,55800,55400,60600,55000,54600,53100,53500,53900,55000,72200,76400,72600,74900,61700,76800,74500,72200,73700,72600,71000,72200,71000,61200,57400,55700,55400,58900,53100,52700,53500,37000,0,0,37000,39280,56800,95000,0,37446,37000,33000,51049,95000,34704,0,36014,56400,33459,0,43313,0,47007,0,36169,39979,0,45690,56800,0,37275,0,39492,43690,46904,49896,50300,58368,49191,61100,47341,46905,46098,33000,3100,-273000,-273000,-273000,94520,894,2818408,102049,0,0,0,0,0,0,0,0,0,0,0,0,0,0,0,0,396,8345,119816,275,94520,894,2818408,102049,15475008,813544,8791708,12.80,0.00,0.00,425422,125823,3170804,107660,,,,384000,384000,384000,384000,384000,384000,883200,883200,0,,,,,,0,,594871,1002405,777,4929,370,1,500000,4929000,6986000,0,803,4414000,Notcharging,1200000000
1784646105.997615607,1414.20,57100,57900,60300,60000,59600,58800,58000,58400,57600,58100,57400,60100,61700,60500,61200,62000,60800,60500,59700,55000,55800,55800,55400,61400,55400,54600,53100,53500,53900,55000,72200,75700,72200,74500,62100,76000,73700,71400,72900,72200,71000,72200,71000,61200,57700,56100,55800,59300,53500,53100,53900,37000,0,0,37000,39319,56800,95000,0,37446,37000,33000,51178,95000,34704,0,36014,56800,33494,0,43353,0,47074,0,36143,40044,0,45794,56800,0,37283,0,39518,43771,46963,49728,50199,58569,49560,61100,47409,47073,46198,33000,3100,-273000,-273000,-273000,94520,894,2818408,102049,0,0,0,0,0,0,0,0,0,0,0,0,0,0,0,0,396,8345,119816,275,94520,894,2818408,102049,15475008,812312,8790476,12.80,0.00,0.00,425422,125823,3170804,107660,,,,384000,384000,384000,384000,384000,384000,883200,883200,0,,,,,,0,,594871,1002405,777,4929,370,1,494000,4932000,6986000,0,803,4414000,Notcharging,1200000000
1784646106.472866128,1414.68,57100,57900,60000,60300,59200,58400,58000,58400,57600,58100,57400,60100,61700,60800,61200,61600,60800,60800,59700,55000,56200,55800,55800,61400,55400,54600,53100,53500,53900,55000,70200,74100,71400,72900,62100,74100,73300,69900,71800,71800,71000,71800,70600,61200,57700,56100,55800,58900,53100,53100,53900,37000,0,0,37000,39356,56800,95000,0,37446,37000,33000,51260,95000,34704,0,36014,56400,33486,0,43426,0,47148,0,36172,40044,0,45854,56400,0,37286,0,39554,43818,47060,49829,50367,58737,49392,61500,47442,47510,46098,33000,3100,-273000,-273000,-273000,94520,894,2818408,102049,0,0,0,0,0,0,0,0,0,0,0,0,0,0,0,0,396,8345,119816,275,94520,894,2818408,102049,15475008,813932,8792100,12.80,0.00,0.00,425422,125823,3170804,107660,,,,384000,384000,384000,384000,384000,384000,883200,883200,0,,,,,,0,,590128,1001740,777,4929,370,1,494000,4932000,6986000,0,803,4414000,Notcharging,1200000000
1784646106.944204305,1415.15,57500,57900,60000,60300,60000,58800,58400,58800,58000,58100,57700,60100,62100,60800,61200,62400,61200,61200,60100,55000,55800,55800,55800,61000,55400,55000,52700,53500,54300,55400,70200,74100,71800,72600,62100,74100,73300,69500,70600,71800,70600,71800,70200,61600,57700,56400,55800,58900,53100,53100,53900,37000,0,0,37000,39395,56800,95000,0,38129,37000,33000,51330,95000,34559,0,36014,56800,33504,0,43485,0,47279,0,36210,40115,0,45951,56800,0,37337,0,39557,43913,47118,49964,50502,58402,49325,61500,47341,47610,46132,33000,3100,-273000,-273000,-273000,94522,894,2818456,102050,0,0,0,0,0,0,0,0,0,0,0,0,0,0,0,0,396,8345,119816,275,94522,894,2818456,102050,15475008,812168,8790340,12.84,0.00,0.00,425422,125823,3170828,107660,,,,384000,384000,384000,384000,384000,384000,883200,883200,0,,,,,,0,,0,0,777,4929,370,1,497000,4929000,6986000,0,803,4414000,Notcharging,1200000000
1784646107.426124513,1415.63,57100,57900,60300,60300,59600,58400,58000,58400,57600,58100,57400,60100,62100,60800,61200,62400,60800,60800,60100,54600,56200,55800,55800,61000,55400,55000,53100,53900,54300,55800,73700,77600,74100,76400,62500,78000,75700,72900,74500,73700,71800,72900,71800,61200,57400,56100,56200,58900,53500,53100,53500,37000,0,0,37000,39426,56800,95000,0,38129,37000,33000,51400,95000,34559,0,36014,56800,33521,0,43539,0,47361,0,36166,40182,0,46035,56400,0,37289,0,39607,43977,47232,50132,50468,59074,49627,61500,47476,47879,45762,33000,3100,-273000,-273000,-273000,94522,894,2818456,102050,0,0,0,0,0,0,0,0,0,0,0,0,0,0,0,0,396,8345,119816,275,94522,894,2818456,102050,15475008,815068,8793240,12.84,0.00,0.00,425422,125823,3170828,107660,,,,384000,384000,384000,384000,384000,384000,883200,883200,0,,,,,,0,,580900,1001936,777,4929,370,1,497000,4928000,6986000,0,803,4414000,Notcharging,1200000000
1784646107.897651544,1416.10,57100,57900,60000,60300,60000,58400,58000,58800,57600,58100,57400,60500,61700,60800,61200,62000,61200,60800,60100,55000,56200,56200,55400,61000,55400,54600,53100,53900,53900,55400,70200,73300,71000,72900,62100,74100,72200,69500,71800,71000,70200,71000,70200,61600,57700,56100,55800,58900,53500,53500,53500,37000,0,0,37000,39470,56800,95000,0,38129,37000,33000,51518,95000,34559,0,36014,56400,33531,0,43614,0,47499,0,36191,40190,0,46137,56400,0,37317,0,39657,44045,47321,49964,50737,58603,49560,61100,47442,47577,45728,33000,3100,-273000,-273000,-273000,94526,894,2818608,102052,0,0,0,0,0,0,0,0,0,0,0,0,0,0,0,0,396,8345,119816,275,94526,894,2818608,102052,15475008,813140,8791312,12.84,0.00,0.00,425422,125823,3170904,107660,,,,384000,384000,384000,384000,384000,384000,883200,883200,0,,,,,,0,,580900,1001936,777,4929,370,1,128000,4929000,6986000,0,803,4414000,Notcharging,1200000000
1784646108.375988887,1416.58,57100,58300,60000,60300,59600,58400,58400,58800,58000,58500,57700,60500,61700,60500,61200,62000,61200,61200,60100,55000,56200,56200,55800,61400,55400,55000,53100,53900,54300,55400,69900,73300,71800,72200,62100,73700,73300,69100,70200,71800,71000,72200,69900,61600,58100,56100,55400,58900,53500,53100,53900,37000,0,0,37000,39506,57200,95000,0,38129,37000,33000,51557,95000,34559,0,36014,56400,33548,0,43678,0,47539,0,36182,40254,0,46214,56800,0,37302,0,39686,44134,47351,49997,50636,58939,49493,61900,47610,48014,45694,33000,3100,-273000,-273000,-273000,94526,894,2818608,102052,0,0,0,0,0,0,0,0,0,0,0,0,0,0,0,0,396,8345,119816,275,94526,894,2818608,102052,15475008,815584,8793712,12.84,0.00,0.00,425422,125823,3170904,107660,,,,384000,384000,384000,384000,384000,384000,883200,883200,0,,,,,,0,,577993,1002290,777,4929,370,1,494000,5016000,6986000,0,803,4414000,Notcharging,1200000000
1784646108.840560085,1417.04,57900,58300,60000,60300,59600,58800,58000,58800,58400,58500,57700,60100,62100,60500,61200,62000,61200,60800,60100,55400,56200,56200,55800,61400,55400,55000,53100,53900,54300,55400,71800,75700,72600,74500,62500,76400,73700,71800,73300,72200,71000,72200,71000,61600,57700,56400,55800,59300,53500,53500,53900,37000,0,0,37000,39551,57200,95000,0,38129,37000,33000,51635,95000,34559,0,36014,56800,33539,0,43732,0,47626,0,36188,40288,0,46298,57200,0,37331,0,39722,44201,47464,50468,50838,59511,49560,61500,47812,47678,45560,33000,3100,-273000,-273000,-273000,94526,894,2818608,102052,0,0,0,0,0,0,0,0,0,0,0,0,0,0,0,0,396,8345,119816,275,94526,894,2818608,102052,15475008,813148,8791260,12.87,0.00,0.00,425422,125823,3170904,107660,,,,384000,384000,384000,384000,384000,384000,883200,883200,0,,,,,,0,,577993,1002290,777,4929,370,1,494000,4933000,6986000,0,803,4414000,Notcharging,1200000000
1784646109.303449720,1417.51,57500,58300,60300,60700,59600,58800,58400,59200,58000,58500,57700,60500,62100,60800,61200,62000,61200,60800,60500,55000,56200,56600,56200,61400,55400,55000,53100,53900,54300,55800,71400,75300,72200,74100,62100,75700,73700,70600,72600,72200,71400,72600,71000,62000,58100,56400,55800,59300,53900,53100,54300,37000,0,0,37000,39590,57200,95000,0,38129,37000,33000,51678,95000,34559,0,36014,56800,33563,0,43793,0,47669,0,36194,40328,0,46347,57200,0,37316,0,39755,44278,47518,50468,50905,59410,49728,61900,47745,48182,45694,33000,3100,-273000,-273000,-273000,94526,894,2818608,102052,0,0,0,0,0,0,0,0,0,0,0,0,0,0,0,0,396,8345,119816,275,94526,894,2818608,102052,15475008,811920,8790036,12.87,0.00,0.00,425422,125823,3170904,107660,,,,384000,384000,384000,384000,384000,384000,883200,883200,0,,,,,,0,,584121,1002601,777,4929,380,1,491000,4928000,6986000,0,803,4414000,Notcharging,1200000000
1784646110.572118366,1418.77,57500,58300,60300,60700,59600,58800,58000,58800,58000,58500,57700,60100,61700,60800,61200,62400,61200,60800,60100,55000,56200,56200,55800,61400,55400,55000,53100,53900,54300,55800,71400,74500,71000,73700,62100,74500,72900,70600,71800,71400,70200,71400,70200,61600,57700,56400,56200,59300,53500,53500,53900,37000,0,0,37000,39676,57200,95000,0,38129,37000,33000,51847,95000,34559,0,36014,56800,33575,0,43942,0,47880,0,36166,40416,0,46572,57200,0,37360,0,39834,44439,47718,50703,51107,58973,49896,61500,47913,48014,45392,33000,3100,-273000,-273000,-273000,94526,894,2818608,102052,0,0,0,0,0,0,0,0,0,0,0,0,0,0,0,0,396,8345,119816,275,94526,894,2818608,102052,15475008,812112,8790256,13.43,0.00,0.00,425422,125823,3170904,107660,,,,384000,384000,384000,384000,384000,384000,883200,883200,0,,,,,,0,,572624,1001943,777,4929,380,1,503000,4931000,6986000,0,803,4414000,Notcharging,1200000000
1784646111.049180918,1419.25,57500,58300,60700,60700,59600,58800,58400,58800,58400,58900,57700,60500,62100,60800,61200,62000,61200,61200,60500,55000,56600,56200,56200,61400,55400,55000,53500,53900,53900,55400,73700,77600,73700,76800,62500,78000,75300,72900,74900,73700,71800,73300,72200,61600,58100,56400,56600,59700,53500,53500,53900,37000,0,0,37000,39731,57200,95000,0,38129,37000,33100,51890,95000,34559,0,36014,56800,33579,0,44009,0,47985,0,36169,40473,0,46645,56800,0,37357,0,39872,44479,47791,50770,51140,59578,49829,61900,48014,48317,45257,33100,3100,-273000,-273000,-273000,94526,894,2818608,102052,0,0,0,0,0,0,0,0,0,0,0,0,0,0,0,0,396,8345,119816,275,94526,894,2818608,102052,15475008,810852,8788996,13.43,0.00,0.00,425422,125823,3170904,107660,,,,384000,384000,384000,384000,384000,384000,883200,883200,0,,,,,,0,,572624,1001943,777,4929,380,1,494000,4929000,6984000,0,773,4414000,Notcharging,1200000000
1784646111.512277220,1419.71,57500,58300,60300,60700,60000,59200,58400,59200,58400,58500,58100,60800,62100,60800,61600,62400,61600,61200,60500,55800,56600,56600,56200,61400,55800,55400,53500,54300,54600,55800,73300,77200,73300,76000,62500,78000,74900,72600,74500,73700,71400,72900,71400,61600,58100,56800,56200,59700,53900,53500,54300,37000,0,0,37000,39764,57600,95000,0,38129,37000,33100,51994,95000,34559,0,36014,57200,33587,0,44041,0,48007,0,36213,40510,0,46738,57200,0,37357,0,39934,44581,47850,50535,51073,59275,49392,61900,47947,47947,45257,33100,3100,-273000,-273000,-273000,94530,894,2818688,102054,0,0,0,0,0,0,0,0,0,0,0,0,0,0,0,0,396,8345,119816,275,94530,894,2818688,102054,15475008,812420,8790564,13.43,0.00,0.00,425422,125823,3170944,107660,,,,384000,384000,384000,384000,384000,384000,883200,883200,0,,,,,,0,,578002,1002232,777,4929,380,1,116000,4927000,6984000,0,773,4414000,Notcharging,1200000000
1784646111.976126594,1420.18,57900,58300,60300,61100,60300,58800,58400,59200,58400,58900,57700,60800,62500,61200,61600,62800,61600,61200,60500,55400,57000,56200,56600,61400,55800,55400,53500,54300,54600,55800,73700,77600,73700,76400,62900,78000,75700,72900,74500,73700,71800,73300,72200,62000,58500,56800,56200,59700,54300,53500,54300,37000,0,0,37000,39798,57600,95000,0,38525,37000,33100,52050,95000,34559,0,36366,57200,33614,0,44092,0,48065,0,36194,40564,0,46752,57200,0,37293,0,39958,44633,47907,50871,51308,59107,50300,61900,48148,48317,45224,33100,3100,-273000,-273000,-273000,94530,894,2818688,102054,0,0,0,0,0,0,0,0,0,0,0,0,0,0,0,0,396,8345,119816,275,94530,894,2818688,102054,15475008,810552,8788736,13.43,0.00,0.00,425422,125823,3170944,107660,,,,384000,384000,384000,384000,384000,384000,883200,883200,0,,,,,,0,,0,0,777,4929,380,1,162000,4927000,6984000,0,773,4414000,Notcharging,1200000000
1784646112.449590969,1420.65,57900,58300,60700,60700,60000,59200,58400,59200,58400,58900,58500,60500,62500,60800,61200,62000,61200,61200,60500,55400,56200,56600,56600,61700,55800,55000,53500,54300,54300,55800,74100,78000,74100,76800,62900,78400,75700,73700,74900,74100,72200,73300,71800,61200,58100,56800,56600,59300,53500,53500,54300,37000,0,0,37000,39834,57600,95000,0,38525,37000,33100,52110,95000,34559,0,36366,57200,33619,0,44118,0,48153,0,36169,40564,0,46846,57200,0,37339,0,39968,44666,47970,50669,51443,59410,50266,61500,48148,48451,45224,33100,3100,-273000,-273000,-273000,94530,894,2818688,102054,0,0,0,0,0,0,0,0,0,0,0,0,0,0,0,0,396,8345,119816,275,94530,894,2818688,102054,15475008,809324,8787492,13.43,0.00,0.00,425422,125823,3170944,107660,,,,384000,384000,384000,384000,384000,384000,883200,883200,0,,,,,,0,,584312,1002546,777,4929,380,1,494000,4932000,6984000,0,773,4414000,Notcharging,1200000000
1784646112.918996490,1421.12,57900,59000,60700,60700,60000,59600,59200,59600,58400,58900,58100,60800,62900,61200,62000,62400,61600,61600,60800,55800,57000,56600,56200,61700,55800,55400,53500,54300,54600,55800,72900,76400,72900,75700,62500,77200,74900,72200,73700,72900,71800,72900,71800,62000,58100,56800,56600,59700,53900,53500,54300,37000,0,0,37000,39877,57600,95000,0,38525,37000,33100,52191,95000,34559,0,36366,57600,33619,0,44175,0,48213,0,36236,40610,0,46902,57600,0,37351,0,40033,44768,48056,50804,51308,59611,50031,61900,48249,48955,44989,33100,3100,-273000,-273000,-273000,94536,894,2818776,102059,0,0,0,0,0,0,0,0,0,0,0,0,0,0,0,0,396,8345,119816,275,94536,894,2818776,102059,15475008,808324,8786492,13.72,0.00,0.00,425422,125823,3170988,107660,,,,384000,384000,384000,384000,384000,384000,883200,883200,0,,,,,,0,,584312,1002546,777,4929,380,1,162000,5011000,6984000,0,773,4414000,Notcharging,1200000000
1784646113.407244146,1421.61,57900,59000,60700,60700,60000,59200,58800,59600,58800,58900,58500,61200,62500,61200,62000,63200,62000,61600,60500,55800,56600,57000,56200,61700,56200,55400,53500,54300,55000,56200,73300,77200,74500,75700,62900,77200,75700,71800,73300,73700,72200,73700,71800,62400,58500,56400,56600,59700,53900,53900,54300,37000,0,0,37000,39894,57600,95000,0,38525,37000,33100,52235,95000,34559,0,36366,57200,33649,0,44215,0,48263,0,36216,40654,0,46981,57600,0,37351,0,40026,44840,48097,50905,51645,59679,49829,61900,48182,48585,44888,33100,3100,-273000,-273000,-273000,94536,894,2818776,102059,0,0,0,0,0,0,0,0,0,0,0,0,0,0,0,0,396,8345,119816,275,94536,894,2818776,102059,15475008,806772,8784940,13.72,0.00,0.00,425422,125823,3170988,107660,,,,384000,384000,384000,384000,384000,384000,883200,883200,0,,,,,,0,,589739,1002305,777,4929,380,1,494000,5009000,6984000,0,773,4414000,Notcharging,1200000000
1784646113.873599823,1422.08,58300,59400,61100,61100,60000,59600,59200,59600,58400,58900,58500,60800,62900,61200,62000,63600,62000,61600,60500,55400,56600,56600,56200,62100,56600,56200,53900,54600,54600,56200,74100,77600,73700,76000,62900,78000,75300,73300,74900,73300,72200,73300,72200,62400,58500,56800,56600,59700,53900,53900,54300,37000,0,0,37000,39936,58000,95000,0,38525,37000,33100,52326,95000,34559,0,36366,57600,33638,0,44288,0,48355,0,36166,40700,0,47019,57600,0,37364,0,40115,44851,48149,51409,51476,59914,49930,62300,48148,48518,44989,33100,3100,-273000,-273000,-273000,94536,894,2818776,102059,0,0,0,0,0,0,0,0,0,0,0,0,0,0,0,0,396,8345,119816,275,94536,894,2818776,102059,15475008,812864,8791036,13.72,0.00,0.00,425422,125823,3170988,107660,,,,384000,384000,384000,384000,384000,384000,883200,883200,0,,,,,,0,,589739,1002305,777,4929,380,1,491000,5002000,6984000,0,773,4414000,Notcharging,1200000000
1784646114.362233468,1422.56,58300,59000,60700,60700,60300,59600,58800,59600,58800,58500,58500,60800,62500,61200,62400,62800,61600,61600,60800,55800,56600,57400,56600,61700,55800,55800,53900,54300,54600,56200,74900,78700,74900,77600,63300,79100,76400,74100,75700,74500,72900,73700,72600,62400,58500,56800,56600,60100,54300,53900,54600,37000,0,0,37000,39969,58000,95000,0,38525,37000,33100,52374,95000,34559,0,36366,57200,33641,0,44311,0,48394,0,36188,40735,0,47048,57600,0,37390,0,40124,44912,48226,51107,51645,59981,50266,62300,48350,49056,44854,33100,3100,-273000,-273000,-273000,94536,894,2818776,102059,0,0,0,0,0,0,0,0,0,0,0,0,0,0,0,0,396,8345,119816,275,94536,894,2818776,102059,15475008,822672,8800848,13.72,0.00,0.00,425422,125823,3170988,107660,,,,384000,384000,384000,384000,384000,384000,883200,883200,0,,,,,,0,,589739,1002305,777,4929,380,1,487000,4932000,6984000,0,773,4414000,Notcharging,1200000000
1784646114.827219093,1423.03,58300,59000,61100,61100,60300,59200,58800,59600,58800,59300,58100,60800,62500,61600,62000,62800,62000,61600,60800,55800,57000,56600,56600,61700,56200,55800,53900,54300,55000,56200,69500,72600,71400,71400,62900,73300,72900,68300,69900,71400,71400,72200,70600,62000,58500,57200,57000,60100,54300,53900,55000,37000,0,0,37000,40005,58000,95000,0,38525,37000,33100,52476,95000,34559,0,36366,57200,33673,0,44351,0,48460,0,36248,40754,0,47131,57600,0,37400,0,40176,44945,48268,51039,51645,59981,50502,62300,48417,48552,44820,33100,3100,-273000,-273000,-273000,94536,894,2818776,102059,0,0,0,0,0,0,0,0,0,0,0,0,0,0,0,0,396,8345,119816,275,94536,894,2818776,102059,15475008,822012,8800196,13.58,0.00,0.00,425422,125823,3170988,107660,,,,384000,384000,384000,384000,384000,384000,883200,883200,0,,,,,,0,,558507,1002263,777,4929,380,1,491000,4932000,6984000,0,773,4414000,Notcharging,1200000000
1784646116.118506801,1424.32,58300,59000,60700,61100,60000,59200,58800,59600,58800,58900,58500,61200,62900,61600,62000,63200,62000,62000,61200,55800,57000,56600,57000,61700,56600,55800,53900,54600,55000,56200,72900,76400,72900,75700,63300,77200,74900,72200,74100,72900,71800,72900,71800,62000,58500,56800,57000,59700,54300,53900,54600,37000,0,0,37000,40097,57600,95000,0,38525,37000,33200,52540,95000,34559,0,36366,57600,33705,0,44509,0,48601,0,36210,40867,0,47296,58000,0,37369,0,40258,45106,48425,51107,51812,59914,50400,62300,48720,48888,44585,33200,3100,-273000,-273000,-273000,94536,894,2818776,102059,0,0,0,0,0,0,0,0,0,0,0,0,0,0,0,0,396,8345,119816,275,94536,894,2818776,102059,15475008,813128,8791380,13.58,0.00,0.00,425422,125823,3170988,107660,,,,384000,384000,384000,384000,384000,384000,883200,883200,0,,,,,,0,,558507,1002263,777,4929,380,1,944000,4983000,6982000,0,748,4410000,Notcharging,1200000000
1784646116.588835447,1424.79,58300,58700,60700,61100,60000,59200,58800,59600,58800,59300,58500,61200,62500,61200,61600,62400,61600,61600,60800,55800,57000,56600,56600,62100,56200,55400,53900,54600,55000,56200,74500,78000,74100,77200,62900,78700,76000,73300,74900,74500,72600,73700,72600,62400,58500,57200,56600,59700,54300,54300,55000,37000,0,0,37000,40134,58000,95000,0,38525,37000,33200,52585,95000,34559,0,36366,57600,33691,0,44531,0,48669,0,36228,40901,0,47361,57600,0,37363,0,40298,45168,48465,51207,52014,60015,50434,62300,48552,49325,44585,33200,3100,-273000,-273000,-273000,94536,894,2818776,102059,0,0,0,0,0,0,0,0,0,0,0,0,0,0,0,0,396,8345,119816,275,94536,894,2818776,102059,15475008,818576,8796828,14.02,0.00,0.00,425422,125823,3170988,107660,,,,384000,384000,384000,384000,384000,384000,883200,883200,0,,,,,,0,,580014,1001765,777,4929,380,1,106000,5022000,6982000,0,748,4410000,Notcharging,1200000000
1784646117.063802895,1425.27,58300,59000,61100,61500,60300,59600,58800,60000,59200,58900,58500,60800,63300,61600,62000,62800,61600,61600,60800,56200,57000,57000,56600,62100,56600,55800,53900,54600,55000,56200,71400,75300,72900,73700,62900,75300,74500,70200,71800,72600,72200,73300,71400,62400,58500,57200,57000,60500,54600,53900,54600,37000,0,0,37000,40168,58000,95000,0,38843,37000,33200,52682,95000,34789,0,36746,57600,33744,0,44585,0,48721,0,36148,40924,0,47393,58000,0,37355,0,40355,45220,48520,51241,51880,60251,50703,62700,48552,49257,44518,33200,3100,-273000,-273000,-273000,94536,894,2818776,102059,0,0,0,0,0,0,0,0,0,0,0,0,0,0,0,0,396,8345,119816,275,94536,894,2818776,102059,15475008,815804,8794056,14.02,0.00,0.00,425422,125823,3170988,107660,,,,384000,384000,384000,384000,384000,384000,883200,883200,0,,,,,,0,,0,0,777,4929,380,1,131000,5015000,6982000,0,748,4410000,Notcharging,1200000000
1784646117.535910811,1425.74,58300,58700,61100,61500,60300,59600,59200,60000,58800,58900,58900,60800,62900,61600,62000,63600,62000,62000,60800,55800,57000,57000,56600,61700,56600,56200,53900,54600,55000,56200,72900,76400,72900,75700,63300,76800,74900,72200,73700,72900,72200,72900,71800,62400,58900,57200,56600,60100,54300,54300,54600,37000,0,0,37000,40203,58000,95000,0,38843,37000,33200,52722,95000,34789,0,36746,57600,33744,0,44625,0,48789,0,36210,40951,0,47455,58000,0,37349,0,40379,45246,48568,51376,51981,60419,50770,62700,48720,48854,44451,33200,3100,-273000,-273000,-273000,94536,894,2818776,102059,0,0,0,0,0,0,0,0,0,0,0,0,0,0,0,0,396,8345,119816,275,94536,894,2818776,102059,15475008,819672,8797896,14.02,0.00,0.00,425422,125823,3170988,107660,,,,384000,384000,384000,384000,384000,384000,883200,883200,0,,,,,,0,,589257,1002538,777,4929,380,1,1494000,4671000,6982000,0,748,4410000,Notcharging,1200000000
1784646117.998234092,1426.20,58300,59000,61500,61500,60700,60000,59200,60300,59200,59300,58900,61200,62900,61600,62000,63200,62400,62400,61200,56200,57400,57400,57000,62100,56200,55800,54300,54600,55000,56600,69900,73700,71800,72600,63300,73700,73700,69500,70600,72200,71400,72600,71400,62400,58500,57600,57000,60100,54300,54300,54600,37000,0,0,37000,40233,58400,95000,0,38843,37000,33200,52802,95000,34789,0,36746,58000,33774,0,44647,0,48825,0,36213,40992,0,47505,58400,0,37376,0,40398,45300,48635,51376,52048,60251,50871,62700,48753,49123,44316,33200,3200,-273000,-273000,-273000,94539,894,2818832,102061,0,0,0,0,0,0,0,0,0,0,0,0,0,0,0,0,396,8345,119816,275,94539,894,2818832,102061,15475008,825284,8803492,14.02,0.00,0.00,425422,125823,3171016,107660,,,,384000,384000,384000,384000,384000,384000,883200,883200,0,,,,,,0,,589257,1002538,777,4929,380,1,1491000,4670000,6982000,0,748,4410000,Notcharging,1200000000
1784646118.485506540,1426.69,58300,59400,61100,61500,60700,59600,59200,60000,59200,59300,58500,61200,63300,61600,62800,63600,62400,62000,61200,55800,57400,57700,57000,62500,56600,56200,54300,54600,55000,56600,74100,77600,74100,76800,63300,78000,75700,73300,74900,74100,72900,73700,72600,62800,59300,57600,57000,60800,54600,54600,55000,37000,0,0,37000,40274,58000,95000,0,38843,37000,33200,52913,95000,34789,0,36746,58000,33788,0,44690,0,48885,0,36191,41020,0,47596,58400,0,37379,0,40453,45355,48681,51779,51981,60723,50434,62700,48720,49224,43879,33200,3200,-273000,-273000,-273000,94539,894,2818832,102061,0,0,0,0,0,0,0,0,0,0,0,0,0,0,0,0,396,8345,119816,275,94539,894,2818832,102061,15475008,822776,8800984,14.02,0.00,0.00,425422,125823,3171016,107660,,,,384000,384000,384000,384000,384000,384000,883200,883200,0,,,,,,0,,599478,1002670,777,4929,380,1,1478000,4662000,6982000,0,748,4410000,Notcharging,1200000000
1784646118.948067842,1427.15,58700,59400,61500,61500,60700,60000,59200,60000,59600,59300,58900,61200,63300,62400,62800,63600,62400,62400,61600,56200,57000,57000,57400,62500,56600,55800,54600,55000,55000,56600,72200,75700,73300,74100,63300,76000,74900,70600,72200,73300,72200,73300,71800,62800,58900,57200,57400,60500,54600,54300,55400,37000,0,0,37000,40306,58000,95000,0,38843,37000,33200,52968,95000,34789,0,36746,57600,33752,0,44742,0,48928,0,36194,41064,0,47641,58000,0,37361,0,40500,45422,48730,51611,52081,60049,50737,62300,48955,49526,44148,33200,3100,-273000,-273000,-273000,94539,894,2818832,102061,0,0,0,0,0,0,0,0,0,0,0,0,0,0,0,0,396,8345,119816,275,94539,894,2818832,102061,15475008,819500,8797460,13.84,0.00,0.00,425422,125823,3171016,107660,,,,384000,384000,384000,384000,384000,384000,883200,883200,0,,,,,,0,,599478,1002670,777,4929,380,1,547000,5010000,6982000,0,748,4410000,Notcharging,1200000000
1784646119.430855498,1427.63,58300,59000,61500,61900,60700,60000,59200,60000,59600,59700,58900,61200,63300,62000,62400,62800,62000,62000,61200,56200,57400,57400,57000,62100,56600,55800,53900,55000,55000,56600,75300,79100,75300,78000,63700,79500,76800,74500,76000,75300,73300,74100,73300,62400,58900,57200,57000,60500,54600,54300,55000,37000,0,0,37000,40328,58000,95000,0,38843,37000,33200,52993,95000,34789,0,36746,58000,33752,0,44788,0,48964,0,36188,41096,0,47698,58000,0,37378,0,40519,45435,48795,51779,52384,60487,50938,62700,48753,49392,43980,33200,3200,-273000,-273000,-273000,94539,894,2818832,102061,0,0,0,0,0,0,0,0,0,0,0,0,0,0,0,0,396,8345,119816,275,94539,894,2818832,102061,15475008,820824,8799040,13.84,0.00,0.00,425422,125823,3171016,107660,,,,384000,384000,384000,384000,384000,384000,883200,883200,0,,,,,,0,,589025,1002083,777,4929,380,1,1487000,5013000,6982000,0,748,4410000,Notcharging,1200000000
1784646119.900478154,1428.10,58700,59400,61500,61500,60300,59600,59200,60000,59200,59700,58900,61200,63300,62000,62800,63600,62400,62400,61200,56200,57400,57400,57400,62500,56600,56200,54300,55000,55400,56600,70600,74500,72600,72900,63700,74500,74100,69900,71400,72200,71400,72600,71000,62400,58900,57600,57400,60500,54600,54300,55000,37000,0,0,37000,40360,58400,95000,0,38843,37000,33200,53061,95000,34789,0,36746,58000,33785,0,44866,0,49036,0,36225,41141,0,47756,58000,0,37402,0,40561,45483,48840,51510,52317,60049,50804,62700,48922,49829,43913,33200,3100,-273000,-273000,-273000,94539,894,2818832,102061,0,0,0,0,0,0,0,0,0,0,0,0,0,0,0,0,396,8345,119816,275,94539,894,2818832,102061,15475008,818300,8796520,13.84,0.00,0.00,425422,125823,3171016,107660,,,,691200,691200,691200,691200,691200,691200,883200,883200,0,,,,,,0,,589025,1002083,777,4929,380,1,1491000,4665000,6982000,0,748,4410000,Notcharging,1200000000
1784646120.314747633,1428.52,58300,59400,61500,61500,60700,60000,59200,60000,59200,60100,59300,61600,63700,62400,62800,63600,62800,62800,61600,56200,57400,57400,57400,62500,56600,56200,54300,55000,55400,57000,75700,79100,75300,78000,63700,79900,77200,74900,76400,75300,73300,74900,73300,62800,59300,57600,57400,60800,55000,54600,55000,37000,0,0,37000,40397,58400,95000,0,38843,37000,33200,53127,95000,34789,0,36746,58400,33782,0,44895,0,49104,0,36200,41173,0,47826,58400,0,37398,0,40567,45547,48880,51812,52317,60520,51107,63100,48787,49762,44013,33200,3100,-273000,-273000,-273000,94539,894,2818832,102061,0,0,0,0,0,0,0,0,0,0,0,0,0,0,0,0,396,8345,119816,275,94539,894,2818832,102061,15475008,816812,8795032,13.84,0.00,0.00,425422,125828,3171016,107665,,,,384000,384000,384000,384000,384000,384000,883200,883200,0,,,,,,0,,592263,1001820,777,4929,380,1,162000,4958000,6980000,0,480,4432000,Notcharging,1200000000
1784646121.617966434,1429.82,58700,59400,61500,61500,60300,60300,60000,60000,59200,59700,58900,61200,62900,61600,62000,62400,61600,62000,60800,56600,57400,57400,57400,62100,56600,55800,54300,55000,55400,56600,72600,76000,72200,74500,63300,76000,74100,72200,73700,72600,71800,72200,71000,62800,58900,57600,57400,60500,54600,54600,55000,37000,0,0,37000,40476,58400,95000,0,38843,37000,33400,53211,95000,34789,0,36746,58000,33856,0,44960,0,49226,0,36188,41245,0,47927,58400,0,37382,0,40681,45685,49002,51947,52519,60385,50938,62700,49090,49863,43745,33400,3200,-273000,-273000,-273000,94539,894,2818832,102061,0,0,0,0,0,0,0,0,0,0,0,0,0,0,0,0,396,8345,119816,275,94539,894,2818832,102061,15475008,825168,8803408,13.87,0.00,0.00,425422,125828,3171016,107665,,,,384000,384000,384000,384000,384000,384000,883200,883200,0,,,,,,0,,567704,1002486,777,4929,380,1,1450000,4667000,6980000,0,480,4432000,Notcharging,1200000000
1784646122.071248101,1430.27,59800,60200,61900,61900,61900,60700,60000,61100,61100,59700,59300,61200,62900,62000,62400,63200,62000,62000,60800,56600,57700,57000,57000,62500,56600,55800,54300,54600,55400,57000,68300,71800,69900,69900,63300,71800,71000,67500,69100,69900,69500,70200,69100,62400,58900,58400,57000,60100,54600,54600,55000,37000,0,0,37000,40513,59200,95000,0,39216,37000,33400,53255,95000,35054,0,37204,59200,33853,0,44993,0,49256,0,36210,41287,0,47992,59200,0,37402,0,40724,45688,49046,51947,52687,59611,51207,63100,48922,50132,43947,33400,3200,-273000,-273000,-273000,94547,894,2824816,102121,0,0,0,0,0,0,0,0,0,0,0,0,0,0,0,0,396,8345,119816,275,94549,894,2824832,102122,15475008,769284,8781084,13.87,0.00,0.00,425422,126301,3174020,108047,,,,1324800,1324800,1324800,1324800,1324800,1324800,883200,883200,0,,,,,,0,,567704,1002486,777,4929,380,1,1491000,4846000,6980000,0,480,4432000,Notcharging,726000000
1784646122.384671330,1430.59,57900,58300,60000,59600,59200,58800,58400,58800,58400,58900,58500,60100,60600,60500,60500,61200,60800,60500,59700,56200,57400,56200,56200,60200,55400,55400,53900,54300,54300,55800,65200,67200,65600,65600,61000,66800,66800,64500,65600,65600,65200,66000,65200,60800,58500,56800,56600,59300,54600,54300,55000,37000,0,0,37000,40531,58000,95000,0,39216,37000,33400,53388,95000,35054,0,37204,56800,33881,0,45026,0,49281,0,36228,41304,0,48027,57600,0,37402,0,40745,45752,49070,51812,52585,58704,50938,60300,48989,50031,43778,33400,3200,-273000,-273000,-273000,94607,894,2859600,102309,0,0,0,0,0,0,0,0,0,0,0,0,0,0,0,0,396,8345,119816,275,94720,894,2861112,102454,15475008,744460,8776076,13.87,0.00,0.00,425422,126330,3192160,108057,,,,883200,883200,883200,883200,883200,883200,883200,883200,0,,,,,,0,,567704,1002486,777,4929,380,1,766000,4706000,6980000,0,480,4432000,Notcharging,726000000
1784646122.804474767,1431.01,56700,57100,58400,58000,58400,57600,57200,57600,57200,56600,57000,57700,59000,58100,58100,58900,58900,58100,57700,54600,55400,55800,55400,58700,55400,55000,53500,53900,54300,55400,64100,66400,64500,64800,59000,66000,65200,63300,64100,64500,63300,64500,63700,58900,56600,56100,55400,57700,53100,53100,54300,37000,0,0,37000,40570,56400,95000,0,39216,37000,33400,53219,95000,35054,0,37204,56400,33862,0,45117,0,49315,0,36242,41335,0,48058,56400,0,37402,0,40761,45778,49102,51611,52350,57964,50871,59200,48989,50031,43846,33400,3200,-273000,-273000,-273000,94920,894,2866344,102472,0,0,0,0,0,0,0,0,0,0,0,0,0,0,0,0,396,8345,119816,275,94920,894,2866344,102472,15475008,743588,8761732,14.25,0.00,0.00,425422,126756,3194772,108472,,,,787200,787200,787200,787200,787200,787200,883200,883200,0,,,,,,0,,679554,1001018,777,4929,380,1,1175000,4883000,6980000,0,480,4432000,Notcharging,726000000
1784646123.178260236,1431.38,56000,56000,57200,57200,57200,56400,56400,56800,56100,56600,56200,57400,57900,57700,58100,58500,57700,57700,57400,54600,55400,54600,54600,57900,54300,53900,52700,53100,53500,54300,62500,64500,62900,63300,57900,64100,63700,61700,62900,62500,62100,62500,62100,58500,56200,54900,55000,56600,53100,53100,53500,37000,0,0,37000,40600,56100,95000,0,39216,37000,33400,53024,95000,35054,0,37204,55300,33881,0,45168,0,49327,0,36245,41353,0,48093,55700,0,37443,0,40798,45812,49121,51745,52250,57359,50770,58000,49056,50165,43711,33400,3200,-273000,-273000,-273000,95382,894,2906288,103402,0,0,0,0,0,0,0,0,0,0,0,0,0,0,0,0,396,8345,119816,275,95382,894,2906288,103402,15475008,735804,8758100,14.25,0.00,0.00,425422,126758,3214744,108472,,,,384000,384000,384000,384000,384000,384000,883200,883200,0,,,,,,0,,679554,1001018,777,4929,380,1,1337000,4949000,6980000,0,480,4432000,Notcharging,726000000
1784646123.648620444,1431.85,54400,54800,56100,55700,55300,55300,54900,55300,54500,55000,55000,56200,56300,56600,57000,57000,56600,56600,56200,53100,54300,53500,53500,56300,53500,53100,51900,52700,52300,53100,61000,62500,61000,61400,57100,62100,61700,60200,61000,61000,60600,61400,60600,57000,55400,54100,53900,55800,52300,52300,52300,37000,0,0,37000,40625,54500,95000,0,39216,37000,33400,52622,95000,35054,0,37204,54100,33862,0,45176,0,49274,0,36227,41401,0,48126,54100,0,37384,0,40852,45850,49084,51577,51947,56552,50535,56400,48787,50065,43980,33400,3200,-273000,-273000,-273000,95382,894,2906288,103402,0,0,0,0,0,0,0,0,0,0,0,0,0,0,0,0,396,8345,119816,275,95382,894,2906288,103402,15475008,732176,8754536,14.25,0.00,0.00,425422,126758,3214744,108472,,,,384000,384000,384000,384000,384000,384000,883200,883200,0,,,,,,0,,721312,1001252,777,4929,380,1,550000,4831000,6980000,0,480,4432000,Notcharging,726000000
1784646124.113237788,1432.32,54000,54400,55300,55300,54900,54500,54100,54500,54100,54300,54300,55400,55600,55000,55400,55800,55400,55400,55000,52700,53500,53100,53100,55600,53100,52700,51500,51900,52300,53100,61000,62100,60600,61400,56000,62100,61400,59800,60600,61000,59800,60200,60200,55800,54300,53300,53500,54600,51500,51500,51900,37000,0,0,37000,40649,54100,95000,0,39216,37000,33400,52207,95000,35054,0,37204,53700,33845,0,45203,0,49242,0,36221,41426,0,48117,53700,0,37421,0,40879,45877,49016,51006,51577,55544,50098,55700,48720,50334,43980,33400,3200,-273000,-273000,-273000,95382,894,2906288,103402,0,0,0,0,0,0,0,0,0,0,0,0,0,0,0,0,396,8345,119816,275,95382,894,2906288,103402,15475008,725784,8748112,14.25,0.00,0.00,425422,126758,3214744,108472,,,,384000,384000,384000,384000,384000,384000,883200,883200,0,,,,,,0,,721312,1001252,777,4929,380,1,900000,4821000,6980000,0,480,4432000,Notcharging,726000000
1784646124.577610183,1432.78,53200,53600,54500,54500,53700,53300,53700,53700,53300,53500,53500,54600,54800,54600,54600,55400,55000,54600,54300,52300,53100,52700,52700,55200,52700,52300,51200,51500,51500,51900,58700,60200,59400,59400,55200,60200,60200,57500,58700,59000,59000,59400,59000,55400,53500,52600,52700,54300,51200,51500,51500,37000,0,0,37000,40670,53300,95000,0,39216,37000,33400,51871,95000,35054,0,37204,52900,33867,0,45169,0,49205,0,36284,41457,0,48143,52900,0,37403,0,40891,45914,48957,50838,51409,54905,49997,54900,48451,49728,43980,33400,3200,-273000,-273000,-273000,95382,894,2906288,103402,0,0,0,0,0,0,0,0,0,0,0,0,0,0,0,0,396,8345,119816,275,95382,894,2906288,103402,15475008,725652,8747876,14.02,0.00,0.00,425422,126758,3214744,108472,,,,384000,384000,384000,384000,384000,384000,883200,883200,0,,,,,,0,,714797,1001485,777,4929,380,1,1341000,4708000,6980000,0,480,4432000,Notcharging,726000000
1784646125.047280391,1433.25,52900,53200,54100,54100,53700,53300,52900,53300,52600,53100,53100,53900,54400,54300,54600,54600,54300,54300,53900,51900,52300,51900,52300,54800,52300,51500,50400,51200,51200,51500,59400,60600,59400,59800,54800,60600,60200,57900,58700,59400,58700,59000,58700,55000,53100,52200,52300,53900,51200,51200,51200,37000,0,0,37000,40684,52900,95000,0,39216,37000,33400,51579,95000,35054,0,37204,52600,33890,0,45169,0,49131,0,36284,41460,0,48112,52600,0,37369,0,40921,45924,48874,50703,51140,54804,49594,54500,48350,49728,44114,33400,3200,-273000,-273000,-273000,95382,894,2906288,103402,0,0,0,0,0,0,0,0,0,0,0,0,0,0,0,0,396,8345,119816,275,95382,894,2906288,103402,15475008,727992,8750216,14.02,0.00,0.00,425422,126758,3214744,108472,,,,384000,384000,384000,384000,384000,384000,883200,883200,0,,,,,,0,,714797,1001485,777,4929,380,1,1337000,4937000,6980000,0,480,4432000,Notcharging,726000000
1784646125.503240235,1433.71,52100,52500,53300,53300,52900,52900,52900,52900,52200,52300,52700,53500,54400,53500,53900,54300,53500,53500,53500,51200,51900,51500,51500,54000,51900,51500,50400,51200,51200,51200,58700,60200,58700,59400,54400,60200,59400,57900,58700,58700,58300,58700,58300,54300,52700,51800,51900,53100,50800,50800,50800,37000,0,0,37000,40715,52600,95000,0,39216,37000,33400,51288,95000,35054,0,37204,52200,33922,0,45146,0,49059,0,36195,41482,0,48069,52200,0,37394,0,40962,45937,48775,50502,50938,54435,49392,54500,48249,49560,44282,33400,3200,-273000,-273000,-273000,95382,894,2906288,103402,0,0,0,0,0,0,0,0,0,0,0,0,0,0,0,0,396,8345,119816,275,95382,894,2906288,103402,15475008,727736,8749956,14.02,0.00,0.00,425422,126758,3214744,108472,,,,1113600,1113600,1113600,1113600,1113600,1113600,883200,883200,0,,,,,,0,,709066,1001458,777,4929,390,1,1337000,4941000,6980000,0,480,4432000,Notcharging,726000000
1784646126.506487266,1434.71,52500,52900,54100,53700,53300,53300,53300,53300,52900,52300,52700,53500,54400,53900,53900,54300,53900,53900,53100,50800,51500,51200,51200,54400,51200,50800,50000,50400,50400,51200,59000,60200,59000,59400,54400,60200,59800,57900,58700,59400,57900,58700,58300,53900,52300,52200,51900,52700,50400,50400,50400,37000,0,0,37000,40754,52600,95000,0,39216,37000,33500,50802,95000,35054,0,37204,52600,33915,0,45094,0,48842,0,36267,41525,0,47968,52600,0,37339,0,41038,45910,48538,49930,50367,53493,49426,54500,47980,49594,44417,33500,3200,-273000,-273000,-273000,95382,894,2906288,103402,0,0,0,0,0,0,0,0,0,0,0,0,0,0,0,0,396,8345,119816,275,95382,894,2906288,103402,15475008,739404,8761824,14.02,0.00,0.00,425422,126758,3214744,108472,,,,384000,384000,384000,384000,384000,384000,883200,883200,0,,,,,,0,,735028,1001305,777,4929,390,1,1287000,4724000,6980000,0,22,4455000,Notcharging,726000000
1784646126.994331016,1435.20,51700,52100,53300,53300,52600,52600,52200,52600,52200,51900,51900,53500,53600,53100,53500,53900,53100,53500,53100,51200,51500,51200,51200,53600,51200,50800,49200,50000,50400,50800,57100,57900,57500,57500,53600,57500,57900,56000,56700,57500,57100,57500,57100,53900,52300,51800,51200,52300,49600,50000,50400,37000,0,0,37000,40764,52200,95000,0,39216,37000,33500,50596,95000,35451,0,37500,51800,33970,0,45031,0,48733,0,36290,41529,0,47883,51400,0,37367,0,41066,45887,48427,49762,50233,53191,49056,53700,47812,48787,44585,33500,3200,-273000,-273000,-273000,95382,894,2906288,103402,0,0,0,0,0,0,0,0,0,0,0,0,0,0,0,0,396,8345,119816,275,95382,894,2906288,103402,15475008,736884,8759304,13.84,0.00,0.00,425422,126758,3214744,108472,,,,384000,384000,384000,384000,384000,384000,883200,883200,0,,,,,,0,,735028,1001305,777,4929,390,1,537000,4906000,6980000,0,22,4455000,Notcharging,726000000
1784646127.452689609,1435.66,51700,52100,52900,52900,52200,52200,52200,52600,51800,51900,51900,52700,53600,53100,52700,53500,53100,52700,52700,50400,51200,50800,50400,53200,50800,50000,49200,50000,49600,50400,56300,57900,57100,56700,53200,57500,57500,55600,56300,57100,56700,57100,56700,53500,51900,51000,51200,51900,50000,50000,50400,37000,0,0,37000,40789,51800,95000,0,39216,37000,33500,50383,95000,35451,0,37500,51800,33946,0,45015,0,48643,0,36176,41525,0,47821,51400,0,37367,0,41094,45887,48322,49493,50031,52821,48955,53300,47745,48619,44652,33500,3200,-273000,-273000,-273000,95382,894,2906288,103402,0,0,0,0,0,0,0,0,0,0,0,0,0,0,0,0,396,8345,119816,275,95382,894,2906288,103402,15475008,735012,8757496,13.84,0.00,0.00,425422,126758,3214744,108472,,,,384000,384000,384000,384000,384000,384000,883200,883200,0,,,,,,0,,706676,1001561,777,4929,390,1,872000,4814000,6980000,0,22,4455000,Notcharging,726000000
1784646127.903145859,1436.11,51300,51300,52600,52200,52200,51800,51800,51800,51400,51500,51900,52300,53200,52700,52700,53100,53100,52700,52300,50400,50800,50400,50800,52900,50400,50000,49200,49600,49600,50400,57500,59000,57500,58300,53200,58700,58300,56700,57500,57500,56700,57100,56700,53500,51900,50600,50800,52300,50000,49600,50000,37000,0,0,37000,40789,51400,95000,0,39216,37000,33500,50230,95000,35451,0,37500,51000,34036,0,44950,0,48522,0,36230,41538,0,47744,51400,0,37348,0,41129,45861,48211,49493,49829,52687,48585,52900,47544,48787,44820,33500,3200,-273000,-273000,-273000,95382,894,2906288,103402,0,0,0,0,0,0,0,0,0,0,0,0,0,0,0,0,396,8345,119816,275,95382,894,2906288,103402,15475008,742572,8765056,13.84,0.00,0.00,425422,126758,3214744,108472,,,,384000,384000,384000,384000,384000,384000,883200,883200,0,,,,,,0,,706676,1001561,777,4929,390,1,894000,4858000,6980000,0,22,4455000,Notcharging,726000000
1784646128.365383567,1436.57,51300,51300,52600,52200,51800,51800,51400,51800,51000,51200,51500,52700,53200,52700,52700,52700,52700,52700,52300,50400,51200,50400,50400,52900,50400,50400,48800,49600,49600,50400,56700,58300,57100,57500,53200,58300,57500,56300,56700,57100,56300,56700,56700,53100,51500,50600,50400,51900,49200,50000,49600,37000,0,0,37000,40800,51400,95000,0,39216,37000,33500,50118,95000,35451,0,37500,51000,33992,0,44962,0,48433,0,36239,41525,0,47671,50600,0,37357,0,41156,45817,48102,49392,49695,52754,48585,53300,47610,48484,44888,33500,3200,-273000,-273000,-273000,95398,894,2906568,103412,0,0,0,0,0,0,0,0,0,0,0,0,0,0,0,0,396,8345,119816,275,95398,894,2906568,103412,15475008,738472,8760940,13.84,0.00,0.00,425422,126758,3214884,108472,,,,384000,384000,384000,384000,384000,384000,883200,883200,0,,,,,,0,,706676,1001561,777,4929,390,1,756000,4710000,6980000,0,22,4455000,Notcharging,726000000
1784646128.820653411,1437.02,50900,51300,52200,52200,51400,51400,51000,51400,50600,51500,51200,52300,52900,52300,52300,52700,52700,52300,51900,49600,50800,50000,50400,52500,50400,50000,48800,49200,49200,50000,57500,58700,57500,57900,53200,59000,58700,56300,57500,57500,56700,57100,56700,52700,51500,50600,50800,51900,49600,49600,49600,37000,0,0,37000,40800,51400,95000,0,39216,37000,33500,49963,95000,35451,0,37500,51000,33956,0,44911,0,48320,0,36249,41522,0,47577,50600,0,37335,0,41170,45764,47990,49224,49291,52350,48552,52900,47308,48451,44989,33500,3200,-273000,-273000,-273000,95398,894,2906568,103412,0,0,0,0,0,0,0,0,0,0,0,0,0,0,0,0,396,8345,119816,275,95398,894,2906568,103412,15475008,736204,8758676,13.50,0.00,0.00,425422,126758,3214884,108472,,,,384000,384000,384000,384000,384000,384000,883200,883200,0,,,,,,0,,716947,1001516,777,4929,390,1,1034000,4866000,6980000,0,22,4455000,Notcharging,726000000
1784646129.287878307,1437.49,50900,51300,52200,51800,51800,51800,51000,51400,51000,51200,51200,51900,52500,51900,52300,52300,52300,51900,51900,49600,50400,50400,50400,52500,50000,49600,48800,49200,49200,50000,57100,58300,56700,57500,52500,58300,57500,56000,56700,57100,56300,56700,56300,52700,51200,50200,50400,51500,48800,49200,49200,37000,0,0,37000,40808,51000,95000,0,39216,37000,33500,49848,95000,35451,0,37500,50600,33986,0,44885,0,48211,0,36230,41525,0,47475,50600,0,37326,0,41215,45747,47874,48955,49392,52350,48350,52600,47207,48955,45089,33500,3200,-273000,-273000,-273000,95398,894,2906568,103412,0,0,0,0,0,0,0,0,0,0,0,0,0,0,0,0,396,8345,119816,275,95398,894,2906568,103412,15475008,737904,8760364,13.50,0.00,0.00,425422,126758,3214884,108472,,,,384000,384000,384000,384000,384000,384000,883200,883200,0,,,,,,0,,716947,1001516,777,4929,390,1,1287000,5013000,6980000,0,22,4455000,Notcharging,726000000
1784646129.753531223,1437.96,50900,50900,52200,51800,51400,51400,51400,51400,51000,50800,51200,51900,52500,51900,51900,52700,52300,51900,51500,49600,50400,50000,50000,52500,50000,49600,48400,49200,48800,50000,56700,58300,56300,57100,52900,57500,57100,55600,56300,56700,56000,56300,56000,52700,51200,50200,50000,51200,49200,49200,49600,37000,0,0,37000,40822,51000,95000,0,39216,37000,33500,49708,95000,35451,0,37500,50600,34005,0,44845,0,48106,0,36278,41535,0,47389,50600,0,37335,0,41212,45720,47772,48989,49123,52250,48283,52600,47106,47913,45359,33500,3200,-273000,-273000,-273000,95398,894,2906568,103412,0,0,0,0,0,0,0,0,0,0,0,0,0,0,0,0,396,8345,119816,275,95398,894,2906568,103412,15475008,735424,8757884,13.50,0.00,0.00,425422,126758,3214884,108472,,,,384000,384000,384000,384000,384000,384000,883200,883200,0,,,,,,0,,720725,1001671,777,4929,390,1,1300000,4853000,6980000,0,22,4455000,Notcharging,726000000
1784646130.244022837,1438.45,50500,50900,51800,51800,51400,51000,51000,51000,50600,50800,50800,51900,52500,51900,52300,52700,52300,52300,51500,49200,50400,50000,50000,52100,50000,49600,48400,48800,48800,49600,56300,57500,56700,57100,52500,57500,57500,55200,56000,56700,56300,56700,56000,52300,50800,50200,50400,51500,48800,48800,49200,37000,0,0,37000,40814,50600,95000,0,39216,37000,33500,49556,95000,35451,0,37500,50600,34014,0,44802,0,47955,0,36195,41553,0,47290,50200,0,37316,0,41243,45639,47645,48753,49056,51812,48216,52200,46972,47476,45190,33500,3200,-273000,-273000,-273000,95398,894,2906568,103412,0,0,0,0,0,0,0,0,0,0,0,0,0,0,0,0,396,8345,119816,275,95398,894,2906568,103412,15475008,733940,8756400,13.50,0.00,0.00,425422,126758,3214884,108472,,,,384000,384000,384000,384000,384000,384000,883200,883200,0,,,,,,0,,720725,1001671,777,4929,390,1,1275000,4709000,6980000,0,22,4455000,Notcharging,726000000
1784646130.711648098,1438.92,50500,50900,51800,51800,51400,51000,51000,51800,51000,50800,51200,51500,52500,51900,51900,52700,51900,51500,51500,49200,50000,50000,50000,52500,49600,49200,48400,48800,48400,49600,56700,58300,56700,57100,52500,57900,57500,55600,56300,56300,56000,56300,56000,52300,50800,50200,50000,51200,48800,49200,49600,37000,0,0,37000,40825,50600,95000,0,39216,37000,33500,49456,95000,35451,0,37500,50200,34029,0,44787,0,47896,0,36261,41525,0,47195,50600,0,37290,0,41274,45596,47529,48687,48922,51846,48216,52600,46804,47812,45493,33500,3200,-273000,-273000,-273000,95398,894,2906568,103412,0,0,0,0,0,0,0,0,0,0,0,0,0,0,0,0,396,8345,119816,275,95398,894,2906568,103412,15475008,746208,8768576,13.41,0.00,0.00,425422,126826,3214884,108540,,,,384000,384000,384000,384000,384000,384000,883200,883200,0,,,,,,0,,712829,1001469,777,4929,390,1,781000,4712000,6980000,0,22,4455000,Notcharging,726000000
1784646132.016829035,1440.22,50200,50500,51800,51400,51000,50600,50600,51000,50200,50400,50400,51200,52100,51500,51500,52300,51900,51500,51200,49200,50000,49600,49200,51700,49600,49200,48000,48800,48800,49200,56300,57500,56000,56300,52100,57100,56700,55200,56000,56300,55600,55600,55600,51900,50400,50200,50000,51200,48400,48800,48800,37000,0,0,37000,40808,50200,95000,0,38941,37000,33500,49161,95000,35714,0,37617,50200,34051,0,44639,0,47611,0,36213,41529,0,46947,50200,0,37284,0,41281,45492,47264,48585,48552,51409,47779,52200,46636,47980,45795,33500,3200,-273000,-273000,-273000,95399,894,2906584,103412,0,0,0,0,0,0,0,0,0,0,0,0,0,0,0,0,396,8345,119816,275,95399,894,2906584,103412,15475008,741456,8763924,13.41,0.00,0.00,425422,126829,3214892,108543,,,,384000,384000,384000,384000,384000,384000,883200,883200,0,,,,,,0,,711130,1001731,777,4929,390,1,175000,5020000,6980000,0,9,4459000,Notcharging,726000000
1784646132.478406534,1440.68,50200,50500,51400,51400,51000,51000,50600,51000,50600,50000,50400,51500,52100,51500,51500,52300,51900,51500,51200,48800,50000,49200,49200,51700,49200,48800,48000,48400,48800,49200,56700,57900,56300,57100,52500,57900,57100,55600,56300,56300,55600,56000,56000,51900,50400,49800,49600,50800,48400,48800,48800,37000,0,0,37000,40808,50600,95000,0,38941,37000,33500,49082,95000,35714,0,37617,50600,34029,0,44569,0,47520,0,36201,41504,0,46861,50200,0,37297,0,41305,45433,47178,48417,48518,51376,47678,52200,46636,47947,45930,33500,3200,-273000,-273000,-273000,95399,894,2906584,103412,0,0,0,0,0,0,0,0,0,0,0,0,0,0,0,0,396,8345,119816,275,95399,894,2906584,103412,15475008,742220,8764672,13.41,0.00,0.00,425422,126829,3214892,108543,,,,384000,384000,384000,384000,384000,384000,883200,883200,0,,,,,,0,,712190,1001415,777,4929,390,1,797000,4856000,6980000,0,9,4459000,Notcharging,726000000
1784646132.939733305,1441.14,50200,50500,51000,51000,50600,50600,50600,50600,50200,50400,50000,51200,51700,51200,51500,51900,51500,51500,50800,48800,50000,49200,49200,51300,49200,48800,48000,48400,48400,48800,55600,57100,56000,56300,52100,57100,56300,55200,56000,56000,55200,55600,55200,51900,50400,49800,49600,50800,48400,48800,48400,37000,0,0,37000,40797,50200,95000,0,38941,37000,33500,48952,95000,35714,0,37617,49800,34039,0,44554,0,47423,0,36210,41501,0,46770,49400,0,37257,0,41333,45390,47069,48350,48216,51241,47544,52200,46535,47510,45997,33500,3200,-273000,-273000,-273000,95399,894,2906584,103412,0,0,0,0,0,0,0,0,0,0,0,0,0,0,0,0,396,8345,119816,275,95399,894,2906584,103412,15475008,738944,8761404,13.70,0.00,0.00,425422,126829,3214892,108543,,,,384000,384000,384000,384000,384000,384000,883200,883200,0,,,,,,0,,712190,1001415,777,4929,390,1,828000,4724000,6980000,0,9,4459000,Notcharging,726000000
1784646133.399081638,1441.60,50200,50200,51400,51000,50600,51000,50600,50600,50200,50400,50400,51200,52100,51500,51500,51900,51500,51500,51200,49200,49600,48800,49200,51700,49200,48800,47700,48000,48400,48800,56000,57100,56000,56300,52100,57100,57100,55200,55600,56000,55200,56000,55600,51900,50400,49400,49200,50800,48000,48400,48400,37000,0,0,37000,40800,50200,95000,0,38941,37000,33500,48874,95000,35714,0,37617,50200,34097,0,44495,0,47339,0,36179,41467,0,46696,50200,0,37304,0,41330,45315,46999,48115,48216,51241,47644,51800,46434,47241,45963,33500,3200,-273000,-273000,-273000,95406,894,2906680,103416,0,0,0,0,0,0,0,0,0,0,0,0,0,0,0,0,396,8345,119816,275,95406,894,2906680,103416,15475008,734688,8757132,13.70,0.00,0.00,425422,126829,3214940,108543,,,,384000,384000,384000,384000,384000,384000,883200,883200,0,,,,,,0,,712190,1001415,777,4929,390,1,1287000,4724000,6980000,0,9,4459000,Notcharging,726000000
1784646133.864154503,1442.07,50200,50200,51400,50600,50600,50200,50200,50200,50200,50400,50400,51200,51700,51200,51500,51500,51200,51200,51200,48800,50000,49200,49200,51300,49200,48400,47700,48400,48000,49200,55600,56700,55600,56300,52100,56700,56300,54800,55600,55600,55200,55600,54800,51900,50000,49400,49200,50800,48000,48400,48400,37000,0,0,37000,40789,50200,95000,0,38941,37000,33500,48791,95000,35714,0,37617,49800,34097,0,44462,0,47229,0,36216,41457,0,46638,49800,0,37269,0,41336,45267,46913,47980,48216,51107,47577,51800,46266,47476,46198,33500,3200,-273000,-273000,-273000,95406,894,2906680,103416,0,0,0,0,0,0,0,0,0,0,0,0,0,0,0,0,396,8345,119816,275,95406,894,2906680,103416,15475008,734436,8756884,13.70,0.00,0.00,425422,126829,3214940,108543,,,,384000,384000,384000,384000,384000,384000,883200,883200,0,,,,,,0,,724266,1001864,777,4929,390,1,212000,5011000,6980000,0,9,4459000,Notcharging,726000000
1784646134.332798096,1442.54,49800,49800,51000,51000,50600,50600,50200,50600,49800,50000,50000,50800,51700,51200,51200,51900,51200,51200,50800,48800,49600,49200,48800,51700,48800,48800,47700,48000,48000,48800,56000,57500,56000,56700,51700,57100,56700,54800,56000,56000,55200,56000,55600,51500,50000,49400,49200,50800,48400,48400,48400,37000,0,0,37000,40775,49800,95000,0,38941,37000,33500,48711,95000,35714,0,37617,49400,34103,0,44408,0,47154,0,36227,41439,0,46532,49800,0,37299,0,41346,45207,46828,48216,48216,50972,47375,51800,46299,47241,46198,33500,3200,-273000,-273000,-273000,95406,894,2906680,103416,0,0,0,0,0,0,0,0,0,0,0,0,0,0,0,0,396,8345,119816,275,95406,894,2906680,103416,15475008,735900,8758268,13.70,0.00,0.00,425422,126829,3214940,108543,,,,384000,384000,384000,384000,384000,384000,883200,883200,0,,,,,,0,,724266,1001864,777,4929,390,1,150000,4850000,6980000,0,9,4459000,Notcharging,726000000
1784646134.788523096,1442.99,49800,50200,51000,50600,50600,50200,50200,50600,50200,50000,50000,51200,51700,51200,51200,51500,51200,51200,51200,48400,49200,48800,49200,51700,48800,48400,47700,48400,48000,48800,55200,56700,55600,56000,51700,56300,56000,54800,55600,55600,54800,55600,54800,51900,50000,49400,49200,50400,48000,48400,48400,37000,0,0,37000,40757,50200,95000,0,38941,37000,33500,48639,95000,35714,0,37617,49400,34119,0,44385,0,47084,0,36249,41432,0,46459,49400,0,37242,0,41367,45180,46748,48115,48014,50871,47442,51800,46165,47275,46198,33500,3200,-273000,-273000,-273000,95406,894,2906680,103416,0,0,0,0,0,0,0,0,0,0,0,0,0,0,0,0,396,8345,119816,275,95406,894,2906680,103416,15475008,742980,8765352,13.57,0.00,0.00,425422,126829,3214940,108543,,,,384000,384000,384000,384000,384000,384000,883200,883200,0,,,,,,0,,722024,1001215,777,4929,390,1,1328000,4705000,6980000,0,9,4459000,Notcharging,726000000
1784646135.258987471,1443.46,49800,50200,51000,50600,50200,50200,49800,50200,50200,50000,50000,51200,51700,51200,51200,51900,51200,51200,50800,48800,49600,48800,48800,51300,49200,48400,47700,48400,48000,48800,55600,57100,56000,56300,51700,57500,57100,54800,56000,56300,55200,55600,55200,51900,50000,49000,49200,50800,48000,48000,48400,37000,0,0,37000,40754,49800,95000,0,38941,37000,33500,48549,95000,35714,0,37617,49800,34091,0,44349,0,47022,0,36188,41415,0,46378,49400,0,37258,0,41364,45135,46669,47879,47913,50703,47476,51800,46232,47073,46333,33500,3200,-273000,-273000,-273000,95406,894,2906680,103416,0,0,0,0,0,0,0,0,0,0,0,0,0,0,0,0,396,8345,119816,275,95406,894,2906680,103416,15475008,737944,8760316,13.57,0.00,0.00,425422,126829,3214940,108543,,,,384000,384000,384000,384000,384000,384000,883200,883200,0,,,,,,0,,722024,1001215,777,4929,390,1,278000,4748000,6980000,0,9,4459000,Notcharging,726000000
1784646135.709464294,1443.91,49800,50200,51000,50600,50600,50200,50200,50600,50200,49600,50000,51200,51700,51200,50800,51500,51200,51200,50800,48400,49600,48400,48800,51700,48400,48400,47300,48000,48000,48800,55600,56700,55600,56300,51700,56700,56300,54800,55600,56000,55200,55600,55200,51500,50000,49000,49200,50400,48000,48000,48400,37000,0,0,37000,40743,49800,95000,0,38941,37000,33500,48506,95000,35714,0,37617,49400,34106,0,44306,0,46947,0,36201,41395,0,46324,49800,0,37267,0,41374,45075,46604,47779,47947,50871,47308,51800,46165,47207,46400,33500,3200,-273000,-273000,-273000,95406,894,2906680,103416,0,0,0,0,0,0,0,0,0,0,0,0,0,0,0,0,396,8345,119816,275,95406,894,2906680,103416,15475008,735176,8757552,13.57,0.00,0.00,425422,126829,3214940,108543,,,,384000,384000,384000,384000,384000,384000,883200,883200,0,,,,,,0,,716576,1001749,777,4929,390,1,1337000,4866000,6980000,0,9,4459000,Notcharging,726000000
1784646136.185141585,1444.39,49800,49800,50600,50200,50200,49800,49800,50600,49400,50000,50000,50800,51300,50800,51200,51500,50800,50800,50800,48400,49600,48800,48800,51300,48800,48400,47300,48000,48000,48800,56300,57500,56000,56300,51700,57100,56300,55200,55600,56000,55200,56000,55200,51500,49600,49000,49200,50400,48000,48000,48400,37000,0,0,37000,40743,49800,95000,0,38941,37000,33500,48425,95000,35714,0,37617,49400,34097,0,44276,0,46879,0,36201,41389,0,46247,49400,0,37254,0,41377,45031,46552,47779,47779,50669,47140,51400,45997,46905,46400,33500,3200,-273000,-273000,-273000,95406,894,2906680,103416,0,0,0,0,0,0,0,0,0,0,0,0,0,0,0,0,396,8345,119816,275,95406,894,2906680,103416,15475008,746244,8768588,13.57,0.00,0.00,425422,126829,3214940,108543,,,,384000,384000,384000,384000,384000,384000,883200,883200,0,,,,,,0,,714028,1001705,777,4929,380,1,1306000,4728000,6980000,0,6,4459000,Notcharging,726000000
1784646137.532090387,1445.73,49400,49800,51000,50600,50200,50200,50200,50200,49400,50000,49600,50400,51300,50800,51200,51500,51200,50800,50400,48400,49200,48400,48400,50900,48800,48400,46900,48000,47700,48400,55600,56300,55200,56000,51700,56300,56000,54400,55200,55600,54800,55200,54800,51200,49600,49000,49200,50000,47700,48000,48400,37000,0,0,37000,40715,50200,95000,0,38609,37000,33600,48232,95000,35938,0,37589,49400,34122,0,44167,0,46673,0,36188,41336,0,46058,49400,0,37237,0,41398,44897,46336,47644,47678,50502,47106,51400,45795,46837,46669,33600,3200,-273000,-273000,-273000,95406,894,2906680,103416,0,0,0,0,0,0,0,0,0,0,0,0,0,0,0,0,396,8345,119816,275,95406,894,2906680,103416,15475008,750556,8772856,13.28,0.00,0.00,425422,126830,3214940,108544,,,,384000,384000,384000,384000,384000,384000,883200,883200,0,,,,,,0,,726861,1001649,777,4929,380,1,628000,4723000,6980000,0,6,4459000,Notcharging,726000000
1784646137.995776324,1446.20,49400,49800,50600,50600,50200,49800,49800,49800,49800,49600,49600,50400,51700,50800,50800,51200,50800,51200,50800,48400,48800,48800,48400,51300,48400,48400,47300,47700,48000,48400,55200,56300,55600,55200,51700,56300,56000,54000,54800,55200,54800,55600,54800,51200,50000,48700,48800,50000,47300,48000,48400,37000,0,0,37000,40693,49400,95000,0,38609,37000,33600,48167,95000,35938,0,37589,49400,34177,0,44143,0,46590,0,36192,41309,0,45995,49400,0,37214,0,41381,44868,46302,47544,47510,50434,46804,51400,45762,46535,46568,33600,3200,-273000,-273000,-273000,95406,894,2906680,103416,0,0,0,0,0,0,0,0,0,0,0,0,0,0,0,0,396,8345,119816,275,95406,894,2906680,103416,15475008,749296,8771596,13.28,0.00,0.00,425422,126830,3214940,108544,,,,384000,384000,384000,384000,384000,384000,883200,883200,0,,,,,,0,,726861,1001649,777,4929,380,1,750000,4704000,6980000,0,6,4459000,Notcharging,726000000
1784646138.459836949,1446.66,49400,50200,50600,50600,50600,50200,49800,50600,49400,49600,49600,50400,51300,50800,50800,51200,50800,50400,50000,48800,49200,48400,48400,51300,48400,48400,47300,48000,47700,48400,55200,56700,55200,56000,51700,57100,55600,54400,55600,55200,54800,55200,54800,51200,49600,49000,48800,50000,47700,48000,48000,37000,0,0,37000,40684,49400,95000,0,38609,37000,33600,48087,95000,35938,0,37589,49400,34149,0,44106,0,46546,0,36230,41319,0,45939,49400,0,37276,0,41384,44842,46229,47409,47476,50535,47073,51400,45661,46669,46737,33600,3200,-273000,-273000,-273000,95411,894,2906744,103419,0,0,0,0,0,0,0,0,0,0,0,0,0,0,0,0,396,8345,119816,275,95411,894,2906744,103419,15475008,747740,8770008,13.28,0.00,0.00,425422,126830,3214972,108544,,,,384000,384000,384000,384000,384000,384000,883200,883200,0,,,,,,0,,721006,1001528,777,4929,380,1,1341000,4705000,6980000,0,6,4459000,Notcharging,726000000
1784646138.909579553,1447.11,49400,49400,50600,50600,49800,50200,49400,50200,49400,49600,49600,50400,51300,50800,50800,51200,50800,50800,50400,48000,48800,48800,48400,50900,48400,48400,46900,47700,47700,48400,55600,56700,55600,56000,51700,56700,56300,54400,55600,55200,54800,55200,54400,51200,49600,49000,48800,50000,47700,47700,48000,37000,0,0,37000,40693,49400,95000,0,38609,37000,33600,48060,95000,35938,0,37589,49000,34182,0,44073,0,46459,0,36157,41315,0,45875,49400,0,37264,0,41408,44780,46181,47577,47375,50468,46837,51400,45728,45728,46804,33600,3200,-273000,-273000,-273000,95411,894,2906744,103419,0,0,0,0,0,0,0,0,0,0,0,0,0,0,0,0,396,8345,119816,275,95411,894,2906744,103419,15475008,746732,8769000,13.23,0.00,0.00,425422,126830,3214972,108544,,,,384000,384000,384000,384000,384000,384000,883200,883200,0,,,,,,0,,721006,1001528,777,4929,380,1,1278000,4719000,6980000,0,6,4459000,Notcharging,726000000
1784646139.367823303,1447.57,49800,49400,50600,50600,49800,49800,49800,50200,49400,49600,49200,50400,50900,50400,50800,51200,50400,50400,50000,48000,49200,48400,48800,50900,48400,48000,47300,47700,47700,48000,55200,56700,54800,56000,51300,56300,56000,54400,55200,55200,54800,55200,54800,51200,49600,49000,48800,49600,47700,47300,48000,37000,0,0,37000,40667,49400,95000,0,38609,37000,33600,48013,95000,35938,0,37589,49400,34199,0,44043,0,46413,0,36201,41315,0,45831,49000,0,37246,0,41401,44758,46117,47308,47341,50300,46905,51000,45661,46198,46871,33600,3200,-273000,-273000,-273000,95411,894,2906744,103419,0,0,0,0,0,0,0,0,0,0,0,0,0,0,0,0,396,8345,119816,275,95411,894,2906744,103419,15475008,741524,8763776,13.23,0.00,0.00,425422,126830,3214972,108544,,,,384000,384000,384000,384000,384000,384000,883200,883200,0,,,,,,0,,721006,1001528,777,4929,380,1,1341000,4709000,6980000,0,6,4459000,Notcharging,726000000
1784646139.826915073,1448.03,49400,49400,50600,50600,49800,49800,49800,49800,49400,49600,49600,50400,50900,50800,50400,51200,50800,50800,50400,48000,49200,48800,48400,50900,48400,48000,46900,47700,47700,48000,55200,56700,55200,56000,51300,56300,55600,54000,55200,55200,54400,54800,54400,51200,49600,48700,48800,50000,47300,47700,47700,37000,0,0,37000,40659,49400,95000,0,38609,37000,33600,47942,95000,35938,0,37589,49400,34167,0,44017,0,46378,0,36179,41302,0,45757,49000,0,37240,0,41398,44704,46063,47442,47275,50233,46905,51000,45459,46367,46837,33600,3200,-273000,-273000,-273000,95411,894,2906744,103419,0,0,0,0,0,0,0,0,0,0,0,0,0,0,0,0,396,8345,119816,275,95411,894,2906744,103419,15475008,740964,8763204,13.23,0.00,0.00,425422,126830,3214972,108544,,,,384000,384000,384000,384000,384000,384000,883200,883200,0,,,,,,0,,714571,1001819,777,4929,380,1,741000,4859000,6980000,0,6,4459000,Notcharging,726000000
1784646140.304764188,1448.51,49400,49800,50200,50200,50200,49800,49800,49800,49000,49600,49600,50400,50900,50400,50800,50800,50400,50800,50400,48000,48400,48400,48400,50900,48000,48000,46900,48000,47700,48400,55200,56700,55200,56000,51300,56700,56000,54400,55200,55200,54400,54800,54400,50800,49600,48700,48800,49600,47700,47700,48000,37000,0,0,37000,40649,49400,95000,0,38609,37000,33600,47896,95000,35938,0,37589,49000,34213,0,43992,0,46316,0,36157,41268,0,45708,49000,0,37234,0,41398,44671,46002,47207,47207,50132,46770,51000,45459,45762,47039,33600,3200,-273000,-273000,-273000,95411,894,2906744,103419,0,0,0,0,0,0,0,0,0,0,0,0,0,0,0,0,396,8345,119816,275,95411,894,2906744,103419,15475008,736932,8759176,13.23,0.00,0.00,425422,126830,3214972,108544,,,,384000,384000,384000,384000,384000,384000,883200,883200,0,,,,,,0,,714571,1001819,777,4929,380,1,125000,5023000,6980000,0,6,4459000,Notcharging,726000000
1784646140.767088302,1448.97,49400,49400,50600,50200,49800,49800,49800,50200,49400,49600,49600,50400,50500,50400,50400,50800,50400,50800,50000,48000,48800,48400,48400,50900,48400,48000,46900,47700,47700,48000,55200,56300,55200,56000,50900,56300,55600,54400,55200,55200,54400,54800,54400,50800,49600,49000,48400,50000,47700,47700,47700,37000,0,0,37000,40639,49400,95000,0,38609,37000,33600,47826,95000,35938,0,37589,49400,34213,0,43961,0,46269,0,36173,41260,0,45653,49000,0,37234,0,41384,44627,45961,47039,47207,50065,46737,51000,45526,46804,47073,33600,3200,-273000,-273000,-273000,95411,894,2906744,103419,0,0,0,0,0,0,0,0,0,0,0,0,0,0,0,0,396,8345,119816,275,95411,894,2906744,103419,15475008,738700,8760948,13.01,0.00,0.00,425422,126830,3214972,108544,,,,384000,384000,384000,384000,384000,384000,883200,883200,0,,,,,,0,,724981,1001673,777,4929,380,1,162000,4975000,6980000,0,6,4459000,Notcharging,726000000
1784646141.233252260,1449.44,49800,49800,50600,50600,50200,50200,49800,50600,49800,49200,49600,50400,50900,50400,50400,51200,50400,50400,50000,48000,49200,48000,48000,50900,48400,48000,46900,47700,47300,48400,55200,56300,55200,55200,51300,56300,56000,54400,55200,54800,54400,54800,54400,50800,49600,48700,48400,50000,47700,47700,47700,37000,0,0,37000,40653,49800,95000,0,38609,37000,33600,47780,95000,35938,0,37589,49000,34201,0,43968,0,46227,0,36154,41263,0,45617,49000,0,37225,0,41389,44580,45922,47275,47140,49896,46770,51400,45425,45728,47039,33600,3200,-273000,-273000,-273000,95411,894,2906744,103419,0,0,0,0,0,0,0,0,0,0,0,0,0,0,0,0,396,8345,119816,275,95411,894,2906744,103419,15475008,731868,8754144,13.01,0.00,0.00,425422,126830,3214972,108544,,,,384000,384000,384000,384000,384000,384000,883200,883200,0,,,,,,0,,0,0,777,4929,380,1,891000,4849000,6980000,0,6,4459000,Notcharging,726000000
1784646141.702837364,1449.91,49400,49800,50600,51000,50600,49800,49800,50600,49800,49600,49600,50400,51300,50400,50400,50800,50800,50800,50400,48000,48800,48400,48400,50900,48400,48000,46900,47700,47700,48000,54800,56300,55200,55200,51300,56000,56000,54000,54400,55200,54400,54800,54800,50800,49600,49000,48400,49600,47700,47700,48000,37000,0,0,37000,40642,49800,95000,0,38609,37000,33600,47744,95000,35938,0,37589,49400,34210,0,43922,0,46165,0,36210,41271,0,45568,49400,0,37263,0,41395,44573,45873,47140,47073,49930,46703,51400,45392,45795,47039,33600,3200,-273000,-273000,-273000,95411,894,2906744,103419,0,0,0,0,0,0,0,0,0,0,0,0,0,0,0,0,396,8345,119816,275,95411,894,2906744,103419,15475008,704668,8727040,13.01,0.00,0.00,425422,126830,3214972,108544,,,,384000,384000,384000,384000,384000,384000,883200,883200,0,,,,,,0,,715149,1001694,777,4929,380,1,1028000,4936000,6980000,0,0,4460000,Notcharging,726000000
1784646142.969303874,1451.17,49000,49400,50200,50200,49800,49800,49400,49800,49400,49200,49600,50400,50900,50800,50400,50800,50800,50400,50000,48400,48800,48400,48400,50500,48400,48000,47300,46900,47700,48000,55200,56300,54800,55600,51300,56300,56000,54000,54800,55200,54400,54800,54400,50800,49200,49000,48400,50000,47700,47700,47700,37000,0,0,37000,40602,49400,95000,0,38316,37000,33700,47619,95000,36135,0,37603,49000,34276,0,43843,0,46051,0,36201,41222,0,45437,49000,0,37197,0,41364,44455,45754,47039,46905,49863,46636,51000,45359,45930,47308,33700,3200,-273000,-273000,-273000,95411,894,2906744,103419,0,0,0,0,0,0,0,0,0,0,0,0,0,0,0,0,396,8345,119816,275,95411,894,2906744,103419,15475008,739060,8761468,13.37,0.00,0.00,425422,126832,3214972,108546,,,,384000,384000,384000,384000,384000,384000,883200,883200,0,,,,,,0,,725974,1001578,777,4929,380,1,1153000,4704000,6980000,0,5,4460000,Notcharging,726000000
1784646143.437132416,1451.64,49000,49800,50200,50200,49800,49800,49400,49800,49400,49200,49200,50400,50900,50400,50000,50800,50400,50400,50000,48000,49200,48000,48000,50500,48400,47700,46900,47300,47300,48000,54000,56000,54000,54400,50500,55600,55200,53600,54400,54400,54000,54400,54000,50800,49200,48700,48400,50000,47300,47700,47700,37000,0,0,37000,40594,49400,95000,0,38316,37000,33700,47583,95000,36135,0,37603,49000,34265,0,43808,0,46014,0,36154,41222,0,45414,49000,0,37223,0,41384,44426,45720,46938,46905,49728,46568,50600,45325,46198,47275,33700,3200,-273000,-273000,-273000,95411,894,2906744,103419,0,0,0,0,0,0,0,0,0,0,0,0,0,0,0,0,396,8345,119816,275,95411,894,2906744,103419,15475008,742144,8764472,13.37,0.00,0.00,425422,126832,3215024,108546,,,,384000,384000,384000,384000,384000,384000,883200,883200,0,,,,,,0,,714436,1001340,777,4929,380,1,997000,4798000,6980000,0,5,4460000,Notcharging,726000000
1784646143.908114082,1452.11,48600,49000,50200,50200,49400,49800,49400,49400,49000,49200,49600,50400,50900,50400,50400,50800,50400,50400,50000,47700,48800,48400,48400,50500,48000,47300,46900,47300,47300,48000,55200,56000,54800,55200,50900,56300,55200,54000,55200,54800,54400,54800,54400,50800,48800,48700,48400,49600,47300,47700,47300,37000,0,0,37000,40591,49400,95000,0,38316,37000,33700,47568,95000,36135,0,37603,49000,34262,0,43804,0,45965,0,36185,41200,0,45380,48700,0,37214,0,41392,44396,45690,47039,47006,49829,46468,50600,45257,45359,47308,33700,3200,-273000,-273000,-273000,95416,894,2906904,103423,0,0,0,0,0,0,0,0,0,0,0,0,0,0,0,0,396,8345,119816,275,95416,894,2906904,103423,15475008,740128,8762484,13.37,0.00,0.00,425422,126832,3215052,108546,,,,384000,384000,384000,384000,384000,384000,883200,883200,0,,,,,,0,,714436,1001340,777,4929,380,1,159000,5010000,6980000,0,5,4460000,Notcharging,726000000
1784646144.376557884,1452.58,49000,49400,50200,49800,49800,49800,49400,49800,49000,49200,49200,50400,50900,50000,50400,50800,50400,50400,50000,48000,48800,48000,48400,50900,48000,47700,46900,47700,47300,48000,53600,55200,54800,54400,50900,55200,55200,52900,53600,54400,54000,54400,54000,50400,49200,48700,48400,49600,47300,47300,47700,37000,0,0,37000,40588,49400,95000,0,38316,37000,33700,47529,95000,36135,0,37603,48700,34295,0,43788,0,45951,0,36173,41191,0,45319,49000,0,37211,0,41377,44352,45657,47039,46871,49728,46501,51000,45291,46031,47341,33700,3200,-273000,-273000,-273000,95416,894,2906904,103423,0,0,0,0,0,0,0,0,0,0,0,0,0,0,0,0,396,8345,119816,275,95416,894,2906904,103423,15475008,740704,8763044,13.37,0.00,0.00,425422,126832,3215052,108546,,,,384000,384000,384000,384000,384000,384000,883200,883200,0,,,,,,0,,714436,1001340,777,4929,380,1,844000,4813000,6980000,0,5,4460000,Notcharging,726000000
1784646144.828328769,1453.03,49400,49400,50200,50200,49800,49400,49400,49400,49000,49200,49200,50000,50900,50000,50000,50800,50400,50400,49600,47700,48400,48400,48000,50900,48400,47700,46900,47300,47300,48000,53600,54800,54000,54000,51300,54800,54800,52500,53600,54400,54000,54400,53600,50800,49200,48700,48400,50000,47300,47700,47700,37000,0,0,37000,40573,49400,95000,0,38316,37000,33700,47490,95000,36135,0,37603,48700,34259,0,43772,0,45884,0,36164,41194,0,45285,48700,0,37188,0,41389,44316,45593,46737,46804,49560,46501,51000,45190,45493,47341,33700,3200,-273000,-273000,-273000,95416,894,2906904,103423,0,0,0,0,0,0,0,0,0,0,0,0,0,0,0,0,396,8345,119816,275,95416,894,2906904,103423,15475008,739680,8762020,12.94,0.00,0.00,425422,126832,3215052,108546,,,,384000,384000,384000,384000,384000,384000,883200,883200,0,,,,,,0,,726923,1001700,777,4929,380,1,519000,4856000,6980000,0,5,4460000,Notcharging,726000000
1784646145.303958092,1453.51,49000,49400,50200,50200,49800,49400,49000,49800,49000,49200,49200,50400,50500,50000,50000,50800,50800,50000,49600,47700,48400,47700,48000,50500,48000,48000,46900,47300,46900,48000,54800,56000,54800,55200,50900,56300,55600,54000,54800,54800,54000,54800,54000,50800,48800,48700,48000,49600,47300,47300,47300,37000,0,0,37000,40570,49000,95000,0,38316,37000,33700,47423,95000,36135,0,37603,48700,34287,0,43720,0,45861,0,36185,41188,0,45264,49000,0,37210,0,41371,44327,45579,46837,46938,49661,46501,50600,45325,46132,47375,33700,3200,-273000,-273000,-273000,95416,894,2906904,103423,0,0,0,0,0,0,0,0,0,0,0,0,0,0,0,0,396,8345,119816,275,95416,894,2906904,103423,15475008,744864,8767204,12.94,0.00,0.00,425422,126832,3215052,108546,,,,384000,384000,384000,384000,384000,384000,883200,883200,0,,,,,,0,,726923,1001700,777,4929,380,1,159000,5001000,6980000,0,5,4460000,Notcharging,726000000
1784646145.762087050,1453.96,49400,49400,50200,49800,49800,49800,49800,49800,49400,49200,49200,50000,50500,50000,50400,50800,50400,50000,49600,48000,48800,48000,48000,50500,48400,47700,46900,47300,47300,48000,54800,56000,54400,54800,50900,56000,55200,54000,54400,54400,54000,54400,54000,50800,49200,48700,48000,49200,46900,47300,47700,37000,0,0,37000,40562,49400,95000,0,38316,37000,33700,47410,95000,36135,0,37603,49000,34304,0,43727,0,45803,0,36160,41160,0,45223,49400,0,37243,0,41364,44264,45552,46905,46938,49695,46568,51000,45291,45863,47442,33700,3200,-273000,-273000,-273000,95416,894,2906904,103423,0,0,0,0,0,0,0,0,0,0,0,0,0,0,0,0,396,8345,119816,275,95416,894,2906904,103423,15475008,742204,8764520,12.94,0.00,0.00,425422,126836,3215052,108550,,,,384000,384000,384000,384000,384000,384000,883200,883200,0,,,,,,0,,735666,1001278,777,4929,380,1,1312000,4856000,6980000,0,5,4460000,Notcharging,726000000
1784646146.240102258,1454.44,48600,49000,50200,50200,49400,49000,49000,49800,48700,49200,49200,50000,50900,50000,50000,50800,50400,50000,49600,47700,48800,48000,48000,50500,48000,47700,46900,47300,46900,47700,54000,55600,54000,54400,51300,54800,55200,52900,54000,54400,54000,54400,54000,50800,49200,48700,48000,49200,47300,47700,47700,37000,0,0,37000,40551,49000,95000,0,38316,37000,33700,47379,95000,36135,0,37603,48700,34311,0,43680,0,45787,0,36164,41153,0,45178,48700,0,37158,0,41374,44242,45508,46837,46804,49594,46333,50600,45257,45694,47476,33700,3200,-273000,-273000,-273000,95416,894,2906904,103423,0,0,0,0,0,0,0,0,0,0,0,0,0,0,0,0,396,8345,119816,275,95416,894,2906904,103423,15475008,740944,8763244,12.94,0.00,0.00,425422,126836,3215052,108550,,,,384000,384000,384000,384000,384000,384000,883200,883200,0,,,,,,0,,0,0,777,4929,380,1,1269000,4713000,6980000,0,5,4460000,Notcharging,726000000
1784646146.700483300,1454.90,49000,49400,50200,49800,49800,49400,49400,49800,49400,49200,49200,50000,50500,50000,50000,50800,50400,50000,50000,47700,48400,48000,48000,50500,48000,47300,46500,47300,47300,48000,55200,56700,54800,56000,50900,56700,55600,54400,54800,55200,54400,54800,54400,50400,49200,48700,48000,49200,47300,47300,47300,37000,0,0,37000,40548,49000,95000,0,38316,37000,33700,47339,95000,36135,0,37603,49000,34271,0,43692,0,45754,0,36201,41170,0,45137,48700,0,37213,0,41358,44220,45478,46804,46804,49627,46535,51000,45123,45594,47678,33700,3200,-273000,-273000,-273000,95416,894,2906904,103423,0,0,0,0,0,0,0,0,0,0,0,0,0,0,0,0,396,8345,119816,275,95416,894,2906904,103423,15475008,740172,8762472,12.59,0.00,0.00,425422,126837,3215052,108551,,,,384000,384000,384000,384000,384000,384000,883200,883200,0,,,,,,0,,715652,1001415,777,4929,380,1,1334000,4795000,6980000,0,5,4460000,Notcharging,726000000
1784646147.171891268,1455.37,49400,49400,49800,50200,49400,49400,49000,49800,49000,48800,49200,49600,50900,50400,50400,50800,50400,50400,49600,48000,48800,48000,48000,50500,48000,47700,46500,47300,47300,48000,54800,56000,54800,55200,50900,56000,55200,54000,54800,54800,54400,54800,54400,50400,49200,48700,48400,49600,46900,47700,47300,37000,0,0,37000,40534,48700,95000,0,38281,37000,33700,47296,95000,36256,0,37539,49000,34311,0,43686,0,45717,0,36173,41160,0,45112,48700,0,37179,0,41343,44187,45438,46837,46737,49661,46501,50600,45022,45560,47544,33700,3200,-273000,-273000,-273000,95416,894,2906904,103423,0,0,0,0,0,0,0,0,0,0,0,0,0,0,0,0,396,8345,119816,275,95416,894,2906904,103423,15475008,739652,8761952,12.59,0.00,0.00,425422,126837,3215052,108551,,,,998400,998400,998400,998400,998400,998400,883200,883200,0,,,,,,0,,734514,1001314,777,4929,380,1,1056000,4778000,6980000,0,5,4460000,Notcharging,726000000
1784646148.086930487,1456.29,49000,49400,50600,50600,50200,49400,49400,49800,49400,49200,49200,50000,50900,50400,50400,50800,50400,50800,50000,47700,48800,48000,48000,50900,48000,47700,46900,47300,47700,48000,54400,56000,55200,55200,51300,56000,55600,53600,54400,55200,54400,54800,54000,51200,49200,48700,48400,49600,46900,47300,47300,37000,0,0,37000,40534,49400,95000,0,38281,37000,33800,47289,95000,36256,0,37539,49000,34295,0,43634,0,45672,0,36198,41119,0,45039,49000,0,37242,0,41350,44131,45385,46905,46737,49460,46636,50600,45156,45257,47644,33800,3200,-273000,-273000,-273000,95416,894,2906904,103423,0,0,0,0,0,0,0,0,0,0,0,0,0,0,0,0,396,8345,119816,275,95416,894,2906904,103423,15475008,736068,8758400,12.59,0.00,0.00,425422,126837,3215052,108551,,,,384000,384000,384000,384000,384000,384000,883200,883200,0,,,,,,0,,0,0,777,4929,380,1,1344000,4818000,6980000,0,15,4461000,Notcharging,726000000
1784646148.555810591,1456.76,49000,49000,50600,50200,49800,49800,49400,49800,49000,48800,49200,50000,50500,50400,50400,50800,50000,50800,50000,48000,48800,48400,48000,50500,48000,47700,46900,47300,47300,48000,54800,56000,54800,55600,50900,56300,56000,54400,55200,54800,54400,54800,54400,50800,49200,48700,48400,49600,47300,47300,47300,37000,0,0,37000,40515,49000,95000,0,38281,37000,33800,47260,95000,36256,0,37539,49000,34335,0,43619,0,45627,0,36157,41122,0,45017,49000,0,37228,0,41327,44087,45378,46468,46804,49594,46333,51000,45056,45425,47644,33800,3200,-273000,-273000,-273000,95416,894,2906904,103423,0,0,0,0,0,0,0,0,0,0,0,0,0,0,0,0,396,8345,119816,275,95416,894,2906904,103423,15475008,740508,8762848,12.59,0.00,0.00,425422,126837,3215052,108551,,,,384000,384000,384000,384000,384000,384000,883200,883200,0,,,,,,0,,751007,1001241,777,4929,380,1,1341000,4979000,6980000,0,15,4461000,Notcharging,726000000
1784646149.013522570,1457.22,49000,49400,50600,49800,49800,49800,49400,49800,49400,48800,49200,50400,50900,50000,50400,50800,50400,50000,49600,47700,48800,48000,48000,50500,48000,48000,46900,47300,47300,48000,53600,55200,54400,54000,51300,54800,55200,52900,53600,54800,54000,54400,54000,50800,49200,48700,48000,49600,47300,47300,47300,37000,0,0,37000,40515,49000,95000,0,38281,37000,33800,47225,95000,36256,0,37539,49000,34341,0,43606,0,45605,0,36157,41097,0,45003,49000,0,37249,0,41330,44087,45355,46568,46737,49325,46535,51000,45056,45661,47577,33800,3200,-273000,-273000,-273000,95423,894,2907008,103427,0,0,0,0,0,0,0,0,0,0,0,0,0,0,0,0,396,8345,119816,275,95423,894,2907008,103427,15475008,745152,8767492,12.66,0.00,0.00,425422,126837,3215104,108551,,,,384000,384000,384000,384000,384000,384000,883200,883200,0,,,,,,0,,751007,1001241,777,4929,380,1,1159000,4704000,6980000,0,15,4461000,Notcharging,726000000
1784646149.499664601,1457.70,49000,48600,49800,50200,49800,49000,49400,49800,49000,48800,49200,50000,50500,50000,50000,50400,50400,50000,49600,48000,48800,48000,48000,50200,48000,47700,46500,47300,47700,47700,55200,56700,54800,55600,50900,56000,55600,54000,54800,55200,54400,54800,54000,50800,49200,48700,48400,49200,46900,47300,47300,37000,0,0,37000,40512,49000,95000,0,38281,37000,33800,47214,95000,36256,0,37539,48700,34353,0,43616,0,45579,0,36182,41087,0,44981,48700,0,37214,0,41333,44064,45339,46468,46804,49594,46333,50600,44989,46098,47476,33800,3200,-273000,-273000,-273000,95423,894,2907008,103427,0,0,0,0,0,0,0,0,0,0,0,0,0,0,0,0,396,8345,119816,275,95423,894,2907008,103427,15475008,743408,8765772,12.66,0.00,0.00,425422,126840,3215104,108554,,,,384000,384000,384000,384000,384000,384000,883200,883200,0,,,,,,0,,723365,1001450,777,4929,380,1,1322000,4702000,6980000,0,15,4461000,Notcharging,726000000
1784646149.965637257,1458.17,49000,49400,50200,50200,49400,49400,49000,49800,49000,48800,49200,50000,50900,50000,50000,50800,50400,50000,49600,47700,48400,47700,48000,50500,48000,47700,46500,47300,47300,48000,54400,55600,54000,55200,50900,55600,54800,54000,54000,54400,53600,54400,54000,50400,49200,48700,48000,49200,46900,47300,47300,37000,0,0,37000,40508,49000,95000,0,38281,37000,33800,47193,95000,36256,0,37539,48700,34323,0,43612,0,45541,0,36195,41097,0,44935,49000,0,37185,0,41296,44040,45303,46468,46669,49257,46367,50600,45056,45190,47779,33800,3200,-273000,-273000,-273000,95423,894,2907008,103427,0,0,0,0,0,0,0,0,0,0,0,0,0,0,0,0,396,8345,119816,275,95423,894,2907008,103427,15475008,741360,8763724,12.66,0.00,0.00,425422,126841,3215104,108555,,,,384000,384000,384000,384000,384000,384000,883200,883200,0,,,,,,0,,723365,1001450,777,4929,380,1,1334000,4856000,6980000,0,15,4461000,Notcharging,726000000
1784646150.429601840,1458.63,48600,49000,49800,49800,49400,49000,49000,49400,49000,48800,48800,50000,50500,50000,50000,50400,50000,50000,50000,47700,48400,47700,47700,50500,48000,47700,46100,46900,47300,47700,54000,55200,54000,54400,50900,55200,54800,52900,54000,54400,53600,54400,53600,50400,48800,48300,47700,49200,46900,46900,47300,37000,0,0,37000,40512,48700,95000,0,38281,37000,33800,47154,95000,36256,0,37539,48700,34317,0,43609,0,45538,0,36227,41084,0,44909,48300,0,37167,0,41305,44034,45269,46535,46535,49359,46064,50600,45022,45728,47812,33800,3200,-273000,-273000,-273000,95423,894,2907008,103427,0,0,0,0,0,0,0,0,0,0,0,0,0,0,0,0,396,8345,119816,275,95423,894,2907008,103427,15475008,740600,8762968,12.66,0.00,0.00,425422,126842,3215104,108556,,,,384000,384000,384000,384000,384000,384000,883200,883200,0,,,,,,0,,723365,1001450,777,4929,380,1,750000,4708000,6980000,0,15,4461000,Notcharging,726000000
1784646150.900726423,1459.10,48600,49000,50200,49800,49400,49400,49000,49400,49000,48800,48800,49600,50500,50000,50400,50400,50000,49600,49600,47700,48400,47700,48000,50200,47700,47700,46500,46900,46900,47700,54400,55600,54000,54800,50500,55600,55200,53600,54400,54800,53600,54000,53600,50400,48800,48300,48000,49200,47300,46900,47300,37000,0,0,37000,40508,48700,95000,0,38281,37000,33800,47122,95000,36256,0,37539,48700,34341,0,43628,0,45515,0,36182,41090,0,44902,48300,0,37187,0,41315,44011,45257,46568,46434,49460,46333,50600,44989,45997,47745,33800,3200,-273000,-273000,-273000,95423,894,2907008,103427,0,0,0,0,0,0,0,0,0,0,0,0,0,0,0,0,396,8345,119816,275,95423,894,2907008,103427,15475008,739992,8762424,12.72,0.00,0.00,425422,126842,3215104,108556,,,,384000,384000,384000,384000,384000,384000,883200,883200,0,,,,,,0,,719953,1001637,777,4929,380,1,806000,4810000,6980000,0,15,4461000,Notcharging,726000000
1784646151.369513663,1459.57,48600,49000,49800,49800,49800,49400,49400,49400,48700,48800,48800,50000,50500,50000,50000,50400,50400,50000,49600,47700,48400,47700,47700,50200,47700,47700,46500,46900,46900,48000,54400,55600,54400,54800,50500,55200,55200,53600,54400,54400,53600,54400,53600,50400,48800,48700,48000,49200,47300,47300,47700,37000,0,0,37000,40497,49000,95000,0,38281,37000,33800,47087,95000,36256,0,37539,48700,34353,0,43590,0,45488,0,36207,41094,0,44878,48700,0,37192,0,41302,44014,45239,46434,46535,49359,46232,51000,44989,45325,47745,33800,3200,-273000,-273000,-273000,95424,894,2907024,103427,0,0,0,0,0,0,0,0,0,0,0,0,0,0,0,0,396,8345,119816,275,95424,894,2907024,103427,15475008,738520,8760956,12.72,0.00,0.00,425422,126845,3215112,108559,,,,384000,384000,384000,384000,384000,384000,883200,883200,0,,,,,,0,,719953,1001637,777,4929,380,1,459000,4867000,6980000,0,15,4461000,Notcharging,726000000
1784646151.831651788,1460.03,48600,49000,49800,49800,49400,49000,49000,49400,49000,48800,49200,49600,50200,49600,50000,50400,50000,50000,49600,47700,48400,48000,48000,50200,48000,47700,46500,46900,46900,47700,54000,55600,54400,54400,50900,55200,54800,53600,54400,54400,53600,54400,53600,50400,48800,47900,48000,49200,46900,47300,46900,37000,0,0,37000,40497,48700,95000,0,38281,37000,33800,47084,95000,36256,0,37539,48700,34369,0,43552,0,45478,0,36170,41084,0,44849,48700,0,37175,0,41319,43976,45210,46434,46568,49191,46198,50600,44888,45863,47711,33800,3200,-273000,-273000,-273000,95424,894,2907024,103427,0,0,0,0,0,0,0,0,0,0,0,0,0,0,0,0,396,8345,119816,275,95424,894,2907024,103427,15475008,741628,8764016,12.72,0.00,0.00,425422,126845,3215112,108559,,,,384000,384000,384000,384000,384000,384000,883200,883200,0,,,,,,0,,729155,1001801,777,4929,380,1,734000,4784000,6980000,0,15,4461000,Notcharging,726000000
1784646152.295691423,1460.50,48600,48600,50200,49800,49000,49400,49000,49400,48700,48400,48800,50000,50200,50000,50000,50400,50000,50000,49600,47700,48400,47700,48000,50200,47700,47300,46100,46900,46900,48000,54400,55600,54000,54800,50500,55600,55200,53600,54000,54800,53600,54400,53600,50400,48800,48300,48000,49200,46900,47300,47300,37000,0,0,37000,40486,48700,95000,0,38334,37000,33800,47050,95000,36256,0,37460,48700,34380,0,43548,0,45462,0,36170,41076,0,44831,49000,0,37220,0,41284,43964,45194,46367,46434,49257,46132,50600,44955,45056,47846,33800,3200,-273000,-273000,-273000,95424,894,2907024,103427,0,0,0,0,0,0,0,0,0,0,0,0,0,0,0,0,396,8345,119816,275,95424,894,2907024,103427,15475008,740624,8763012,12.72,0.00,0.00,425422,126845,3215112,108559,,,,384000,384000,384000,384000,384000,384000,883200,883200,0,,,,,,0,,729525,1001259,777,4929,380,1,1341000,4976000,6980000,0,0,4461000,Notcharging,726000000
1784646153.665198089,1461.87,48600,49000,49800,49400,49400,49400,49000,49400,48700,48400,48400,49600,50200,49600,50000,50400,49600,49600,49200,47700,48000,47700,48000,50200,47700,46900,46100,46900,46900,47700,54400,56300,54800,55600,50900,56000,55600,54000,54800,54800,54000,54400,54400,50400,48800,47900,47700,49200,46900,46900,47300,37000,0,0,37000,40472,48700,95000,0,38334,37000,33900,46967,95000,36256,0,37460,48700,34359,0,43499,0,45403,0,36145,41066,0,44788,48700,0,37202,0,41284,43894,45139,46400,46400,49157,46098,50600,44686,45359,47913,33900,3200,-273000,-273000,-273000,95424,894,2907024,103427,0,0,0,0,0,0,0,0,0,0,0,0,0,0,0,0,396,8345,119816,275,95424,894,2907024,103427,15475008,741976,8764376,12.77,0.00,0.00,425422,126845,3215112,108559,,,,384000,384000,384000,384000,384000,384000,883200,883200,0,,,,,,0,,728282,1001431,777,4929,380,1,175000,4723000,6980000,0,0,4461000,Notcharging,726000000
1784646154.121872412,1462.32,49000,48600,50200,49800,49400,49000,49400,49400,49000,48400,48800,49600,50200,50000,49600,50000,50000,50000,49600,47700,48000,48000,47700,50200,47700,47300,46100,46900,46900,47700,54400,56000,54400,54800,50900,55200,54800,53200,54000,54800,54000,54400,53600,50000,48800,47900,48000,49200,46900,47300,47300,37000,0,0,37000,40475,49000,95000,0,38334,37000,33900,46957,95000,36256,0,37460,48700,34359,0,43487,0,45376,0,36185,41045,0,44754,48300,0,37187,0,41253,43872,45106,46198,46400,49090,45963,50200,44888,45257,47913,33900,3200,-273000,-273000,-273000,95431,894,2907104,103430,0,0,0,0,0,0,0,0,0,0,0,0,0,0,0,0,396,8345,119816,275,95431,894,2907104,103430,15475008,743028,8765496,12.77,0.00,0.00,425422,126845,3215152,108559,,,,384000,384000,384000,384000,384000,384000,883200,883200,0,,,,,,0,,728282,1001431,777,4929,380,1,803000,4856000,6980000,0,0,4461000,Notcharging,726000000
1784646154.593340536,1462.80,48600,49000,49800,49800,49400,49400,49000,49400,48700,48800,49200,49600,50200,49600,50000,50400,50000,50000,49600,47700,48400,47700,47700,50200,47700,47700,46100,46900,46900,47700,54000,55200,54000,54800,50500,55200,54800,53200,54000,54400,53600,54000,53600,50400,48800,48300,48000,49200,46900,47300,47300,37000,0,0,37000,40460,49000,95000,0,38334,37000,33900,46947,95000,36256,0,37460,48300,34396,0,43476,0,45323,0,36164,41066,0,44732,48300,0,37176,0,41271,43848,45088,46198,46434,49257,46165,50600,44787,45359,47913,33900,3200,-273000,-273000,-273000,95431,894,2907104,103430,0,0,0,0,0,0,0,0,0,0,0,0,0,0,0,0,396,8345,119816,275,95431,894,2907104,103430,15475008,743384,8765852,12.77,0.00,0.00,425422,126847,3215152,108561,,,,384000,384000,384000,384000,384000,384000,883200,883200,0,,,,,,0,,737290,1001552,777,4929,380,1,1341000,4954000,6980000,0,0,4461000,Notcharging,726000000
1784646155.067507568,1463.27,49000,49400,49800,49800,49000,49000,49000,49800,49000,48800,48800,49600,50500,49600,50000,50400,50000,50000,49600,47700,48000,47700,48000,50200,47700,47300,46500,46900,46900,47300,54400,55600,54000,54800,50500,55600,54800,53200,54000,54400,53600,54400,53600,50400,48800,48700,47700,49200,46900,47300,47300,37000,0,0,37000,40460,49000,95000,0,38334,37000,33900,46913,95000,36256,0,37460,49000,34396,0,43473,0,45285,0,36176,41045,0,44725,48700,0,37192,0,41253,43872,45072,46266,46400,49257,46165,50200,44753,45291,47913,33900,3200,-273000,-273000,-273000,95431,894,2907104,103430,0,0,0,0,0,0,0,0,0,0,0,0,0,0,0,0,396,8345,119816,275,95431,894,2907104,103430,15475008,746108,8768556,12.81,0.00,0.00,425422,126848,3215152,108562,,,,384000,384000,384000,384000,384000,384000,883200,883200,0,,,,,,0,,737290,1001552,777,4929,380,1,1337000,4702000,6980000,0,0,4461000,Notcharging,726000000
1784646155.532648036,1463.74,48600,48600,49800,49800,49400,49000,49000,49400,48700,48800,48800,49600,50500,50000,49600,50400,49600,49600,49600,47700,48000,47700,47700,50200,47300,47300,46500,46900,46900,47700,54800,56000,54800,55200,50500,55600,55600,54000,54400,54800,53600,54400,53600,50000,48400,48300,48000,49200,46900,46900,47300,37000,0,0,37000,40457,49000,95000,0,38334,37000,33900,46890,95000,36256,0,37460,48300,34386,0,43473,0,45289,0,36188,41045,0,44713,48300,0,37233,0,41246,43816,45060,46165,46266,49022,46165,50600,44787,45123,47745,33900,3200,-273000,-273000,-273000,95431,894,2907104,103430,0,0,0,0,0,0,0,0,0,0,0,0,0,0,0,0,396,8345,119816,275,95431,894,2907104,103430,15475008,742832,8765284,12.81,0.00,0.00,425422,126848,3215152,108562,,,,384000,384000,384000,384000,384000,384000,883200,883200,0,,,,,,0,,725640,1001706,777,4929,380,1,141000,4988000,6980000,0,0,4461000,Notcharging,726000000
1784646155.996285380,1464.20,48600,48600,49400,49800,49000,49000,49000,49000,49000,48800,48400,49200,50500,50000,49600,50000,50000,49600,49600,47300,48400,47300,47700,50200,47300,47300,46500,46500,46900,47300,54400,56000,54400,54800,50500,55600,54800,53200,54000,54400,53600,54400,53600,50400,48800,48300,48000,49200,46900,47300,47300,37000,0,0,37000,40465,48700,95000,0,38334,37000,33900,46898,95000,36256,0,37460,48700,34404,0,43467,0,45285,0,36160,41041,0,44694,48700,0,37216,0,41250,43820,45037,46198,46434,49090,46064,50200,44720,45056,47913,33900,3200,-273000,-273000,-273000,95431,894,2907104,103430,0,0,0,0,0,0,0,0,0,0,0,0,0,0,0,0,396,8345,119816,275,95431,894,2907104,103430,15475008,742656,8765076,12.81,0.00,0.00,425422,126848,3215152,108562,,,,384000,384000,384000,384000,384000,384000,883200,883200,0,,,,,,0,,0,0,777,4929,380,1,1266000,4717000,6980000,0,0,4461000,Notcharging,726000000
1784646156.454904494,1464.66,48600,48600,49400,49400,49000,49000,49000,49400,48700,48400,48800,49600,50500,50000,49600,50000,49600,50000,49200,47700,48000,47700,47700,50200,47700,46900,46100,46900,46500,47700,54400,55600,54400,54800,50200,55600,55200,53200,54000,54400,53600,54000,53600,50000,48800,47900,48000,49200,46900,46900,46900,37000,0,0,37000,40450,49000,95000,0,38334,37000,33900,46864,95000,36256,0,37460,48300,34423,0,43444,0,45267,0,36213,41035,0,44683,48300,0,37169,0,41229,43816,45019,46232,46367,49090,46098,50200,44720,45056,47947,33900,3200,-273000,-273000,-273000,95431,894,2907104,103430,0,0,0,0,0,0,0,0,0,0,0,0,0,0,0,0,396,8345,119816,275,95431,894,2907104,103430,15475008,738860,8761280,12.81,0.00,0.00,425422,126848,3215152,108562,,,,384000,384000,384000,384000,384000,384000,883200,883200,0,,,,,,0,,731882,1001351,777,4929,380,1,256000,4815000,6980000,0,0,4461000,Notcharging,726000000
1784646156.921836213,1465.12,48600,49000,49400,49400,49000,49000,48700,49400,49000,48800,48800,49600,50200,49600,49600,50000,50000,49600,49600,47700,48000,47700,47700,50200,47300,47300,46500,46500,46900,47700,54400,56000,54000,54800,50500,55600,55200,53600,54400,54800,53600,54400,54000,50000,48800,48300,47700,49200,46900,46900,47300,37000,0,0,37000,40435,48700,95000,0,38334,37000,33900,46855,95000,36256,0,37375,48700,34377,0,43435,0,45244,0,36164,41025,0,44663,48700,0,37208,0,41246,43801,45007,46434,46266,48888,46064,50200,44619,45291,48048,33900,3200,-273000,-273000,-273000,95431,894,2907104,103430,0,0,0,0,0,0,0,0,0,0,0,0,0,0,0,0,396,8345,119816,275,95431,894,2907104,103430,15475008,746296,8768624,12.66,0.00,0.00,425422,126848,3215152,108562,,,,384000,384000,384000,384000,384000,384000,883200,883200,0,,,,,,0,,0,0,777,4929,380,1,819000,4726000,6980000,0,0,4461000,Notcharging,726000000
1784646157.382515900,1465.59,48600,49000,49400,49800,49000,49000,49400,49000,49000,48800,48800,49600,50200,49200,50000,50000,49600,49600,49200,47300,48400,47700,47700,49800,47300,47700,46500,46900,46900,47700,54400,55200,54400,54800,50200,55200,54800,53200,54000,54400,53200,54000,53600,50000,48800,48300,48000,49200,46900,47300,46900,37000,0,0,37000,40454,48700,95000,0,38334,37000,33900,46833,95000,36256,0,37375,48700,34435,0,43409,0,45233,0,36207,41041,0,44627,48300,0,37188,0,41222,43766,44991,46198,46165,49090,46031,50200,44720,45022,48014,33900,3200,-273000,-273000,-273000,95431,894,2907104,103430,0,0,0,0,0,0,0,0,0,0,0,0,0,0,0,0,396,8345,119816,275,95431,894,2907104,103430,15475008,746868,8769164,12.66,0.00,0.00,425422,126848,3215152,108562,,,,384000,384000,384000,384000,384000,384000,883200,883200,0,,,,,,0,,0,0,777,4929,380,1,1291000,4959000,6980000,0,0,4461000,Notcharging,726000000
1784646157.858189494,1466.06,48600,49000,49800,49400,49000,48700,49000,49400,48700,48400,48400,49600,49800,49600,49600,50000,49600,49600,49200,47700,48000,47700,47700,50200,47700,47300,46100,46900,46900,47300,54000,55200,53600,54800,50200,55600,55200,53600,54400,54400,53600,53600,53600,50000,48800,47900,47700,49200,46500,46900,46900,37000,0,0,37000,40440,49000,95000,0,38334,37000,33900,46827,95000,36256,0,37375,48700,34432,0,43394,0,45221,0,36160,41025,0,44621,47900,0,37156,0,41212,43776,44974,46198,46333,49123,46064,50200,44720,44787,48014,33900,3200,-273000,-273000,-273000,95431,894,2907104,103430,0,0,0,0,0,0,0,0,0,0,0,0,0,0,0,0,396,8345,119816,275,95431,894,2907104,103430,15475008,742904,8765204,12.66,0.00,0.00,425422,126848,3215152,108562,,,,384000,384000,384000,384000,384000,384000,883200,883200,0,,,,,,0,,722933,1001531,777,4929,380,1,1297000,4705000,6980000,0,0,4461000,Notcharging,726000000
1784646159.225385743,1467.43,48600,48600,49800,49800,49000,49000,48700,49400,49000,48800,48400,49600,50500,49600,50000,50400,50000,49600,49200,47300,48400,47700,47700,50200,47700,47300,46100,46900,46900,47300,54400,55600,54400,55600,50500,56000,55200,53600,54800,54800,54000,54400,54000,50400,48800,47900,47700,48800,46500,46900,47300,37000,0,0,37000,40424,48700,95000,0,38334,37000,33900,46776,95000,36256,0,37375,48700,34418,0,43361,0,45187,0,36145,41010,0,44564,48300,0,37185,0,41212,43730,44929,46232,46165,48989,45930,50200,44686,44888,48048,33900,3200,-273000,-273000,-273000,95434,894,2907152,103431,0,0,0,0,0,0,0,0,0,0,0,0,0,0,0,0,396,8345,119816,275,95434,894,2907152,103431,15475008,732844,8755108,12.72,0.00,0.00,425422,126866,3215176,108580,,,,384000,384000,384000,384000,384000,384000,883200,883200,0,,,,,,0,,0,0,777,4929,380,1,244000,4802000,6980000,0,0,4461000,Notcharging,726000000
1784646159.680423243,1467.88,48600,49000,50200,49800,49400,49000,49000,49400,48700,48800,48800,49600,50200,49600,49600,50400,50000,50000,49600,47300,48400,47700,47700,50200,47700,47300,46500,46900,46900,47300,53600,55200,54000,54000,50500,54800,54800,53200,53600,54000,53200,54000,53200,50000,48400,48300,48000,49200,46900,46900,47300,37000,0,0,37000,40429,49000,95000,0,38334,37000,33900,46768,95000,36256,0,37375,48700,34465,0,43344,0,45153,0,36119,41003,0,44548,48700,0,37169,0,41212,43730,44912,46031,46165,48821,46098,50600,44686,44652,48148,33900,3200,-273000,-273000,-273000,95434,894,2907152,103431,0,0,0,0,0,0,0,0,0,0,0,0,0,0,0,0,396,8345,119816,275,95434,894,2907152,103431,15475008,731836,8754104,12.72,0.00,0.00,425422,126866,3215176,108580,,,,384000,384000,384000,384000,384000,384000,883200,883200,0,,,,,,0,,753572,1001213,777,4929,380,1,778000,4750000,6980000,0,0,4461000,Notcharging,726000000
1784646160.157092045,1468.36,48600,48600,49800,49400,49400,49000,49000,49400,48700,48400,48400,49200,50500,49600,50000,50400,49600,50000,49600,47300,48000,47700,47700,50200,47700,47700,46100,46900,46900,47700,54400,55600,54000,54800,50500,55200,54800,53200,54000,54000,53200,54000,53600,50400,48800,48300,48000,48800,46500,46900,47300,37000,0,0,37000,40417,48700,95000,0,38334,37000,33900,46776,95000,36256,0,37375,48300,34432,0,43358,0,45150,0,36128,40972,0,44544,48300,0,37155,0,41212,43692,44899,46198,46266,48955,45930,50200,44551,44753,48081,33900,3200,-273000,-273000,-273000,95434,894,2907152,103431,0,0,0,0,0,0,0,0,0,0,0,0,0,0,0,0,396,8345,119816,275,95434,894,2907152,103431,15475008,733204,8755520,12.72,0.00,0.00,425422,126866,3215176,108580,,,,384000,384000,384000,384000,384000,384000,883200,883200,0,,,,,,0,,753572,1001213,777,4929,380,1,534000,4728000,6980000,0,0,4461000,Notcharging,726000000
1784646160.622154753,1468.82,48200,48600,50200,49800,49400,49000,49000,49000,48700,48400,48800,49600,50200,50000,50000,50000,50000,50000,49200,47700,48000,47700,47300,50200,47700,47300,46500,46500,46500,47700,52900,54400,53200,53600,50500,54000,54400,52500,53200,53600,53200,53600,53200,50400,48800,47900,47700,49200,46900,46900,47300,37000,0,0,37000,40421,48700,95000,0,38334,37000,33900,46734,95000,36256,0,37375,48300,34440,0,43305,0,45162,0,36151,40982,0,44531,48300,0,37190,0,41194,43695,44877,45930,46198,48888,45863,50600,44619,45325,48182,33900,3200,-273000,-273000,-273000,95434,894,2907152,103431,0,0,0,0,0,0,0,0,0,0,0,0,0,0,0,0,396,8345,119816,275,95434,894,2907152,103431,15475008,733136,8755456,12.41,0.00,0.00,425422,126866,3215176,108580,,,,384000,384000,384000,384000,384000,384000,883200,883200,0,,,,,,0,,718258,1001599,777,4929,380,1,1341000,4885000,6980000,0,0,4461000,Notcharging,726000000
1784646161.085461315,1469.29,48200,48600,49400,49000,49000,49000,49000,49000,48300,48400,48400,49600,50500,49600,49600,50000,49600,49600,49600,47300,48400,47700,47700,50200,47700,47300,46500,46500,46500,47700,53600,54800,54000,54000,50200,54800,54400,52900,54000,53600,53600,54000,53200,50400,48800,47900,47700,48800,46900,46900,46900,37000,0,0,37000,40421,48700,95000,0,38334,37000,33900,46748,95000,36256,0,37375,48300,34468,0,43325,0,45128,0,36192,41013,0,44526,48300,0,37167,0,41200,43670,44880,46198,46299,48753,45997,49800,44585,45392,48014,33900,3200,-273000,-273000,-273000,95434,894,2907152,103431,0,0,0,0,0,0,0,0,0,0,0,0,0,0,0,0,396,8345,119816,275,95434,894,2907152,103431,15475008,742976,8765296,12.41,0.00,0.00,425422,126866,3215176,108580,,,,384000,384000,384000,384000,384000,384000,883200,883200,0,,,,,,0,,718258,1001599,777,4929,380,1,569000,4823000,6980000,0,0,4461000,Notcharging,726000000
1784646161.544536523,1469.75,48600,49000,49800,49800,49000,49000,49000,49400,48700,48400,48800,49600,50200,49600,49600,50000,50000,49600,49200,47300,48400,47700,47700,50200,47300,47300,46100,46900,46500,47300,54400,56000,54400,55600,50500,56000,55200,54000,54800,54800,53600,54400,54000,50000,48400,47900,47300,48800,46500,46900,47300,37000,0,0,37000,40417,48700,95000,0,38334,37000,33900,46727,95000,36256,0,37375,48700,34451,0,43322,0,45101,0,36151,40982,0,44523,48300,0,37199,0,41197,43683,44894,45997,46266,48720,45863,50200,44518,45022,48048,33900,3200,-273000,-273000,-273000,95434,894,2907152,103431,0,0,0,0,0,0,0,0,0,0,0,0,0,0,0,0,396,8345,119816,275,95434,894,2907152,103431,15475008,740712,8763032,12.41,0.00,0.00,425422,126866,3215176,108580,,,,384000,384000,384000,384000,384000,384000,883200,883200,0,,,,,,0,,740102,1001521,777,4929,380,1,1337000,4863000,6980000,0,0,4461000,Notcharging,726000000
1784646162.000780482,1470.20,48200,48600,49800,49400,49000,48700,49000,49000,48700,48400,48400,49600,50500,49600,49200,50000,49600,49600,49200,47300,48400,47300,47700,50200,47700,47700,46100,46900,46900,47300,53200,55200,53600,54000,50200,55200,54400,52900,54000,54000,53200,54000,53200,50000,48800,47900,47700,49200,46900,46900,46900,37000,0,0,37000,40410,48700,95000,0,38279,37000,33900,46704,95000,36256,0,37242,48700,34502,0,43297,0,45105,0,36164,40979,0,44500,48300,0,37201,0,41191,43692,44861,46198,46232,48888,45896,50200,44585,44854,48115,33900,3200,-273000,-273000,-273000,95434,894,2907152,103431,0,0,0,0,0,0,0,0,0,0,0,0,0,0,0,0,396,8345,119816,275,95434,894,2907152,103431,15475008,743980,8766332,12.41,0.00,0.00,425422,126868,3215176,108582,,,,384000,384000,384000,384000,384000,384000,883200,883200,0,,,,,,0,,740102,1001521,777,4929,380,1,556000,4808000,6980000,0,0,4461000,Notcharging,726000000
1784646162.457919075,1470.66,48600,48600,49800,49800,49000,49000,48700,49400,48700,48400,48800,49200,50200,49600,49600,50400,49600,49600,49200,47700,48000,47700,47700,50200,47300,46900,46100,46900,46900,47700,54000,56000,54400,54800,50500,56000,55200,53600,54400,54400,53600,54000,53600,50400,48400,47900,48000,49200,46900,46900,47300,37000,0,0,37000,40421,48700,95000,0,38279,37000,33900,46684,95000,36256,0,37242,48300,34462,0,43337,0,45085,0,36142,40979,0,44490,48300,0,37163,0,41200,43660,44839,46064,46098,48787,46064,50200,44551,44652,48115,33900,3200,-273000,-273000,-273000,95434,894,2907152,103431,0,0,0,0,0,0,0,0,0,0,0,0,0,0,0,0,396,8345,119816,275,95434,894,2907152,103431,15475008,744976,8767300,12.41,0.00,0.00,425422,126868,3215176,108582,,,,384000,384000,384000,384000,384000,384000,883200,883200,0,,,,,,0,,738810,1001419,777,4929,380,1,116000,5018000,6980000,0,0,4461000,Notcharging,726000000
1784646162.912830742,1471.12,48200,48600,49400,49400,49000,49000,49000,49000,48700,48400,48400,49600,50200,49600,49600,50000,49200,49600,49600,47300,48000,47300,47700,49800,47700,46900,46100,46900,46500,47300,54400,55600,54400,54800,50200,55200,54800,53200,54000,54400,53200,54000,53200,50400,48400,47900,47700,48800,46500,46900,46900,37000,0,0,37000,40417,48700,95000,0,38279,37000,33900,46665,95000,36256,0,37242,48300,34508,0,43305,0,45078,0,36145,40982,0,44483,48300,0,37176,0,41170,43648,44840,45930,46266,48821,45896,49800,44551,45190,48182,33900,3200,-273000,-273000,-273000,95434,894,2907152,103431,0,0,0,0,0,0,0,0,0,0,0,0,0,0,0,0,396,8345,119816,275,95434,894,2907152,103431,15475008,743212,8765540,12.52,0.00,0.00,425422,126868,3215176,108582,,,,384000,384000,384000,384000,384000,384000,883200,883200,0,,,,,,0,,0,0,777,4929,380,1,875000,4728000,6980000,0,0,4461000,Notcharging,726000000
1784646163.370126262,1471.57,48600,48600,49400,49400,49000,48700,48700,49400,48700,48400,48800,49600,50200,49200,49600,50000,50000,49600,49200,47300,48000,47300,47700,49800,47300,47300,46100,46500,46500,47300,54400,55200,54400,54400,50200,55600,55200,53200,54000,54400,53600,54000,53200,50400,48400,47900,47700,49200,46500,46500,47300,37000,0,0,37000,40410,48700,95000,0,38279,37000,33900,46669,95000,36256,0,37242,48300,34480,0,43283,0,45048,0,36164,40972,0,44483,48300,0,37150,0,41178,43634,44825,45963,46165,48720,45997,50200,44451,44787,48148,33900,3200,-273000,-273000,-273000,95434,894,2907152,103431,0,0,0,0,0,0,0,0,0,0,0,0,0,0,0,0,396,8345,119816,275,95434,894,2907152,103431,15475008,742212,8764540,12.52,0.00,0.00,425422,126868,3215176,108582,,,,998400,998400,998400,998400,998400,998400,883200,883200,0,,,,,,0,,731997,1001669,0,4810,380,1,931000,4704000,6980000,0,0,4462000,Notcharging,726000000
1784646164.401607720,1472.60,48600,49000,49800,49800,49000,49000,49000,49400,48700,48800,48800,50000,50200,50000,50000,50000,49600,50000,49600,47700,48000,47700,47300,50200,47700,47300,46500,46900,46900,47700,54400,55600,54400,54800,50500,55600,55200,53600,54400,54800,53600,54400,54000,50000,48800,48300,48000,49200,46900,47300,47300,37000,0,0,37000,40406,48700,95000,0,38279,37000,34000,46649,95000,36256,0,37242,48700,34522,0,43272,0,45012,0,36107,40982,0,44462,48700,0,37195,0,41160,43590,44814,45997,46064,48888,45963,50200,44585,44686,48182,34000,3200,-273000,-273000,-273000,95437,894,2907200,103432,0,0,0,0,0,0,0,0,0,0,0,0,0,0,0,0,396,8345,119816,275,95437,894,2907200,103432,15475008,745460,8767836,12.52,0.00,0.00,425422,126869,3215200,108583,,,,384000,384000,384000,384000,384000,384000,883200,883200,0,,,,,,0,,731997,1001669,0,4810,380,1,169000,4984000,6980000,0,13,4462000,Notcharging,726000000
1784646164.867112564,1473.07,48600,48600,49800,49400,49000,49000,49000,49400,48700,48400,48800,49200,50200,49600,49600,50000,50000,49600,49600,47700,48400,47700,47700,49800,47700,47300,46500,46900,46500,47700,54400,55600,54400,54800,50500,55600,55200,53200,54000,54800,53600,54000,54000,50000,48800,47900,48000,49200,46900,46900,46900,37000,0,0,37000,40406,48700,95000,0,38279,37000,34000,46662,95000,36256,0,37242,48700,34535,0,43283,0,45008,0,36151,40975,0,44452,48300,0,37176,0,41153,43609,44806,45728,46031,48922,45829,50600,44585,44787,48216,34000,3200,-273000,-273000,-273000,95437,894,2907200,103432,0,0,0,0,0,0,0,0,0,0,0,0,0,0,0,0,396,8345,119816,275,95437,894,2907200,103432,15475008,741680,8764056,12.78,0.00,0.00,425422,126869,3215200,108583,,,,384000,384000,384000,384000,384000,384000,883200,883200,0,,,,,,0,,749512,1001017,0,4810,380,1,1241000,4723000,6980000,0,13,4462000,Notcharging,726000000
1784646165.332165012,1473.53,48600,48600,49800,49800,49000,49000,48700,49400,48700,48800,48800,49600,50200,49600,49600,50000,49600,50000,49200,47300,47700,47700,48000,49800,47300,47300,46100,46500,46500,47300,54000,55600,54400,54400,50500,55200,54800,53200,54000,54400,53200,54000,53600,50400,48400,48300,47700,49200,46500,46900,46900,37000,0,0,37000,40403,49000,95000,0,38279,37000,34000,46658,95000,36256,0,37242,48300,34505,0,43272,0,45031,0,36176,40969,0,44438,48300,0,37179,0,41160,43590,44813,45997,46132,48821,45863,50200,44686,44820,48182,34000,3200,-273000,-273000,-273000,95437,894,2907200,103432,0,0,0,0,0,0,0,0,0,0,0,0,0,0,0,0,396,8345,119816,275,95437,894,2907200,103432,15475008,743464,8765848,12.78,0.00,0.00,425422,126869,3215200,108583,,,,384000,384000,384000,384000,384000,384000,883200,883200,0,,,,,,0,,749512,1001017,0,4810,380,1,706000,4730000,6980000,0,13,4462000,Notcharging,726000000
1784646165.788750793,1473.99,48200,49000,49400,49000,49000,48700,48700,49000,48700,48800,48400,49200,50200,49600,49600,49600,50000,49600,49200,47300,48400,47300,47700,49800,47700,47300,46100,46900,46900,47700,54800,56000,54400,55200,50500,56000,55200,53600,54400,54800,53600,54400,53600,50000,48400,47900,47700,48800,46900,46500,47300,37000,0,0,37000,40400,48700,95000,0,38279,37000,34000,46638,95000,36256,0,37242,48700,34492,0,43261,0,45019,0,36173,40997,0,44423,48300,0,37149,0,41160,43596,44784,46064,46132,48552,45661,50200,44518,44652,48216,34000,3200,-273000,-273000,-273000,95437,894,2907200,103432,0,0,0,0,0,0,0,0,0,0,0,0,0,0,0,0,396,8345,119816,275,95437,894,2907200,103432,15475008,745552,8767920,12.78,0.00,0.00,425422,126869,3215200,108583,,,,384000,384000,384000,384000,384000,384000,883200,883200,0,,,,,,0,,729328,1001487,0,4810,380,1,119000,4853000,6980000,0,13,4462000,Notcharging,726000000
1784646166.243289907,1474.45,48200,48600,49800,49400,49000,48700,48700,49400,48700,48400,48400,49600,50200,49600,49600,50000,49600,50000,49200,46900,48400,47700,47700,50200,47700,47300,46500,46900,46900,47300,54400,55600,54000,54800,50200,55200,54800,53200,54000,54400,53200,53600,53200,50400,48400,48300,47700,49200,46900,46900,47300,37000,0,0,37000,40392,48700,95000,0,38279,37000,34000,46638,95000,36256,0,37242,48700,34505,0,43240,0,44998,0,36139,40959,0,44420,48300,0,37187,0,41170,43628,44787,45963,46064,48619,45694,50200,44518,44921,48216,34000,3200,-273000,-273000,-273000,95437,894,2907200,103432,0,0,0,0,0,0,0,0,0,0,0,0,0,0,0,0,396,8345,119816,275,95437,894,2907200,103432,15475008,744068,8766436,12.78,0.00,0.00,425422,126869,3215200,108583,,,,384000,384000,384000,384000,384000,384000,883200,883200,0,,,,,,0,,0,0,0,4810,380,1,144000,5011000,6980000,0,13,4462000,Notcharging,726000000
1784646166.709922511,1474.91,48200,48600,49400,49400,49000,49000,48700,49000,48300,48400,48800,49200,50200,49600,49600,50000,49600,49600,49200,47300,48000,47700,47700,49800,47700,46900,46100,46900,46500,47700,54000,55200,54000,54400,50500,55200,54800,53200,54000,54400,53200,53600,53600,50000,48400,47900,47300,48800,46500,46500,46900,37000,0,0,37000,40392,48700,95000,0,38279,37000,34000,46604,95000,36256,0,37242,48300,34556,0,43222,0,44998,0,36154,40962,0,44406,47900,0,37207,0,41129,43580,44782,45997,46064,48619,45728,49800,44551,44820,48216,34000,3200,-273000,-273000,-273000,95437,894,2907200,103432,0,0,0,0,0,0,0,0,0,0,0,0,0,0,0,0,396,8345,119816,275,95437,894,2907200,103432,15475008,743060,8765428,12.46,0.00,0.00,425422,126869,3215200,108583,,,,384000,384000,384000,384000,384000,384000,883200,883200,0,,,,,,0,,740969,1001199,0,4810,380,1,1212000,4732000,6980000,0,13,4462000,Notcharging,726000000
1784646167.169483605,1475.37,48200,48600,49400,49400,49000,49000,49000,49400,48700,48400,48400,49600,50200,49200,49600,50000,49600,49600,49200,47300,48000,47700,47700,50200,47700,47300,45700,46500,46500,47300,53200,54400,53600,53600,50200,54400,54400,52100,53200,53600,53200,53600,53200,50000,48400,47900,47700,48800,46500,46900,46900,37000,0,0,37000,40392,48700,95000,0,38279,37000,34000,46611,95000,36256,0,37190,48300,34513,0,43235,0,44983,0,36182,40962,0,44406,48700,0,37183,0,41135,43541,44779,45762,45997,48720,45863,49800,44551,44753,48216,34000,3200,-273000,-273000,-273000,95437,894,2907200,103432,0,0,0,0,0,0,0,0,0,0,0,0,0,0,0,0,396,8345,119816,275,95437,894,2907200,103432,15475008,739532,8761884,12.46,0.00,0.00,425422,126869,3215200,108583,,,,384000,384000,384000,384000,384000,384000,883200,883200,0,,,,,,0,,740969,1001199,0,4810,380,1,997000,4804000,6980000,0,13,4462000,Notcharging,726000000
1784646167.637455479,1475.84,48600,48600,49400,49000,49000,48700,48700,49000,48300,48400,48400,49600,50200,49600,49600,49600,49600,49200,49200,46900,48000,47300,47700,49800,47300,47300,46100,46500,46500,47300,54000,55200,54000,54800,50200,55600,54800,53200,53600,54000,53600,54000,53600,50000,48400,47900,47300,48800,46500,46900,46500,37000,0,0,37000,40392,48700,95000,0,38279,37000,34000,46581,95000,36256,0,37190,48300,34505,0,43240,0,44966,0,36139,40956,0,44396,48300,0,37195,0,41138,43570,44749,45896,45930,48585,45694,49800,44417,44854,48115,34000,3200,-273000,-273000,-273000,95437,894,2907200,103432,0,0,0,0,0,0,0,0,0,0,0,0,0,0,0,0,396,8345,119816,275,95437,894,2907200,103432,15475008,738020,8760376,12.46,0.00,0.00,425422,126869,3215200,108583,,,,384000,384000,384000,384000,384000,384000,883200,883200,0,,,,,,0,,731515,1001555,0,4810,380,1,1341000,4708000,6980000,0,13,4462000,Notcharging,726000000
1784646168.095418813,1476.30,48200,48600,49400,49400,49000,48700,48700,49000,49000,48400,48400,49200,50200,49600,49600,50000,49600,49600,49200,47300,48000,47300,47700,49800,47700,46900,46100,46500,46500,46900,53600,54800,53200,54000,50200,54400,54400,52500,53200,53600,52900,53600,53200,50000,48400,47900,47700,48800,46500,46500,46900,37000,0,0,37000,40395,48700,95000,0,38279,37000,34000,46581,95000,36256,0,37190,48300,34571,0,43215,0,44966,0,36167,40959,0,44377,47900,0,37188,0,41129,43574,44753,45997,46098,48720,45694,49800,44518,45022,48249,34000,3200,-273000,-273000,-273000,95437,894,2907200,103432,0,0,0,0,0,0,0,0,0,0,0,0,0,0,0,0,396,8345,119816,275,95437,894,2907200,103432,15475008,737012,8759352,12.46,0.00,0.00,425422,126869,3215200,108583,,,,384000,384000,384000,384000,384000,384000,883200,883200,0,,,,,,0,,731515,1001555,0,4810,380,1,1216000,4726000,6980000,0,13,4462000,Notcharging,726000000
1784646168.557403083,1476.76,48200,48600,49400,49400,48700,48700,48300,48700,48300,48400,48400,49200,50200,49600,49600,50000,49600,49600,49200,47300,48000,47300,47700,49800,47300,47300,46100,46500,46500,47300,52900,54800,53600,53600,50200,54400,54400,52100,52900,53600,53200,53600,53200,50000,48400,47500,47700,48800,46900,46900,46900,37000,0,0,37000,40395,48700,95000,0,38279,37000,34000,46555,95000,36256,0,37190,48300,34549,0,43228,0,44998,0,36160,40962,0,44393,48300,0,37192,0,41119,43567,44753,46031,46031,48417,45526,50200,44484,44955,48148,34000,3200,-273000,-273000,-273000,95437,894,2907200,103432,0,0,0,0,0,0,0,0,0,0,0,0,0,0,0,0,396,8345,119816,275,95437,894,2907200,103432,15475008,735500,8757844,12.46,0.00,0.00,425422,126869,3215200,108583,,,,1113600,1113600,1113600,1113600,1113600,1113600,883200,883200,0,,,,,,0,,736980,1001615,0,4810,380,1,931000,4975000,6980000,0,5,4462000,Notcharging,726000000
1784646169.545740322,1477.75,48600,49400,49800,49800,49400,49400,49000,49400,48700,48800,48800,49600,50500,49600,49600,50400,49600,50000,49600,47300,48000,47700,47700,50500,47700,46900,46500,46500,46900,47300,54400,55600,54400,54800,50500,55600,54800,53600,54400,54400,53600,54000,54000,50400,48800,48300,47700,49200,46500,46900,47300,37000,0,0,37000,40384,48700,95000,0,38279,37000,34100,46559,95000,36256,0,37190,48700,34568,0,43208,0,44962,0,36160,40951,0,44361,48700,0,37178,0,41097,43545,44737,46064,46165,48821,45795,50200,44451,44989,48115,34100,3200,-273000,-273000,-273000,95440,894,2907248,103433,0,0,0,0,0,0,0,0,0,0,0,0,0,0,0,0,396,8345,119816,275,95440,894,2907248,103433,15475008,737732,8760188,12.56,0.00,0.00,425422,126869,3215224,108583,,,,384000,384000,384000,384000,384000,384000,883200,883200,0,,,,,,0,,763206,1001102,0,4810,380,1,803000,4710000,6980000,0,17,4462000,Notcharging,726000000
1784646170.016829645,1478.22,48600,48600,49400,49800,49000,48700,49000,49000,48700,48400,48800,49200,50500,49600,49600,50000,50000,50000,49600,47300,48400,47300,47700,50200,47700,46900,46100,46500,46900,47700,53600,55200,53600,54400,50500,54800,54400,52900,53600,54000,53200,53600,53600,50000,48800,48300,47700,49200,46900,46900,47300,37000,0,0,37000,40381,48700,95000,0,38279,37000,34100,46552,95000,36256,0,37190,48300,34581,0,43218,0,44957,0,36164,40956,0,44361,47900,0,37172,0,41107,43519,44715,45930,45997,48687,45863,50200,44350,45056,48182,34100,3200,-273000,-273000,-273000,95440,894,2907248,103433,0,0,0,0,0,0,0,0,0,0,0,0,0,0,0,0,396,8345,119816,275,95440,894,2907248,103433,15475008,736724,8759184,12.56,0.00,0.00,425422,126869,3215224,108583,,,,384000,384000,384000,384000,384000,384000,883200,883200,0,,,,,,0,,763206,1001102,0,4810,380,1,459000,4857000,6980000,0,17,4462000,Notcharging,726000000
1784646170.481707457,1478.68,48200,48600,49800,49400,49000,48700,48700,49000,48700,48400,48800,49200,50200,49200,49600,50000,49600,49600,49200,47300,48000,47700,47700,50200,47300,47300,46100,46900,46900,47300,52900,54000,53200,52900,50200,54000,54000,52100,52900,53600,53200,53600,53200,50000,48400,48300,47700,48800,46900,46500,46900,37000,0,0,37000,40389,48700,95000,0,38279,37000,34100,46559,95000,36256,0,37190,48300,34568,0,43175,0,44943,0,36151,40951,0,44347,48300,0,37152,0,41125,43526,44723,45930,45930,48821,45762,50200,44417,44955,48350,34100,3200,-273000,-273000,-273000,95440,894,2907248,103433,0,0,0,0,0,0,0,0,0,0,0,0,0,0,0,0,396,8345,119816,275,95440,894,2907248,103433,15475008,737912,8760436,12.56,0.00,0.00,425422,126869,3215224,108583,,,,384000,384000,384000,384000,384000,384000,883200,883200,0,,,,,,0,,738794,1001368,0,4810,380,1,1341000,4809000,6980000,0,17,4462000,Notcharging,726000000
1784646170.955220114,1479.16,48200,48200,49000,49000,49000,48700,48700,48700,48300,48400,48400,49600,50200,49600,49200,50000,49600,49600,49200,47300,48000,47300,47700,49800,47700,46900,46100,46900,46500,47300,54400,56000,54400,54400,50200,55200,55200,52900,54000,54400,53600,54000,53200,50000,48400,47900,47700,49200,46500,46900,46900,37000,0,0,37000,40392,48300,95000,0,38279,37000,34100,46566,95000,36256,0,37190,48300,34556,0,43185,0,44933,0,36179,40941,0,44344,47900,0,37147,0,41125,43531,44709,45829,45930,48787,45728,50200,44551,44787,48317,34100,3200,-273000,-273000,-273000,95440,894,2907248,103433,0,0,0,0,0,0,0,0,0,0,0,0,0,0,0,0,396,8345,119816,275,95440,894,2907248,103433,15475008,740920,8763432,12.27,0.00,0.00,425422,126869,3215224,108583,,,,384000,384000,384000,384000,384000,384000,883200,883200,0,,,,,,0,,738794,1001368,0,4810,380,1,1341000,4875000,6980000,0,17,4462000,Notcharging,726000000
1784646171.418422874,1479.62,48600,49000,49400,49400,49400,48700,49000,49400,49000,48400,48800,49600,50200,49200,49600,50000,49600,49200,49200,47300,47700,47300,47300,49800,47300,47300,46500,46900,46900,47300,54000,55200,54000,54800,50200,55200,54800,53200,54400,54000,53200,54000,53600,50000,48400,47900,47700,48800,46500,46500,46900,37000,0,0,37000,40389,48700,95000,0,38279,37000,34100,46581,95000,36256,0,37190,48300,34595,0,43215,0,44914,0,36176,40945,0,44333,48300,0,37195,0,41097,43512,44713,45896,45997,48888,45795,50200,44350,44888,48283,34100,3200,-273000,-273000,-273000,95441,894,2907336,103433,0,0,0,0,0,0,0,0,0,0,0,0,0,0,0,0,396,8345,119816,275,95441,894,2907336,103433,15475008,738148,8760660,12.27,0.00,0.00,425422,126869,3215268,108583,,,,384000,384000,384000,384000,384000,384000,883200,883200,0,,,,,,0,,738794,1001368,0,4810,380,1,1319000,4939000,6980000,0,17,4462000,Notcharging,726000000
1784646171.872076259,1480.07,48600,48600,49400,49400,49000,48700,48700,49000,48700,48400,48400,49200,50200,49600,49600,50000,49600,49600,49200,47300,48000,47700,47700,49800,47300,46900,46100,46500,46900,47700,54000,55200,54000,54400,50200,55200,54400,53200,53600,54000,53600,53600,53200,50000,48400,47500,47300,48800,46500,47300,46900,37000,0,0,37000,40392,47900,95000,0,38279,37000,34100,46535,95000,36256,0,37190,48300,34584,0,43203,0,44929,0,36157,40959,0,44332,48300,0,37193,0,41097,43509,44704,45896,45863,48787,45795,49800,44484,45056,48216,34100,3200,-273000,-273000,-273000,95441,894,2907336,103433,0,0,0,0,0,0,0,0,0,0,0,0,0,0,0,0,396,8345,119816,275,95441,894,2907336,103433,15475008,747856,8770352,12.27,0.00,0.00,425422,126869,3215268,108583,,,,384000,384000,384000,384000,384000,384000,883200,883200,0,,,,,,0,,742632,1001529,0,4810,380,1,1337000,4819000,6980000,0,17,4462000,Notcharging,726000000
1784646172.343238238,1480.55,48600,48600,49400,49000,49000,48700,48300,48700,48700,48400,48400,49600,50200,49600,49600,50000,49600,49600,49200,47300,48000,47300,47300,49800,47300,46900,46100,46900,46500,47300,52500,54000,53200,53200,50200,54000,54000,52100,52500,53600,53200,53600,52900,50000,48800,47500,47300,49200,46500,46900,46900,37000,0,0,37000,40392,48700,95000,0,38279,37000,34100,46570,95000,36256,0,37190,48300,34584,0,43196,0,44911,0,36192,40951,0,44336,47900,0,37155,0,41087,43499,44704,45795,45997,48619,45762,50200,44417,45123,48317,34100,3200,-273000,-273000,-273000,95441,894,2907336,103433,0,0,0,0,0,0,0,0,0,0,0,0,0,0,0,0,396,8345,119816,275,95441,894,2907336,103433,15475008,742276,8764792,12.27,0.00,0.00,425422,126869,3215268,108583,,,,384000,384000,384000,384000,384000,384000,883200,883200,0,,,,,,0,,742632,1001529,0,4810,380,1,262000,4990000,6980000,0,17,4462000,Notcharging,726000000
1784646172.805299905,1481.01,48200,48600,49400,49400,48700,49000,49000,49000,48300,48400,48400,49200,50500,49200,49600,50000,49600,49600,48800,47300,48000,47300,47300,50200,47300,47300,46100,46500,46500,47300,53200,54400,53600,53600,50200,54400,54400,52100,53200,53600,53200,54000,53200,50000,48400,47900,47700,48800,46900,46500,46900,37000,0,0,37000,40384,48700,95000,0,38279,37000,34100,46528,95000,36256,0,37190,48300,34595,0,43189,0,44888,0,36210,40969,0,44335,48300,0,37202,0,41097,43494,44695,45863,46064,48888,45728,49800,44484,45359,48350,34100,3200,-273000,-273000,-273000,95441,894,2907336,103433,0,0,0,0,0,0,0,0,0,0,0,0,0,0,0,0,396,8345,119816,275,95441,894,2907336,103433,15475008,752444,8775220,12.04,0.00,0.00,425422,126869,3215268,108583,,,,384000,384000,384000,384000,384000,384000,883200,883200,0,,,,,,0,,732392,1001588,0,4810,380,1,1337000,4856000,6980000,0,17,4462000,Notcharging,726000000
1784646173.276465373,1481.48,48200,48600,49400,49400,49000,48700,48300,49000,48700,48400,48400,49600,49800,49600,49600,50000,49600,49600,49200,47300,48000,47300,47300,49800,47300,46900,46100,46500,46500,47300,53600,55200,54000,54400,50200,55200,55200,52900,53600,54400,53600,54400,53200,50000,48400,47900,47300,48400,46500,46900,46900,37000,0,0,37000,40384,48300,95000,0,38279,37000,34100,46512,95000,36256,0,37190,47900,34595,0,43196,0,44921,0,36170,40951,0,44309,47900,0,37158,0,41115,43516,44699,45997,45896,48552,45627,50200,44451,44820,48317,34100,3200,-273000,-273000,-273000,95441,894,2907336,103433,0,0,0,0,0,0,0,0,0,0,0,0,0,0,0,0,396,8345,119816,275,95441,894,2907336,103433,15475008,749860,8772376,12.04,0.00,0.00,425422,126869,3215268,108583,,,,384000,384000,384000,384000,384000,384000,883200,883200,0,,,,,,0,,0,0,0,4810,380,1,216000,4924000,6980000,0,17,4462000,Notcharging,726000000
1784646173.729585165,1481.94,48200,48600,49400,49400,49000,48700,48700,49000,48700,48400,48400,49200,50200,49600,49200,49600,49200,49200,48800,46900,48000,47300,47300,49800,47300,46900,46100,46500,46900,47300,54000,55200,53600,54400,50200,55200,54400,53200,53600,54000,52900,53600,53200,50000,48000,47900,47700,48800,46500,46500,46500,37000,0,0,37000,40389,48700,95000,0,38279,37000,34100,46493,95000,36256,0,37190,48300,34608,0,43166,0,44888,0,36142,40951,0,44324,48300,0,37152,0,41107,43509,44678,45997,45997,48653,45896,50200,44417,44787,48317,34100,3200,-273000,-273000,-273000,95441,894,2907336,103433,0,0,0,0,0,0,0,0,0,0,0,0,0,0,0,0,396,8345,119816,275,95441,894,2907336,103433,15475008,746420,8768876,12.04,0.00,0.00,425422,126869,3215268,108583,,,,384000,384000,384000,384000,384000,384000,883200,883200,0,,,,,,0,,746413,1001776,0,4810,380,1,287000,5016000,6980000,0,0,4463000,Notcharging,726000000
1784646175.030523497,1483.23,48200,48200,49000,49400,48700,48700,48700,49000,48700,48400,48400,49600,49800,49600,49200,50000,49600,49600,49200,47300,47700,47300,47300,49800,47700,46900,46100,46500,46500,47300,54000,55200,53600,54400,50200,54800,54400,52900,53600,53600,53200,53600,53200,49600,48000,47900,47700,48400,46500,46500,46900,37000,0,0,37000,40392,48300,95000,0,38279,37000,34200,46466,95000,36256,0,37190,48300,34616,0,43143,0,44871,0,36125,40939,0,44300,48300,0,37123,0,41084,43476,44653,45896,45997,48720,45795,50200,44383,44854,48283,34200,3200,-273000,-273000,-273000,95447,894,2907416,103436,0,0,0,0,0,0,0,0,0,0,0,0,0,0,0,0,396,8345,119816,275,95447,894,2907416,103436,15475008,747280,8769708,12.22,0.00,0.00,425422,126869,3215308,108583,,,,384000,384000,384000,384000,384000,384000,883200,883200,0,,,,,,0,,732252,1001387,0,4810,380,1,1212000,4859000,6980000,0,0,4463000,Notcharging,726000000
1784646175.499859174,1483.70,48200,48600,49000,49400,49000,49000,49000,49000,48700,48000,48400,49200,49800,49600,49200,49600,49600,49200,48800,46900,48000,47300,47300,49800,46900,46900,46100,46500,46500,47300,53600,54800,53600,53600,50200,54400,54000,52500,53600,54000,53200,53600,53200,49600,48400,47900,47300,48800,46500,46500,46900,37000,0,0,37000,40384,48300,95000,0,38279,37000,34200,46455,95000,36256,0,37190,48300,34632,0,43160,0,44878,0,36136,40965,0,44286,48300,0,37138,0,41100,43487,44640,45896,45997,48417,45493,50200,44282,44955,48451,34200,3200,-273000,-273000,-273000,95447,894,2907416,103436,0,0,0,0,0,0,0,0,0,0,0,0,0,0,0,0,396,8345,119816,275,95447,894,2907416,103436,15475008,745032,8767460,12.22,0.00,0.00,425422,126869,3215308,108583,,,,384000,384000,384000,384000,384000,384000,883200,883200,0,,,,,,0,,734931,1001475,0,4810,380,1,491000,4736000,6980000,0,0,4463000,Notcharging,726000000
1784646175.967463862,1484.17,48200,48200,49400,49000,49000,48300,48300,49000,48300,48000,48400,49200,49800,49600,49200,49600,49200,49600,49200,46900,48000,47300,47300,49400,47300,46900,46100,46500,46500,47300,54400,55600,54000,54800,50200,55600,54800,53600,54400,54400,53200,53600,53600,50000,48000,47500,47300,48400,46100,46500,46900,37000,0,0,37000,40389,48300,95000,0,38279,37000,34200,46442,95000,36256,0,37190,48300,34581,0,43143,0,44878,0,36185,40941,0,44274,47900,0,37173,0,41100,43480,44640,45728,45896,48619,45795,49800,44282,44720,48384,34200,3200,-273000,-273000,-273000,95447,894,2907416,103436,0,0,0,0,0,0,0,0,0,0,0,0,0,0,0,0,396,8345,119816,275,95447,894,2907416,103436,15475008,743044,8765456,12.22,0.00,0.00,425422,126869,3215308,108583,,,,384000,384000,384000,384000,384000,384000,883200,883200,0,,,,,,0,,734931,1001475,0,4810,380,1,1247000,4730000,6980000,0,0,4463000,Notcharging,726000000
1784646176.433084486,1484.64,48200,48600,49000,49000,49400,48700,48700,49000,48300,48400,48400,49200,49800,49200,49600,50000,49200,49600,49200,47300,48000,47300,47700,49800,47300,47300,46100,46500,46500,47300,52900,53600,53200,53200,50200,53600,54000,51700,52500,53600,52900,53200,52900,50000,48000,47900,47700,48800,46500,46500,46900,37000,0,0,37000,40389,48300,95000,0,38279,37000,34200,46424,95000,36256,0,37190,47900,34632,0,43143,0,44856,0,36167,40941,0,44274,48300,0,37159,0,41090,43483,44642,45829,45930,48384,45594,49800,44350,44316,48249,34200,3200,-273000,-273000,-273000,95447,894,2907416,103436,0,0,0,0,0,0,0,0,0,0,0,0,0,0,0,0,396,8345,119816,275,95447,894,2907416,103436,15475008,742288,8764700,12.22,0.00,0.00,425422,126869,3215308,108583,,,,384000,384000,384000,384000,384000,384000,883200,883200,0,,,,,,0,,734931,1001475,0,4810,380,1,234000,4853000,6980000,0,0,4463000,Notcharging,726000000
1784646176.886422507,1485.09,47800,48200,49000,48700,48700,48700,48700,48700,48300,48000,48400,49200,49800,49200,49200,50000,49600,49200,49200,46900,48000,46900,47700,49800,47300,46900,46100,46500,46500,46900,53600,55200,54000,54400,50200,55200,54400,52900,54000,54000,52900,54000,53200,49600,48400,47900,47700,48400,46500,46500,46500,37000,0,0,37000,40395,48300,95000,0,38279,37000,34200,46413,95000,36256,0,37190,47900,34632,0,43163,0,44839,0,36131,40951,0,44262,47900,0,37152,0,41087,43467,44625,45863,45896,48585,45560,49800,44316,44484,48350,34200,3200,-273000,-273000,-273000,95447,894,2907416,103436,0,0,0,0,0,0,0,0,0,0,0,0,0,0,0,0,396,8345,119816,275,95447,894,2907416,103436,15475008,741028,8763444,12.18,0.00,0.00,425422,126872,3215308,108586,,,,384000,384000,384000,384000,384000,384000,883200,883200,0,,,,,,0,,733577,1001443,0,4810,380,1,1266000,4988000,6980000,0,0,4463000,Notcharging,726000000
1784646177.357934069,1485.56,48200,48200,49400,49000,48700,49000,48700,48700,48300,48000,48400,49200,49800,49200,49200,50000,49200,49200,48800,46900,48000,47300,47300,49800,47300,46900,46100,46500,46500,47300,54000,55600,53600,54800,50200,55200,54400,53200,54000,54000,53200,54000,53200,50000,48400,47900,47300,48800,46500,46500,46900,37000,0,0,37000,40389,48300,95000,0,38421,37000,34200,46417,95000,36256,0,37231,47900,34641,0,43146,0,44859,0,36151,40979,0,44267,48300,0,37154,0,41097,43476,44630,45728,45896,48687,45661,50200,44350,44888,48417,34200,3200,-273000,-273000,-273000,95447,894,2907416,103436,0,0,0,0,0,0,0,0,0,0,0,0,0,0,0,0,396,8345,119816,275,95447,894,2907416,103436,15475008,740776,8763212,12.18,0.00,0.00,425422,126873,3215308,108587,,,,384000,384000,384000,384000,384000,384000,883200,883200,0,,,,,,0,,733577,1001443,0,4810,380,1,1337000,4709000,6980000,0,0,4463000,Notcharging,726000000
1784646177.819951726,1486.02,48600,49000,49800,49800,49400,49000,49000,49400,48700,48400,48400,49600,50200,49200,49200,50000,49200,49200,49200,46900,48000,47300,47700,50200,47700,46900,46100,46900,46500,47300,52900,54000,52900,53600,50200,54000,54000,52100,52900,53600,53200,53600,52900,49600,48000,47900,47700,48400,46500,46900,46500,37000,0,0,37000,40400,49000,95000,0,38421,37000,34200,46397,95000,36256,0,37231,48300,34619,0,43110,0,44835,0,36139,40962,0,44270,48300,0,37163,0,41076,43458,44618,45863,45863,48384,45425,50200,44551,44551,48317,34200,3200,-273000,-273000,-273000,95447,894,2907416,103436,0,0,0,0,0,0,0,0,0,0,0,0,0,0,0,0,396,8345,119816,275,95447,894,2907416,103436,15475008,742656,8765092,12.18,0.00,0.00,425422,126873,3215308,108587,,,,384000,384000,384000,384000,384000,384000,883200,883200,0,,,,,,0,,742830,1001573,0,4810,380,1,181000,4963000,6980000,0,0,4463000,Notcharging,726000000
1784646178.279395840,1486.48,48200,48600,49400,49400,49000,49000,48700,49000,48700,48400,48800,49600,50500,49600,49600,50000,49600,49600,49200,47300,48000,47300,47300,49800,47300,46900,46100,46500,46500,47300,52500,54000,53200,52900,50500,53600,54000,51700,52500,53200,52900,53600,52900,50000,48400,48300,47700,48400,46500,46900,46900,37000,0,0,37000,40395,49000,95000,0,38421,37000,34200,46439,95000,36256,0,37231,48300,34655,0,43143,0,44816,0,36145,40956,0,44253,48300,0,37185,0,41087,43448,44621,45896,45896,48384,45795,50200,44249,44955,48317,34200,3200,-273000,-273000,-273000,95447,894,2907416,103436,0,0,0,0,0,0,0,0,0,0,0,0,0,0,0,0,396,8345,119816,275,95447,894,2907416,103436,15475008,713504,8735988,12.18,0.00,0.00,425422,126873,3215308,108587,,,,384000,384000,384000,384000,384000,384000,883200,883200,0,,,,,,0,,0,0,0,4810,380,1,897000,4823000,6980000,0,0,4463000,Notcharging,726000000
1784646178.756845840,1486.96,48600,49000,49800,49400,49000,49400,49000,49400,48700,48400,48800,48800,50200,49200,49600,50000,49600,49200,49200,47300,48000,47300,47300,49800,47300,46900,46100,46500,46500,47300,53600,54800,54000,54000,50200,54800,54400,52500,53200,54000,53200,53600,52900,49600,48400,48300,47300,48800,46500,46500,46900,37000,0,0,37000,40389,48700,95000,0,38421,37000,34200,46378,95000,36256,0,37231,48300,34619,0,43138,0,44839,0,36167,40948,0,44267,48300,0,37183,0,41076,43444,44619,45896,45863,48317,45694,50200,44316,44350,48384,34200,3200,-273000,-273000,-273000,95447,894,2907416,103436,0,0,0,0,0,0,0,0,0,0,0,0,0,0,0,0,396,8345,119816,275,95447,894,2907416,103436,15475008,706848,8729460,12.14,0.00,0.00,425422,126873,3215308,108587,,,,384000,384000,384000,384000,384000,384000,883200,883200,0,,,,,,0,,739213,1001576,0,4810,380,1,866000,4719000,6980000,0,0,4463000,Notcharging,726000000
1784646179.225966204,1487.43,48600,48200,49400,49000,49000,49000,48300,48700,48300,48400,48400,49200,50200,49200,49200,50000,49600,49200,48800,47300,48000,47300,47300,49800,47300,46900,46100,46500,46500,47300,53200,54800,53200,53600,50200,54400,54000,52500,53200,53600,52900,53200,53200,50000,48000,47500,47700,48800,46500,46500,46500,37000,0,0,37000,40389,48300,95000,0,38421,37000,34200,46378,95000,36256,0,37231,47900,34632,0,43138,0,44845,0,36157,40951,0,44264,47900,0,37131,0,41094,43451,44611,46064,45829,48585,45627,49800,44282,44282,48249,34200,3200,-273000,-273000,-273000,95447,894,2907416,103436,0,0,0,0,0,0,0,0,0,0,0,0,0,0,0,0,396,8345,119816,275,95447,894,2907416,103436,15475008,723800,8746416,12.14,0.00,0.00,425422,126873,3215308,108587,,,,537600,537600,537600,537600,537600,537600,883200,883200,0,,,,,,0,,735011,1001646,0,4810,380,1,1344000,4821000,6980000,0,0,4463000,Notcharging,726000000
1784646180.419292506,1488.62,48600,48600,49400,49400,49000,48700,48700,49000,48300,48400,48400,49200,50200,49600,49600,50000,49600,49600,49200,46900,47700,47300,47700,50200,47300,46900,46100,46500,46500,47300,54000,55200,54000,54400,50200,54800,54400,53600,54000,54000,53200,53600,53200,50000,48400,47900,47700,48800,46500,46500,46900,37000,0,0,37000,40395,48700,95000,0,38421,37000,34200,46373,95000,36256,0,37231,48300,34652,0,43134,0,44823,0,36136,40941,0,44234,48300,0,37158,0,41072,43422,44606,45694,45896,48417,45728,50200,44316,44955,48249,34200,3200,-273000,-273000,-273000,95450,894,2907464,103445,0,0,0,0,0,0,0,0,0,0,0,0,0,0,0,0,396,8345,119816,275,95450,894,2907464,103445,15475008,721576,8744180,12.14,0.00,0.00,425422,126878,3215332,108592,,,,384000,384000,384000,384000,384000,384000,883200,883200,0,,,,,,0,,735011,1001646,0,4810,380,1,147000,4984000,6980000,0,0,4463000,Notcharging,726000000
1784646180.898315110,1489.10,48200,48200,49400,49000,48700,48700,48700,48700,48300,48000,48000,49200,50200,49200,49200,49600,49600,49200,48800,47300,47700,47300,47300,49800,47300,46900,46100,46500,46500,47300,54000,55200,54000,54400,50200,54400,54400,53200,54000,54000,52900,53600,53200,50000,48000,47500,47300,48800,46500,46500,46900,37000,0,0,37000,40384,48700,95000,0,38421,37000,34200,46369,95000,36256,0,37231,48300,34652,0,43098,0,44816,0,36139,40941,0,44225,47900,0,37181,0,41076,43416,44602,45728,45896,48451,45829,49800,44451,44451,48484,34200,3200,-273000,-273000,-273000,95450,894,2907464,103445,0,0,0,0,0,0,0,0,0,0,0,0,0,0,0,0,396,8345,119816,275,95450,894,2907464,103445,15475008,718824,8741492,12.12,0.00,0.00,425422,126878,3215332,108592,,,,384000,384000,384000,384000,384000,384000,883200,883200,0,,,,,,0,,752639,1001105,0,4810,380,1,1337000,4940000,6980000,0,0,4463000,Notcharging,726000000
1784646181.361159953,1489.56,48200,48200,49400,49000,49000,48700,48700,49000,48700,48000,48400,49200,50200,49600,49600,50000,49200,49600,48800,46900,47700,47300,47300,50200,47300,46900,46100,46500,46500,47300,54000,55200,54000,54800,50200,55200,54400,53200,54000,54000,53200,54000,53200,50000,48400,47500,47700,48400,46500,46500,46900,37000,0,0,37000,40392,48300,95000,0,38421,37000,34200,46378,95000,36256,0,37231,48300,34644,0,43131,0,44809,0,36176,40965,0,44209,48300,0,37152,0,41084,43422,44580,45829,45795,48552,45795,50200,44282,44350,48484,34200,3200,-273000,-273000,-273000,95450,894,2907464,103445,0,0,0,0,0,0,0,0,0,0,0,0,0,0,0,0,396,8345,119816,275,95450,894,2907464,103445,15475008,722272,8744988,12.12,0.00,0.00,425422,126878,3215332,108592,,,,384000,384000,384000,384000,384000,384000,883200,883200,0,,,,,,0,,752639,1001105,0,4810,380,1,181000,4997000,6980000,0,0,4463000,Notcharging,726000000
1784646181.826705370,1490.03,48200,48200,49400,49000,48700,48700,48700,48700,48300,48400,48400,49200,50200,49600,49200,49600,49600,49200,48800,46900,47700,47300,47300,49400,46900,47300,45700,46500,46500,46900,53600,54800,53200,54000,49800,54400,54400,52900,53200,53600,52900,53600,53200,49600,48000,47900,47300,48400,46500,46900,46500,37000,0,0,37000,40403,48300,95000,0,38421,37000,34200,46358,95000,36256,0,37231,47900,34703,0,43156,0,44780,0,36148,40962,0,44213,47900,0,37176,0,41100,43412,44587,45459,45863,48417,45694,49800,44316,44518,48484,34200,3200,-273000,-273000,-273000,95450,894,2907464,103445,0,0,0,0,0,0,0,0,0,0,0,0,0,0,0,0,396,8345,119816,275,95450,894,2907464,103445,15475008,726868,8749504,12.12,0.00,0.00,425422,126878,3215332,108592,,,,384000,384000,384000,384000,384000,384000,883200,883200,0,,,,,,0,,742590,1001821,0,4810,380,1,378000,4800000,6980000,0,0,4463000,Notcharging,726000000
1784646182.287373182,1490.49,48200,48600,49400,49400,49000,48700,49400,49000,48300,48000,48400,49200,49800,49200,49200,49600,49600,49200,49200,46900,48000,47300,47300,49800,47300,46500,46100,46500,46500,47300,52500,54400,53200,53200,49800,54000,54400,52100,52900,54000,52900,53600,52900,49600,48000,47900,47300,48800,46500,46500,46500,37000,0,0,37000,40400,48700,95000,0,38363,37000,34200,46362,95000,36256,0,37173,48300,34682,0,43134,0,44790,0,36100,40965,0,44225,48300,0,37140,0,41084,43405,44592,45728,46031,48518,45762,49800,44316,45123,48182,34200,3200,-273000,-273000,-273000,95450,894,2907464,103445,0,0,0,0,0,0,0,0,0,0,0,0,0,0,0,0,396,8345,119816,275,95450,894,2907464,103445,15475008,724096,8746732,12.12,0.00,0.00,425422,126878,3215332,108592,,,,384000,384000,384000,384000,384000,384000,883200,883200,0,,,,,,0,,742590,1001821,0,4810,380,1,1337000,4870000,6980000,0,0,4463000,Notcharging,726000000
1784646182.756745005,1490.96,47800,47800,49000,49000,49000,48700,48700,49000,48300,48400,48000,49200,49800,49200,49600,50000,49600,49200,48800,47300,47700,47300,47300,49800,47300,46900,45700,46900,46500,47300,54000,54800,53600,54000,50200,54800,54400,52900,53600,54000,53200,53200,53200,50000,48400,47500,47700,48800,46500,46900,46900,37000,0,0,37000,40392,48300,95000,0,38363,37000,34200,46369,95000,36256,0,37173,47900,34749,0,43120,0,44799,0,36154,40972,0,44215,47900,0,37155,0,41084,43419,44595,45594,45829,48518,45627,49800,44350,44316,48384,34200,3200,-273000,-273000,-273000,95450,894,2907464,103445,0,0,0,0,0,0,0,0,0,0,0,0,0,0,0,0,396,8345,119816,275,95450,894,2907464,103445,15475008,729112,8751764,12.09,0.00,0.00,425422,126882,3215332,108596,,,,537600,537600,537600,537600,537600,537600,883200,883200,0,,,,,,0,,748537,1001520,0,4810,380,1,1337000,4928000,6980000,0,0,4463000,Notcharging,726000000
1784646183.182643286,1491.39,48200,48200,49400,49400,49000,48700,48300,49000,48300,48400,48400,49200,49800,49200,49200,50000,49200,49200,48800,47300,48000,46900,47300,49800,47300,46900,46100,46500,46900,47300,53600,55600,54000,54400,49800,55200,54800,53200,53600,54400,53200,54000,53200,50000,48400,47500,47300,48800,46500,46900,46900,37000,0,0,37000,40400,48300,95000,0,38363,37000,34200,46389,95000,36256,0,37173,47900,34730,0,43124,0,44780,0,36116,40951,0,44211,48300,0,37169,0,41076,43376,44595,45627,45896,48417,45762,49800,44249,44652,48350,34200,3200,-273000,-273000,-273000,95450,894,2907464,103445,0,0,0,0,0,0,0,0,0,0,0,0,0,0,0,0,396,8345,119816,275,95450,894,2907464,103445,15475008,726592,8749244,12.09,0.00,0.00,425422,126882,3215332,108596,,,,384000,384000,384000,384000,384000,384000,883200,883200,0,,,,,,0,,748537,1001520,0,4810,380,1,1256000,4722000,6980000,0,0,4463000,Notcharging,726000000
1784646183.648677713,1491.85,48200,48600,49000,49000,49000,48700,48300,49000,48300,48400,48800,49200,50200,49200,49600,50000,49200,49200,49200,47300,47700,47300,47300,49800,47300,47300,45700,46500,46500,46900,53600,54800,53600,54000,50200,54800,54800,53200,53600,53600,53200,53600,52900,49600,48000,47900,47300,49200,46500,46500,46500,37000,0,0,37000,40400,48300,95000,0,38363,37000,34200,46385,95000,36256,0,37173,47900,34703,0,43131,0,44776,0,36182,40962,0,44209,48300,0,37156,0,41087,43390,44583,45795,45930,48384,45627,49800,44148,44686,48451,34200,3200,-273000,-273000,-273000,95450,894,2907464,103445,0,0,0,0,0,0,0,0,0,0,0,0,0,0,0,0,396,8345,119816,275,95450,894,2907464,103445,15475008,724828,8747464,12.09,0.00,0.00,425422,126882,3215332,108596,,,,384000,384000,384000,384000,384000,384000,883200,883200,0,,,,,,0,,751399,1001308,0,4810,380,1,1309000,4701000,6980000,0,0,4463000,Notcharging,726000000
1784646184.124689692,1492.33,48200,48600,49400,49000,48700,48700,48700,49000,48300,48000,48400,48800,50200,49600,49200,50000,49600,49200,49200,47300,48000,46900,47300,49800,47300,47300,46100,46500,46500,47300,54000,55200,54000,54800,49800,55600,54800,53200,54000,54000,53200,54000,53200,50000,48400,47900,47700,48800,46500,46500,46900,37000,0,0,37000,40400,48300,95000,0,38363,37000,34200,46362,95000,36256,0,37173,47900,34703,0,43110,0,44794,0,36164,40975,0,44192,48300,0,37154,0,41066,43405,44583,45627,45896,48619,45526,49800,44350,44686,48451,34200,3200,-273000,-273000,-273000,95450,894,2907464,103445,0,0,0,0,0,0,0,0,0,0,0,0,0,0,0,0,396,8345,119816,275,95450,894,2907464,103445,15475008,722376,8745048,12.09,0.00,0.00,425422,126882,3215332,108596,,,,384000,384000,384000,384000,384000,384000,883200,883200,0,,,,,,0,,751399,1001308,0,4810,380,1,1337000,4719000,6980000,0,0,4463000,Notcharging,726000000
1784646184.578129900,1492.78,48200,48600,49400,49000,49000,48700,48700,49000,48300,48400,48400,49200,50200,49600,49200,49600,49600,49600,48800,46900,48000,47300,47300,50200,47300,46900,46100,46500,46500,47300,54000,55600,54000,54800,50200,55600,54800,53200,54000,54400,53200,54000,53200,50000,48400,47900,47300,48400,46500,46500,46500,37000,0,0,37000,40403,48300,95000,0,38363,37000,34200,46382,95000,36256,0,37173,48300,34697,0,43124,0,44784,0,36148,40979,0,44185,48300,0,37144,0,41076,43380,44566,45627,45863,48417,45627,50200,44417,44820,48283,34200,3200,-273000,-273000,-273000,95459,894,2907608,103451,0,0,0,0,0,0,0,0,0,0,0,0,0,0,0,0,396,8345,119816,275,95459,894,2907608,103451,15475008,721172,8743844,12.09,0.00,0.00,425422,126882,3215404,108596,,,,384000,384000,384000,384000,384000,384000,883200,883200,0,,,,,,0,,736087,1001208,0,4810,380,1,1147000,4827000,6980000,0,0,4463000,Notcharging,726000000
1784646185.871971879,1494.07,48200,48600,49000,49400,49000,48300,48700,49000,48300,48400,48400,49200,49800,49600,49200,50000,49200,49200,49200,46900,47700,47300,47300,49800,47300,46900,46100,46500,46500,46900,53600,55200,53600,54000,50200,54800,54400,52900,54000,54000,53200,54000,53200,49600,48000,47500,47700,48400,46500,46500,46900,37000,0,0,37000,40395,48300,95000,0,38363,37000,34300,46365,95000,36256,0,37173,47900,34763,0,43107,0,44784,0,36179,40965,0,44196,48300,0,37152,0,41100,43373,44566,45594,45762,48518,45627,49800,44182,44686,48384,34300,3200,-273000,-273000,-273000,95459,894,2907608,103451,0,0,0,0,0,0,0,0,0,0,0,0,0,0,0,0,396,8345,119816,275,95459,894,2907608,103451,15475008,717644,8740400,12.26,0.00,0.00,425422,126882,3215404,108596,,,,384000,384000,384000,384000,384000,384000,883200,883200,0,,,,,,0,,732793,1001435,0,4810,380,1,250000,4940000,6980000,0,0,4463000,Notcharging,726000000
1784646186.338064691,1494.54,48200,48600,49400,49000,48700,48700,49000,48700,48300,48000,48400,49200,49800,49600,49200,50000,49200,49600,48800,47300,48000,47300,47700,49800,47300,46900,46100,46500,46500,47300,53600,55200,53600,54400,50200,54800,54400,52900,54000,54000,52900,53600,53200,49600,48400,47900,47700,48400,46500,46500,46900,37000,0,0,37000,40400,48300,95000,0,38363,37000,34300,46378,95000,36256,0,37173,48300,34778,0,43117,0,44763,0,36109,40956,0,44196,47900,0,37131,0,41056,43402,44559,45526,45728,48384,45594,49800,44282,44417,48350,34300,3200,-273000,-273000,-273000,95459,894,2907608,103451,0,0,0,0,0,0,0,0,0,0,0,0,0,0,0,0,396,8345,119816,275,95459,894,2907608,103451,15475008,715008,8737960,12.26,0.00,0.00,425422,126882,3215404,108596,,,,384000,384000,384000,384000,384000,384000,883200,883200,0,,,,,,0,,0,0,0,4810,380,1,1337000,5018000,6980000,0,0,4463000,Notcharging,726000000
1784646186.812824535,1495.02,48200,48600,49400,49000,48700,48700,48300,48700,48300,48400,48000,49200,49800,49200,49200,50000,49600,49200,49200,46900,47700,47300,47300,49800,47300,46900,45700,46500,46500,47300,54000,55600,54400,54800,50200,55200,54800,53200,54000,54400,53600,54000,53200,50000,48400,47900,47300,48800,46100,46500,46900,37000,0,0,37000,40406,48300,95000,0,38363,37000,34300,46344,95000,36256,0,37173,47900,34733,0,43107,0,44784,0,36112,40975,0,44196,47900,0,37159,0,41081,43402,44569,45661,45627,48484,45560,49800,44316,44854,48417,34300,3200,-273000,-273000,-273000,95459,894,2907608,103451,0,0,0,0,0,0,0,0,0,0,0,0,0,0,0,0,396,8345,119816,275,95459,894,2907608,103451,15475008,723016,8745872,12.21,0.00,0.00,425422,126882,3215404,108596,,,,384000,384000,384000,384000,384000,384000,883200,883200,0,,,,,,0,,739560,1001404,0,4810,380,1,1253000,5001000,6980000,0,0,4463000,Notcharging,726000000
1784646187.287649691,1495.49,47800,48200,49000,49400,48700,48700,48300,49000,47900,48000,48400,49200,50200,49200,49200,49600,49600,49600,48800,47300,48000,46900,47300,49800,47300,46900,45700,46500,46500,47300,53200,54400,52900,53600,50200,54400,54000,52500,53200,53600,52900,53200,52900,49600,48000,47900,47300,48800,46500,46500,46500,37000,0,0,37000,40403,48700,95000,0,38363,37000,34300,46365,95000,36256,0,37173,47900,34733,0,43134,0,44770,0,36116,40945,0,44187,47900,0,37131,0,41066,43383,44568,45627,45795,48518,45594,49800,44451,44551,48484,34300,3200,-273000,-273000,-273000,95459,894,2907608,103451,0,0,0,0,0,0,0,0,0,0,0,0,0,0,0,0,396,8345,119816,275,95459,894,2907608,103451,15475008,717604,8740464,12.21,0.00,0.00,425422,126883,3215404,108597,,,,384000,384000,384000,384000,384000,384000,883200,883200,0,,,,,,0,,739560,1001404,0,4810,380,1,106000,4989000,6980000,0,0,4463000,Notcharging,726000000
1784646187.741389690,1495.94,48200,47800,49000,49000,48700,48700,48300,48700,48300,48000,48400,48800,49800,49200,49200,49600,49200,49600,49200,47300,48000,47300,47300,49800,47300,46900,46100,46100,46500,47300,54000,55600,54000,54800,49800,55200,54800,53200,53600,54000,53200,54000,53200,49600,48400,47500,47700,48800,46100,46500,46500,37000,0,0,37000,40417,48700,95000,0,38363,37000,34300,46336,95000,36256,0,37173,47900,34741,0,43101,0,44799,0,36166,40987,0,44197,48300,0,37140,0,41072,43347,44568,45728,45795,48384,45359,50200,44282,44417,48417,34300,3200,-273000,-273000,-273000,95459,894,2907608,103451,0,0,0,0,0,0,0,0,0,0,0,0,0,0,0,0,396,8345,119816,275,95459,894,2907608,103451,15475008,717088,8740012,12.21,0.00,0.00,425422,126892,3215404,108606,,,,537600,537600,537600,537600,537600,537600,883200,883200,0,,,,,,0,,735955,1001516,0,4810,380,1,1337000,4858000,6980000,0,0,4463000,Notcharging,726000000
1784646188.159557919,1496.36,48200,48600,49400,49400,49000,48700,48300,48700,48300,48400,48400,49200,50200,49200,49200,50000,49600,49600,49200,47300,48000,47300,47300,49800,47300,46900,45700,46500,46500,47300,53200,54400,53200,53600,50200,54400,54400,52900,53200,53600,53200,53600,53200,50000,48400,47900,47300,48800,46900,46500,46900,37000,0,0,37000,40392,48300,95000,0,38363,37000,34300,46397,95000,36256,0,37173,47900,34784,0,43113,0,44776,0,36163,40972,0,44194,48300,0,37204,0,41090,43351,44564,45829,45661,48417,45627,50200,44484,44720,48350,34300,3200,-273000,-273000,-273000,95459,894,2907608,103451,0,0,0,0,0,0,0,0,0,0,0,0,0,0,0,0,396,8345,119816,275,95459,894,2907608,103451,15475008,716872,8739684,12.21,0.00,0.00,425422,126892,3215404,108606,,,,384000,384000,384000,384000,384000,384000,883200,883200,0,,,,,,0,,735955,1001516,0,4810,380,1,887000,4819000,6980000,0,0,4463000,Notcharging,726000000
1784646188.623552815,1496.83,48200,48600,49400,49400,49000,48700,48300,49000,48700,48400,48400,49200,50200,49200,49600,49600,49600,49200,48800,47300,48000,47300,47700,50200,47300,46900,46100,46900,46500,47300,53600,54800,53600,54000,50500,54800,54400,52500,53200,54000,53200,54000,53200,49600,48000,47900,47700,48800,46500,46500,46900,37000,0,0,37000,40406,48700,95000,0,38363,37000,34300,46355,95000,36256,0,37173,48700,34736,0,43098,0,44776,0,36137,40979,0,44183,48300,0,37154,0,41076,43390,44554,45392,45526,48451,45493,49800,44350,44787,48552,34300,3200,-273000,-273000,-273000,95459,894,2907608,103451,0,0,0,0,0,0,0,0,0,0,0,0,0,0,0,0,396,8345,119816,275,95459,894,2907608,103451,15475008,715104,8737920,12.21,0.00,0.00,425422,126892,3215404,108606,,,,384000,384000,384000,384000,384000,384000,883200,883200,0,,,,,,0,,748894,1000878,0,4810,380,1,144000,5013000,6980000,0,0,4463000,Notcharging,726000000
1784646189.082502086,1497.29,48200,48200,49000,49400,48700,48700,48700,48700,48300,48400,48400,49200,49800,49600,49600,50000,49600,49200,48800,46900,47700,47300,47700,49800,47300,46900,46100,46500,46500,47300,54000,55600,54000,54800,50200,55200,54800,53200,54400,54000,53600,54000,53200,50000,48400,47900,47700,48800,46500,46500,46900,37000,0,0,37000,40414,48300,95000,0,38363,37000,34300,46355,95000,36256,0,37173,47900,34771,0,43085,0,44766,0,36176,40965,0,44181,47900,0,37158,0,41069,43358,44559,45728,45728,48619,45627,49800,44282,44282,48384,34300,3200,-273000,-273000,-273000,95459,894,2907608,103451,0,0,0,0,0,0,0,0,0,0,0,0,0,0,0,0,396,8345,119816,275,95459,894,2907608,103451,15475008,717784,8740460,12.35,0.00,0.00,425422,126892,3215404,108606,,,,384000,384000,384000,384000,384000,384000,883200,883200,0,,,,,,0,,0,0,0,4810,380,1,516000,4724000,6980000,0,0,4463000,Notcharging,726000000
1784646189.544863336,1497.75,48200,48200,49000,49000,49000,48700,48700,49400,49000,48400,48400,49200,50200,49600,49600,50000,49600,49600,49200,46900,47700,47300,47300,49800,46900,46900,46100,46900,46500,46900,52900,54400,53200,53200,50200,54000,54400,52100,52500,53200,53200,53600,52900,50000,48400,47900,47300,48800,46500,46500,46900,37000,0,0,37000,40414,48300,95000,0,38363,37000,34300,46355,95000,36256,0,37173,48300,34795,0,43098,0,44770,0,36112,40969,0,44181,48300,0,37172,0,41069,43373,44563,45627,45795,48518,45526,49800,44282,44686,48384,34300,3200,-273000,-273000,-273000,95462,894,2907664,103454,0,0,0,0,0,0,0,0,0,0,0,0,0,0,0,0,396,8345,119816,275,95462,894,2907664,103454,15475008,723588,8746232,12.35,0.00,0.00,425422,126892,3215432,108606,,,,384000,384000,384000,384000,384000,384000,883200,883200,0,,,,,,0,,742195,1001387,0,4810,380,1,200000,4900000,6980000,0,0,4463000,Notcharging,726000000
1784646189.997769013,1498.20,48200,48200,49400,49000,49000,48700,48300,48700,48300,48400,48000,48800,50200,49200,49200,50000,49600,49600,49200,47300,48000,47300,47300,49800,47300,46900,46100,46900,46500,47300,54400,56000,54400,54800,50200,55600,55200,53200,54400,54400,53200,54000,53600,49600,48400,47900,47700,48400,46500,46900,46900,37000,0,0,37000,40421,48300,95000,0,38363,37000,34300,46365,95000,36256,0,37173,48300,34760,0,43117,0,44773,0,36145,40979,0,44192,48300,0,37155,0,41060,43361,44566,45526,45795,48484,45728,49800,44316,44383,48384,34300,3200,-273000,-273000,-273000,95462,894,2907664,103454,0,0,0,0,0,0,0,0,0,0,0,0,0,0,0,0,396,8345,119816,275,95462,894,2907664,103454,15475008,727896,8750524,12.35,0.00,0.00,425422,126892,3215432,108606,,,,384000,384000,384000,384000,384000,384000,883200,883200,0,,,,,,0,,710307,1001198,0,4810,380,1,1237000,4713000,6980000,0,0,4463000,Notcharging,726000000
1784646191.287714689,1499.49,48200,48600,49400,49400,48700,49000,48700,49000,48300,48000,48000,49200,49800,49200,49200,49600,49200,49200,48800,46900,47700,46900,47300,49800,47300,46500,45700,46500,46100,46900,54000,55200,54000,54400,50200,55200,54400,52900,54000,54000,53200,53600,52900,50000,48000,47900,47300,48400,46500,46500,46500,37000,0,0,37000,40421,48300,95000,0,38363,37000,34400,46296,95000,36256,0,37173,48300,34768,0,43131,0,44751,0,36151,41003,0,44173,47900,0,37172,0,41060,43329,44548,45325,45728,48317,45392,49800,44182,44686,48484,34400,3200,-273000,-273000,-273000,95463,894,2907680,103454,0,0,0,0,0,0,0,0,0,0,0,0,0,0,0,0,396,8345,119816,275,95463,894,2907680,103454,15475008,727888,8750452,12.29,0.00,0.00,425422,126892,3215440,108606,,,,384000,384000,384000,384000,384000,384000,883200,883200,0,,,,,,0,,0,0,0,4810,380,1,428000,4850000,6980000,0,0,4463000,Notcharging,726000000
1784646191.749288595,1499.95,48200,48600,49400,49000,48700,48300,48300,49000,48300,48400,48400,49200,50200,49200,49600,49600,49600,49200,48800,47300,48000,47300,47300,49800,47300,46500,45700,46500,46100,46900,54400,55600,54800,55200,50200,55200,55600,53200,53600,54000,53600,54000,53600,49600,48000,47500,47700,48400,46100,46500,46500,37000,0,0,37000,40421,48300,95000,0,38363,37000,34400,46302,95000,36256,0,37173,48300,34787,0,43120,0,44754,0,36151,40993,0,44180,47900,0,37172,0,41069,43354,44542,45526,45627,48552,45359,50200,44282,44350,48451,34400,3200,-273000,-273000,-273000,95463,894,2907680,103454,0,0,0,0,0,0,0,0,0,0,0,0,0,0,0,0,396,8345,119816,275,95463,894,2907680,103454,15475008,728536,8751088,12.29,0.00,0.00,425422,126892,3215440,108606,,,,384000,384000,384000,384000,384000,384000,883200,883200,0,,,,,,0,,705453,1001397,0,4810,380,1,1337000,4705000,6980000,0,0,4463000,Notcharging,726000000
1784646192.208861668,1500.41,48200,48600,49400,49000,49000,48300,48700,49000,48300,48400,48400,49600,49800,49600,49600,50000,49600,49200,48800,47300,48000,46900,47300,49800,47300,46900,46100,46500,46100,47300,54000,56000,54000,54800,50200,55600,54800,53600,54000,54400,53200,53600,53600,50000,48400,47900,47300,48400,46100,46500,46500,37000,0,0,37000,40429,48300,95000,0,38363,37000,34400,46355,95000,36256,0,37173,48300,34829,0,43127,0,44763,0,36157,40997,0,44166,48300,0,37146,0,41069,43354,44533,45459,45694,48552,45661,49800,44383,44787,48417,34400,3200,-273000,-273000,-273000,95463,894,2907680,103454,0,0,0,0,0,0,0,0,0,0,0,0,0,0,0,0,396,8345,119816,275,95463,894,2907680,103454,15475008,740472,8763008,12.29,0.00,0.00,425422,126892,3215440,108606,,,,384000,384000,384000,384000,384000,384000,883200,883200,0,,,,,,0,,705453,1001397,0,4810,380,1,700000,4797000,6980000,0,0,4463000,Notcharging,726000000
1784646192.670150991,1500.87,47800,48200,49400,49400,49000,48700,48700,49000,48300,48000,48400,49200,50500,49600,50000,50000,49600,49200,49200,47300,48000,46900,47300,50200,46900,46900,46100,46500,46500,47300,53600,55600,54400,54400,50500,55200,54800,52900,53600,54400,53600,54000,53600,50400,48000,47500,47700,48800,46500,46500,46900,37000,0,0,37000,40429,48300,95000,0,38363,37000,34400,46344,95000,36256,0,37173,48300,34798,0,43117,0,44747,0,36160,40987,0,44181,48300,0,37143,0,41045,43369,44536,45526,45627,48552,45627,49800,44350,44854,48417,34400,3200,-273000,-273000,-273000,95463,894,2907680,103454,0,0,0,0,0,0,0,0,0,0,0,0,0,0,0,0,396,8345,119816,275,95463,894,2907680,103454,15475008,736944,8759436,12.29,0.00,0.00,425422,126892,3215440,108606,,,,384000,384000,384000,384000,384000,384000,883200,883200,0,,,,,,0,,702169,1001756,0,4810,380,1,528000,4708000,6980000,0,0,4463000,Notcharging,726000000
1784646193.142809688,1501.35,49000,48600,50200,49400,49400,49400,49400,49000,49000,48400,48400,49200,50200,49600,49600,50000,49600,49600,49200,47300,48400,47300,47300,50200,47300,46900,45700,46500,46500,47300,53600,54800,53600,54000,50500,55200,54400,52900,53600,53600,53200,53600,53200,50000,48000,47900,47300,48800,46500,46500,46900,37000,0,0,37000,40421,49000,95000,0,38363,37000,34400,46362,95000,36256,0,37173,48300,34848,0,43107,0,44733,0,36148,40987,0,44173,48700,0,37156,0,41069,43390,44535,45627,45829,48619,45627,50600,44282,44484,48417,34400,3200,-273000,-273000,-273000,95463,894,2907680,103454,0,0,0,0,0,0,0,0,0,0,0,0,0,0,0,0,396,8345,119816,275,95463,894,2907680,103454,15475008,728268,8750952,12.23,0.00,0.00,425422,126892,3215440,108606,,,,384000,384000,384000,384000,384000,384000,883200,883200,0,,,,,,0,,702169,1001756,0,4810,380,1,1275000,4962000,6980000,0,0,4463000,Notcharging,726000000
1784646193.608649219,1501.81,48600,49000,49400,49800,49800,49000,48700,49400,49000,48400,48800,49600,50500,49200,49600,50000,49600,49600,49200,47300,48000,47300,46900,50200,47700,46900,46500,46500,46500,47300,54400,55600,54000,54800,50200,55600,55200,53600,54400,54400,53200,54000,53200,50000,48400,47900,47700,48400,46500,46900,46900,37000,0,0,37000,40429,49000,95000,0,38363,37000,34400,46382,95000,36256,0,37173,49000,34864,0,43113,0,44741,0,36119,40982,0,44180,48300,0,37149,0,41060,43361,44535,45627,45762,48451,45762,50200,44249,44350,48484,34400,3200,-273000,-273000,-273000,95463,894,2907680,103454,0,0,0,0,0,0,0,0,0,0,0,0,0,0,0,0,396,8345,119816,275,95463,894,2907680,103454,15475008,694740,8717392,12.23,0.00,0.00,425422,126892,3215440,108606,,,,384000,384000,384000,384000,384000,384000,883200,883200,0,,,,,,0,,698347,1001601,0,4810,380,1,625000,4881000,6980000,0,0,4463000,Notcharging,726000000
1784646194.081445886,1502.28,48600,48600,49400,49400,49400,49000,49000,49000,48700,48400,48800,49600,50200,49200,49600,50000,49600,49600,49200,47300,48400,47300,47300,49800,47300,46900,46100,46500,46500,47700,54400,55600,54000,54800,50500,55600,54800,53600,54000,54400,53200,54000,53200,50000,48800,47900,47700,49200,46500,46900,46900,37000,0,0,37000,40421,48700,95000,0,38363,37000,34400,46378,95000,36256,0,37173,48300,34814,0,43107,0,44754,0,36166,41000,0,44157,48700,0,37163,0,41060,43358,44535,45661,45762,48384,45627,50200,44383,44451,48484,34400,3200,-273000,-273000,-273000,95463,894,2907680,103454,0,0,0,0,0,0,0,0,0,0,0,0,0,0,0,0,396,8345,119816,275,95463,894,2907680,103454,15475008,700128,8722772,12.23,0.00,0.00,425422,126893,3215440,108607,,,,384000,384000,384000,384000,384000,384000,883200,883200,0,,,,,,0,,698347,1001601,0,4810,380,1,706000,4731000,6980000,0,0,4463000,Notcharging,726000000
1784646194.542037032,1502.74,48200,48600,49800,49400,49000,49000,49000,49400,48300,48400,48400,49200,50500,49600,49600,50400,49600,49600,49200,47300,48000,47300,47700,49800,47300,46900,46100,46500,46500,47300,54000,55600,54000,54800,50500,55600,54800,53200,54000,54400,53600,54000,53600,50000,48000,47900,47700,48800,46500,46900,46500,37000,0,0,37000,40432,48700,95000,0,38363,37000,34400,46401,95000,36256,0,37173,48300,34845,0,43134,0,44763,0,36100,40990,0,44167,48300,0,37156,0,41087,43361,44552,45526,45795,48451,45795,49800,44282,44350,48384,34400,3200,-273000,-273000,-273000,95463,894,2907680,103454,0,0,0,0,0,0,0,0,0,0,0,0,0,0,0,0,396,8345,119816,275,95463,894,2907680,103454,15475008,696228,8718776,12.23,0.00,0.00,425422,126893,3215440,108607,,,,384000,384000,384000,384000,384000,384000,883200,883200,0,,,,,,0,,698347,1001601,0,4810,380,1,269000,4844000,6980000,0,0,4463000,Notcharging,726000000
1784646195.013286771,1503.22,48200,48600,49400,49400,48700,49000,48700,49400,48700,48400,48400,49600,50500,49200,49600,50000,49600,49600,49600,47300,48000,47700,47700,49800,47300,47300,46100,46500,46500,47300,54800,56000,54400,55200,50500,56000,55600,54000,54400,54400,53600,54800,53600,50000,48400,47900,47700,49200,46500,46500,46900,37000,0,0,37000,40432,48700,95000,0,38363,37000,34400,46401,95000,36256,0,37173,48300,34814,0,43095,0,44759,0,36103,40972,0,44167,48300,0,37123,0,41066,43329,44556,45594,45930,48451,45627,50200,44282,44383,48417,34400,3200,-273000,-273000,-273000,95469,894,2907752,103456,0,0,0,0,0,0,0,0,0,0,0,0,0,0,0,0,396,8345,119816,275,95469,894,2907752,103456,15475008,699128,8721676,12.37,0.00,0.00,425422,126893,3215476,108607,,,,384000,384000,384000,384000,384000,384000,883200,883200,0,,,,,,0,,710077,1001454,0,4810,380,1,694000,4708000,6980000,0,0,4463000,Notcharging,726000000
1784646195.485053125,1503.69,48200,49000,49800,49800,49400,49000,48700,49000,48700,48400,48400,49600,50500,49600,49600,49600,49600,49600,49200,47300,48000,47300,47300,50200,47300,47300,46100,46900,46500,47300,53200,54800,53600,54000,50500,54400,54800,52500,53200,54000,53600,54000,53600,50400,48400,48300,47700,49200,46500,46900,46900,37000,0,0,37000,40443,48700,95000,0,38363,37000,34400,46417,95000,36256,0,37173,48300,34823,0,43101,0,44784,0,36145,40990,0,44185,48700,0,37161,0,41087,43358,44559,45627,45829,48753,45526,50200,44216,44585,48451,34400,3200,-273000,-273000,-273000,95469,894,2907752,103456,0,0,0,0,0,0,0,0,0,0,0,0,0,0,0,0,396,8345,119816,275,95469,894,2907752,103456,15475008,697112,8719660,12.37,0.00,0.00,425422,126893,3215476,108607,,,,384000,384000,384000,384000,384000,384000,883200,883200,0,,,,,,0,,706707,1001559,0,4810,380,1,187000,4998000,6980000,0,15,4462000,Notcharging,726000000
1784646196.815544114,1505.02,48200,48600,49800,49400,49000,49000,48700,49000,48300,48400,48400,49600,50200,49600,50000,50400,49600,49600,49600,47700,48400,47300,47700,49800,47700,46900,46100,46900,46500,47300,54000,56000,54400,55200,50500,56000,55200,54000,54800,54400,53600,54000,53600,50000,48400,47900,47700,48800,46500,46900,46900,37000,0,0,37000,40440,48700,95000,0,38363,37000,34400,46424,95000,36256,0,37173,48300,34885,0,43113,0,44796,0,36112,41003,0,44203,48300,0,37199,0,41050,43358,44580,45795,45863,48753,45661,50200,44282,44820,48148,34400,3200,-273000,-273000,-273000,95469,894,2907752,103456,0,0,0,0,0,0,0,0,0,0,0,0,0,0,0,0,396,8345,119816,275,95469,894,2907752,103456,15475008,740476,8763040,12.49,0.00,0.00,425422,126893,3215476,108607,,,,384000,384000,384000,384000,384000,384000,883200,883200,0,,,,,,0,,701553,1001923,0,4810,380,1,1269000,4719000,6980000,0,15,4462000,Notcharging,726000000
1784646197.281130208,1505.48,48200,49000,49800,49400,49000,49000,49000,49000,48700,48400,48800,49200,50200,49600,49600,50000,50000,49600,49200,47300,48000,47700,47700,50200,47300,47300,46100,46500,46900,47300,54000,55600,54000,54800,50200,55600,54800,53600,54000,54000,53600,53600,53600,50400,48400,47900,47300,48800,46500,46900,46900,37000,0,0,37000,40450,48700,95000,0,38363,37000,34400,46432,95000,36256,0,37210,48300,34879,0,43139,0,44806,0,36094,40987,0,44180,48300,0,37154,0,41104,43373,44577,45930,45829,48753,45526,50200,44282,44518,48552,34400,3200,-273000,-273000,-273000,95469,894,2907752,103456,0,0,0,0,0,0,0,0,0,0,0,0,0,0,0,0,396,8345,119816,275,95469,894,2907752,103456,15475008,737624,8760188,12.49,0.00,0.00,425422,126893,3215476,108607,,,,384000,384000,384000,384000,384000,384000,883200,883200,0,,,,,,0,,701553,1001923,0,4810,380,1,109000,4985000,6980000,0,15,4462000,Notcharging,726000000
1784646197.753516718,1505.96,48200,48600,49400,49800,49400,49000,48700,49400,48700,48400,48800,49200,50200,49600,49600,50000,49600,50000,49200,47300,48000,47700,47300,50200,47700,47300,46100,46900,46500,47700,54000,55600,54800,54400,50500,55200,55200,52900,53600,54800,54000,54400,54000,50000,48800,47500,47700,49200,46500,46900,46900,37000,0,0,37000,40446,48700,95000,0,38363,37000,34400,46455,95000,36256,0,37210,48300,34861,0,43124,0,44806,0,36166,40990,0,44192,48700,0,37141,0,41100,43361,44583,45728,45997,48720,45762,50200,44518,44955,48417,34400,3200,-273000,-273000,-273000,95469,894,2907752,103456,0,0,0,0,0,0,0,0,0,0,0,0,0,0,0,0,396,8345,119816,275,95469,894,2907752,103456,15475008,734520,8757092,12.49,0.00,0.00,425422,126893,3215476,108607,,,,384000,384000,384000,384000,384000,384000,883200,883200,0,,,,,,0,,710501,1001573,0,4810,380,1,697000,4910000,6980000,0,15,4462000,Notcharging,726000000
1784646198.218268593,1506.42,48600,48200,49800,49400,49000,49000,48700,49000,48700,48400,48800,49600,50500,49600,50000,50400,49600,50000,49200,47300,48000,47700,47700,50200,47300,46900,46100,46900,46500,47300,54400,56000,54800,55200,50200,56000,55200,53600,54800,54800,53600,54000,53600,50000,48400,47900,47700,49200,46900,46900,47300,37000,0,0,37000,40450,48700,95000,0,38363,37000,34400,46466,95000,36256,0,37210,48300,34848,0,43131,0,44806,0,36091,41003,0,44192,48300,0,37147,0,41081,43361,44587,45728,45930,48787,45728,50200,44484,44518,48384,34400,3300,-273000,-273000,-273000,95469,894,2907752,103456,0,0,0,0,0,0,0,0,0,0,0,0,0,0,0,0,396,8345,119816,275,95469,894,2907752,103456,15475008,733008,8755580,12.49,0.00,0.00,425422,126893,3215476,108607,,,,384000,384000,384000,384000,384000,384000,883200,883200,0,,,,,,0,,710501,1001573,0,4810,380,1,1337000,4713000,6980000,0,15,4462000,Notcharging,726000000
1784646198.673931561,1506.88,48600,49000,49800,49800,49000,49000,49000,49400,48700,48400,48400,49600,50200,49600,49600,50000,50000,50000,49600,47300,48000,47700,47700,50200,47700,47300,46500,46900,46900,47300,54800,56000,54800,55600,50500,56300,55600,53600,54400,55200,54000,54800,54000,50000,48800,48300,47700,49200,46900,46900,46900,37000,0,0,37000,40454,48700,95000,0,38363,37000,34400,46459,95000,36256,0,37210,48300,34868,0,43134,0,44806,0,36154,41007,0,44203,48700,0,37176,0,41069,43369,44587,45762,45728,48653,45627,50200,44282,44888,48317,34400,3200,-273000,-273000,-273000,95469,894,2907752,103456,0,0,0,0,0,0,0,0,0,0,0,0,0,0,0,0,396,8345,119816,275,95469,894,2907752,103456,15475008,734772,8757312,12.49,0.00,0.00,425422,126893,3215476,108607,,,,384000,384000,384000,384000,384000,384000,883200,883200,0,,,,,,0,,703862,1001540,0,4810,380,1,1341000,4706000,6980000,0,15,4462000,Notcharging,726000000
1784646199.157402030,1507.36,48600,49000,49400,49400,49000,49000,48700,49000,48700,48800,48800,49600,50200,49600,49600,50400,50000,49600,49200,47300,48400,47300,47700,49800,47700,47300,46100,46900,46500,47300,54400,55600,54000,54800,50500,55600,54800,53200,54000,54400,53600,54400,53600,50400,48800,47900,48000,49200,46900,46900,46900,37000,0,0,37000,40457,48700,95000,0,38363,37000,34400,46482,95000,36256,0,37210,48700,34889,0,43156,0,44796,0,36160,41010,0,44203,48300,0,37144,0,41069,43387,44609,45795,45896,48518,45795,50200,44249,44820,48350,34400,3200,-273000,-273000,-273000,95469,894,2907752,103456,0,0,0,0,0,0,0,0,0,0,0,0,0,0,0,0,396,8345,119816,275,95469,894,2907752,103456,15475008,732272,8754816,12.76,0.00,0.00,425422,126893,3215476,108607,,,,384000,384000,384000,384000,384000,384000,883200,883200,0,,,,,,0,,703862,1001540,0,4810,380,1,941000,4932000,6980000,0,15,4462000,Notcharging,726000000
1784646199.624261978,1507.83,48600,49000,50200,49400,49000,49000,49000,49400,48300,48400,48800,49600,50200,49200,49600,50400,49600,49600,49600,47300,48000,47700,47700,49800,47700,47300,46500,46900,46500,47700,52900,54400,53600,53600,50200,54000,54400,52500,53200,54000,53200,54000,53600,50000,48400,48300,47700,48800,46900,46900,46900,37000,0,0,37000,40446,48700,95000,0,38363,37000,34400,46448,95000,36256,0,37210,48700,34889,0,43113,0,44839,0,36154,41031,0,44209,48300,0,37179,0,41087,43383,44606,45762,45930,49090,45627,50600,44316,44585,48350,34400,3300,-273000,-273000,-273000,95469,894,2907752,103456,0,0,0,0,0,0,0,0,0,0,0,0,0,0,0,0,396,8345,119816,275,95469,894,2907752,103456,15475008,739280,8761796,12.76,0.00,0.00,425422,126893,3215476,108607,,,,384000,384000,384000,384000,384000,384000,883200,883200,0,,,,,,0,,701248,1001768,0,4810,380,1,1337000,4978000,6980000,0,15,4462000,Notcharging,726000000
1784646200.105047498,1508.31,48600,48600,49400,49400,49000,48700,48700,49000,48700,48400,48400,49200,50200,49600,49200,50000,49600,49600,49200,47300,48000,47300,47700,49800,47300,46900,46100,46900,46500,47300,54400,55200,54000,54800,50200,55600,54800,53200,54000,54400,53600,54000,53600,50400,48400,47900,47700,48800,46500,46500,46900,37000,0,0,37000,40454,48300,95000,0,38363,37000,34400,46482,95000,36256,0,37210,48300,34889,0,43127,0,44820,0,36148,41038,0,44224,48300,0,37176,0,41097,43347,44630,45829,45930,48753,45762,50200,44417,44753,48283,34400,3200,-273000,-273000,-273000,95477,894,2907856,103461,0,0,0,0,0,0,0,0,0,0,0,0,0,0,0,0,396,8345,119816,275,95477,894,2907856,103461,15475008,738020,8760536,12.76,0.00,0.00,425422,126893,3215528,108607,,,,384000,384000,384000,384000,384000,384000,883200,883200,0,,,,,,0,,701248,1001768,0,4810,380,1,1337000,4735000,6980000,0,15,4462000,Notcharging,726000000
1784646200.570812706,1508.77,48600,48600,50200,49800,49000,49000,49000,49400,48700,48400,48400,49200,50200,49600,49600,50000,49600,49600,49200,47300,48000,47700,47700,50200,47300,47300,46100,46900,46500,47700,54000,55600,54400,54400,50200,55600,54800,53200,54400,54400,53600,54000,53600,50000,48800,48300,47700,48800,46900,46500,47300,37000,0,0,37000,40472,49000,95000,0,38363,37000,34400,46493,95000,36256,0,37210,48700,34933,0,43143,0,44835,0,36213,41007,0,44234,48700,0,37156,0,41076,43387,44618,45762,45963,48821,45728,50200,44350,44484,48317,34400,3200,-273000,-273000,-273000,95477,894,2907856,103461,0,0,0,0,0,0,0,0,0,0,0,0,0,0,0,0,396,8345,119816,275,95477,894,2907856,103461,15475008,736816,8759332,12.76,0.00,0.00,425422,126893,3215528,108607,,,,384000,384000,384000,384000,384000,384000,883200,883200,0,,,,,,0,,701248,1001768,0,4810,380,1,222000,4928000,6980000,0,15,4462000,Notcharging,726000000
1784646201.048041873,1509.25,48200,48600,49400,49400,49000,49000,49000,49000,48300,48800,48800,49200,50200,50000,50000,50000,50000,49600,49200,47300,48000,47700,47300,49800,47300,47300,46100,46500,46900,47300,54400,56300,54400,55600,50500,56000,55200,53600,54800,54400,54000,54400,54000,50400,48400,47900,47700,49200,46900,46900,46900,37000,0,0,37000,40460,48300,95000,0,38363,37000,34400,46501,95000,36256,0,37210,48300,34955,0,43146,0,44842,0,36134,41031,0,44213,48700,0,37167,0,41097,43399,44619,45829,45997,48753,45594,50200,44451,44820,48451,34400,3300,-273000,-273000,-273000,95477,894,2907856,103461,0,0,0,0,0,0,0,0,0,0,0,0,0,0,0,0,396,8345,119816,275,95477,894,2907856,103461,15475008,735304,8757820,12.80,0.00,0.00,425422,126893,3215528,108607,,,,384000,384000,384000,384000,384000,384000,883200,883200,0,,,,,,0,,704542,1001964,0,4810,380,1,1334000,4706000,6980000,0,11,4462000,Notcharging,726000000
1784646202.303095570,1510.51,48600,49000,50200,49800,49400,49000,49000,49400,49000,48800,48400,49600,50500,50000,50000,50400,50000,50000,49600,47700,48400,48000,47700,50200,47700,47300,46500,46500,46900,47700,54000,56000,54400,55200,50500,55600,55200,54000,54800,54800,54000,54800,54000,50000,48800,48300,48000,49200,46900,46900,46900,37000,0,0,37000,40489,49000,95000,0,38440,37000,34500,46524,95000,36256,0,37210,48700,34918,0,43179,0,44861,0,36148,41045,0,44250,48700,0,37226,0,41094,43402,44644,45930,45930,48653,45795,50600,44518,44787,48317,34500,3200,-273000,-273000,-273000,95477,894,2907856,103461,0,0,0,0,0,0,0,0,0,0,0,0,0,0,0,0,396,8345,119816,275,95477,894,2907856,103461,15475008,726272,8748728,12.80,0.00,0.00,425422,126893,3215528,108607,,,,384000,384000,384000,384000,384000,384000,883200,883200,0,,,,,,0,,704542,1001964,0,4810,380,1,1341000,4704000,6980000,0,11,4462000,Notcharging,726000000
1784646202.768952549,1510.97,48600,49000,49800,49800,49400,49400,48700,49400,49000,48800,48800,49600,50500,50000,50000,50400,50000,50000,49600,47700,48000,47300,47700,50200,47300,46900,46500,46900,46900,47700,54400,55600,54400,54800,50500,55600,55200,53600,54800,54400,53600,54000,54000,50800,48800,47900,48000,49200,46500,46900,47300,37000,0,0,37000,40483,48700,95000,0,38440,37000,34500,46532,95000,36256,0,37210,48700,34921,0,43199,0,44864,0,36194,41035,0,44253,48700,0,37173,0,41087,43419,44653,45560,45930,48753,45728,50600,44383,44955,48182,34500,3300,-273000,-273000,-273000,95477,894,2907856,103461,0,0,0,0,0,0,0,0,0,0,0,0,0,0,0,0,396,8345,119816,275,95477,894,2907856,103461,15475008,723576,8746064,12.84,0.00,0.00,425422,126893,3215528,108607,,,,384000,384000,384000,384000,384000,384000,883200,883200,0,,,,,,0,,712625,1001832,0,4810,380,1,175000,4979000,6980000,0,11,4462000,Notcharging,726000000
1784646203.241459685,1511.44,48600,49000,49400,49800,49400,49000,49000,49400,49000,48800,48800,49600,50500,50000,49600,50000,50000,50000,49200,47700,48400,47700,47700,50500,47700,47300,46500,46900,46900,47700,54800,56300,54800,55200,51300,56300,55600,54400,54800,54800,53600,54800,54000,50400,48400,47900,47700,49200,46900,46900,47300,37000,0,0,37000,40486,49000,95000,0,38440,37000,34500,46555,95000,36256,0,37210,48700,34955,0,43134,0,44885,0,36160,41045,0,44265,48700,0,37176,0,41090,43394,44663,45930,45863,48653,45526,50200,44316,44955,48317,34500,3200,-273000,-273000,-273000,95477,894,2907856,103461,0,0,0,0,0,0,0,0,0,0,0,0,0,0,0,0,396,8345,119816,275,95477,894,2907856,103461,15475008,721772,8744260,12.84,0.00,0.00,425422,126893,3215528,108607,,,,384000,384000,384000,384000,384000,384000,883200,883200,0,,,,,,0,,0,0,0,4810,380,1,875000,4706000,6980000,0,11,4462000,Notcharging,726000000
1784646203.699338070,1511.90,48600,49000,49800,49400,49400,49400,49400,49400,49000,48800,48800,49600,50200,49600,50000,50400,50000,50000,49600,47700,48400,47700,47700,50500,47700,47300,46500,46900,46900,47700,54400,55600,54400,54800,50500,56000,54800,53200,54400,54400,53600,54000,53600,50400,48800,48300,48000,49200,46900,46900,47300,37000,0,0,37000,40489,48700,95000,0,38440,37000,34500,46555,95000,36256,0,37210,48700,34952,0,43166,0,44900,0,36176,41035,0,44262,48700,0,37164,0,41100,43394,44675,45728,45930,48854,45863,50200,44484,44787,48249,34500,3300,-273000,-273000,-273000,95477,894,2907856,103461,0,0,0,0,0,0,0,0,0,0,0,0,0,0,0,0,396,8345,119816,275,95477,894,2907856,103461,15475008,718840,8741428,12.84,0.00,0.00,425422,126893,3215528,108607,,,,384000,384000,384000,384000,384000,384000,883200,883200,0,,,,,,0,,702168,1001682,0,4810,380,1,1337000,4714000,6980000,0,11,4462000,Notcharging,726000000
1784646204.179577913,1512.38,48600,48600,49800,49800,49000,49400,49000,49400,48700,48800,48800,49600,50200,49600,49600,50400,50000,50000,49600,47700,48000,47700,48000,50200,47300,46900,46100,46900,46900,47300,53200,54800,53600,54000,50500,54400,54800,52900,53200,54400,54000,54400,54000,50400,48800,48300,47700,49200,46900,46900,47300,37000,0,0,37000,40486,49000,95000,0,38440,37000,34500,46562,95000,36256,0,37210,48700,34961,0,43172,0,44900,0,36157,41041,0,44279,48300,0,37173,0,41104,43405,44682,45560,45997,48821,45694,50200,44417,44921,48384,34500,3300,-273000,-273000,-273000,95477,894,2907856,103461,0,0,0,0,0,0,0,0,0,0,0,0,0,0,0,0,396,8345,119816,275,95477,894,2907856,103461,15475008,718340,8740964,12.84,0.00,0.00,425422,126893,3215528,108607,,,,384000,384000,384000,384000,384000,384000,883200,883200,0,,,,,,0,,702168,1001682,0,4810,380,1,572000,4856000,6980000,0,11,4462000,Notcharging,726000000
1784646204.632240101,1512.84,48200,49000,49400,49800,49400,49000,49000,49400,49000,48800,48800,49200,50200,49600,50000,50000,50000,49600,49600,47700,48000,47300,47700,50500,47300,47300,46500,46900,46900,47700,54800,56300,54800,55600,50900,56300,55600,54400,55200,55200,54000,54800,54000,50000,48800,48700,48000,49200,46500,46900,47300,37000,0,0,37000,40505,49000,95000,0,38440,37000,34500,46555,95000,36256,0,37210,48700,34924,0,43189,0,44882,0,36201,41050,0,44276,48700,0,37183,0,41112,43405,44685,45762,45930,48854,45459,50200,44451,44820,48283,34500,3300,-273000,-273000,-273000,95477,894,2907856,103461,0,0,0,0,0,0,0,0,0,0,0,0,0,0,0,0,396,8345,119816,275,95477,894,2907856,103461,15475008,726724,8749320,12.84,0.00,0.00,425422,126893,3215528,108607,,,,384000,384000,384000,384000,384000,384000,883200,883200,0,,,,,,0,,703268,1001678,0,4810,380,1,1153000,4706000,6980000,0,11,4462000,Notcharging,726000000
1784646205.104414163,1513.31,48600,49000,49800,49800,49400,49400,49000,49400,49000,48400,48800,49600,50500,49600,49600,50800,50000,50000,49600,47700,48000,47700,47700,50500,48000,47300,46500,46900,46900,47700,54400,55600,54800,54800,50500,56000,55200,54000,54400,54800,54000,54400,54000,50400,48800,48300,48000,49200,46900,46900,47300,37000,0,0,37000,40505,48700,95000,0,38440,37000,34500,46593,95000,36256,0,37210,48700,34946,0,43185,0,44897,0,36106,41063,0,44274,48300,0,37134,0,41097,43412,44678,45829,45896,48753,45694,50600,44484,45123,48249,34500,3300,-273000,-273000,-273000,95480,894,2907904,103464,0,0,0,0,0,0,0,0,0,0,0,0,0,0,0,0,396,8345,119816,275,95480,894,2907904,103464,15475008,725464,8748060,12.87,0.00,0.00,425422,126893,3215552,108607,,,,384000,384000,384000,384000,384000,384000,883200,883200,0,,,,,,0,,703268,1001678,0,4810,380,1,1341000,5009000,6980000,0,11,4462000,Notcharging,726000000
1784646205.568649684,1513.77,48600,49000,49800,49800,49400,49000,49000,49400,48700,48800,48800,50000,50200,50000,50000,50800,50000,49600,49600,47300,48400,47700,47300,50200,47700,47300,46500,46900,46500,47300,53600,55200,54000,54000,50900,54800,54400,52900,53600,54400,53600,54400,53600,50400,48800,47900,47700,49200,46900,46900,47300,37000,0,0,37000,40519,49000,95000,0,38440,37000,34500,46620,95000,36256,0,37210,48700,34980,0,43172,0,44907,0,36166,41090,0,44278,48300,0,37169,0,41107,43412,44690,45829,45930,48787,45762,50600,44282,44652,48350,34500,3300,-273000,-273000,-273000,95480,894,2907904,103464,0,0,0,0,0,0,0,0,0,0,0,0,0,0,0,0,396,8345,119816,275,95480,894,2907904,103464,15475008,722692,8745288,12.87,0.00,0.00,425422,126893,3215552,108607,,,,384000,384000,384000,384000,384000,384000,883200,883200,0,,,,,,0,,703268,1001678,0,4810,380,1,1337000,4709000,6980000,0,11,4462000,Notcharging,726000000
1784646206.035001246,1514.24,48600,49000,49800,49800,49000,49000,49400,49400,48700,48800,48800,49600,50500,50000,49600,50400,50000,49600,49200,47300,48400,47700,47700,50500,47300,47300,46500,46900,46900,47700,54000,55600,54000,54800,50500,55600,54800,53200,54000,54400,54000,54400,53600,50400,48800,48300,47700,49200,46900,46900,47300,37000,0,0,37000,40505,48700,95000,0,38440,37000,34500,46620,95000,36256,0,37210,48700,34952,0,43192,0,44907,0,36140,41063,0,44278,48700,0,37117,0,41125,43412,44682,45627,45930,48787,45661,50200,44551,44753,48283,34500,3300,-273000,-273000,-273000,95480,894,2907904,103464,0,0,0,0,0,0,0,0,0,0,0,0,0,0,0,0,396,8345,119816,275,95480,894,2907904,103464,15475008,725292,8747888,12.87,0.00,0.00,425422,126893,3215552,108607,,,,384000,384000,384000,384000,384000,384000,883200,883200,0,,,,,,0,,699020,1001543,0,4810,380,1,1256000,4723000,6980000,0,11,4462000,Notcharging,726000000
1784646206.503967287,1514.71,48600,49000,49800,49800,49400,48700,49000,49400,48700,48400,48400,49600,50500,49600,49600,50000,49600,49600,49600,47300,48000,47700,47700,50500,47300,47300,46500,46900,46900,47700,53600,55200,54000,54000,50900,54400,55200,52900,53600,54400,53600,54400,54000,50400,48800,47900,47700,49200,46900,46900,47300,37000,0,0,37000,40515,48700,95000,0,38440,37000,34500,46593,95000,36256,0,37210,48300,34995,0,43211,0,44904,0,36128,41076,0,44281,48700,0,37146,0,41119,43438,44682,45930,45930,48753,45930,50600,44417,44484,48283,34500,3300,-273000,-273000,-273000,95480,894,2907904,103464,0,0,0,0,0,0,0,0,0,0,0,0,0,0,0,0,396,8345,119816,275,95480,894,2907904,103464,15475008,726860,8749456,12.87,0.00,0.00,425422,126893,3215552,108607,,,,384000,384000,384000,384000,384000,384000,883200,883200,0,,,,,,0,,698479,1001579,0,4810,380,1,700000,4708000,6980000,0,13,4463000,Notcharging,726000000
1784646207.826048172,1516.03,49000,49000,49800,49800,49800,49400,49000,49400,49000,48800,48800,49600,50200,50000,49600,50400,50000,50000,49600,47700,48400,47700,47700,50200,47700,47300,46500,46900,47300,47700,53600,55200,54000,54000,50500,54800,54800,52900,53600,54000,53200,54000,53600,50000,48800,47900,47700,49200,46900,47300,47300,37000,0,0,37000,40515,48700,95000,0,38440,37000,34600,46593,95000,36322,0,37210,48700,34983,0,43222,0,44943,0,36169,41100,0,44323,48300,0,37166,0,41122,43435,44713,45930,45930,48922,45728,50600,44551,44888,48216,34600,3300,-273000,-273000,-273000,95480,894,2907904,103464,0,0,0,0,0,0,0,0,0,0,0,0,0,0,0,0,396,8345,119816,275,95480,894,2907904,103464,15475008,733524,8756128,12.71,0.00,0.00,425422,126893,3215552,108607,,,,384000,384000,384000,384000,384000,384000,883200,883200,0,,,,,,0,,697475,1001526,0,4810,380,1,1025000,4739000,6980000,0,13,4463000,Notcharging,726000000
1784646208.297345360,1516.50,48600,49000,49800,49800,49000,49000,49000,49000,48700,48800,48800,49600,50200,49600,50000,50400,50000,49600,49200,47300,48000,47700,48000,50200,47300,47300,46500,46900,46900,47700,53600,55200,54000,54400,50500,55200,54800,53200,54000,54000,53600,54400,53600,50400,48800,48300,47700,49200,46900,46900,47300,37000,0,0,37000,40523,48700,95000,0,38440,37000,34600,46607,95000,36322,0,37210,48700,34983,0,43211,0,44943,0,36128,41122,0,44323,48300,0,37154,0,41135,43476,44739,45627,45997,49022,45795,50200,44350,45022,48249,34600,3300,-273000,-273000,-273000,95480,894,2907904,103464,0,0,0,0,0,0,0,0,0,0,0,0,0,0,0,0,396,8345,119816,275,95480,894,2907904,103464,15475008,730832,8753388,12.71,0.00,0.00,425422,126893,3215552,108607,,,,384000,384000,384000,384000,384000,384000,883200,883200,0,,,,,,0,,697475,1001526,0,4810,380,1,625000,4724000,6980000,0,13,4463000,Notcharging,726000000
1784646208.764404995,1516.97,49000,49000,49800,49800,49400,49400,49400,49400,49000,48800,48400,49200,50500,49600,50000,50400,50000,49600,49200,47300,48000,47700,47700,50200,47700,47300,46100,46900,46900,47300,54000,55200,54400,54400,50900,55200,55200,53200,54000,54000,53600,54400,54000,50000,48800,47900,47700,49200,46900,46900,47300,37000,0,0,37000,40540,49000,95000,0,38440,37000,34600,46631,95000,36322,0,37210,48700,35008,0,43204,0,44946,0,36103,41090,0,44339,48300,0,37176,0,41129,43416,44754,45997,45930,49056,45795,50600,44316,45123,48216,34600,3300,-273000,-273000,-273000,95480,894,2907904,103464,0,0,0,0,0,0,0,0,0,0,0,0,0,0,0,0,396,8345,119816,275,95480,894,2907904,103464,15475008,741488,8764076,12.76,0.00,0.00,425422,126893,3215552,108607,,,,384000,384000,384000,384000,384000,384000,883200,883200,0,,,,,,0,,709723,1001344,0,4810,380,1,178000,5002000,6980000,0,13,4463000,Notcharging,726000000
1784646209.235746297,1517.44,48600,49000,49400,49800,49000,49000,49000,49400,48700,48800,48800,49600,50500,49600,49600,50000,49600,50000,49200,47700,48000,47700,47700,49800,47700,47300,46500,46900,47300,47300,54800,56300,54400,55200,50500,56000,55600,54000,54800,54800,54000,54400,54000,50000,48400,48300,47700,49200,46900,46900,47300,37000,0,0,37000,40534,48700,95000,0,38440,37000,34600,46604,95000,36322,0,37210,48700,35017,0,43232,0,44940,0,36112,41090,0,44345,48300,0,37167,0,41153,43438,44754,45930,46098,48888,45896,50200,44451,44787,48216,34600,3300,-273000,-273000,-273000,95480,894,2907904,103464,0,0,0,0,0,0,0,0,0,0,0,0,0,0,0,0,396,8345,119816,275,95480,894,2907904,103464,15475008,743364,8765940,12.76,0.00,0.00,425422,126893,3215552,108607,,,,384000,384000,384000,384000,384000,384000,883200,883200,0,,,,,,0,,0,0,0,4810,380,1,225000,4706000,6980000,0,13,4463000,Notcharging,726000000
1784646209.707070620,1517.91,49000,49000,49800,49400,49400,49400,49400,49400,49000,48800,48400,49600,50500,49600,50000,50400,50000,50000,49600,47700,48000,47700,47700,50200,48000,46900,46500,46900,46900,47300,54400,55600,54000,54400,50500,55600,54800,53600,54000,54400,53600,54400,54000,50000,48800,48300,48000,48800,46900,47300,47300,37000,0,0,37000,40545,48700,95000,0,38440,37000,34600,46613,95000,36322,0,37210,48700,35020,0,43211,0,44937,0,36119,41129,0,44336,48300,0,37169,0,41143,43460,44735,45863,45997,48821,45863,50200,44484,45123,48216,34600,3300,-273000,-273000,-273000,95480,894,2907904,103464,0,0,0,0,0,0,0,0,0,0,0,0,0,0,0,0,396,8345,119816,275,95480,894,2907904,103464,15475008,745916,8768444,12.76,0.00,0.00,425422,126893,3215552,108607,,,,384000,384000,384000,384000,384000,384000,883200,883200,0,,,,,,0,,698584,1001563,0,4810,380,1,928000,4704000,6980000,0,13,4463000,Notcharging,726000000
1784646210.171606244,1518.37,48600,49000,49800,49800,49400,49000,49000,49400,49000,48400,48800,49600,50500,49600,50000,50000,50000,50000,49200,47300,48400,47700,47300,50200,47700,47300,46500,46900,46900,47700,54800,56000,54800,55200,50500,56000,55200,54000,54800,54800,53600,54000,54000,50000,48800,47900,47700,49200,46900,46900,46900,37000,0,0,37000,40548,48700,95000,0,38440,37000,34600,46613,95000,36322,0,37210,48700,34995,0,43208,0,44946,0,36154,41090,0,44349,48700,0,37166,0,41143,43473,44753,45829,45997,49022,45762,50200,44451,45291,48317,34600,3300,-273000,-273000,-273000,95483,894,2907952,103467,0,0,0,0,0,0,0,0,0,0,0,0,0,0,0,0,396,8345,119816,275,95483,894,2907952,103467,15475008,747780,8770280,12.76,0.00,0.00,425422,126893,3215576,108607,,,,384000,384000,384000,384000,384000,384000,883200,883200,0,,,,,,0,,698584,1001563,0,4810,380,1,169000,4987000,6980000,0,13,4463000,Notcharging,726000000
1784646210.631125515,1518.83,48600,49000,49800,49800,49400,49000,48700,49000,48700,49200,48800,49600,50500,50000,50000,50400,50000,50000,49600,47300,48400,47700,47700,50200,48000,47300,46100,46900,46500,47300,54800,56300,55200,55600,50500,56300,56000,54000,55200,54800,54000,54800,54400,50400,48800,48300,48000,49200,46900,46900,47300,37000,0,0,37000,40548,48700,95000,0,38440,37000,34600,46613,95000,36322,0,37210,48700,34974,0,43225,0,44966,0,36157,41112,0,44344,48700,0,37166,0,41125,43460,44753,45997,45997,48922,45795,50200,44551,44989,48216,34600,3300,-273000,-273000,-273000,95483,894,2907952,103467,0,0,0,0,0,0,0,0,0,0,0,0,0,0,0,0,396,8345,119816,275,95483,894,2907952,103467,15475008,748700,8771184,12.76,0.00,0.00,425422,126893,3215576,108607,,,,384000,384000,384000,384000,384000,384000,883200,883200,0,,,,,,0,,713573,1001516,0,4810,380,1,966000,4806000,6980000,0,13,4463000,Notcharging,726000000
1784646211.090471296,1519.29,48600,49000,50200,49800,49000,49400,49400,49400,49000,48800,48800,49600,50500,50000,49600,50400,50000,49600,49200,47300,48400,47700,47700,50200,47700,47300,46100,46900,46900,47700,53600,55200,54000,54000,50500,54800,55200,52500,53200,54400,53600,54400,53600,50400,48800,48300,47700,49200,46900,46900,46900,37000,0,0,37000,40554,48700,95000,0,38440,37000,34600,46620,95000,36322,0,37210,48700,35042,0,43222,0,44959,0,36148,41104,0,44352,48700,0,37144,0,41132,43470,44753,45694,45963,49022,45863,50600,44686,44820,48148,34600,3300,-273000,-273000,-273000,95483,894,2907952,103467,0,0,0,0,0,0,0,0,0,0,0,0,0,0,0,0,396,8345,119816,275,95483,894,2907952,103467,15475008,751660,8774144,12.62,0.00,0.00,425422,126893,3215576,108607,,,,384000,384000,384000,384000,384000,384000,883200,883200,0,,,,,,0,,713573,1001516,0,4810,380,1,1341000,4704000,6980000,0,13,4463000,Notcharging,726000000
1784646211.567551869,1519.77,49000,49400,50600,49800,49800,49800,49800,49800,49800,48800,48800,50000,50900,50000,50400,50400,50400,49600,49600,47300,48400,47700,48000,50500,47700,47300,46900,46900,46900,48000,54400,55600,54800,55200,50900,56000,55200,53600,54400,54800,53600,54400,53600,50400,48400,48300,48000,49200,46900,47300,46900,37000,0,0,37000,40554,49400,95000,0,38440,37000,34600,46662,95000,36322,0,37210,48700,35051,0,43211,0,44966,0,36173,41122,0,44360,49400,0,37179,0,41150,43448,44749,45863,46132,48821,45997,51000,44383,45257,48182,34600,3300,-273000,-273000,-273000,95490,894,2908008,103469,0,0,0,0,0,0,0,0,0,0,0,0,0,0,0,0,396,8345,119816,275,95490,894,2908008,103469,15475008,744760,8767276,12.62,0.00,0.00,425422,126904,3215604,108617,,,,998400,998400,998400,998400,998400,998400,883200,883200,0,,,,,,0,,713573,1001516,0,4810,380,1,1341000,4952000,6980000,0,13,4463000,Notcharging,726000000
1784646211.923006608,1520.13,49400,49400,50600,50200,49400,49800,49800,50200,49000,49200,49200,50400,50900,50400,50400,51200,50400,50000,50000,47700,48800,48000,48000,50900,47700,47700,46500,46900,46900,47700,54000,55200,54400,54400,50900,55600,54800,53200,54000,54400,54000,54400,54400,50800,49200,48700,48000,49600,47300,47300,47300,37000,0,0,37000,40554,49400,95000,0,38549,37000,34600,46682,95000,36322,0,37210,48700,35023,0,43244,0,44959,0,36145,41122,0,44351,49000,0,37155,0,41147,43499,44747,45896,46132,49056,45896,51000,44518,45056,48182,34600,3300,-273000,-273000,-273000,95490,894,2908008,103469,0,0,0,0,0,0,0,0,0,0,0,0,0,0,0,0,396,8345,119816,275,95490,894,2908008,103469,15475008,777740,8800248,12.62,0.00,0.00,425422,126911,3215604,108624,,,,1670400,1670400,1670400,1670400,1670400,1670400,883200,883200,0,,,,,,0,,727389,1001707,0,4810,380,1,1081000,4702000,6980000,0,26,4462000,Notcharging,726000000
1784646212.496478014,1520.70,49400,49800,51000,51000,50600,50200,50200,50200,49800,49600,50000,50800,51700,51500,51500,51900,51200,51200,50800,48000,48800,48400,48400,51300,48400,48000,46900,47300,47300,48000,55200,56700,55600,55600,52100,56300,56300,54400,55200,56300,55200,56000,55200,51200,49200,49000,48400,50000,47700,47300,47700,37000,0,0,37000,40570,49800,95000,0,38549,37000,34700,46724,95000,36322,0,37210,49400,35054,0,43264,0,44969,0,36204,41104,0,44365,49400,0,37137,0,41163,43516,44776,46098,46165,49191,45930,51800,44854,44989,48148,34700,3300,-273000,-273000,-273000,95490,894,2908008,103469,0,0,0,0,0,0,0,0,0,0,0,0,0,0,0,0,396,8345,119816,275,95490,894,2908008,103469,15475008,772364,8794844,12.62,0.00,0.00,425422,126913,3215604,108626,,,,384000,384000,384000,384000,384000,384000,883200,883200,0,,,,,,0,,727389,1001707,0,4810,380,1,1344000,4734000,6980000,0,26,4462000,Notcharging,726000000
1784646212.952188275,1521.16,49400,49800,51000,50600,50200,49800,49800,50200,49400,49600,50000,50400,51300,50800,51200,51500,50800,50800,50400,48400,49200,48000,48000,50900,48000,48000,46500,47300,47700,48400,54400,56000,54800,55200,51300,55600,55600,53200,54400,55200,54400,55600,55200,50800,49200,49000,48000,49600,46900,47300,47300,37000,0,0,37000,40576,49800,95000,0,38549,37000,34700,46750,95000,36322,0,37210,49000,35059,0,43264,0,44991,0,36091,41138,0,44373,49400,0,37172,0,41163,43492,44796,46031,46098,49291,45863,51400,44854,45022,48014,34700,3300,-273000,-273000,-273000,95490,894,2908008,103469,0,0,0,0,0,0,0,0,0,0,0,0,0,0,0,0,396,8345,119816,275,95490,894,2908008,103469,15475008,769408,8791920,12.15,0.00,0.00,425422,126913,3215604,108626,,,,384000,384000,384000,384000,384000,384000,883200,883200,0,,,,,,0,,739930,1001182,0,4810,380,1,1337000,4704000,6980000,0,26,4462000,Notcharging,726000000
1784646213.411207493,1521.61,49000,49800,50600,50200,49800,49800,49400,49800,49400,49200,49200,50400,51300,50400,50800,51200,50800,50400,50400,48000,48800,48400,48400,50900,48400,47700,46900,47300,47300,48000,54000,55200,54400,54400,50900,55200,55600,53200,54000,54800,54000,54400,54000,51200,49200,49000,48000,49600,47300,47300,47700,37000,0,0,37000,40570,49400,95000,0,38549,37000,34700,46745,95000,36322,0,37210,49000,35030,0,43297,0,45024,0,36148,41163,0,44381,49000,0,37161,0,41153,43470,44822,45997,46198,49191,45863,51000,44854,45022,48115,34700,3300,-273000,-273000,-273000,95490,894,2908008,103469,0,0,0,0,0,0,0,0,0,0,0,0,0,0,0,0,396,8345,119816,275,95490,894,2908008,103469,15475008,775224,8797804,12.15,0.00,0.00,425422,126913,3215604,108626,,,,384000,384000,384000,384000,384000,384000,883200,883200,0,,,,,,0,,739930,1001182,0,4810,380,1,1244000,4722000,6980000,0,26,4462000,Notcharging,726000000
1784646213.878043691,1522.08,49400,49400,50200,50200,49800,49400,49400,49800,49400,49200,49200,50400,51300,50400,50400,50800,50400,50400,50000,48000,49200,48000,48000,50500,48000,47700,46900,47300,47300,48400,54000,55600,54400,54800,51300,55200,55600,53600,54000,54800,54400,54800,54400,50800,49200,48700,48400,49200,47300,47700,47300,37000,0,0,37000,40580,49400,95000,0,38549,37000,34700,46768,95000,36322,0,37210,48700,35067,0,43276,0,45048,0,36131,41143,0,44398,48700,0,37125,0,41174,43495,44845,46098,46266,49123,46064,50600,44652,45056,48148,34700,3300,-273000,-273000,-273000,95490,894,2908008,103469,0,0,0,0,0,0,0,0,0,0,0,0,0,0,0,0,396,8345,119816,275,95490,894,2908008,103469,15475008,773444,8796024,12.15,0.00,0.00,425422,126913,3215604,108626,,,,384000,384000,384000,384000,384000,384000,883200,883200,0,,,,,,0,,704100,1001504,0,4810,380,1,772000,4702000,6980000,0,26,4462000,Notcharging,726000000
1784646214.334959420,1522.54,49000,49000,50600,50200,49800,49400,49800,49400,49400,49200,49200,50000,50900,50400,50400,50800,50400,50400,49600,48000,48400,48000,48400,50500,48000,47700,46500,46900,47300,48000,54400,55600,54800,54400,51300,55600,55600,53200,54000,54800,54000,54800,54000,50800,48800,48300,48000,49600,46900,46900,47700,37000,0,0,37000,40580,49400,95000,0,38549,37000,34700,46772,95000,36322,0,37210,48300,35061,0,43315,0,45031,0,36145,41163,0,44408,48700,0,37183,0,41163,43502,44852,45930,46031,49056,45963,51000,44854,45123,48148,34700,3300,-273000,-273000,-273000,95490,894,2908008,103469,0,0,0,0,0,0,0,0,0,0,0,0,0,0,0,0,396,8345,119816,275,95490,894,2908008,103469,15475008,771376,8793940,12.15,0.00,0.00,425422,126913,3215604,108626,,,,384000,384000,384000,384000,384000,384000,883200,883200,0,,,,,,0,,704100,1001504,0,4810,380,1,566000,4813000,6980000,0,26,4462000,Notcharging,726000000
1784646214.810645670,1523.01,49000,49400,49800,49800,49800,49400,49000,49400,49000,48800,49200,50000,50900,50000,50400,50800,50400,50000,50000,47700,48800,48000,48000,50500,48000,47700,46500,47300,46900,48000,54400,56000,54400,55200,51300,56000,55600,53600,54800,54800,54000,54800,54800,50800,49200,48300,48000,49200,47300,47300,47300,37000,0,0,37000,40580,49000,95000,0,38549,37000,34700,46779,95000,36322,0,37210,48700,35045,0,43297,0,45015,0,36173,41184,0,44426,48700,0,37159,0,41181,43483,44857,46064,46198,48989,45896,50600,44753,44787,48148,34700,3300,-273000,-273000,-273000,95490,894,2908008,103469,0,0,0,0,0,0,0,0,0,0,0,0,0,0,0,0,396,8345,119816,275,95490,894,2908008,103469,15475008,769216,8791796,12.12,0.00,0.00,425422,126913,3215604,108626,,,,384000,384000,384000,384000,384000,384000,883200,883200,0,,,,,,0,,702695,1001719,0,4810,380,1,709000,4898000,6980000,0,26,4462000,Notcharging,726000000
1784646215.267691867,1523.47,49000,49400,50200,50200,50200,49400,49400,50200,49400,48800,49200,50400,50900,50000,50400,50800,50000,50400,49600,48000,48400,47700,48000,50500,48000,47700,46500,47300,47300,48000,53600,55200,54400,54400,50900,55200,55200,52900,53600,54400,54400,54400,53600,50400,48800,48700,48000,49600,46900,47300,47300,37000,0,0,37000,40588,49400,95000,0,38549,37000,34700,46768,95000,36322,0,37210,49000,35082,0,43309,0,45078,0,36157,41163,0,44436,49000,0,37179,0,41163,43505,44869,45930,46198,49056,46098,50600,44854,45156,48283,34700,3300,-273000,-273000,-273000,95505,894,2908408,103478,0,0,0,0,0,0,0,0,0,0,0,0,0,0,0,0,396,8345,119816,275,95505,894,2908408,103478,15475008,767200,8789784,12.12,0.00,0.00,425422,126913,3215804,108626,,,,384000,384000,384000,384000,384000,384000,883200,883200,0,,,,,,0,,702695,1001719,0,4810,380,1,1337000,4850000,6980000,0,26,4462000,Notcharging,726000000
1784646215.741315044,1523.94,49000,49400,49800,49800,49400,49000,49000,49800,49400,48800,49200,50000,50500,50000,50000,50800,50400,50400,49600,47700,48400,47700,48000,50500,47700,47300,46500,47300,46900,47700,54000,55600,54000,54400,50900,55600,55200,53600,54000,54400,54000,54400,54000,50400,49200,48700,47700,49200,46900,47300,47300,37000,0,0,37000,40591,48700,95000,0,38549,37000,34700,46796,95000,36322,0,37210,48700,35073,0,43334,0,45067,0,36122,41174,0,44432,48700,0,37164,0,41200,43534,44863,45896,46165,49157,45863,50600,44753,45459,48081,34700,3300,-273000,-273000,-273000,95505,894,2908408,103478,0,0,0,0,0,0,0,0,0,0,0,0,0,0,0,0,396,8345,119816,275,95505,894,2908408,103478,15475008,774212,8796800,12.12,0.00,0.00,425422,126913,3215804,108626,,,,384000,384000,384000,384000,384000,384000,883200,883200,0,,,,,,0,,699274,1001794,0,4810,380,1,253000,5019000,6980000,0,26,4462000,Notcharging,726000000
1784646216.205664940,1524.41,49000,49400,49800,49800,49400,49000,49000,49400,49000,48800,48800,50000,50500,50000,50000,50400,50000,50000,49600,47700,48800,48000,48000,50500,48000,47700,46500,47300,46900,47700,53200,54800,54000,54400,50900,54800,54800,53200,53600,54400,54000,54400,54000,50400,49200,48700,48000,49200,46900,47300,47300,37000,0,0,37000,40599,49000,95000,0,38549,37000,34700,46785,95000,36322,0,37210,48700,35087,0,43325,0,45071,0,36151,41191,0,44426,48700,0,37155,0,41194,43527,44877,46031,46098,49022,46031,50600,44652,45291,48115,34700,3300,-273000,-273000,-273000,95505,894,2908408,103478,0,0,0,0,0,0,0,0,0,0,0,0,0,0,0,0,396,8345,119816,275,95505,894,2908408,103478,15475008,769792,8792380,12.12,0.00,0.00,425422,126913,3215804,108626,,,,384000,384000,384000,384000,384000,384000,883200,883200,0,,,,,,0,,699274,1001794,0,4810,380,1,1053000,4802000,6980000,0,26,4462000,Notcharging,726000000
1784646216.676625252,1524.88,49000,49000,49800,49800,49800,49400,49000,49800,49000,49200,48800,49600,50500,50000,49600,50800,50000,50000,49600,47700,48400,47700,47700,50200,47700,47700,46500,46900,47300,47700,53600,54800,54400,54000,50900,54800,54800,52900,53600,54000,53600,54400,54000,50400,49200,48300,47700,49200,47300,47300,47300,37000,0,0,37000,40616,49000,95000,0,38549,37000,34700,46785,95000,36322,0,37210,48300,35093,0,43312,0,45078,0,36109,41194,0,44455,48700,0,37170,0,41206,43534,44883,46165,46098,49291,45863,50600,44619,45526,48148,34700,3300,-273000,-273000,-273000,95505,894,2908408,103478,0,0,0,0,0,0,0,0,0,0,0,0,0,0,0,0,396,8345,119816,275,95505,894,2908408,103478,15475008,768680,8791300,12.12,0.00,0.00,425422,126913,3215804,108626,,,,384000,384000,384000,384000,384000,384000,883200,883200,0,,,,,,0,,696087,1001709,0,4810,380,1,922000,4844000,6980000,0,11,4463000,Notcharging,726000000
1784646217.981078689,1526.18,48600,49000,50200,49800,49400,49000,49400,49800,49000,49200,48800,50000,50500,50000,50000,50400,50400,50400,49600,48000,48400,47700,48000,50500,47700,47700,46500,46900,46900,47700,54000,55600,54800,54800,50900,55600,55600,53200,54400,54800,54400,54400,54000,50400,48800,48300,48000,49600,46900,47300,47300,37000,0,0,37000,40613,49000,95000,0,38549,37000,34700,46761,95000,36322,0,37338,49000,35107,0,43344,0,45087,0,36140,41206,0,44460,48700,0,37169,0,41209,43541,44886,45930,46198,49123,45863,50600,44551,45056,48014,34700,3300,-273000,-273000,-273000,95505,894,2908408,103478,0,0,0,0,0,0,0,0,0,0,0,0,0,0,0,0,396,8345,119816,275,95505,894,2908408,103478,15475008,776196,8798780,12.10,0.00,0.00,425422,126913,3215804,108626,,,,384000,384000,384000,384000,384000,384000,883200,883200,0,,,,,,0,,706018,1001862,0,4810,380,1,1275000,4769000,6980000,0,11,4463000,Notcharging,726000000
1784646218.448084314,1526.65,49000,48600,49800,49800,49000,49000,49000,49800,49000,48800,49200,49600,50500,50000,50000,50400,50000,50000,50000,47700,48000,48000,47700,50500,48000,47300,46500,47300,47300,47700,53600,55200,54400,54400,50500,54800,54800,52900,53600,54400,53600,54400,53600,50800,48800,48700,47700,49600,46900,47300,47300,37000,0,0,37000,40631,49000,95000,0,38549,37000,34700,46741,95000,36322,0,37338,48700,35076,0,43341,0,45078,0,36128,41194,0,44460,48700,0,37181,0,41206,43556,44894,46198,46098,48955,45963,50200,44619,44955,48048,34700,3300,-273000,-273000,-273000,95505,894,2908408,103478,0,0,0,0,0,0,0,0,0,0,0,0,0,0,0,0,396,8345,119816,275,95505,894,2908408,103478,15475008,775440,8798028,12.10,0.00,0.00,425422,126913,3215804,108626,,,,384000,384000,384000,384000,384000,384000,883200,883200,0,,,,,,0,,706018,1001862,0,4810,380,1,1050000,4704000,6980000,0,11,4463000,Notcharging,726000000
1784646218.924169470,1527.13,49000,49000,49800,49800,49800,49400,49400,49800,49400,48800,48800,49600,50500,50000,50000,50400,50000,50000,49600,47700,48400,47700,48000,50500,48000,47300,46500,46900,47300,47700,54000,55600,54400,54400,50900,55600,55200,53200,54000,54800,54000,54800,54000,50400,48800,48300,48000,49200,46900,47300,47300,37000,0,0,37000,40639,49400,95000,0,38549,37000,34700,46779,95000,36322,0,37338,49000,35059,0,43354,0,45078,0,36185,41222,0,44471,48700,0,37184,0,41225,43574,44894,45997,46333,48955,46098,51000,44820,45526,48115,34700,3300,-273000,-273000,-273000,95511,894,2908512,103480,0,0,0,0,0,0,0,0,0,0,0,0,0,0,0,0,396,8345,119816,275,95511,894,2908512,103480,15475008,773172,8795752,12.26,0.00,0.00,425422,126913,3215856,108626,,,,384000,384000,384000,384000,384000,384000,883200,883200,0,,,,,,0,,700596,1001659,0,4810,380,1,1337000,4715000,6980000,0,11,4463000,Notcharging,726000000
1784646219.381353845,1527.58,48600,49000,49800,50200,50200,49400,49000,49800,49000,48400,48800,50000,50900,50000,50000,50400,50000,50000,49600,47700,48400,47700,48000,50500,47700,47300,46500,47300,47300,48000,54800,56000,54400,55200,50500,55600,55200,53200,54400,54800,53600,54400,54000,50400,49200,48700,48000,49600,46900,47300,46900,37000,0,0,37000,40628,49000,95000,0,38549,37000,34700,46761,95000,36322,0,37338,48700,35126,0,43358,0,45124,0,36112,41194,0,44469,48700,0,37176,0,41225,43574,44894,45997,46098,48922,46165,50600,44652,45190,48081,34700,3300,-273000,-273000,-273000,95511,894,2908512,103480,0,0,0,0,0,0,0,0,0,0,0,0,0,0,0,0,396,8345,119816,275,95511,894,2908512,103480,15475008,772700,8795280,12.26,0.00,0.00,425422,126913,3215856,108626,,,,384000,384000,384000,384000,384000,384000,883200,883200,0,,,,,,0,,0,0,0,4810,380,1,1341000,4712000,6980000,0,11,4463000,Notcharging,726000000
1784646219.864905303,1528.07,48600,49000,49800,50200,49400,49000,49400,49000,49000,48800,49200,50000,50500,50000,50000,50400,50400,50000,49600,47700,48400,47700,48000,50500,47700,47300,46500,46900,47300,47700,55200,56700,55200,55600,50500,56000,56000,54000,54800,55200,54000,54800,54000,50800,48800,48300,48000,49600,46900,46900,47300,37000,0,0,37000,40642,49000,95000,0,38549,37000,34700,46779,95000,36322,0,37338,48300,35138,0,43351,0,45101,0,36154,41200,0,44486,48300,0,37163,0,41232,43577,44897,45930,46198,48854,45863,50600,44753,45056,48182,34700,3300,-273000,-273000,-273000,95511,894,2908512,103480,0,0,0,0,0,0,0,0,0,0,0,0,0,0,0,0,396,8345,119816,275,95511,894,2908512,103480,15475008,771440,8794020,12.26,0.00,0.00,425422,126913,3215856,108626,,,,384000,384000,384000,384000,384000,384000,883200,883200,0,,,,,,0,,709987,1001735,0,4810,380,1,978000,4859000,6980000,0,11,4463000,Notcharging,726000000
1784646220.336182491,1528.54,49000,49000,50200,50200,49800,49400,49400,49800,49000,48800,49200,49600,50500,50000,50000,50800,50000,49600,49600,47700,48400,47700,48000,50500,47700,47700,46100,46900,47300,47700,54400,55600,54400,54800,50900,55600,55200,54000,54400,54400,54000,54400,54000,50800,48800,48700,48000,49600,46900,46900,47700,37000,0,0,37000,40649,49000,95000,0,38549,37000,34700,46785,95000,36322,0,37338,48700,35117,0,43361,0,45121,0,36145,41209,0,44490,49000,0,37167,0,41240,43589,44890,45896,46266,49022,46098,51000,44551,45359,48081,34700,3300,-273000,-273000,-273000,95514,894,2908560,103482,0,0,0,0,0,0,0,0,0,0,0,0,0,0,0,0,396,8345,119816,275,95514,894,2908560,103482,15475008,770684,8793268,12.26,0.00,0.00,425422,126913,3215880,108626,,,,384000,384000,384000,384000,384000,384000,883200,883200,0,,,,,,0,,709987,1001735,0,4810,380,1,812000,4710000,6980000,0,11,4463000,Notcharging,726000000
1784646220.800125667,1529.00,48600,49000,49800,49800,49400,49400,49400,49400,49000,49200,48800,49600,50500,50000,50000,50000,50000,50000,49600,47700,48400,47700,47700,50200,47700,47700,46900,46900,47300,48000,54000,55200,54400,54400,50500,55200,55200,53600,54000,54800,54000,54400,53600,50400,48800,48300,48000,49200,46500,47300,46900,37000,0,0,37000,40653,49000,95000,0,38549,37000,34700,46796,95000,36322,0,37338,48700,35079,0,43369,0,45094,0,36116,41206,0,44485,48700,0,37126,0,41240,43580,44883,46064,46232,49191,45963,50600,44652,44686,48115,34700,3300,-273000,-273000,-273000,95514,894,2908560,103482,0,0,0,0,0,0,0,0,0,0,0,0,0,0,0,0,396,8345,119816,275,95514,894,2908560,103482,15475008,770180,8792768,12.21,0.00,0.00,425422,126913,3215880,108626,,,,384000,384000,384000,384000,384000,384000,883200,883200,0,,,,,,0,,703366,1001633,0,4810,380,1,1306000,4858000,6980000,0,11,4463000,Notcharging,726000000
1784646221.268634521,1529.47,49000,49000,49800,49800,49400,49400,49400,49000,49000,48800,49200,49600,50900,50000,49600,50000,50400,50000,49600,47700,48400,47700,48000,50500,48000,47700,46900,46900,46900,47700,54400,55600,54400,54400,50900,55600,55600,53200,54000,54800,54000,54800,54000,50400,48800,48300,48000,49200,46900,47300,47300,37000,0,0,37000,40653,49400,95000,0,38549,37000,34700,46779,95000,36322,0,37338,48700,35087,0,43334,0,45128,0,36140,41215,0,44488,48700,0,37181,0,41246,43577,44888,45930,46232,48922,45795,50600,44720,45392,48081,34700,3300,-273000,-273000,-273000,95514,894,2908560,103482,0,0,0,0,0,0,0,0,0,0,0,0,0,0,0,0,396,8345,119816,275,95514,894,2908560,103482,15475008,768620,8791208,12.21,0.00,0.00,425422,126913,3215880,108626,,,,384000,384000,384000,384000,384000,384000,883200,883200,0,,,,,,0,,703366,1001633,0,4810,380,1,900000,4836000,6980000,0,11,4463000,Notcharging,726000000
1784646221.737111500,1529.94,49000,49400,50200,49800,49400,49400,49400,49000,49000,48800,48800,49600,50500,50000,50000,50000,50000,50000,49600,47300,48400,47700,48000,50500,47700,47300,46500,46900,47300,47700,54400,55600,54400,54400,50900,55200,55200,53600,54400,54400,54000,54800,54400,50400,48800,48700,48000,49600,46900,47300,47300,37000,0,0,37000,40656,49000,95000,0,38549,37000,34700,46803,95000,36322,0,37338,48700,35123,0,43361,0,45081,0,36163,41219,0,44514,48700,0,37144,0,41240,43589,44928,46098,46232,49022,46098,50600,44720,45123,48115,34700,3300,-273000,-273000,-273000,95514,894,2908560,103482,0,0,0,0,0,0,0,0,0,0,0,0,0,0,0,0,396,8345,119816,275,95514,894,2908560,103482,15475008,766652,8789248,12.21,0.00,0.00,425422,126913,3215880,108626,,,,384000,384000,384000,384000,384000,384000,883200,883200,0,,,,,,0,,705173,1001311,0,4810,380,1,1337000,4704000,6980000,0,11,4463000,Notcharging,726000000
1784646222.206433688,1530.41,48600,49000,49800,49800,49400,49400,49000,49400,49000,48800,48800,50000,50200,50000,50400,50400,50000,50000,49600,47700,48400,47700,48000,50200,47700,47700,46100,46900,47300,47700,54800,56700,54800,56000,50500,56300,55600,54400,55200,55200,54400,54400,54400,50400,48800,48300,48000,49200,46900,47300,47300,37000,0,0,37000,40659,49000,95000,0,38549,37000,34700,46761,95000,36322,0,37338,48700,35076,0,43358,0,45101,0,36128,41253,0,44521,48300,0,37161,0,41237,43574,44907,45997,46198,48888,45863,50600,44720,45056,47980,34700,3300,-273000,-273000,-273000,95514,894,2908560,103482,0,0,0,0,0,0,0,0,0,0,0,0,0,0,0,0,396,8345,119816,275,95514,894,2908560,103482,15475008,765388,8787976,12.21,0.00,0.00,425422,126913,3215880,108626,,,,384000,384000,384000,384000,384000,384000,883200,883200,0,,,,,,0,,693408,1001952,14,4984,380,1,1337000,4701000,6980000,0,12,4463000,Notcharging,726000000
1784646223.541736552,1531.74,49000,49400,49800,49800,49400,49400,49400,49800,49000,48400,48800,50000,50500,50000,50000,50800,50000,50000,49600,47700,48400,47700,48000,50500,48000,47700,46500,46900,46900,47700,54000,55200,54400,54800,50900,55200,54800,53600,54000,54400,53600,54400,54000,50800,48800,48300,48000,49600,46900,47300,47700,37000,0,0,37000,40689,49000,95000,0,38549,37000,34700,46772,95000,36322,0,37338,49000,35151,0,43390,0,45112,0,36151,41232,0,44490,49000,0,37166,0,41268,43599,44897,45930,46132,48955,45863,50600,44585,45190,48216,34700,3300,-273000,-273000,-273000,95514,894,2908560,103482,0,0,0,0,0,0,0,0,0,0,0,0,0,0,0,0,396,8345,119816,275,95514,894,2908560,103482,15475008,771384,8793948,12.53,0.00,0.00,425422,126913,3215880,108626,,,,384000,384000,384000,384000,384000,384000,883200,883200,0,,,,,,0,,693408,1001952,14,4984,380,1,791000,4824000,6980000,0,12,4463000,Notcharging,726000000
1784646224.012840145,1532.22,48600,49000,50200,49800,49400,49000,49000,49800,49000,48800,49200,50000,50500,50000,50000,50400,50400,50000,49600,47700,48400,47700,47700,50500,47700,47700,46100,47300,47300,47700,54400,56000,54400,55200,50900,56000,55200,53600,54800,54800,54000,54800,54400,50800,49200,47900,48000,49200,46900,47300,46900,37000,0,0,37000,40684,49000,95000,0,38549,37000,34700,46792,95000,36322,0,37338,48700,35126,0,43380,0,45112,0,36112,41287,0,44519,48700,0,37166,0,41274,43621,44907,45896,46333,49257,45997,50600,44652,45022,48115,34700,3300,-273000,-273000,-273000,95514,894,2908560,103482,0,0,0,0,0,0,0,0,0,0,0,0,0,0,0,0,396,8345,119816,275,95514,894,2908560,103482,15475008,780236,8802804,12.53,0.00,0.00,425422,126913,3215880,108626,,,,384000,384000,384000,384000,384000,384000,883200,883200,0,,,,,,0,,704958,1001593,14,4984,380,1,1341000,5020000,6980000,0,12,4463000,Notcharging,726000000
1784646224.475349937,1532.68,49000,49000,50200,50200,49800,49400,49000,49400,49000,48800,48800,50000,50900,50400,50000,50400,50000,50000,49600,47700,48400,47700,48000,50500,47700,47300,46500,47300,47300,47700,54400,56000,54800,55600,50500,56000,55200,54000,54800,54800,54000,54800,54000,50400,49200,48700,48000,49600,47300,47300,47300,37000,0,0,37000,40693,49000,95000,0,38549,37000,34700,46827,95000,36322,0,37338,48700,35148,0,43402,0,45135,0,36128,41243,0,44519,48700,0,37170,0,41274,43602,44923,46098,46165,49157,45795,50600,44753,45627,47980,34700,3300,-273000,-273000,-273000,95514,894,2908560,103482,0,0,0,0,0,0,0,0,0,0,0,0,0,0,0,0,396,8345,119816,275,95514,894,2908560,103482,15475008,778700,8801260,12.53,0.00,0.00,425422,126913,3215880,108626,,,,384000,384000,384000,384000,384000,384000,883200,883200,0,,,,,,0,,704958,1001593,14,4984,380,1,169000,4706000,6980000,0,12,4463000,Notcharging,726000000
1784646224.947669468,1533.15,49000,49000,50200,50200,49400,49400,49400,49800,49000,49200,49200,50000,50900,50400,50400,50400,50400,50400,50000,47700,48400,48000,48000,50500,47700,47700,46500,46900,46900,47700,54800,56300,55200,55600,50900,56000,55600,53600,54400,54800,54400,55200,54400,50800,48800,48300,48000,49600,46900,47300,47300,37000,0,0,37000,40689,49000,95000,0,38549,37000,34700,46803,95000,36322,0,37338,48700,35107,0,43373,0,45124,0,36137,41246,0,44516,49000,0,37188,0,41287,43599,44909,45997,46098,49123,46098,51000,44686,45224,47980,34700,3300,-273000,-273000,-273000,95514,894,2908560,103482,0,0,0,0,0,0,0,0,0,0,0,0,0,0,0,0,396,8345,119816,275,95514,894,2908560,103482,15475008,774628,8797232,12.44,0.00,0.00,425422,126913,3215880,108626,,,,384000,384000,384000,384000,384000,384000,883200,883200,0,,,,,,0,,699801,1001828,14,4984,380,1,709000,4708000,6980000,0,12,4463000,Notcharging,726000000
1784646225.407861343,1533.61,49000,49000,50200,49800,49800,49400,49400,49800,49000,48800,48800,50000,50900,50400,50000,50400,50000,50000,50000,47700,48400,47700,48000,50900,47700,47700,46500,46900,46900,47700,54000,55200,54800,54400,50900,55200,55200,52900,54000,54400,54000,54400,53600,50800,48800,48700,48000,49200,46900,47300,47300,37000,0,0,37000,40693,49000,95000,0,38549,37000,34700,46807,95000,36322,0,37338,49000,35179,0,43402,0,45158,0,36109,41271,0,44536,48700,0,37172,0,41287,43624,44933,46098,46299,49056,46098,50600,44753,44854,48115,34700,3300,-273000,-273000,-273000,95517,894,2908608,103484,0,0,0,0,0,0,0,0,0,0,0,0,0,0,0,0,396,8345,119816,275,95517,894,2908608,103484,15475008,786080,8808752,12.44,0.00,0.00,425422,126913,3215904,108626,,,,384000,384000,384000,384000,384000,384000,883200,883200,0,,,,,,0,,699801,1001828,14,4984,380,1,1337000,4706000,6980000,0,12,4463000,Notcharging,726000000
1784646225.877265249,1534.08,49000,49000,50200,49800,49800,49000,49400,49400,49000,48800,49200,50000,50900,50400,50400,50800,50400,50400,50000,47700,48800,47700,47700,50500,48000,47700,46500,47300,47300,48000,54400,56000,54800,55200,50900,55600,55200,53600,54800,54400,54000,54800,54000,50800,49200,48300,48000,49600,46900,47300,47300,37000,0,0,37000,40699,49000,95000,0,38549,37000,34700,46816,95000,36322,0,37338,48700,35160,0,43394,0,45146,0,36145,41260,0,44530,48300,0,37172,0,41274,43641,44929,46198,46198,49291,46031,50600,44720,45493,48115,34700,3300,-273000,-273000,-273000,95517,894,2908608,103484,0,0,0,0,0,0,0,0,0,0,0,0,0,0,0,0,396,8345,119816,275,95517,894,2908608,103484,15475008,783560,8806236,12.44,0.00,0.00,425422,126913,3215904,108626,,,,384000,384000,384000,384000,384000,384000,883200,883200,0,,,,,,0,,711649,1001247,14,4984,380,1,1309000,4718000,6980000,0,12,4463000,Notcharging,726000000
1784646226.353633270,1534.56,49000,49000,49800,49800,49400,49400,49400,49400,49000,48800,48800,50000,50900,50000,49600,50400,50000,50000,49600,47700,48400,48000,48000,50500,47700,47300,46500,46900,47300,47700,54000,55600,54400,54800,50900,55600,55200,53200,53600,54800,54000,54400,53600,50800,48800,48300,48400,49200,47300,47300,47300,37000,0,0,37000,40710,49000,95000,0,38549,37000,34700,46819,95000,36322,0,37338,49000,35117,0,43416,0,45146,0,36145,41268,0,44536,48300,0,37184,0,41287,43621,44960,46064,46198,49257,45795,50600,44551,45156,48081,34700,3300,-273000,-273000,-273000,95517,894,2908608,103484,0,0,0,0,0,0,0,0,0,0,0,0,0,0,0,0,396,8345,119816,275,95517,894,2908608,103484,15475008,785644,8808256,12.44,0.00,0.00,425422,126913,3215904,108626,,,,384000,384000,384000,384000,384000,384000,883200,883200,0,,,,,,0,,711649,1001247,14,4984,380,1,1337000,4713000,6980000,0,12,4463000,Notcharging,726000000
1784646226.821206342,1535.02,49000,49000,49800,49800,49400,49400,49000,49400,49400,48800,48800,49600,50500,50000,50400,50400,50400,50000,49600,47700,48400,48000,47700,50500,48000,47700,46500,46900,46900,47700,53600,55200,54000,54000,50900,54800,55200,52500,53600,54400,54000,54800,53600,50400,48800,48300,48000,49600,46900,47300,47300,37000,0,0,37000,40707,49000,95000,0,38549,37000,34700,46837,95000,36322,0,37338,48700,35188,0,43412,0,45158,0,36185,41263,0,44536,49000,0,37184,0,41281,43616,44945,45997,46299,49191,45997,50600,44551,44753,48014,34700,3300,-273000,-273000,-273000,95517,894,2908608,103484,0,0,0,0,0,0,0,0,0,0,0,0,0,0,0,0,396,8345,119816,275,95517,894,2908608,103484,15475008,783420,8806032,12.54,0.00,0.00,425422,126913,3215904,108626,,,,384000,384000,384000,384000,384000,384000,883200,883200,0,,,,,,0,,706339,1001568,14,4984,380,1,1337000,4704000,6980000,0,12,4463000,Notcharging,726000000
1784646227.292290821,1535.50,49000,49400,50200,49800,49400,49400,49000,49400,49000,49200,48800,50000,50900,50000,50400,50400,50400,50400,49600,47700,48400,48000,48000,50500,47700,47300,46500,46900,46900,47700,54000,55600,54800,54800,50900,55600,55200,53200,54000,54800,54400,54800,54400,50400,49200,48300,48000,49600,46900,47300,47300,37000,0,0,37000,40703,49000,95000,0,38549,37000,34700,46827,95000,36322,0,37338,48700,35179,0,43405,0,45155,0,36148,41278,0,44544,48300,0,37193,0,41291,43616,44946,45997,46198,49022,46165,50600,44720,45291,47980,34700,3300,-273000,-273000,-273000,95517,894,2908608,103484,0,0,0,0,0,0,0,0,0,0,0,0,0,0,0,0,396,8345,119816,275,95517,894,2908608,103484,15475008,795540,8818136,12.54,0.00,0.00,425422,126913,3215904,108626,,,,384000,384000,384000,384000,384000,384000,883200,883200,0,,,,,,0,,706339,1001568,14,4984,380,1,747000,4705000,6980000,0,12,4463000,Notcharging,726000000
1784646227.759653009,1535.96,49000,49400,50200,50200,49400,49400,49400,49400,49000,48800,49200,50000,50500,50400,50400,50800,50000,50400,49600,47700,48400,47700,48000,50500,48000,47700,46500,47300,46900,47700,54000,55200,54800,54400,50900,55200,55200,52900,54000,54400,54400,54800,54400,50400,49200,48300,48000,49600,46900,47300,47300,37000,0,0,37000,40707,49000,95000,0,38549,37000,34700,46823,95000,36322,0,37338,48700,35148,0,43405,0,45169,0,36140,41281,0,44554,48700,0,37167,0,41315,43634,44946,45997,46299,49123,45963,51000,44619,44888,47947,34700,3300,-273000,-273000,-273000,95517,894,2908608,103484,0,0,0,0,0,0,0,0,0,0,0,0,0,0,0,0,396,8345,119816,275,95517,894,2908608,103484,15475008,792320,8814924,12.54,0.00,0.00,425422,126915,3215904,108628,,,,384000,384000,384000,384000,384000,384000,883200,883200,0,,,,,,0,,697416,1001980,14,4984,380,1,1337000,4706000,6980000,0,13,4462000,Notcharging,726000000
1784646229.081198216,1537.28,49400,49000,50200,50200,49400,49400,49400,49800,49000,48800,48800,49600,50900,50400,50400,50800,50000,50400,49600,47700,48400,47700,48000,50500,47700,47700,46500,47300,46900,47700,54000,55600,54000,54400,50900,55600,55200,53200,54000,54800,54000,54400,54000,50800,48800,48700,48000,49200,46900,46900,47700,37000,0,0,37000,40724,49400,95000,0,38549,37000,34900,46837,95000,36322,0,37338,49000,35198,0,43409,0,45176,0,36176,41305,0,44548,48700,0,37184,0,41299,43628,44962,45930,46232,49291,46132,51000,44753,45123,47913,34900,3300,-273000,-273000,-273000,95517,894,2908608,103484,0,0,0,0,0,0,0,0,0,0,0,0,0,0,0,0,396,8345,119816,275,95517,894,2908608,103484,15475008,785876,8808452,12.44,0.00,0.00,425422,126915,3215904,108628,,,,384000,384000,384000,384000,384000,384000,883200,883200,0,,,,,,0,,696835,1001776,14,4984,380,1,1337000,4704000,6980000,0,13,4462000,Notcharging,726000000
1784646229.551235091,1537.75,49000,49800,50600,50200,49800,49800,49800,50200,49400,48800,48800,50000,50500,50400,50000,50400,50000,50000,50000,47700,48800,48000,48000,50900,47700,47700,46900,46900,46900,48000,53200,54400,53600,54000,50500,54400,54000,52500,53200,53600,53600,53600,53600,50400,49200,48700,48400,49200,47300,47700,47300,37000,0,0,37000,40724,49400,95000,0,38549,37000,34900,46844,95000,36322,0,37338,49000,35185,0,43438,0,45173,0,36119,41299,0,44557,49000,0,37202,0,41312,43641,44976,45997,46266,48922,45963,51000,44787,45123,48048,34900,3300,-273000,-273000,-273000,95522,894,2908640,103486,0,0,0,0,0,0,0,0,0,0,0,0,0,0,0,0,396,8345,119816,275,95522,894,2908640,103486,15475008,785824,8808388,12.44,0.00,0.00,425422,126917,3215920,108630,,,,384000,384000,384000,384000,384000,384000,883200,883200,0,,,,,,0,,696835,1001776,14,4984,380,1,869000,4814000,6980000,0,13,4462000,Notcharging,726000000
1784646230.033332591,1538.24,49000,49400,50600,49800,49400,49400,49000,49400,49400,49200,48800,50000,50900,50000,50400,50400,50400,50000,50000,48000,48400,48000,47700,50500,48000,48000,46500,47300,47300,48000,53600,55200,54400,54000,50900,55200,54800,52900,53600,54400,54000,54800,54000,50400,48800,48300,48000,49600,46900,46900,47700,37000,0,0,37000,40740,49000,95000,0,38549,37000,34900,46861,95000,36322,0,37338,48700,35216,0,43438,0,45180,0,36166,41296,0,44561,48700,0,37156,0,41336,43656,44954,46031,46198,49157,46098,51000,44753,44720,47947,34900,3300,-273000,-273000,-273000,95522,894,2908640,103486,0,0,0,0,0,0,0,0,0,0,0,0,0,0,0,0,396,8345,119816,275,95522,894,2908640,103486,15475008,783556,8806120,12.44,0.00,0.00,425422,126917,3215920,108630,,,,384000,384000,384000,384000,384000,384000,883200,883200,0,,,,,,0,,696586,1001512,14,4984,380,1,1253000,4797000,6980000,0,13,4462000,Notcharging,726000000
1784646230.494236133,1538.70,49000,49000,50200,50200,49800,49400,49400,49800,49400,49200,48800,50400,50900,50000,50400,50800,50400,50400,50000,47700,48400,47700,48000,50500,48000,47700,46500,47300,46900,48000,54000,55600,54400,54800,50900,55600,55200,53600,54000,54400,54400,54800,54000,50800,49200,48300,47700,49200,47300,47300,47300,37000,0,0,37000,40740,49000,95000,0,38549,37000,34900,46857,95000,36322,0,37338,49000,35241,0,43495,0,45176,0,36216,41305,0,44573,49000,0,37214,0,41319,43663,44989,46064,46299,49123,46132,51000,44787,44955,48014,34900,3300,-273000,-273000,-273000,95525,894,2908680,103488,0,0,0,0,0,0,0,0,0,0,0,0,0,0,0,0,396,8345,119816,275,95525,894,2908680,103488,15475008,787308,8809872,12.44,0.00,0.00,425422,126917,3215940,108630,,,,384000,384000,384000,384000,384000,384000,883200,883200,0,,,,,,0,,696586,1001512,14,4984,380,1,1337000,4704000,6980000,0,13,4462000,Notcharging,726000000
1784646230.964305195,1539.17,48600,49000,49800,49800,49400,49400,49400,49800,49000,48800,49200,50000,50900,50400,50000,50400,50400,50400,50000,47700,48400,48000,48000,50500,48000,47700,46900,46900,47300,48000,54000,55200,54000,54800,50500,55600,54800,53600,54000,54000,54000,54400,54000,50400,48800,48700,48000,49200,47300,46900,47300,37000,0,0,37000,40746,49000,95000,0,38549,37000,34900,46861,95000,36322,0,37338,48700,35210,0,43483,0,45169,0,36185,41309,0,44566,48700,0,37185,0,41333,43653,44971,45930,46367,49123,46266,51000,44753,45022,47812,34900,3300,-273000,-273000,-273000,95525,894,2908680,103488,0,0,0,0,0,0,0,0,0,0,0,0,0,0,0,0,396,8345,119816,275,95525,894,2908680,103488,15475008,784016,8806588,12.72,0.00,0.00,425422,126917,3215940,108630,,,,384000,384000,384000,384000,384000,384000,883200,883200,0,,,,,,0,,701047,1001482,14,4984,380,1,962000,4713000,6980000,0,13,4462000,Notcharging,726000000
1784646231.433791549,1539.64,49000,49000,50600,50200,49800,49400,49400,49400,49000,48800,49200,50000,50900,50400,50000,50800,50400,50400,49600,47700,48800,48000,47700,50500,48000,47700,46500,46900,46900,47700,53600,55200,54000,54400,50900,55200,55200,52900,53600,54400,53600,54800,53600,50800,48800,48700,48000,49200,46900,47700,47300,37000,0,0,37000,40743,49400,95000,0,38549,37000,34900,46884,95000,36322,0,37338,49000,35194,0,43492,0,45203,0,36176,41299,0,44580,49000,0,37213,0,41336,43673,44989,45997,46232,49257,46064,50600,44921,44854,47947,34900,3300,-273000,-273000,-273000,95528,894,2908768,103488,0,0,0,0,0,0,0,0,0,0,0,0,0,0,0,0,396,8345,119816,275,95528,894,2908768,103488,15475008,782756,8805344,12.72,0.00,0.00,425422,126917,3215984,108630,,,,384000,384000,384000,384000,384000,384000,883200,883200,0,,,,,,0,,701047,1001482,14,4984,380,1,794000,4727000,6980000,0,13,4462000,Notcharging,726000000
1784646231.890833632,1540.09,49400,49000,50600,50200,50200,49800,49400,49800,49400,49200,49200,50400,50900,50400,50400,51200,50400,50400,50000,47700,48400,47700,48000,50500,48000,47700,46500,46900,46900,48000,54400,56000,54800,55200,51300,55600,55600,53600,54400,54800,54400,54800,54400,50800,49200,48700,48400,49200,47300,47300,47700,37000,0,0,37000,40757,49000,95000,0,38549,37000,34900,46861,95000,36322,0,37338,48700,35222,0,43499,0,45203,0,36128,41321,0,44589,48700,0,37201,0,41319,43670,44989,46031,46299,49359,45997,51000,44753,45359,47846,34900,3300,-273000,-273000,-273000,95528,894,2908768,103488,0,0,0,0,0,0,0,0,0,0,0,0,0,0,0,0,396,8345,119816,275,95528,894,2908768,103488,15475008,781512,8804100,12.72,0.00,0.00,425422,126917,3215984,108630,,,,384000,384000,384000,384000,384000,384000,883200,883200,0,,,,,,0,,701677,1001468,14,4984,380,1,1337000,4704000,6980000,0,13,4462000,Notcharging,726000000
1784646232.364341861,1540.57,49000,49400,49800,50200,49800,49400,49400,49400,49400,49200,49200,50400,50900,50400,50400,50800,50400,50000,49600,47700,48800,48000,48000,50500,48000,47700,46500,47300,47700,47700,53600,55200,54400,54400,50900,55200,55600,52900,53600,54400,54400,54800,54000,50800,48800,48300,48000,49600,47300,47300,47300,37000,0,0,37000,40735,49400,95000,0,38691,37000,34900,46861,95000,36451,0,37471,48700,35229,0,43509,0,45223,0,36163,41321,0,44569,48700,0,37169,0,41350,43695,44995,46098,46198,49022,46064,51000,44551,45123,48014,34900,3300,-273000,-273000,-273000,95528,894,2908768,103488,0,0,0,0,0,0,0,0,0,0,0,0,0,0,0,0,396,8345,119816,275,95528,894,2908768,103488,15475008,779004,8801592,12.72,0.00,0.00,425422,126917,3215984,108630,,,,384000,384000,384000,384000,384000,384000,883200,883200,0,,,,,,0,,701677,1001468,14,4984,380,1,534000,4849000,6980000,0,13,4462000,Notcharging,726000000
1784646232.825410090,1541.03,49000,49400,50200,50200,49400,49800,49400,49800,49800,49200,49600,50000,50900,50000,50400,50800,50400,50400,49600,47700,48400,48000,48000,50900,48000,47700,46500,47300,46900,47700,53600,55200,54000,54800,51300,55200,55200,53200,54000,54400,53600,54800,54000,50800,48800,48700,47700,49200,47300,47300,46900,37000,0,0,37000,40764,49000,95000,0,38691,37000,34900,46905,95000,36451,0,37471,49000,35210,0,43495,0,45214,0,36185,41321,0,44581,49000,0,37161,0,41358,43673,45005,46098,46367,49090,46165,51000,44720,45022,48048,34900,3300,-273000,-273000,-273000,95528,894,2908768,103488,0,0,0,0,0,0,0,0,0,0,0,0,0,0,0,0,396,8345,119816,275,95528,894,2908768,103488,15475008,777772,8800360,12.41,0.00,0.00,425422,126917,3215984,108630,,,,384000,384000,384000,384000,384000,384000,883200,883200,0,,,,,,0,,703523,1001696,14,4984,380,1,784000,4863000,6980000,0,13,4462000,Notcharging,726000000
1784646233.320063579,1541.52,49000,49400,49800,49800,49800,49400,49400,49800,49000,49200,49200,50400,50500,50400,50400,50800,50400,50800,50000,47700,48400,48000,48400,50500,48000,47700,46500,47300,47300,47700,54800,56300,55200,55600,50900,56300,55600,53600,54800,55200,54400,54800,54400,50800,49200,48700,48000,49600,46900,47300,47300,37000,0,0,37000,40754,49000,95000,0,38691,37000,34900,46905,95000,36451,0,37471,48700,35207,0,43473,0,45223,0,36176,41353,0,44585,48700,0,37179,0,41346,43680,44998,46198,46367,49123,45997,50600,44888,45291,47980,34900,3300,-273000,-273000,-273000,95528,894,2908768,103488,0,0,0,0,0,0,0,0,0,0,0,0,0,0,0,0,396,8345,119816,275,95528,894,2908768,103488,15475008,777016,8799612,12.41,0.00,0.00,425422,126917,3215984,108630,,,,384000,384000,384000,384000,384000,384000,883200,883200,0,,,,,,0,,693857,1001616,14,4984,380,1,744000,4815000,6980000,0,20,4462000,Notcharging,726000000
1784646234.661666496,1542.86,49000,49400,50200,50600,50200,49800,49800,50200,49400,48800,49200,50000,50900,50400,50000,50800,50400,50400,50000,47700,48800,47700,48000,50500,47700,48000,46500,47300,46900,48000,54000,55600,54800,54400,50900,55200,55200,53200,54000,54800,54000,54400,54000,50800,48800,48700,48000,49600,46900,47300,47300,37000,0,0,37000,40775,49400,95000,0,38691,37000,34900,46884,95000,36451,0,37471,48700,35244,0,43492,0,45248,0,36166,41343,0,44601,49000,0,37169,0,41377,43685,45024,46165,46367,49257,46165,50600,44753,45694,47980,34900,3300,-273000,-273000,-273000,95528,894,2908768,103488,0,0,0,0,0,0,0,0,0,0,0,0,0,0,0,0,396,8345,119816,275,95528,894,2908768,103488,15475008,787144,8809756,12.41,0.00,0.00,425422,126917,3215984,108630,,,,384000,384000,384000,384000,384000,384000,883200,883200,0,,,,,,0,,713539,1001493,14,4984,380,1,922000,4839000,6980000,0,20,4462000,Notcharging,726000000
1784646235.131823891,1543.33,49000,49400,50200,50200,50200,49800,49400,49800,49000,49200,49200,50000,50900,50000,50400,50800,50400,50800,50000,48000,48800,48000,48000,50900,47700,47700,46500,47300,47300,47700,55600,56700,54800,55600,51300,56300,56000,54000,55200,55600,54800,54800,54400,50800,49200,48700,48400,49600,47300,47700,47700,37000,0,0,37000,40775,49400,95000,0,38691,37000,34900,46905,95000,36451,0,37471,49000,35263,0,43531,0,45248,0,36166,41330,0,44604,49000,0,37150,0,41381,43717,45020,45930,46198,49325,46266,51000,44888,45257,47947,34900,3300,-273000,-273000,-273000,95528,894,2908768,103488,0,0,0,0,0,0,0,0,0,0,0,0,0,0,0,0,396,8345,119816,275,95528,894,2908768,103488,15475008,784120,8806732,12.88,0.00,0.00,425422,126917,3215984,108630,,,,384000,384000,384000,384000,384000,384000,883200,883200,0,,,,,,0,,713539,1001493,14,4984,380,1,797000,4806000,6980000,0,20,4462000,Notcharging,726000000
1784646235.612830349,1543.82,49000,49000,50200,49800,49800,49800,49400,49800,49000,49200,49600,50000,50900,50400,50400,50800,50400,50400,50000,48000,49200,48000,48400,50500,48000,47700,46500,47300,46900,48000,55200,56300,55200,55600,51300,56300,55600,54000,55200,55200,54400,54800,54800,50800,49200,48700,48000,49600,46900,47300,47300,37000,0,0,37000,40786,49400,95000,0,38691,37000,34900,46913,95000,36451,0,37471,49000,35269,0,43531,0,45267,0,36166,41343,0,44604,49000,0,37183,0,41371,43673,45037,45997,46367,49090,46198,50600,44619,45190,47980,34900,3300,-273000,-273000,-273000,95528,894,2908768,103488,0,0,0,0,0,0,0,0,0,0,0,0,0,0,0,0,396,8345,119816,275,95534,894,2908840,103491,15475008,779596,8802208,12.88,0.00,0.00,425422,126917,3216020,108630,,,,384000,384000,384000,384000,384000,384000,883200,883200,0,,,,,,0,,713539,1001493,14,4984,380,1,1072000,4871000,6980000,0,20,4462000,Notcharging,726000000
1784646236.075219932,1544.28,49000,49400,50200,50200,50200,49800,49400,49800,49400,49200,49200,50000,50900,50400,50400,51200,50400,50400,50000,48000,48800,48000,48000,50900,48000,48000,46500,47300,47300,48000,55200,56300,55600,55600,51300,56300,56000,54000,54800,55200,54800,55200,54800,50400,49200,48700,48400,49600,47300,47300,47300,37000,0,0,37000,40794,49000,95000,0,38691,37000,34900,46918,95000,36451,0,37471,49000,35226,0,43545,0,45237,0,36119,41377,0,44619,49000,0,37159,0,41392,43685,45046,46232,46367,49291,46266,51000,44921,45056,47947,34900,3300,-273000,-273000,-273000,95534,894,2908840,103491,0,0,0,0,0,0,0,0,0,0,0,0,0,0,0,0,396,8345,119816,275,95534,894,2908840,103491,15475008,776084,8798704,12.88,0.00,0.00,425422,126917,3216020,108630,,,,384000,384000,384000,384000,384000,384000,883200,883200,0,,,,,,0,,712634,1001403,14,4984,380,1,959000,4705000,6980000,0,20,4462000,Notcharging,726000000
1784646236.556393630,1544.76,49400,49400,50200,50200,49800,49400,49400,49400,49400,49200,49200,50400,50500,50800,50400,50800,50400,50000,49600,47700,48400,48000,48000,50500,48000,47700,46500,47300,46900,48000,54000,55600,54800,54800,50900,55600,55600,53200,54000,54800,54000,55200,54400,50800,49200,48700,48400,49600,47300,47700,47700,37000,0,0,37000,40794,49000,95000,0,38691,37000,34900,46929,95000,36451,0,37471,49000,35282,0,43531,0,45223,0,36137,41371,0,44623,48700,0,37175,0,41361,43702,45039,46132,46367,48922,46198,51000,44854,45123,47947,34900,3300,-273000,-273000,-273000,95534,894,2908840,103491,0,0,0,0,0,0,0,0,0,0,0,0,0,0,0,0,396,8345,119816,275,95534,894,2908840,103491,15475008,773816,8796436,12.88,0.00,0.00,425422,126917,3216020,108630,,,,384000,384000,384000,384000,384000,384000,883200,883200,0,,,,,,0,,712634,1001403,14,4984,380,1,1337000,4715000,6980000,0,20,4462000,Notcharging,726000000
1784646237.024142328,1545.23,49400,49400,49800,49800,49800,49800,49800,49800,49000,49200,49200,50000,50900,50400,50400,50400,50000,50400,50000,47700,48800,48000,48000,50500,48000,47300,46500,46900,47300,47700,54800,56000,54800,55600,51300,56000,56000,54000,54800,54800,54000,54400,54000,50800,48800,48700,48000,49200,46900,47300,47300,37000,0,0,37000,40797,49000,95000,0,38808,37000,34900,46933,95000,36451,0,37524,49000,35294,0,43519,0,45226,0,36154,41371,0,44630,48700,0,37179,0,41401,43724,45039,46098,46299,49359,46098,50600,44686,45896,47980,34900,3300,-273000,-273000,-273000,95534,894,2908840,103491,0,0,0,0,0,0,0,0,0,0,0,0,0,0,0,0,396,8345,119816,275,95534,894,2908840,103491,15475008,769280,8791900,12.72,0.00,0.00,425422,126917,3216020,108630,,,,384000,384000,384000,384000,384000,384000,883200,883200,0,,,,,,0,,710317,1001853,14,4984,380,1,1341000,4706000,6980000,0,20,4462000,Notcharging,726000000
1784646237.498128578,1545.70,48600,49000,50600,49800,49800,49400,49400,49400,49400,48800,49200,50000,50900,50000,50400,50800,50800,50000,49600,48000,48400,47700,48000,50500,48000,47700,46500,47300,47300,48000,55600,56700,55600,56000,51300,57100,56300,54400,55200,55600,54400,55200,54800,50800,49200,48700,48000,49200,46900,47300,47300,37000,0,0,37000,40794,49000,95000,0,38808,37000,34900,46895,95000,36451,0,37524,49000,35232,0,43534,0,45261,0,36157,41401,0,44640,49000,0,37188,0,41381,43734,45046,46232,46367,49123,46098,50600,44854,45224,47913,34900,3300,-273000,-273000,-273000,95534,894,2908840,103491,0,0,0,0,0,0,0,0,0,0,0,0,0,0,0,0,396,8345,119816,275,95534,894,2908840,103491,15475008,767280,8789912,12.72,0.00,0.00,425422,126917,3216020,108630,,,,384000,384000,384000,384000,384000,384000,883200,883200,0,,,,,,0,,710317,1001853,14,4984,380,1,1337000,4721000,6980000,0,20,4462000,Notcharging,726000000
1784646237.957376546,1546.16,49400,49400,50200,49800,49800,49800,50200,49400,49000,48800,49200,50000,50900,50400,50000,50800,50400,50000,49600,48000,48800,47700,48400,50500,48000,48000,46500,47300,47300,48000,54400,56000,54400,54800,50500,56000,55200,53600,54400,54800,54000,54800,54000,50800,48800,48700,48000,49200,47300,47300,47700,37000,0,0,37000,40811,49400,95000,0,38808,37000,34900,46918,95000,36451,0,37524,48700,35303,0,43556,0,45237,0,36154,41381,0,44640,49000,0,37208,0,41398,43712,45051,46299,46367,49257,46198,51000,44787,44820,47913,34900,3300,-273000,-273000,-273000,95534,894,2908840,103491,0,0,0,0,0,0,0,0,0,0,0,0,0,0,0,0,396,8345,119816,275,95534,894,2908840,103491,15475008,771208,8793856,12.72,0.00,0.00,425422,126917,3216020,108630,,,,384000,384000,384000,384000,384000,384000,883200,883200,0,,,,,,0,,703108,1001848,14,4984,380,1,1266000,4721000,6980000,0,20,4462000,Notcharging,726000000
1784646238.433747952,1546.64,49000,49400,49800,49800,49800,49400,49000,49400,49000,48800,49200,50000,50500,50400,50000,50400,50000,50000,50000,48000,48400,48000,48000,50200,47700,47300,46500,47300,46900,48000,55200,56000,54800,55600,50900,56000,55600,54000,54800,55200,54000,54800,54400,50800,49200,48300,48000,49600,47300,47300,47300,37000,0,0,37000,40819,49000,95000,0,38808,37000,34900,46953,95000,36451,0,37524,48700,35300,0,43545,0,45244,0,36154,41374,0,44642,48700,0,37143,0,41398,43717,45044,45997,46367,49291,46198,50600,44753,45392,48081,34900,3300,-273000,-273000,-273000,95534,894,2908840,103491,0,0,0,0,0,0,0,0,0,0,0,0,0,0,0,0,396,8345,119816,275,95534,894,2908840,103491,15475008,772012,8794664,12.72,0.00,0.00,425422,126917,3216020,108630,,,,384000,384000,384000,384000,384000,384000,883200,883200,0,,,,,,0,,703108,1001848,14,4984,380,1,1275000,5005000,6980000,0,20,4462000,Notcharging,726000000
1784646238.904378681,1547.11,49400,49400,50200,50200,49800,49400,49000,49800,49000,48800,49200,50000,50500,50000,50000,50400,50400,50000,49600,48000,48400,47700,48000,50200,48000,47700,46500,46900,47300,48000,54400,56300,54800,55600,50900,56300,55200,54000,54400,54800,54000,54800,54000,50400,48800,48300,48400,49600,47300,47300,47300,37000,0,0,37000,40825,49000,95000,0,38808,37000,34900,46929,95000,36451,0,37524,48700,35316,0,43538,0,45233,0,36119,41381,0,44635,49000,0,37187,0,41401,43737,45060,46333,46400,49022,45997,50600,44787,45056,47913,34900,3300,-273000,-273000,-273000,95534,894,2908840,103491,0,0,0,0,0,0,0,0,0,0,0,0,0,0,0,0,396,8345,119816,275,95534,894,2908840,103491,15475008,771892,8794532,12.77,0.00,0.00,425422,126917,3216020,108630,,,,384000,384000,384000,384000,384000,384000,883200,883200,0,,,,,,0,,702048,1001395,14,4984,380,1,1272000,4709000,6980000,0,10,4463000,Notcharging,726000000
1784646240.220021598,1548.42,49000,49400,49800,50200,49400,49400,49000,49400,49400,49200,49200,50000,50500,50400,50400,50800,50000,50000,49600,47700,48800,48000,48000,50200,48000,47700,46500,46900,47300,47700,55200,56700,54800,55600,50900,56300,55600,54400,54800,54800,54400,54800,54400,50800,49200,48300,48000,49600,47300,46900,47300,37000,0,0,37000,40828,49000,95000,0,38808,37000,34900,46922,95000,36451,0,37524,48700,35321,0,43541,0,45282,0,36166,41405,0,44642,49000,0,37210,0,41415,43752,45051,46333,46266,49257,46198,51000,44652,45123,47913,34900,3300,-273000,-273000,-273000,95534,894,2908840,103491,0,0,0,0,0,0,0,0,0,0,0,0,0,0,0,0,396,8345,119816,275,95534,894,2908840,103491,15475008,766604,8789188,12.77,0.00,0.00,425422,126921,3216020,108634,,,,384000,384000,384000,384000,384000,384000,883200,883200,0,,,,,,0,,714656,1001496,14,4984,380,1,1337000,4709000,6980000,0,10,4463000,Notcharging,726000000
1784646240.697071910,1548.90,48600,48200,48700,48700,48700,48700,48300,48700,48300,48400,48800,49200,49400,49200,48800,49600,49200,49200,48800,47300,48000,47700,48000,49400,48000,47700,46500,47300,46900,47700,50500,50900,50200,49800,49000,50500,50500,49800,50200,50900,50500,50500,50900,49600,48400,47900,47700,48800,46900,46900,47300,37000,0,0,37000,40833,48300,95000,0,38808,37000,34900,46905,95000,36451,0,37524,47900,35291,0,43563,0,45267,0,36157,41401,0,44639,47900,0,37187,0,41423,43720,45067,46098,46266,47980,45795,49400,44787,45257,48115,34900,3300,-273000,-273000,-273000,95534,894,2908840,103491,0,0,0,0,0,0,0,0,0,0,0,0,0,0,0,0,396,8345,119816,275,95534,894,2908840,103491,15475008,794516,10188540,12.77,0.00,0.00,425422,126921,3216020,108634,,,,384000,384000,384000,384000,384000,384000,883200,883200,0,,,,,,0,,714656,1001496,14,4984,380,1,141000,5003000,6980000,0,10,4463000,Notcharging,646000000
